id,device_id,ts,activity,pp1,pp2,pp3,,gr,gr_w,offset,recipient,rv,samenv,sender,temp,tijd_nl,Timestamp,windr,windrltr
31,-1,2024-09-10T20:58:36,,forecast_sun,,,,"0","0","13","api_solar","94","Regen","forecast_sun","15","10-09-2024 21:00","1725994800","221","ZW"
32,-1,2024-09-10T20:58:37,,forecast_sun,,,,"0","0","14","api_solar","95","Regen","forecast_sun","15","10-09-2024 22:00","1725998400","215","ZW"
33,-1,2024-09-10T20:58:38,,forecast_sun,,,,"0","0","15","api_solar","95","Regen","forecast_sun","15","10-09-2024 23:00","1726002000","220","ZW"
34,-1,2024-09-10T20:58:39,,forecast_sun,,,,"0","0","16","api_solar","95","Regen","forecast_sun","15","11-09-2024 00:00","1726005600","216","ZW"
35,-1,2024-09-10T20:58:40,,forecast_sun,,,,"0","0","17","api_solar","95","Regen","forecast_sun","14","11-09-2024 01:00","1726009200","336","NW"
36,-1,2024-09-10T20:58:41,,forecast_sun,,,,"0","0","18","api_solar","96","Regen","forecast_sun","13","11-09-2024 02:00","1726012800","320","NW"
37,-1,2024-09-10T20:58:42,,forecast_sun,,,,"0","0","19","api_solar","96","Regen","forecast_sun","12","11-09-2024 03:00","1726016400","252","ZW"
38,-1,2024-09-10T20:58:43,,forecast_sun,,,,"0","0","20","api_solar","96","Regen","forecast_sun","12","11-09-2024 04:00","1726020000","244","ZW"
39,-1,2024-09-10T20:58:44,,forecast_sun,,,,"0","0","21","api_solar","96","Regen","forecast_sun","11","11-09-2024 05:00","1726023600","250","ZW"
40,-1,2024-09-10T20:58:45,,forecast_sun,,,,"0","0","22","api_solar","95","Regen","forecast_sun","11","11-09-2024 06:00","1726027200","222","ZW"
41,-1,2024-09-10T20:58:46,,forecast_sun,,,,"9","25","23","api_solar","93","Bewolkt","forecast_sun","11","11-09-2024 07:00","1726030800","236","ZW"
42,-1,2024-09-10T20:58:47,,forecast_sun,,,,"30","83","24","api_solar","90","Lichtbewolkt","forecast_sun","11","11-09-2024 08:00","1726034400","237","ZW"
43,-1,2024-09-10T20:58:48,,forecast_sun,,,,"99","274","25","api_solar","88","Zonnig","forecast_sun","11","11-09-2024 09:00","1726038000","228","ZW"
44,-1,2024-09-10T20:58:49,,forecast_sun,,,,"94","260","26","api_solar","84","Zonnig","forecast_sun","11","11-09-2024 10:00","1726041600","240","ZW"
45,-1,2024-09-10T20:58:50,,forecast_sun,,,,"129","357","27","api_solar","85","Regen","forecast_sun","12","11-09-2024 11:00","1726045200","249","ZW"
46,-1,2024-09-10T20:58:51,,forecast_sun,,,,"155","429","28","api_solar","76","Bewolkt","forecast_sun","13","11-09-2024 12:00","1726048800","259","W"
47,-1,2024-09-10T20:58:52,,forecast_sun,,,,"109","302","29","api_solar","78","Regen","forecast_sun","13","11-09-2024 13:00","1726052400","247","ZW"
48,-1,2024-09-10T20:58:53,,forecast_sun,,,,"89","247","30","api_solar","77","Regen","forecast_sun","12","11-09-2024 14:00","1726056000","282","W"
49,-1,2024-09-10T20:58:54,,forecast_sun,,,,"23","64","31","api_solar","82","Regen","forecast_sun","11","11-09-2024 15:00","1726059600","294","W"
50,-1,2024-09-10T20:58:55,,forecast_sun,,,,"42","116","32","api_solar","82","Regen","forecast_sun","11","11-09-2024 16:00","1726063200","252","ZW"
51,-1,2024-09-10T20:58:56,,forecast_sun,,,,"8","22","33","api_solar","85","Regen","forecast_sun","11","11-09-2024 17:00","1726066800","269","W"
52,-1,2024-09-10T20:58:57,,forecast_sun,,,,"25","69","34","api_solar","85","Regen","forecast_sun","11","11-09-2024 18:00","1726070400","292","W"
53,-1,2024-09-10T20:58:58,,forecast_sun,,,,"4","11","35","api_solar","86","Regen","forecast_sun","10","11-09-2024 19:00","1726074000","238","ZW"
54,-1,2024-09-10T20:58:59,,forecast_sun,,,,"0","0","36","api_solar","87","Regen","forecast_sun","10","11-09-2024 20:00","1726077600","218","ZW"
55,-1,2024-09-10T20:59:00,,forecast_sun,,,,"0","0","37","api_solar","86","Regen","forecast_sun","10","11-09-2024 21:00","1726081200","213","ZW"
56,-1,2024-09-10T20:59:01,,forecast_sun,,,,"0","0","38","api_solar","87","Bewolkt","forecast_sun","10","11-09-2024 22:00","1726084800","215","ZW"
57,-1,2024-09-10T20:59:02,,forecast_sun,,,,"0","0","39","api_solar","87","Bewolkt","forecast_sun","10","11-09-2024 23:00","1726088400","238","ZW"
58,-1,2024-09-10T20:59:03,,forecast_sun,,,,"0","0","40","api_solar","89","Regen","forecast_sun","10","12-09-2024 00:00","1726092000","237","ZW"
59,-1,2024-09-10T20:59:04,,forecast_sun,,,,"0","0","41","api_solar","91","Bewolkt","forecast_sun","10","12-09-2024 01:00","1726095600","238","ZW"
60,-1,2024-09-10T20:59:05,,forecast_sun,,,,"0","0","42","api_solar","92","Bewolkt","forecast_sun","9","12-09-2024 02:00","1726099200","237","ZW"
61,-1,2024-09-10T20:59:06,,forecast_sun,,,,"0","0","43","api_solar","91","Bewolkt","forecast_sun","9","12-09-2024 03:00","1726102800","230","ZW"
62,-1,2024-09-10T20:59:07,,forecast_sun,,,,"0","0","44","api_solar","91","Halfbewolkt","forecast_sun","9","12-09-2024 04:00","1726106400","239","ZW"
63,-1,2024-09-10T20:59:08,,forecast_sun,,,,"0","0","45","api_solar","91","Lichtbewolkt","forecast_sun","9","12-09-2024 05:00","1726110000","249","ZW"
64,-1,2024-09-10T20:59:09,,forecast_sun,,,,"0","0","46","api_solar","91","Regen","forecast_sun","9","12-09-2024 06:00","1726113600","236","ZW"
65,-1,2024-09-10T20:59:10,,forecast_sun,,,,"5","14","47","api_solar","91","Regen","forecast_sun","9","12-09-2024 07:00","1726117200","223","ZW"
66,-1,2024-09-10T20:59:11,,forecast_sun,,,,"8","22","48","api_solar","93","Regen","forecast_sun","9","12-09-2024 08:00","1726120800","211","Z"
67,-1,2024-09-10T20:59:12,,forecast_sun,,,,"24","66","49","api_solar","93","Regen","forecast_sun","9","12-09-2024 09:00","1726124400","247","ZW"
68,-1,2024-09-10T21:02:58,,forecast_sun,,,,5.0,14.0,12.0,"api_solar",70.0,"Halfbewolkt","forecast_sun",25.0,"02-09-2024 19:00","1725296400",174.0,"Z"
69,-1,2024-09-10T21:02:59,,forecast_sun,,,,2.0,6.0,13.0,"api_solar",78.0,"Halfbewolkt","forecast_sun",24.0,"02-09-2024 20:00","1725300000",312.0,"NW"
70,-1,2024-09-10T21:03:00,,forecast_sun,,,,0.0,0.0,14.0,"api_solar",81.0,"Halfbewolkt","forecast_sun",23.0,"02-09-2024 21:00","1725303600",73.0,"NO"
71,-1,2024-09-10T21:03:01,,forecast_sun,,,,0.0,0.0,15.0,"api_solar",80.0,"Halfbewolkt","forecast_sun",22.0,"02-09-2024 22:00","1725307200",331.0,"NW"
72,-1,2024-09-10T21:03:02,,forecast_sun,,,,0.0,0.0,16.0,"api_solar",81.0,"Halfbewolkt","forecast_sun",21.0,"02-09-2024 23:00","1725310800",321.0,"NW"
73,-1,2024-09-10T21:03:03,,forecast_sun,,,,0.0,0.0,17.0,"api_solar",82.0,"Bewolkt","forecast_sun",21.0,"03-09-2024 00:00","1725314400",301.0,"W"
74,-1,2024-09-10T21:03:04,,forecast_sun,,,,0.0,0.0,18.0,"api_solar",82.0,"Bewolkt","forecast_sun",21.0,"03-09-2024 01:00","1725318000",354.0,"N"
75,-1,2024-09-10T21:03:05,,forecast_sun,,,,0.0,0.0,19.0,"api_solar",82.0,"Bewolkt","forecast_sun",21.0,"03-09-2024 02:00","1725321600",329.0,"NW"
76,-1,2024-09-10T21:03:06,,forecast_sun,,,,0.0,0.0,20.0,"api_solar",82.0,"Bewolkt","forecast_sun",21.0,"03-09-2024 03:00","1725325200",332.0,"NW"
77,-1,2024-09-10T21:03:07,,forecast_sun,,,,0.0,0.0,21.0,"api_solar",84.0,"Halfbewolkt","forecast_sun",20.0,"03-09-2024 04:00","1725328800",350.0,"N"
78,-1,2024-09-10T21:03:08,,forecast_sun,,,,0.0,0.0,22.0,"api_solar",87.0,"Bewolkt","forecast_sun",19.0,"03-09-2024 05:00","1725332400",298.0,"W"
79,-1,2024-09-10T21:03:09,,forecast_sun,,,,0.0,0.0,23.0,"api_solar",87.0,"Halfbewolkt","forecast_sun",19.0,"03-09-2024 06:00","1725336000",312.0,"NW"
80,-1,2024-09-10T21:03:10,,forecast_sun,,,,5.0,14.0,24.0,"api_solar",85.0,"Bewolkt","forecast_sun",19.0,"03-09-2024 07:00","1725339600",341.0,"NW"
81,-1,2024-09-10T21:03:11,,forecast_sun,,,,41.0,114.0,25.0,"api_solar",81.0,"Halfbewolkt","forecast_sun",20.0,"03-09-2024 08:00","1725343200",15.0,"NO"
82,-1,2024-09-10T21:03:12,,forecast_sun,,,,85.0,235.0,26.0,"api_solar",80.0,"Halfbewolkt","forecast_sun",21.0,"03-09-2024 09:00","1725346800",65.0,"NO"
83,-1,2024-09-10T21:03:13,,forecast_sun,,,,71.0,197.0,27.0,"api_solar",80.0,"Halfbewolkt","forecast_sun",21.0,"03-09-2024 10:00","1725350400",132.0,"ZO"
84,-1,2024-09-10T21:03:14,,forecast_sun,,,,102.0,283.0,28.0,"api_solar",77.0,"Halfbewolkt","forecast_sun",22.0,"03-09-2024 11:00","1725354000",144.0,"ZO"
85,-1,2024-09-10T21:03:15,,forecast_sun,,,,140.0,388.0,29.0,"api_solar",73.0,"Halfbewolkt","forecast_sun",23.0,"03-09-2024 12:00","1725357600",205.0,"Z"
86,-1,2024-09-10T21:03:16,,forecast_sun,,,,203.0,562.0,30.0,"api_solar",68.0,"Halfbewolkt","forecast_sun",24.0,"03-09-2024 13:00","1725361200",217.0,"ZW"
87,-1,2024-09-10T21:03:17,,forecast_sun,,,,57.0,158.0,31.0,"api_solar",69.0,"Halfbewolkt","forecast_sun",24.0,"03-09-2024 14:00","1725364800",216.0,"ZW"
88,-1,2024-09-10T21:03:18,,forecast_sun,,,,6.0,17.0,32.0,"api_solar",81.0,"Regen","forecast_sun",22.0,"03-09-2024 15:00","1725368400",244.0,"ZW"
89,-1,2024-09-10T21:03:19,,forecast_sun,,,,7.0,19.0,33.0,"api_solar",87.0,"Regen","forecast_sun",21.0,"03-09-2024 16:00","1725372000",234.0,"ZW"
90,-1,2024-09-10T21:03:20,,forecast_sun,,,,7.0,19.0,34.0,"api_solar",91.0,"Regen","forecast_sun",20.0,"03-09-2024 17:00","1725375600",194.0,"Z"
91,-1,2024-09-10T21:03:21,,forecast_sun,,,,5.0,14.0,35.0,"api_solar",93.0,"Regen","forecast_sun",20.0,"03-09-2024 18:00","1725379200",196.0,"Z"
92,-1,2024-09-10T21:03:22,,forecast_sun,,,,2.0,6.0,36.0,"api_solar",95.0,"Regen","forecast_sun",19.0,"03-09-2024 19:00","1725382800",201.0,"Z"
93,-1,2024-09-10T21:03:23,,forecast_sun,,,,0.0,0.0,37.0,"api_solar",95.0,"Regen","forecast_sun",19.0,"03-09-2024 20:00","1725386400",225.0,"ZW"
94,-1,2024-09-10T21:03:24,,forecast_sun,,,,0.0,0.0,38.0,"api_solar",94.0,"Bewolkt","forecast_sun",19.0,"03-09-2024 21:00","1725390000",217.0,"ZW"
95,-1,2024-09-10T21:03:25,,forecast_sun,,,,0.0,0.0,39.0,"api_solar",94.0,"Bewolkt","forecast_sun",19.0,"03-09-2024 22:00","1725393600",221.0,"ZW"
96,-1,2024-09-10T21:03:26,,forecast_sun,,,,0.0,0.0,40.0,"api_solar",93.0,"Bewolkt","forecast_sun",19.0,"03-09-2024 23:00","1725397200",218.0,"ZW"
97,-1,2024-09-10T21:03:27,,forecast_sun,,,,0.0,0.0,41.0,"api_solar",93.0,"Bewolkt","forecast_sun",18.0,"04-09-2024 00:00","1725400800",218.0,"ZW"
98,-1,2024-09-10T21:03:28,,forecast_sun,,,,0.0,0.0,42.0,"api_solar",93.0,"Bewolkt","forecast_sun",18.0,"04-09-2024 01:00","1725404400",219.0,"ZW"
99,-1,2024-09-10T21:03:29,,forecast_sun,,,,0.0,0.0,43.0,"api_solar",92.0,"Bewolkt","forecast_sun",18.0,"04-09-2024 02:00","1725408000",216.0,"ZW"
100,-1,2024-09-10T21:03:30,,forecast_sun,,,,0.0,0.0,44.0,"api_solar",92.0,"Regen","forecast_sun",17.0,"04-09-2024 03:00","1725411600",199.0,"Z"
101,-1,2024-09-10T21:03:31,,forecast_sun,,,,0.0,0.0,45.0,"api_solar",92.0,"Bewolkt","forecast_sun",17.0,"04-09-2024 04:00","1725415200",190.0,"Z"
102,-1,2024-09-10T21:03:32,,forecast_sun,,,,0.0,0.0,46.0,"api_solar",93.0,"Regen","forecast_sun",17.0,"04-09-2024 05:00","1725418800",204.0,"Z"
103,-1,2024-09-10T21:03:33,,forecast_sun,,,,0.0,0.0,47.0,"api_solar",94.0,"Bewolkt","forecast_sun",17.0,"04-09-2024 06:00","1725422400",190.0,"Z"
104,-1,2024-09-10T21:03:34,,forecast_sun,,,,4.0,11.0,48.0,"api_solar",94.0,"Bewolkt","forecast_sun",17.0,"04-09-2024 07:00","1725426000",213.0,"ZW"
105,-1,2024-09-10T21:03:35,,forecast_sun,,,,21.0,58.0,49.0,"api_solar",94.0,"Bewolkt","forecast_sun",17.0,"04-09-2024 08:00","1725429600",224.0,"ZW"
106,-1,2024-09-17T13:10:51,,forecast_sun,,,,"168","465","13","api_solar","68","Halfbewolkt","forecast_sun","20","17-09-2024 14:00","1726574400","44","NO"
107,-1,2024-09-17T13:10:52,,forecast_sun,,,,"182","504","14","api_solar","67","Zonnig","forecast_sun","20","17-09-2024 15:00","1726578000","41","NO"
108,-1,2024-09-17T13:10:53,,forecast_sun,,,,"154","427","15","api_solar","67","Zonnig","forecast_sun","20","17-09-2024 16:00","1726581600","35","NO"
109,-1,2024-09-17T13:10:54,,forecast_sun,,,,"104","288","16","api_solar","68","Helder","forecast_sun","20","17-09-2024 17:00","1726585200","27","NO"
110,-1,2024-09-17T13:10:55,,forecast_sun,,,,"52","144","17","api_solar","71","Helder","forecast_sun","20","17-09-2024 18:00","1726588800","17","NO"
111,-1,2024-09-17T13:10:56,,forecast_sun,,,,"9","25","18","api_solar","75","Lichtbewolkt","forecast_sun","19","17-09-2024 19:00","1726592400","20","NO"
112,-1,2024-09-17T13:10:57,,forecast_sun,,,,"0","0","19","api_solar","79","Lichtbewolkt","forecast_sun","18","17-09-2024 20:00","1726596000","33","NO"
113,-1,2024-09-17T13:10:58,,forecast_sun,,,,"0","0","20","api_solar","82","Helder","forecast_sun","17","17-09-2024 21:00","1726599600","35","NO"
114,-1,2024-09-17T13:10:59,,forecast_sun,,,,"0","0","21","api_solar","84","Helder","forecast_sun","16","17-09-2024 22:00","1726603200","41","NO"
115,-1,2024-09-17T13:11:00,,forecast_sun,,,,"0","0","22","api_solar","86","Halfbewolkt","forecast_sun","15","17-09-2024 23:00","1726606800","40","NO"
116,-1,2024-09-17T13:11:01,,forecast_sun,,,,"0","0","23","api_solar","87","Halfbewolkt","forecast_sun","14","18-09-2024 00:00","1726610400","35","NO"
117,-1,2024-09-17T13:11:02,,forecast_sun,,,,"0","0","24","api_solar","89","Halfbewolkt","forecast_sun","14","18-09-2024 01:00","1726614000","26","NO"
118,-1,2024-09-17T13:11:03,,forecast_sun,,,,"0","0","25","api_solar","91","Halfbewolkt","forecast_sun","13","18-09-2024 02:00","1726617600","25","NO"
119,-1,2024-09-17T13:11:04,,forecast_sun,,,,"0","0","26","api_solar","93","Halfbewolkt","forecast_sun","13","18-09-2024 03:00","1726621200","28","NO"
120,-1,2024-09-17T13:11:05,,forecast_sun,,,,"0","0","27","api_solar","94","Halfbewolkt","forecast_sun","13","18-09-2024 04:00","1726624800","30","NO"
121,-1,2024-09-17T13:11:06,,forecast_sun,,,,"0","0","28","api_solar","95","Halfbewolkt","forecast_sun","13","18-09-2024 05:00","1726628400","26","NO"
122,-1,2024-09-17T13:11:07,,forecast_sun,,,,"0","0","29","api_solar","96","Helder","forecast_sun","13","18-09-2024 06:00","1726632000","31","NO"
123,-1,2024-09-17T13:11:08,,forecast_sun,,,,"4","11","30","api_solar","96","Lichtbewolkt","forecast_sun","13","18-09-2024 07:00","1726635600","31","NO"
124,-1,2024-09-17T13:11:09,,forecast_sun,,,,"42","116","31","api_solar","95","Halfbewolkt","forecast_sun","13","18-09-2024 08:00","1726639200","43","NO"
125,-1,2024-09-17T13:11:10,,forecast_sun,,,,"87","241","32","api_solar","92","Halfbewolkt","forecast_sun","14","18-09-2024 09:00","1726642800","44","NO"
126,-1,2024-09-17T13:11:11,,forecast_sun,,,,"126","349","33","api_solar","88","Halfbewolkt","forecast_sun","15","18-09-2024 10:00","1726646400","51","NO"
127,-1,2024-09-17T13:11:12,,forecast_sun,,,,"173","479","34","api_solar","83","Lichtbewolkt","forecast_sun","17","18-09-2024 11:00","1726650000","52","NO"
128,-1,2024-09-17T13:11:13,,forecast_sun,,,,"202","560","35","api_solar","78","Zonnig","forecast_sun","19","18-09-2024 12:00","1726653600","49","NO"
129,-1,2024-09-17T13:11:14,,forecast_sun,,,,"223","618","36","api_solar","73","Zonnig","forecast_sun","20","18-09-2024 13:00","1726657200","54","NO"
130,-1,2024-09-17T13:11:15,,forecast_sun,,,,"216","598","37","api_solar","69","Zonnig","forecast_sun","21","18-09-2024 14:00","1726660800","49","NO"
131,-1,2024-09-17T13:11:16,,forecast_sun,,,,"191","529","38","api_solar","67","Zonnig","forecast_sun","22","18-09-2024 15:00","1726664400","46","NO"
132,-1,2024-09-17T13:11:17,,forecast_sun,,,,"153","424","39","api_solar","66","Zonnig","forecast_sun","22","18-09-2024 16:00","1726668000","48","NO"
133,-1,2024-09-17T13:11:18,,forecast_sun,,,,"96","266","40","api_solar","68","Halfbewolkt","forecast_sun","22","18-09-2024 17:00","1726671600","44","NO"
134,-1,2024-09-17T13:11:19,,forecast_sun,,,,"36","100","41","api_solar","71","Halfbewolkt","forecast_sun","22","18-09-2024 18:00","1726675200","44","NO"
135,-1,2024-09-17T13:11:20,,forecast_sun,,,,"7","19","42","api_solar","74","Halfbewolkt","forecast_sun","21","18-09-2024 19:00","1726678800","39","NO"
136,-1,2024-09-17T13:11:21,,forecast_sun,,,,"0","0","43","api_solar","77","Helder","forecast_sun","20","18-09-2024 20:00","1726682400","45","NO"
137,-1,2024-09-17T13:11:22,,forecast_sun,,,,"0","0","44","api_solar","80","Helder","forecast_sun","19","18-09-2024 21:00","1726686000","48","NO"
138,-1,2024-09-17T13:11:23,,forecast_sun,,,,"0","0","45","api_solar","82","Helder","forecast_sun","18","18-09-2024 22:00","1726689600","54","NO"
139,-1,2024-09-17T13:11:24,,forecast_sun,,,,"0","0","46","api_solar","84","Helder","forecast_sun","17","18-09-2024 23:00","1726693200","54","NO"
140,-1,2024-09-17T13:11:25,,forecast_sun,,,,"0","0","47","api_solar","86","Helder","forecast_sun","17","19-09-2024 00:00","1726696800","57","NO"
141,-1,2024-09-17T13:11:26,,forecast_sun,,,,"0","0","48","api_solar","88","Halfbewolkt","forecast_sun","17","19-09-2024 01:00","1726700400","68","NO"
142,-1,2024-09-17T13:11:27,,forecast_sun,,,,"0","0","49","api_solar","90","Halfbewolkt","forecast_sun","16","19-09-2024 02:00","1726704000","45","NO"
143,-1,2024-09-23T10:25:59,,forecast_sun,,,,"83","230","10","api_solar","82","Bewolkt","forecast_sun","17","23-09-2024 11:00","1727082000","217","ZW"
144,-1,2024-09-23T10:26:00,,forecast_sun,,,,"138","382","11","api_solar","79","Bewolkt","forecast_sun","18","23-09-2024 12:00","1727085600","205","Z"
145,-1,2024-09-23T10:26:01,,forecast_sun,,,,"153","424","12","api_solar","75","Bewolkt","forecast_sun","19","23-09-2024 13:00","1727089200","195","Z"
146,-1,2024-09-23T10:26:02,,forecast_sun,,,,"105","291","13","api_solar","74","Bewolkt","forecast_sun","19","23-09-2024 14:00","1727092800","190","Z"
147,-1,2024-09-23T10:26:03,,forecast_sun,,,,"121","335","14","api_solar","73","Regen","forecast_sun","19","23-09-2024 15:00","1727096400","193","Z"
148,-1,2024-09-23T10:26:04,,forecast_sun,,,,"62","172","15","api_solar","74","Bewolkt","forecast_sun","19","23-09-2024 16:00","1727100000","207","Z"
149,-1,2024-09-23T10:26:05,,forecast_sun,,,,"33","91","16","api_solar","77","Bewolkt","forecast_sun","18","23-09-2024 17:00","1727103600","200","Z"
150,-1,2024-09-23T10:26:06,,forecast_sun,,,,"12","33","17","api_solar","79","Lichtbewolkt","forecast_sun","17","23-09-2024 18:00","1727107200","201","Z"
151,-1,2024-09-23T10:26:07,,forecast_sun,,,,"4","11","18","api_solar","82","Zonnig","forecast_sun","16","23-09-2024 19:00","1727110800","169","Z"
152,-1,2024-09-23T10:26:08,,forecast_sun,,,,"0","0","19","api_solar","84","Helder","forecast_sun","15","23-09-2024 20:00","1727114400","167","ZO"
153,-1,2024-09-23T10:26:09,,forecast_sun,,,,"0","0","20","api_solar","87","Helder","forecast_sun","14","23-09-2024 21:00","1727118000","151","ZO"
154,-1,2024-09-23T10:26:10,,forecast_sun,,,,"0","0","21","api_solar","88","Helder","forecast_sun","14","23-09-2024 22:00","1727121600","144","ZO"
155,-1,2024-09-23T10:26:11,,forecast_sun,,,,"0","0","22","api_solar","90","Bewolkt","forecast_sun","13","23-09-2024 23:00","1727125200","140","ZO"
156,-1,2024-09-23T10:26:12,,forecast_sun,,,,"0","0","23","api_solar","89","Halfbewolkt","forecast_sun","13","24-09-2024 00:00","1727128800","148","ZO"
157,-1,2024-09-23T10:26:13,,forecast_sun,,,,"0","0","24","api_solar","89","Helder","forecast_sun","13","24-09-2024 01:00","1727132400","166","ZO"
158,-1,2024-09-23T10:26:14,,forecast_sun,,,,"0","0","25","api_solar","89","Lichtbewolkt","forecast_sun","13","24-09-2024 02:00","1727136000","170","Z"
159,-1,2024-09-23T10:26:15,,forecast_sun,,,,"0","0","26","api_solar","90","Bewolkt","forecast_sun","12","24-09-2024 03:00","1727139600","164","ZO"
160,-1,2024-09-23T10:26:16,,forecast_sun,,,,"0","0","27","api_solar","91","Bewolkt","forecast_sun","12","24-09-2024 04:00","1727143200","165","ZO"
161,-1,2024-09-23T10:26:17,,forecast_sun,,,,"0","0","28","api_solar","91","Bewolkt","forecast_sun","12","24-09-2024 05:00","1727146800","153","ZO"
162,-1,2024-09-23T10:26:18,,forecast_sun,,,,"0","0","29","api_solar","91","Bewolkt","forecast_sun","12","24-09-2024 06:00","1727150400","174","Z"
163,-1,2024-09-23T10:26:19,,forecast_sun,,,,"1","3","30","api_solar","91","Bewolkt","forecast_sun","13","24-09-2024 07:00","1727154000","185","Z"
164,-1,2024-09-23T10:26:20,,forecast_sun,,,,"15","42","31","api_solar","90","Halfbewolkt","forecast_sun","13","24-09-2024 08:00","1727157600","193","Z"
165,-1,2024-09-23T10:26:21,,forecast_sun,,,,"53","147","32","api_solar","88","Bewolkt","forecast_sun","14","24-09-2024 09:00","1727161200","205","Z"
166,-1,2024-09-23T10:26:22,,forecast_sun,,,,"52","144","33","api_solar","86","Bewolkt","forecast_sun","14","24-09-2024 10:00","1727164800","214","ZW"
167,-1,2024-09-23T10:26:23,,forecast_sun,,,,"45","125","34","api_solar","85","Halfbewolkt","forecast_sun","15","24-09-2024 11:00","1727168400","219","ZW"
168,-1,2024-09-23T10:26:24,,forecast_sun,,,,"110","305","35","api_solar","82","Regen","forecast_sun","16","24-09-2024 12:00","1727172000","224","ZW"
169,-1,2024-09-23T10:26:25,,forecast_sun,,,,"98","271","36","api_solar","80","Bewolkt","forecast_sun","17","24-09-2024 13:00","1727175600","211","Z"
170,-1,2024-09-23T10:26:26,,forecast_sun,,,,"28","78","37","api_solar","82","Regen","forecast_sun","17","24-09-2024 14:00","1727179200","231","ZW"
171,-1,2024-09-23T10:26:27,,forecast_sun,,,,"9","25","38","api_solar","88","Regen","forecast_sun","16","24-09-2024 15:00","1727182800","225","ZW"
172,-1,2024-09-23T10:26:28,,forecast_sun,,,,"9","25","39","api_solar","91","Bewolkt","forecast_sun","16","24-09-2024 16:00","1727186400","220","ZW"
173,-1,2024-09-23T10:26:29,,forecast_sun,,,,"3","8","40","api_solar","93","Regen","forecast_sun","15","24-09-2024 17:00","1727190000","232","ZW"
174,-1,2024-09-23T10:26:30,,forecast_sun,,,,"1","3","41","api_solar","94","Regen","forecast_sun","15","24-09-2024 18:00","1727193600","269","W"
175,-1,2024-09-23T10:26:31,,forecast_sun,,,,"2","6","42","api_solar","94","Bewolkt","forecast_sun","15","24-09-2024 19:00","1727197200","258","W"
176,-1,2024-09-23T10:26:32,,forecast_sun,,,,"0","0","43","api_solar","95","Regen","forecast_sun","15","24-09-2024 20:00","1727200800","255","ZW"
177,-1,2024-09-23T10:26:33,,forecast_sun,,,,"0","0","44","api_solar","94","Bewolkt","forecast_sun","15","24-09-2024 21:00","1727204400","248","ZW"
178,-1,2024-09-23T10:26:34,,forecast_sun,,,,"0","0","45","api_solar","93","Bewolkt","forecast_sun","15","24-09-2024 22:00","1727208000","214","ZW"
179,-1,2024-09-23T10:26:35,,forecast_sun,,,,"0","0","46","api_solar","93","Bewolkt","forecast_sun","14","24-09-2024 23:00","1727211600","213","ZW"
180,-1,2024-09-23T10:26:36,,forecast_sun,,,,"0","0","47","api_solar","93","Bewolkt","forecast_sun","14","25-09-2024 00:00","1727215200","205","Z"
181,-1,2024-09-23T10:26:37,,forecast_sun,,,,"0","0","48","api_solar","93","Bewolkt","forecast_sun","14","25-09-2024 01:00","1727218800","204","Z"
182,-1,2024-09-23T10:26:38,,forecast_sun,,,,"0","0","49","api_solar","94","Bewolkt","forecast_sun","14","25-09-2024 02:00","1727222400","214","ZW"
183,-1,2024-09-25T09:03:11,,forecast_sun,,,,"11","30","09","api_solar","94","Regen","forecast_sun","14","25-09-2024 10:00","1727251200","201","Z"
184,-1,2024-09-25T09:03:12,,forecast_sun,,,,"26","72","10","api_solar","94","Regen","forecast_sun","14","25-09-2024 11:00","1727254800","190","Z"
185,-1,2024-09-25T09:03:13,,forecast_sun,,,,"49","136","11","api_solar","92","Bewolkt","forecast_sun","15","25-09-2024 12:00","1727258400","187","Z"
186,-1,2024-09-25T09:03:14,,forecast_sun,,,,"43","119","12","api_solar","90","Bewolkt","forecast_sun","15","25-09-2024 13:00","1727262000","195","Z"
187,-1,2024-09-25T09:03:15,,forecast_sun,,,,"64","177","13","api_solar","86","Regen","forecast_sun","16","25-09-2024 14:00","1727265600","213","ZW"
188,-1,2024-09-25T09:03:16,,forecast_sun,,,,"128","355","14","api_solar","82","Bewolkt","forecast_sun","17","25-09-2024 15:00","1727269200","220","ZW"
189,-1,2024-09-25T09:03:17,,forecast_sun,,,,"52","144","15","api_solar","82","Bewolkt","forecast_sun","17","25-09-2024 16:00","1727272800","207","Z"
190,-1,2024-09-25T09:03:18,,forecast_sun,,,,"14","39","16","api_solar","83","Bewolkt","forecast_sun","17","25-09-2024 17:00","1727276400","188","Z"
191,-1,2024-09-25T09:03:19,,forecast_sun,,,,"6","17","17","api_solar","86","Regen","forecast_sun","16","25-09-2024 18:00","1727280000","185","Z"
192,-1,2024-09-25T09:03:20,,forecast_sun,,,,"1","3","18","api_solar","91","Regen","forecast_sun","15","25-09-2024 19:00","1727283600","179","Z"
193,-1,2024-09-25T09:03:21,,forecast_sun,,,,"0","0","19","api_solar","93","Regen","forecast_sun","14","25-09-2024 20:00","1727287200","160","ZO"
194,-1,2024-09-25T09:03:22,,forecast_sun,,,,"0","0","20","api_solar","95","Regen","forecast_sun","14","25-09-2024 21:00","1727290800","118","ZO"
195,-1,2024-09-25T09:03:23,,forecast_sun,,,,"0","0","21","api_solar","96","Regen","forecast_sun","14","25-09-2024 22:00","1727294400","143","ZO"
196,-1,2024-09-25T09:03:24,,forecast_sun,,,,"0","0","22","api_solar","96","Regen","forecast_sun","14","25-09-2024 23:00","1727298000","144","ZO"
197,-1,2024-09-25T09:03:25,,forecast_sun,,,,"0","0","23","api_solar","96","Regen","forecast_sun","14","26-09-2024 00:00","1727301600","171","Z"
198,-1,2024-09-25T09:03:26,,forecast_sun,,,,"0","0","24","api_solar","96","Regen","forecast_sun","14","26-09-2024 01:00","1727305200","204","Z"
199,-1,2024-09-25T09:03:27,,forecast_sun,,,,"0","0","25","api_solar","96","Bewolkt","forecast_sun","14","26-09-2024 02:00","1727308800","217","ZW"
200,-1,2024-09-25T09:03:28,,forecast_sun,,,,"0","0","26","api_solar","96","Regen","forecast_sun","14","26-09-2024 03:00","1727312400","218","ZW"
201,-1,2024-09-25T09:03:29,,forecast_sun,,,,"0","0","27","api_solar","95","Regen","forecast_sun","14","26-09-2024 04:00","1727316000","223","ZW"
202,-1,2024-09-25T09:03:30,,forecast_sun,,,,"0","0","28","api_solar","94","Bewolkt","forecast_sun","14","26-09-2024 05:00","1727319600","217","ZW"
203,-1,2024-09-25T09:03:31,,forecast_sun,,,,"-1","-3","29","api_solar","94","Bewolkt","forecast_sun","14","26-09-2024 06:00","1727323200","222","ZW"
204,-1,2024-09-25T09:03:32,,forecast_sun,,,,"1","3","30","api_solar","93","Bewolkt","forecast_sun","14","26-09-2024 07:00","1727326800","205","Z"
205,-1,2024-09-25T09:03:33,,forecast_sun,,,,"7","19","31","api_solar","92","Halfbewolkt","forecast_sun","14","26-09-2024 08:00","1727330400","212","Z"
206,-1,2024-09-25T09:03:34,,forecast_sun,,,,"42","116","32","api_solar","89","Bewolkt","forecast_sun","14","26-09-2024 09:00","1727334000","213","ZW"
207,-1,2024-09-25T09:03:35,,forecast_sun,,,,"79","219","33","api_solar","86","Bewolkt","forecast_sun","15","26-09-2024 10:00","1727337600","207","Z"
208,-1,2024-09-25T09:03:36,,forecast_sun,,,,"47","130","34","api_solar","86","Bewolkt","forecast_sun","15","26-09-2024 11:00","1727341200","220","ZW"
209,-1,2024-09-25T09:03:37,,forecast_sun,,,,"56","155","35","api_solar","86","Bewolkt","forecast_sun","15","26-09-2024 12:00","1727344800","220","ZW"
210,-1,2024-09-25T09:03:38,,forecast_sun,,,,"70","194","36","api_solar","85","Bewolkt","forecast_sun","16","26-09-2024 13:00","1727348400","215","ZW"
211,-1,2024-09-25T09:03:39,,forecast_sun,,,,"113","313","37","api_solar","82","Regen","forecast_sun","17","26-09-2024 14:00","1727352000","214","ZW"
212,-1,2024-09-25T09:03:40,,forecast_sun,,,,"104","288","38","api_solar","79","Zonnig","forecast_sun","18","26-09-2024 15:00","1727355600","217","ZW"
213,-1,2024-09-25T09:03:41,,forecast_sun,,,,"94","260","39","api_solar","78","Halfbewolkt","forecast_sun","18","26-09-2024 16:00","1727359200","215","ZW"
214,-1,2024-09-25T09:03:42,,forecast_sun,,,,"49","136","40","api_solar","78","Bewolkt","forecast_sun","18","26-09-2024 17:00","1727362800","196","Z"
215,-1,2024-09-25T09:03:43,,forecast_sun,,,,"7","19","41","api_solar","84","Regen","forecast_sun","17","26-09-2024 18:00","1727366400","179","Z"
216,-1,2024-09-25T09:03:44,,forecast_sun,,,,"0","0","42","api_solar","89","Regen","forecast_sun","16","26-09-2024 19:00","1727370000","191","Z"
217,-1,2024-09-25T09:03:45,,forecast_sun,,,,"0","0","43","api_solar","93","Regen","forecast_sun","16","26-09-2024 20:00","1727373600","210","Z"
218,-1,2024-09-25T09:03:46,,forecast_sun,,,,"0","0","44","api_solar","95","Regen","forecast_sun","15","26-09-2024 21:00","1727377200","167","ZO"
219,-1,2024-09-25T09:03:47,,forecast_sun,,,,"0","0","45","api_solar","95","Regen","forecast_sun","15","26-09-2024 22:00","1727380800","220","ZW"
220,-1,2024-09-25T09:03:48,,forecast_sun,,,,"0","0","46","api_solar","92","Regen","forecast_sun","15","26-09-2024 23:00","1727384400","228","ZW"
221,-1,2024-09-25T09:03:49,,forecast_sun,,,,"0","0","47","api_solar","87","Bewolkt","forecast_sun","14","27-09-2024 00:00","1727388000","226","ZW"
222,-1,2024-09-25T09:03:50,,forecast_sun,,,,"0","0","48","api_solar","84","Regen","forecast_sun","14","27-09-2024 01:00","1727391600","215","ZW"
223,-1,2024-09-25T09:03:51,,forecast_sun,,,,"0","0","49","api_solar","80","Bewolkt","forecast_sun","13","27-09-2024 02:00","1727395200","208","Z"
224,-1,2024-09-25T09:03:52,,forecast_sun,,,,"0","0","50","api_solar","77","Bewolkt","forecast_sun","13","27-09-2024 03:00","1727398800","201","Z"
225,-1,2024-09-25T09:03:53,,forecast_sun,,,,"0","0","51","api_solar","76","Bewolkt","forecast_sun","13","27-09-2024 04:00","1727402400","207","Z"
226,-1,2024-09-25T09:03:54,,forecast_sun,,,,"0","0","52","api_solar","77","Bewolkt","forecast_sun","13","27-09-2024 05:00","1727406000","212","Z"
227,-1,2024-09-25T09:03:55,,forecast_sun,,,,"0","0","53","api_solar","78","Bewolkt","forecast_sun","12","27-09-2024 06:00","1727409600","215","ZW"
228,-1,2024-09-25T09:03:56,,forecast_sun,,,,"0","0","54","api_solar","79","Bewolkt","forecast_sun","12","27-09-2024 07:00","1727413200","217","ZW"
229,-1,2024-09-25T09:12:33,,forecast_sun,,,,"11","30","09","api_solar","94","Regen","forecast_sun","14","25-09-2024 10:00","1727251200","201","Z"
230,-1,2024-09-25T09:12:34,,forecast_sun,,,,"26","72","10","api_solar","94","Regen","forecast_sun","14","25-09-2024 11:00","1727254800","190","Z"
231,-1,2024-09-25T09:12:35,,forecast_sun,,,,"49","136","11","api_solar","92","Bewolkt","forecast_sun","15","25-09-2024 12:00","1727258400","187","Z"
232,-1,2024-09-25T09:12:36,,forecast_sun,,,,"43","119","12","api_solar","90","Bewolkt","forecast_sun","15","25-09-2024 13:00","1727262000","195","Z"
233,-1,2024-09-25T09:12:37,,forecast_sun,,,,"64","177","13","api_solar","86","Regen","forecast_sun","16","25-09-2024 14:00","1727265600","213","ZW"
234,-1,2024-09-25T09:12:38,,forecast_sun,,,,"128","355","14","api_solar","82","Bewolkt","forecast_sun","17","25-09-2024 15:00","1727269200","220","ZW"
235,-1,2024-09-25T09:12:39,,forecast_sun,,,,"52","144","15","api_solar","82","Bewolkt","forecast_sun","17","25-09-2024 16:00","1727272800","207","Z"
236,-1,2024-09-25T09:12:40,,forecast_sun,,,,"14","39","16","api_solar","83","Bewolkt","forecast_sun","17","25-09-2024 17:00","1727276400","188","Z"
237,-1,2024-09-25T09:12:41,,forecast_sun,,,,"6","17","17","api_solar","86","Regen","forecast_sun","16","25-09-2024 18:00","1727280000","185","Z"
238,-1,2024-09-25T09:12:42,,forecast_sun,,,,"1","3","18","api_solar","91","Regen","forecast_sun","15","25-09-2024 19:00","1727283600","179","Z"
239,-1,2024-09-25T09:12:43,,forecast_sun,,,,"0","0","19","api_solar","93","Regen","forecast_sun","14","25-09-2024 20:00","1727287200","160","ZO"
240,-1,2024-09-25T09:12:44,,forecast_sun,,,,"0","0","20","api_solar","95","Regen","forecast_sun","14","25-09-2024 21:00","1727290800","118","ZO"
241,-1,2024-09-25T09:12:45,,forecast_sun,,,,"0","0","21","api_solar","96","Regen","forecast_sun","14","25-09-2024 22:00","1727294400","143","ZO"
242,-1,2024-09-25T09:12:46,,forecast_sun,,,,"0","0","22","api_solar","96","Regen","forecast_sun","14","25-09-2024 23:00","1727298000","144","ZO"
243,-1,2024-09-25T09:12:47,,forecast_sun,,,,"0","0","23","api_solar","96","Regen","forecast_sun","14","26-09-2024 00:00","1727301600","171","Z"
244,-1,2024-09-25T09:12:48,,forecast_sun,,,,"0","0","24","api_solar","96","Regen","forecast_sun","14","26-09-2024 01:00","1727305200","204","Z"
245,-1,2024-09-25T09:12:49,,forecast_sun,,,,"0","0","25","api_solar","96","Bewolkt","forecast_sun","14","26-09-2024 02:00","1727308800","217","ZW"
246,-1,2024-09-25T09:12:50,,forecast_sun,,,,"0","0","26","api_solar","96","Regen","forecast_sun","14","26-09-2024 03:00","1727312400","218","ZW"
247,-1,2024-09-25T09:12:51,,forecast_sun,,,,"0","0","27","api_solar","95","Regen","forecast_sun","14","26-09-2024 04:00","1727316000","223","ZW"
248,-1,2024-09-25T09:12:52,,forecast_sun,,,,"0","0","28","api_solar","94","Bewolkt","forecast_sun","14","26-09-2024 05:00","1727319600","217","ZW"
249,-1,2024-09-25T09:12:53,,forecast_sun,,,,"-1","-3","29","api_solar","94","Bewolkt","forecast_sun","14","26-09-2024 06:00","1727323200","222","ZW"
250,-1,2024-09-25T09:12:54,,forecast_sun,,,,"1","3","30","api_solar","93","Bewolkt","forecast_sun","14","26-09-2024 07:00","1727326800","205","Z"
251,-1,2024-09-25T09:12:55,,forecast_sun,,,,"7","19","31","api_solar","92","Halfbewolkt","forecast_sun","14","26-09-2024 08:00","1727330400","212","Z"
252,-1,2024-09-25T09:12:56,,forecast_sun,,,,"42","116","32","api_solar","89","Bewolkt","forecast_sun","14","26-09-2024 09:00","1727334000","213","ZW"
253,-1,2024-09-25T09:12:57,,forecast_sun,,,,"79","219","33","api_solar","86","Bewolkt","forecast_sun","15","26-09-2024 10:00","1727337600","207","Z"
254,-1,2024-09-25T09:12:58,,forecast_sun,,,,"47","130","34","api_solar","86","Bewolkt","forecast_sun","15","26-09-2024 11:00","1727341200","220","ZW"
255,-1,2024-09-25T09:12:59,,forecast_sun,,,,"56","155","35","api_solar","86","Bewolkt","forecast_sun","15","26-09-2024 12:00","1727344800","220","ZW"
256,-1,2024-09-25T09:13:00,,forecast_sun,,,,"70","194","36","api_solar","85","Bewolkt","forecast_sun","16","26-09-2024 13:00","1727348400","215","ZW"
257,-1,2024-09-25T09:13:01,,forecast_sun,,,,"113","313","37","api_solar","82","Regen","forecast_sun","17","26-09-2024 14:00","1727352000","214","ZW"
258,-1,2024-09-25T09:13:02,,forecast_sun,,,,"104","288","38","api_solar","79","Zonnig","forecast_sun","18","26-09-2024 15:00","1727355600","217","ZW"
259,-1,2024-09-25T09:13:03,,forecast_sun,,,,"94","260","39","api_solar","78","Halfbewolkt","forecast_sun","18","26-09-2024 16:00","1727359200","215","ZW"
260,-1,2024-09-25T09:13:04,,forecast_sun,,,,"49","136","40","api_solar","78","Bewolkt","forecast_sun","18","26-09-2024 17:00","1727362800","196","Z"
261,-1,2024-09-25T09:13:05,,forecast_sun,,,,"7","19","41","api_solar","84","Regen","forecast_sun","17","26-09-2024 18:00","1727366400","179","Z"
262,-1,2024-09-25T09:13:06,,forecast_sun,,,,"0","0","42","api_solar","89","Regen","forecast_sun","16","26-09-2024 19:00","1727370000","191","Z"
263,-1,2024-09-25T09:13:07,,forecast_sun,,,,"0","0","43","api_solar","93","Regen","forecast_sun","16","26-09-2024 20:00","1727373600","210","Z"
264,-1,2024-09-25T09:13:08,,forecast_sun,,,,"0","0","44","api_solar","95","Regen","forecast_sun","15","26-09-2024 21:00","1727377200","167","ZO"
265,-1,2024-09-25T09:13:09,,forecast_sun,,,,"0","0","45","api_solar","95","Regen","forecast_sun","15","26-09-2024 22:00","1727380800","220","ZW"
266,-1,2024-09-25T09:13:10,,forecast_sun,,,,"0","0","46","api_solar","92","Regen","forecast_sun","15","26-09-2024 23:00","1727384400","228","ZW"
267,-1,2024-09-25T09:13:11,,forecast_sun,,,,"0","0","47","api_solar","87","Bewolkt","forecast_sun","14","27-09-2024 00:00","1727388000","226","ZW"
268,-1,2024-09-25T09:13:12,,forecast_sun,,,,"0","0","48","api_solar","84","Regen","forecast_sun","14","27-09-2024 01:00","1727391600","215","ZW"
269,-1,2024-09-25T09:13:13,,forecast_sun,,,,"0","0","49","api_solar","80","Bewolkt","forecast_sun","13","27-09-2024 02:00","1727395200","208","Z"
270,-1,2024-09-25T09:13:14,,forecast_sun,,,,"0","0","50","api_solar","77","Bewolkt","forecast_sun","13","27-09-2024 03:00","1727398800","201","Z"
271,-1,2024-09-25T09:13:15,,forecast_sun,,,,"0","0","51","api_solar","76","Bewolkt","forecast_sun","13","27-09-2024 04:00","1727402400","207","Z"
272,-1,2024-09-25T09:13:16,,forecast_sun,,,,"0","0","52","api_solar","77","Bewolkt","forecast_sun","13","27-09-2024 05:00","1727406000","212","Z"
273,-1,2024-09-25T09:13:17,,forecast_sun,,,,"0","0","53","api_solar","78","Bewolkt","forecast_sun","12","27-09-2024 06:00","1727409600","215","ZW"
274,-1,2024-09-25T09:13:18,,forecast_sun,,,,"0","0","54","api_solar","79","Bewolkt","forecast_sun","12","27-09-2024 07:00","1727413200","217","ZW"
275,-1,2024-09-26T18:54:25,,forecast_sun,,,,"0","0","18","api_solar","90","Regen","forecast_sun","15","26-09-2024 19:00","1727370000","185","Z"
276,-1,2024-09-26T18:54:26,,forecast_sun,,,,"0","0","19","api_solar","91","Regen","forecast_sun","15","26-09-2024 20:00","1727373600","207","Z"
277,-1,2024-09-26T18:54:27,,forecast_sun,,,,"0","0","20","api_solar","90","Bewolkt","forecast_sun","15","26-09-2024 21:00","1727377200","215","ZW"
278,-1,2024-09-26T18:54:28,,forecast_sun,,,,"0","0","21","api_solar","87","Bewolkt","forecast_sun","15","26-09-2024 22:00","1727380800","225","ZW"
279,-1,2024-09-26T18:54:29,,forecast_sun,,,,"0","0","22","api_solar","86","Bewolkt","forecast_sun","14","26-09-2024 23:00","1727384400","225","ZW"
280,-1,2024-09-26T18:54:30,,forecast_sun,,,,"0","0","23","api_solar","86","Bewolkt","forecast_sun","14","27-09-2024 00:00","1727388000","220","ZW"
281,-1,2024-09-26T18:54:31,,forecast_sun,,,,"0","0","24","api_solar","84","Bewolkt","forecast_sun","14","27-09-2024 01:00","1727391600","224","ZW"
282,-1,2024-09-26T18:54:32,,forecast_sun,,,,"0","0","25","api_solar","83","Regen","forecast_sun","13","27-09-2024 02:00","1727395200","214","ZW"
283,-1,2024-09-26T18:54:33,,forecast_sun,,,,"0","0","26","api_solar","82","Bewolkt","forecast_sun","13","27-09-2024 03:00","1727398800","214","ZW"
284,-1,2024-09-26T18:54:34,,forecast_sun,,,,"0","0","27","api_solar","81","Bewolkt","forecast_sun","13","27-09-2024 04:00","1727402400","211","Z"
285,-1,2024-09-26T18:54:35,,forecast_sun,,,,"0","0","28","api_solar","81","Lichtbewolkt","forecast_sun","12","27-09-2024 05:00","1727406000","207","Z"
286,-1,2024-09-26T18:54:36,,forecast_sun,,,,"0","0","29","api_solar","83","Halfbewolkt","forecast_sun","12","27-09-2024 06:00","1727409600","204","Z"
287,-1,2024-09-26T18:54:37,,forecast_sun,,,,"1","3","30","api_solar","83","Bewolkt","forecast_sun","12","27-09-2024 07:00","1727413200","205","Z"
288,-1,2024-09-26T18:54:38,,forecast_sun,,,,"17","47","31","api_solar","82","Regen","forecast_sun","12","27-09-2024 08:00","1727416800","212","Z"
289,-1,2024-09-26T18:54:39,,forecast_sun,,,,"65","180","32","api_solar","80","Bewolkt","forecast_sun","12","27-09-2024 09:00","1727420400","214","ZW"
290,-1,2024-09-26T18:54:40,,forecast_sun,,,,"72","199","33","api_solar","78","Bewolkt","forecast_sun","12","27-09-2024 10:00","1727424000","210","Z"
291,-1,2024-09-26T18:54:41,,forecast_sun,,,,"72","199","34","api_solar","77","Regen","forecast_sun","13","27-09-2024 11:00","1727427600","210","Z"
292,-1,2024-09-26T18:54:42,,forecast_sun,,,,"54","150","35","api_solar","75","Bewolkt","forecast_sun","13","27-09-2024 12:00","1727431200","212","Z"
293,-1,2024-09-26T18:54:43,,forecast_sun,,,,"25","69","36","api_solar","74","Bewolkt","forecast_sun","13","27-09-2024 13:00","1727434800","213","ZW"
294,-1,2024-09-26T18:54:44,,forecast_sun,,,,"16","44","37","api_solar","74","Bewolkt","forecast_sun","13","27-09-2024 14:00","1727438400","214","ZW"
295,-1,2024-09-26T18:54:45,,forecast_sun,,,,"6","17","38","api_solar","81","Regen","forecast_sun","13","27-09-2024 15:00","1727442000","220","ZW"
296,-1,2024-09-26T18:54:46,,forecast_sun,,,,"6","17","39","api_solar","87","Regen","forecast_sun","12","27-09-2024 16:00","1727445600","223","ZW"
297,-1,2024-09-26T18:54:47,,forecast_sun,,,,"1","3","40","api_solar","88","Regen","forecast_sun","12","27-09-2024 17:00","1727449200","286","W"
298,-1,2024-09-26T18:54:48,,forecast_sun,,,,"1","3","41","api_solar","88","Regen","forecast_sun","13","27-09-2024 18:00","1727452800","292","W"
299,-1,2024-09-26T18:54:49,,forecast_sun,,,,"0","0","42","api_solar","91","Regen","forecast_sun","13","27-09-2024 19:00","1727456400","308","NW"
300,-1,2024-09-26T18:54:50,,forecast_sun,,,,"0","0","43","api_solar","92","Regen","forecast_sun","13","27-09-2024 20:00","1727460000","303","W"
301,-1,2024-09-26T18:54:51,,forecast_sun,,,,"0","0","44","api_solar","93","Regen","forecast_sun","12","27-09-2024 21:00","1727463600","314","NW"
302,-1,2024-09-26T18:54:52,,forecast_sun,,,,"0","0","45","api_solar","91","Regen","forecast_sun","12","27-09-2024 22:00","1727467200","325","NW"
303,-1,2024-09-26T18:54:53,,forecast_sun,,,,"0","0","46","api_solar","88","Halfbewolkt","forecast_sun","12","27-09-2024 23:00","1727470800","305","NW"
304,-1,2024-09-26T18:54:54,,forecast_sun,,,,"0","0","47","api_solar","87","Halfbewolkt","forecast_sun","11","28-09-2024 00:00","1727474400","298","W"
305,-1,2024-09-26T18:54:55,,forecast_sun,,,,"0","0","48","api_solar","85","Halfbewolkt","forecast_sun","11","28-09-2024 01:00","1727478000","299","W"
306,-1,2024-09-26T18:54:56,,forecast_sun,,,,"0","0","49","api_solar","83","Halfbewolkt","forecast_sun","10","28-09-2024 02:00","1727481600","295","W"
307,-1,2024-09-26T18:54:57,,forecast_sun,,,,"0","0","50","api_solar","82","Helder","forecast_sun","9","28-09-2024 03:00","1727485200","275","W"
308,-1,2024-09-26T18:54:58,,forecast_sun,,,,"0","0","51","api_solar","81","Halfbewolkt","forecast_sun","9","28-09-2024 04:00","1727488800","270","W"
309,-1,2024-09-26T18:54:59,,forecast_sun,,,,"0","0","52","api_solar","83","Bewolkt","forecast_sun","9","28-09-2024 05:00","1727492400","244","ZW"
310,-1,2024-09-26T18:55:00,,forecast_sun,,,,"0","0","53","api_solar","87","Bewolkt","forecast_sun","9","28-09-2024 06:00","1727496000","247","ZW"
311,-1,2024-09-26T18:55:01,,forecast_sun,,,,"0","0","54","api_solar","91","Regen","forecast_sun","9","28-09-2024 07:00","1727499600","248","ZW"
312,-1,2024-09-27T09:18:27,,forecast_sun,,,,"39","108","09","api_solar","75","Halfbewolkt","forecast_sun","13","27-09-2024 10:00","1727424000","216","ZW"
313,-1,2024-09-27T09:18:28,,forecast_sun,,,,"34","94","10","api_solar","76","Halfbewolkt","forecast_sun","13","27-09-2024 11:00","1727427600","214","ZW"
314,-1,2024-09-27T09:18:29,,forecast_sun,,,,"54","150","11","api_solar","75","Halfbewolkt","forecast_sun","13","27-09-2024 12:00","1727431200","222","ZW"
315,-1,2024-09-27T09:18:30,,forecast_sun,,,,"57","158","12","api_solar","74","Halfbewolkt","forecast_sun","13","27-09-2024 13:00","1727434800","219","ZW"
316,-1,2024-09-27T09:18:31,,forecast_sun,,,,"37","102","13","api_solar","74","Halfbewolkt","forecast_sun","13","27-09-2024 14:00","1727438400","220","ZW"
317,-1,2024-09-27T09:18:32,,forecast_sun,,,,"10","28","14","api_solar","80","Regen","forecast_sun","13","27-09-2024 15:00","1727442000","222","ZW"
318,-1,2024-09-27T09:18:33,,forecast_sun,,,,"3","8","15","api_solar","86","Regen","forecast_sun","12","27-09-2024 16:00","1727445600","221","ZW"
319,-1,2024-09-27T09:18:34,,forecast_sun,,,,"2","6","16","api_solar","90","Regen","forecast_sun","12","27-09-2024 17:00","1727449200","237","ZW"
320,-1,2024-09-27T09:18:35,,forecast_sun,,,,"1","3","17","api_solar","93","Regen","forecast_sun","12","27-09-2024 18:00","1727452800","274","W"
321,-1,2024-09-27T09:18:36,,forecast_sun,,,,"0","0","18","api_solar","94","Regen","forecast_sun","12","27-09-2024 19:00","1727456400","305","NW"
322,-1,2024-09-27T09:18:37,,forecast_sun,,,,"0","0","19","api_solar","94","Bewolkt","forecast_sun","12","27-09-2024 20:00","1727460000","295","W"
323,-1,2024-09-27T09:18:38,,forecast_sun,,,,"0","0","20","api_solar","92","Bewolkt","forecast_sun","12","27-09-2024 21:00","1727463600","302","W"
324,-1,2024-09-27T09:18:39,,forecast_sun,,,,"0","0","21","api_solar","90","Bewolkt","forecast_sun","12","27-09-2024 22:00","1727467200","316","NW"
325,-1,2024-09-27T09:18:40,,forecast_sun,,,,"0","0","22","api_solar","90","Regen","forecast_sun","12","27-09-2024 23:00","1727470800","310","NW"
326,-1,2024-09-27T09:18:41,,forecast_sun,,,,"0","0","23","api_solar","89","Bewolkt","forecast_sun","12","28-09-2024 00:00","1727474400","295","W"
327,-1,2024-09-27T09:18:42,,forecast_sun,,,,"0","0","24","api_solar","88","Bewolkt","forecast_sun","11","28-09-2024 01:00","1727478000","276","W"
328,-1,2024-09-27T09:18:43,,forecast_sun,,,,"0","0","25","api_solar","85","Helder","forecast_sun","11","28-09-2024 02:00","1727481600","276","W"
329,-1,2024-09-27T09:18:44,,forecast_sun,,,,"0","0","26","api_solar","83","Bewolkt","forecast_sun","10","28-09-2024 03:00","1727485200","274","W"
330,-1,2024-09-27T09:18:45,,forecast_sun,,,,"0","0","27","api_solar","83","Bewolkt","forecast_sun","10","28-09-2024 04:00","1727488800","255","ZW"
331,-1,2024-09-27T09:18:46,,forecast_sun,,,,"0","0","28","api_solar","86","Bewolkt","forecast_sun","10","28-09-2024 05:00","1727492400","258","W"
332,-1,2024-09-27T09:18:47,,forecast_sun,,,,"0","0","29","api_solar","91","Regen","forecast_sun","10","28-09-2024 06:00","1727496000","251","ZW"
333,-1,2024-09-27T09:18:48,,forecast_sun,,,,"0","0","30","api_solar","93","Regen","forecast_sun","10","28-09-2024 07:00","1727499600","247","ZW"
334,-1,2024-09-27T09:18:49,,forecast_sun,,,,"16","44","31","api_solar","94","Regen","forecast_sun","10","28-09-2024 08:00","1727503200","246","ZW"
335,-1,2024-09-27T09:18:50,,forecast_sun,,,,"50","139","32","api_solar","93","Halfbewolkt","forecast_sun","11","28-09-2024 09:00","1727506800","255","ZW"
336,-1,2024-09-27T09:18:51,,forecast_sun,,,,"83","230","33","api_solar","90","Zonnig","forecast_sun","12","28-09-2024 10:00","1727510400","258","W"
337,-1,2024-09-27T09:18:52,,forecast_sun,,,,"134","371","34","api_solar","81","Bewolkt","forecast_sun","13","28-09-2024 11:00","1727514000","302","W"
338,-1,2024-09-27T09:18:53,,forecast_sun,,,,"56","155","35","api_solar","86","Regen","forecast_sun","12","28-09-2024 12:00","1727517600","272","W"
339,-1,2024-09-27T09:18:54,,forecast_sun,,,,"133","368","36","api_solar","82","Lichtbewolkt","forecast_sun","12","28-09-2024 13:00","1727521200","276","W"
340,-1,2024-09-27T09:18:55,,forecast_sun,,,,"186","515","37","api_solar","77","Zonnig","forecast_sun","13","28-09-2024 14:00","1727524800","277","W"
341,-1,2024-09-27T09:18:56,,forecast_sun,,,,"129","357","38","api_solar","74","Regen","forecast_sun","13","28-09-2024 15:00","1727528400","276","W"
342,-1,2024-09-27T09:18:57,,forecast_sun,,,,"58","161","39","api_solar","77","Regen","forecast_sun","13","28-09-2024 16:00","1727532000","255","ZW"
343,-1,2024-09-27T09:18:58,,forecast_sun,,,,"50","139","40","api_solar","78","Bewolkt","forecast_sun","13","28-09-2024 17:00","1727535600","274","W"
344,-1,2024-09-27T09:18:59,,forecast_sun,,,,"9","25","41","api_solar","81","Bewolkt","forecast_sun","13","28-09-2024 18:00","1727539200","267","W"
345,-1,2024-09-27T09:19:00,,forecast_sun,,,,"1","3","42","api_solar","79","Bewolkt","forecast_sun","13","28-09-2024 19:00","1727542800","287","W"
346,-1,2024-09-27T09:19:01,,forecast_sun,,,,"0","0","43","api_solar","78","Bewolkt","forecast_sun","12","28-09-2024 20:00","1727546400","265","W"
347,-1,2024-09-27T09:19:02,,forecast_sun,,,,"0","0","44","api_solar","81","Helder","forecast_sun","11","28-09-2024 21:00","1727550000","250","ZW"
348,-1,2024-09-27T09:19:03,,forecast_sun,,,,"0","0","45","api_solar","84","Helder","forecast_sun","10","28-09-2024 22:00","1727553600","242","ZW"
349,-1,2024-09-27T09:19:04,,forecast_sun,,,,"0","0","46","api_solar","85","Bewolkt","forecast_sun","10","28-09-2024 23:00","1727557200","234","ZW"
350,-1,2024-09-27T09:19:05,,forecast_sun,,,,"0","0","47","api_solar","89","Bewolkt","forecast_sun","10","29-09-2024 00:00","1727560800","233","ZW"
351,-1,2024-09-27T09:19:06,,forecast_sun,,,,"0","0","48","api_solar","87","Halfbewolkt","forecast_sun","10","29-09-2024 01:00","1727564400","246","ZW"
352,-1,2024-09-27T09:19:07,,forecast_sun,,,,"0","0","49","api_solar","88","Helder","forecast_sun","9","29-09-2024 02:00","1727568000","224","ZW"
353,-1,2024-09-27T09:19:08,,forecast_sun,,,,"0","0","50","api_solar","90","Helder","forecast_sun","8","29-09-2024 03:00","1727571600","223","ZW"
354,-1,2024-09-27T09:19:09,,forecast_sun,,,,"0","0","51","api_solar","90","Helder","forecast_sun","7","29-09-2024 04:00","1727575200","212","Z"
355,-1,2024-09-27T09:19:10,,forecast_sun,,,,"0","0","52","api_solar","91","Helder","forecast_sun","7","29-09-2024 05:00","1727578800","176","Z"
356,-1,2024-09-27T09:19:11,,forecast_sun,,,,"0","0","53","api_solar","92","Helder","forecast_sun","6","29-09-2024 06:00","1727582400","183","Z"
357,-1,2024-09-27T09:19:12,,forecast_sun,,,,"1","3","54","api_solar","93","Helder","forecast_sun","5","29-09-2024 07:00","1727586000","174","Z"
358,-1,2024-09-27T12:33:41,,forecast_sun,,,,"57","158","12","api_solar","71","Halfbewolkt","forecast_sun","14","27-09-2024 13:00","1727434800","219","ZW"
359,-1,2024-09-27T12:33:42,,forecast_sun,,,,"37","102","13","api_solar","73","Halfbewolkt","forecast_sun","14","27-09-2024 14:00","1727438400","220","ZW"
360,-1,2024-09-27T12:33:43,,forecast_sun,,,,"10","28","14","api_solar","80","Regen","forecast_sun","13","27-09-2024 15:00","1727442000","222","ZW"
361,-1,2024-09-27T12:33:44,,forecast_sun,,,,"3","8","15","api_solar","86","Regen","forecast_sun","12","27-09-2024 16:00","1727445600","221","ZW"
362,-1,2024-09-27T12:33:45,,forecast_sun,,,,"2","6","16","api_solar","90","Regen","forecast_sun","12","27-09-2024 17:00","1727449200","237","ZW"
363,-1,2024-09-27T12:33:46,,forecast_sun,,,,"1","3","17","api_solar","93","Regen","forecast_sun","12","27-09-2024 18:00","1727452800","274","W"
364,-1,2024-09-27T12:33:47,,forecast_sun,,,,"0","0","18","api_solar","94","Regen","forecast_sun","12","27-09-2024 19:00","1727456400","305","NW"
365,-1,2024-09-27T12:33:48,,forecast_sun,,,,"0","0","19","api_solar","94","Bewolkt","forecast_sun","12","27-09-2024 20:00","1727460000","295","W"
366,-1,2024-09-27T12:33:49,,forecast_sun,,,,"0","0","20","api_solar","92","Bewolkt","forecast_sun","12","27-09-2024 21:00","1727463600","302","W"
367,-1,2024-09-27T12:33:50,,forecast_sun,,,,"0","0","21","api_solar","90","Bewolkt","forecast_sun","12","27-09-2024 22:00","1727467200","316","NW"
368,-1,2024-09-27T12:33:51,,forecast_sun,,,,"0","0","22","api_solar","90","Regen","forecast_sun","12","27-09-2024 23:00","1727470800","310","NW"
369,-1,2024-09-27T12:33:52,,forecast_sun,,,,"0","0","23","api_solar","89","Bewolkt","forecast_sun","12","28-09-2024 00:00","1727474400","295","W"
370,-1,2024-09-27T12:33:53,,forecast_sun,,,,"0","0","24","api_solar","88","Bewolkt","forecast_sun","11","28-09-2024 01:00","1727478000","276","W"
371,-1,2024-09-27T12:33:54,,forecast_sun,,,,"0","0","25","api_solar","85","Helder","forecast_sun","11","28-09-2024 02:00","1727481600","276","W"
372,-1,2024-09-27T12:33:55,,forecast_sun,,,,"0","0","26","api_solar","83","Bewolkt","forecast_sun","10","28-09-2024 03:00","1727485200","274","W"
373,-1,2024-09-27T12:33:56,,forecast_sun,,,,"0","0","27","api_solar","83","Bewolkt","forecast_sun","10","28-09-2024 04:00","1727488800","255","ZW"
374,-1,2024-09-27T12:33:57,,forecast_sun,,,,"0","0","28","api_solar","86","Bewolkt","forecast_sun","10","28-09-2024 05:00","1727492400","258","W"
375,-1,2024-09-27T12:33:58,,forecast_sun,,,,"0","0","29","api_solar","91","Regen","forecast_sun","10","28-09-2024 06:00","1727496000","251","ZW"
376,-1,2024-09-27T12:33:59,,forecast_sun,,,,"0","0","30","api_solar","93","Regen","forecast_sun","10","28-09-2024 07:00","1727499600","247","ZW"
377,-1,2024-09-27T12:34:00,,forecast_sun,,,,"16","44","31","api_solar","94","Regen","forecast_sun","10","28-09-2024 08:00","1727503200","246","ZW"
378,-1,2024-09-27T12:34:01,,forecast_sun,,,,"50","139","32","api_solar","93","Halfbewolkt","forecast_sun","11","28-09-2024 09:00","1727506800","255","ZW"
379,-1,2024-09-27T12:34:02,,forecast_sun,,,,"83","230","33","api_solar","90","Zonnig","forecast_sun","12","28-09-2024 10:00","1727510400","258","W"
380,-1,2024-09-27T12:34:03,,forecast_sun,,,,"134","371","34","api_solar","81","Bewolkt","forecast_sun","13","28-09-2024 11:00","1727514000","302","W"
381,-1,2024-09-27T12:34:04,,forecast_sun,,,,"56","155","35","api_solar","86","Regen","forecast_sun","12","28-09-2024 12:00","1727517600","272","W"
382,-1,2024-09-27T12:34:05,,forecast_sun,,,,"133","368","36","api_solar","82","Lichtbewolkt","forecast_sun","12","28-09-2024 13:00","1727521200","276","W"
383,-1,2024-09-27T12:34:06,,forecast_sun,,,,"186","515","37","api_solar","77","Zonnig","forecast_sun","13","28-09-2024 14:00","1727524800","277","W"
384,-1,2024-09-27T12:34:07,,forecast_sun,,,,"129","357","38","api_solar","74","Regen","forecast_sun","13","28-09-2024 15:00","1727528400","276","W"
385,-1,2024-09-27T12:34:08,,forecast_sun,,,,"58","161","39","api_solar","77","Regen","forecast_sun","13","28-09-2024 16:00","1727532000","255","ZW"
386,-1,2024-09-27T12:34:09,,forecast_sun,,,,"50","139","40","api_solar","78","Bewolkt","forecast_sun","13","28-09-2024 17:00","1727535600","274","W"
387,-1,2024-09-27T12:34:10,,forecast_sun,,,,"9","25","41","api_solar","81","Bewolkt","forecast_sun","13","28-09-2024 18:00","1727539200","267","W"
388,-1,2024-09-27T12:34:11,,forecast_sun,,,,"1","3","42","api_solar","79","Bewolkt","forecast_sun","13","28-09-2024 19:00","1727542800","287","W"
389,-1,2024-09-27T12:34:12,,forecast_sun,,,,"0","0","43","api_solar","78","Bewolkt","forecast_sun","12","28-09-2024 20:00","1727546400","265","W"
390,-1,2024-09-27T12:34:13,,forecast_sun,,,,"0","0","44","api_solar","81","Helder","forecast_sun","11","28-09-2024 21:00","1727550000","250","ZW"
391,-1,2024-09-27T12:34:14,,forecast_sun,,,,"0","0","45","api_solar","84","Helder","forecast_sun","10","28-09-2024 22:00","1727553600","242","ZW"
392,-1,2024-09-27T12:34:15,,forecast_sun,,,,"0","0","46","api_solar","85","Bewolkt","forecast_sun","10","28-09-2024 23:00","1727557200","234","ZW"
393,-1,2024-09-27T12:34:16,,forecast_sun,,,,"0","0","47","api_solar","89","Bewolkt","forecast_sun","10","29-09-2024 00:00","1727560800","233","ZW"
394,-1,2024-09-27T12:34:17,,forecast_sun,,,,"0","0","48","api_solar","87","Halfbewolkt","forecast_sun","10","29-09-2024 01:00","1727564400","246","ZW"
395,-1,2024-09-27T12:34:18,,forecast_sun,,,,"0","0","49","api_solar","88","Helder","forecast_sun","9","29-09-2024 02:00","1727568000","224","ZW"
396,-1,2024-09-27T12:34:19,,forecast_sun,,,,"0","0","50","api_solar","90","Helder","forecast_sun","8","29-09-2024 03:00","1727571600","223","ZW"
397,-1,2024-09-27T12:34:20,,forecast_sun,,,,"0","0","51","api_solar","90","Helder","forecast_sun","7","29-09-2024 04:00","1727575200","212","Z"
398,-1,2024-09-27T12:34:21,,forecast_sun,,,,"0","0","52","api_solar","91","Helder","forecast_sun","7","29-09-2024 05:00","1727578800","176","Z"
399,-1,2024-09-27T12:34:22,,forecast_sun,,,,"0","0","53","api_solar","92","Helder","forecast_sun","6","29-09-2024 06:00","1727582400","183","Z"
400,-1,2024-09-27T12:34:23,,forecast_sun,,,,"1","3","54","api_solar","93","Helder","forecast_sun","5","29-09-2024 07:00","1727586000","174","Z"
401,-1,2024-09-27T12:36:04,,forecast_sun,,,,"57","158","12","api_solar","71","Halfbewolkt","forecast_sun","14","27-09-2024 13:00","1727434800","219","ZW"
402,-1,2024-09-27T12:36:05,,forecast_sun,,,,"37","102","13","api_solar","73","Halfbewolkt","forecast_sun","14","27-09-2024 14:00","1727438400","220","ZW"
403,-1,2024-09-27T12:36:06,,forecast_sun,,,,"10","28","14","api_solar","80","Regen","forecast_sun","13","27-09-2024 15:00","1727442000","222","ZW"
404,-1,2024-09-27T12:36:07,,forecast_sun,,,,"3","8","15","api_solar","86","Regen","forecast_sun","12","27-09-2024 16:00","1727445600","221","ZW"
405,-1,2024-09-27T12:36:08,,forecast_sun,,,,"2","6","16","api_solar","90","Regen","forecast_sun","12","27-09-2024 17:00","1727449200","237","ZW"
406,-1,2024-09-27T12:36:09,,forecast_sun,,,,"1","3","17","api_solar","93","Regen","forecast_sun","12","27-09-2024 18:00","1727452800","274","W"
407,-1,2024-09-27T12:36:10,,forecast_sun,,,,"0","0","18","api_solar","94","Regen","forecast_sun","12","27-09-2024 19:00","1727456400","305","NW"
408,-1,2024-09-27T12:36:11,,forecast_sun,,,,"0","0","19","api_solar","94","Bewolkt","forecast_sun","12","27-09-2024 20:00","1727460000","295","W"
409,-1,2024-09-27T12:36:12,,forecast_sun,,,,"0","0","20","api_solar","92","Bewolkt","forecast_sun","12","27-09-2024 21:00","1727463600","302","W"
410,-1,2024-09-27T12:36:13,,forecast_sun,,,,"0","0","21","api_solar","90","Bewolkt","forecast_sun","12","27-09-2024 22:00","1727467200","316","NW"
411,-1,2024-09-27T12:36:14,,forecast_sun,,,,"0","0","22","api_solar","90","Regen","forecast_sun","12","27-09-2024 23:00","1727470800","310","NW"
412,-1,2024-09-27T12:36:15,,forecast_sun,,,,"0","0","23","api_solar","89","Bewolkt","forecast_sun","12","28-09-2024 00:00","1727474400","295","W"
413,-1,2024-09-27T12:36:16,,forecast_sun,,,,"0","0","24","api_solar","88","Bewolkt","forecast_sun","11","28-09-2024 01:00","1727478000","276","W"
414,-1,2024-09-27T12:36:17,,forecast_sun,,,,"0","0","25","api_solar","85","Helder","forecast_sun","11","28-09-2024 02:00","1727481600","276","W"
415,-1,2024-09-27T12:36:18,,forecast_sun,,,,"0","0","26","api_solar","83","Bewolkt","forecast_sun","10","28-09-2024 03:00","1727485200","274","W"
416,-1,2024-09-27T12:36:19,,forecast_sun,,,,"0","0","27","api_solar","83","Bewolkt","forecast_sun","10","28-09-2024 04:00","1727488800","255","ZW"
417,-1,2024-09-27T12:36:20,,forecast_sun,,,,"0","0","28","api_solar","86","Bewolkt","forecast_sun","10","28-09-2024 05:00","1727492400","258","W"
418,-1,2024-09-27T12:36:21,,forecast_sun,,,,"0","0","29","api_solar","91","Regen","forecast_sun","10","28-09-2024 06:00","1727496000","251","ZW"
419,-1,2024-09-27T12:36:22,,forecast_sun,,,,"0","0","30","api_solar","93","Regen","forecast_sun","10","28-09-2024 07:00","1727499600","247","ZW"
420,-1,2024-09-27T12:36:23,,forecast_sun,,,,"16","44","31","api_solar","94","Regen","forecast_sun","10","28-09-2024 08:00","1727503200","246","ZW"
421,-1,2024-09-27T12:36:24,,forecast_sun,,,,"50","139","32","api_solar","93","Halfbewolkt","forecast_sun","11","28-09-2024 09:00","1727506800","255","ZW"
422,-1,2024-09-27T12:36:25,,forecast_sun,,,,"83","230","33","api_solar","90","Zonnig","forecast_sun","12","28-09-2024 10:00","1727510400","258","W"
423,-1,2024-09-27T12:36:26,,forecast_sun,,,,"134","371","34","api_solar","81","Bewolkt","forecast_sun","13","28-09-2024 11:00","1727514000","302","W"
424,-1,2024-09-27T12:36:27,,forecast_sun,,,,"56","155","35","api_solar","86","Regen","forecast_sun","12","28-09-2024 12:00","1727517600","272","W"
425,-1,2024-09-27T12:36:28,,forecast_sun,,,,"133","368","36","api_solar","82","Lichtbewolkt","forecast_sun","12","28-09-2024 13:00","1727521200","276","W"
426,-1,2024-09-27T12:36:29,,forecast_sun,,,,"186","515","37","api_solar","77","Zonnig","forecast_sun","13","28-09-2024 14:00","1727524800","277","W"
427,-1,2024-09-27T12:36:30,,forecast_sun,,,,"129","357","38","api_solar","74","Regen","forecast_sun","13","28-09-2024 15:00","1727528400","276","W"
428,-1,2024-09-27T12:36:31,,forecast_sun,,,,"58","161","39","api_solar","77","Regen","forecast_sun","13","28-09-2024 16:00","1727532000","255","ZW"
429,-1,2024-09-27T12:36:32,,forecast_sun,,,,"50","139","40","api_solar","78","Bewolkt","forecast_sun","13","28-09-2024 17:00","1727535600","274","W"
430,-1,2024-09-27T12:36:33,,forecast_sun,,,,"9","25","41","api_solar","81","Bewolkt","forecast_sun","13","28-09-2024 18:00","1727539200","267","W"
431,-1,2024-09-27T12:36:34,,forecast_sun,,,,"1","3","42","api_solar","79","Bewolkt","forecast_sun","13","28-09-2024 19:00","1727542800","287","W"
432,-1,2024-09-27T12:36:35,,forecast_sun,,,,"0","0","43","api_solar","78","Bewolkt","forecast_sun","12","28-09-2024 20:00","1727546400","265","W"
433,-1,2024-09-27T12:36:36,,forecast_sun,,,,"0","0","44","api_solar","81","Helder","forecast_sun","11","28-09-2024 21:00","1727550000","250","ZW"
434,-1,2024-09-27T12:36:37,,forecast_sun,,,,"0","0","45","api_solar","84","Helder","forecast_sun","10","28-09-2024 22:00","1727553600","242","ZW"
435,-1,2024-09-27T12:36:38,,forecast_sun,,,,"0","0","46","api_solar","85","Bewolkt","forecast_sun","10","28-09-2024 23:00","1727557200","234","ZW"
436,-1,2024-09-27T12:36:39,,forecast_sun,,,,"0","0","47","api_solar","89","Bewolkt","forecast_sun","10","29-09-2024 00:00","1727560800","233","ZW"
437,-1,2024-09-27T12:36:40,,forecast_sun,,,,"0","0","48","api_solar","87","Halfbewolkt","forecast_sun","10","29-09-2024 01:00","1727564400","246","ZW"
438,-1,2024-09-27T12:36:41,,forecast_sun,,,,"0","0","49","api_solar","88","Helder","forecast_sun","9","29-09-2024 02:00","1727568000","224","ZW"
439,-1,2024-09-27T12:36:42,,forecast_sun,,,,"0","0","50","api_solar","90","Helder","forecast_sun","8","29-09-2024 03:00","1727571600","223","ZW"
440,-1,2024-09-27T12:36:43,,forecast_sun,,,,"0","0","51","api_solar","90","Helder","forecast_sun","7","29-09-2024 04:00","1727575200","212","Z"
441,-1,2024-09-27T12:36:44,,forecast_sun,,,,"0","0","52","api_solar","91","Helder","forecast_sun","7","29-09-2024 05:00","1727578800","176","Z"
442,-1,2024-09-27T12:36:45,,forecast_sun,,,,"0","0","53","api_solar","92","Helder","forecast_sun","6","29-09-2024 06:00","1727582400","183","Z"
443,-1,2024-09-27T12:36:46,,forecast_sun,,,,"1","3","54","api_solar","93","Helder","forecast_sun","5","29-09-2024 07:00","1727586000","174","Z"
444,-1,2024-09-27T12:38:48,,forecast_sun,,,,"57","158","12","api_solar","71","Halfbewolkt","forecast_sun","14","27-09-2024 13:00","1727434800","219","ZW"
445,-1,2024-09-27T12:38:49,,forecast_sun,,,,"37","102","13","api_solar","73","Halfbewolkt","forecast_sun","14","27-09-2024 14:00","1727438400","220","ZW"
446,-1,2024-09-27T12:38:50,,forecast_sun,,,,"10","28","14","api_solar","80","Regen","forecast_sun","13","27-09-2024 15:00","1727442000","222","ZW"
447,-1,2024-09-27T12:38:51,,forecast_sun,,,,"3","8","15","api_solar","86","Regen","forecast_sun","12","27-09-2024 16:00","1727445600","221","ZW"
448,-1,2024-09-27T12:38:52,,forecast_sun,,,,"2","6","16","api_solar","90","Regen","forecast_sun","12","27-09-2024 17:00","1727449200","237","ZW"
449,-1,2024-09-27T12:38:53,,forecast_sun,,,,"1","3","17","api_solar","93","Regen","forecast_sun","12","27-09-2024 18:00","1727452800","274","W"
450,-1,2024-09-27T12:38:54,,forecast_sun,,,,"0","0","18","api_solar","94","Regen","forecast_sun","12","27-09-2024 19:00","1727456400","305","NW"
451,-1,2024-09-27T12:38:55,,forecast_sun,,,,"0","0","19","api_solar","94","Bewolkt","forecast_sun","12","27-09-2024 20:00","1727460000","295","W"
452,-1,2024-09-27T12:38:56,,forecast_sun,,,,"0","0","20","api_solar","92","Bewolkt","forecast_sun","12","27-09-2024 21:00","1727463600","302","W"
453,-1,2024-09-27T12:38:57,,forecast_sun,,,,"0","0","21","api_solar","90","Bewolkt","forecast_sun","12","27-09-2024 22:00","1727467200","316","NW"
454,-1,2024-09-27T12:38:58,,forecast_sun,,,,"0","0","22","api_solar","90","Regen","forecast_sun","12","27-09-2024 23:00","1727470800","310","NW"
455,-1,2024-09-27T12:38:59,,forecast_sun,,,,"0","0","23","api_solar","89","Bewolkt","forecast_sun","12","28-09-2024 00:00","1727474400","295","W"
456,-1,2024-09-27T12:39:00,,forecast_sun,,,,"0","0","24","api_solar","88","Bewolkt","forecast_sun","11","28-09-2024 01:00","1727478000","276","W"
457,-1,2024-09-27T12:39:01,,forecast_sun,,,,"0","0","25","api_solar","85","Helder","forecast_sun","11","28-09-2024 02:00","1727481600","276","W"
458,-1,2024-09-27T12:39:02,,forecast_sun,,,,"0","0","26","api_solar","83","Bewolkt","forecast_sun","10","28-09-2024 03:00","1727485200","274","W"
459,-1,2024-09-27T12:39:03,,forecast_sun,,,,"0","0","27","api_solar","83","Bewolkt","forecast_sun","10","28-09-2024 04:00","1727488800","255","ZW"
460,-1,2024-09-27T12:39:04,,forecast_sun,,,,"0","0","28","api_solar","86","Bewolkt","forecast_sun","10","28-09-2024 05:00","1727492400","258","W"
461,-1,2024-09-27T12:39:05,,forecast_sun,,,,"0","0","29","api_solar","91","Regen","forecast_sun","10","28-09-2024 06:00","1727496000","251","ZW"
462,-1,2024-09-27T12:39:06,,forecast_sun,,,,"0","0","30","api_solar","93","Regen","forecast_sun","10","28-09-2024 07:00","1727499600","247","ZW"
463,-1,2024-09-27T12:39:07,,forecast_sun,,,,"16","44","31","api_solar","94","Regen","forecast_sun","10","28-09-2024 08:00","1727503200","246","ZW"
464,-1,2024-09-27T12:39:08,,forecast_sun,,,,"50","139","32","api_solar","93","Halfbewolkt","forecast_sun","11","28-09-2024 09:00","1727506800","255","ZW"
465,-1,2024-09-27T12:39:09,,forecast_sun,,,,"83","230","33","api_solar","90","Zonnig","forecast_sun","12","28-09-2024 10:00","1727510400","258","W"
466,-1,2024-09-27T12:39:10,,forecast_sun,,,,"134","371","34","api_solar","81","Bewolkt","forecast_sun","13","28-09-2024 11:00","1727514000","302","W"
467,-1,2024-09-27T12:39:11,,forecast_sun,,,,"56","155","35","api_solar","86","Regen","forecast_sun","12","28-09-2024 12:00","1727517600","272","W"
468,-1,2024-09-27T12:39:12,,forecast_sun,,,,"133","368","36","api_solar","82","Lichtbewolkt","forecast_sun","12","28-09-2024 13:00","1727521200","276","W"
469,-1,2024-09-27T12:39:13,,forecast_sun,,,,"186","515","37","api_solar","77","Zonnig","forecast_sun","13","28-09-2024 14:00","1727524800","277","W"
470,-1,2024-09-27T12:39:14,,forecast_sun,,,,"129","357","38","api_solar","74","Regen","forecast_sun","13","28-09-2024 15:00","1727528400","276","W"
471,-1,2024-09-27T12:39:15,,forecast_sun,,,,"58","161","39","api_solar","77","Regen","forecast_sun","13","28-09-2024 16:00","1727532000","255","ZW"
472,-1,2024-09-27T12:39:16,,forecast_sun,,,,"50","139","40","api_solar","78","Bewolkt","forecast_sun","13","28-09-2024 17:00","1727535600","274","W"
473,-1,2024-09-27T12:39:17,,forecast_sun,,,,"9","25","41","api_solar","81","Bewolkt","forecast_sun","13","28-09-2024 18:00","1727539200","267","W"
474,-1,2024-09-27T12:39:18,,forecast_sun,,,,"1","3","42","api_solar","79","Bewolkt","forecast_sun","13","28-09-2024 19:00","1727542800","287","W"
475,-1,2024-09-27T12:39:19,,forecast_sun,,,,"0","0","43","api_solar","78","Bewolkt","forecast_sun","12","28-09-2024 20:00","1727546400","265","W"
476,-1,2024-09-27T12:39:20,,forecast_sun,,,,"0","0","44","api_solar","81","Helder","forecast_sun","11","28-09-2024 21:00","1727550000","250","ZW"
477,-1,2024-09-27T12:39:21,,forecast_sun,,,,"0","0","45","api_solar","84","Helder","forecast_sun","10","28-09-2024 22:00","1727553600","242","ZW"
478,-1,2024-09-27T12:39:22,,forecast_sun,,,,"0","0","46","api_solar","85","Bewolkt","forecast_sun","10","28-09-2024 23:00","1727557200","234","ZW"
479,-1,2024-09-27T12:39:23,,forecast_sun,,,,"0","0","47","api_solar","89","Bewolkt","forecast_sun","10","29-09-2024 00:00","1727560800","233","ZW"
480,-1,2024-09-27T12:39:24,,forecast_sun,,,,"0","0","48","api_solar","87","Halfbewolkt","forecast_sun","10","29-09-2024 01:00","1727564400","246","ZW"
481,-1,2024-09-27T12:39:25,,forecast_sun,,,,"0","0","49","api_solar","88","Helder","forecast_sun","9","29-09-2024 02:00","1727568000","224","ZW"
482,-1,2024-09-27T12:39:26,,forecast_sun,,,,"0","0","50","api_solar","90","Helder","forecast_sun","8","29-09-2024 03:00","1727571600","223","ZW"
483,-1,2024-09-27T12:39:27,,forecast_sun,,,,"0","0","51","api_solar","90","Helder","forecast_sun","7","29-09-2024 04:00","1727575200","212","Z"
484,-1,2024-09-27T12:39:28,,forecast_sun,,,,"0","0","52","api_solar","91","Helder","forecast_sun","7","29-09-2024 05:00","1727578800","176","Z"
485,-1,2024-09-27T12:39:29,,forecast_sun,,,,"0","0","53","api_solar","92","Helder","forecast_sun","6","29-09-2024 06:00","1727582400","183","Z"
486,-1,2024-09-27T12:39:30,,forecast_sun,,,,"1","3","54","api_solar","93","Helder","forecast_sun","5","29-09-2024 07:00","1727586000","174","Z"
487,-1,2024-09-27T12:39:47,,forecast_sun,,,,"57","158","12","api_solar","71","Halfbewolkt","forecast_sun","14","27-09-2024 13:00","1727434800","219","ZW"
488,-1,2024-09-27T12:39:48,,forecast_sun,,,,"37","102","13","api_solar","73","Halfbewolkt","forecast_sun","14","27-09-2024 14:00","1727438400","220","ZW"
489,-1,2024-09-27T12:39:49,,forecast_sun,,,,"10","28","14","api_solar","80","Regen","forecast_sun","13","27-09-2024 15:00","1727442000","222","ZW"
490,-1,2024-09-27T12:39:50,,forecast_sun,,,,"3","8","15","api_solar","86","Regen","forecast_sun","12","27-09-2024 16:00","1727445600","221","ZW"
491,-1,2024-09-27T12:39:51,,forecast_sun,,,,"2","6","16","api_solar","90","Regen","forecast_sun","12","27-09-2024 17:00","1727449200","237","ZW"
492,-1,2024-09-27T12:39:52,,forecast_sun,,,,"1","3","17","api_solar","93","Regen","forecast_sun","12","27-09-2024 18:00","1727452800","274","W"
493,-1,2024-09-27T12:39:53,,forecast_sun,,,,"0","0","18","api_solar","94","Regen","forecast_sun","12","27-09-2024 19:00","1727456400","305","NW"
494,-1,2024-09-27T12:39:55,,forecast_sun,,,,"0","0","19","api_solar","94","Bewolkt","forecast_sun","12","27-09-2024 20:00","1727460000","295","W"
495,-1,2024-09-27T12:39:56,,forecast_sun,,,,"0","0","20","api_solar","92","Bewolkt","forecast_sun","12","27-09-2024 21:00","1727463600","302","W"
496,-1,2024-09-27T12:39:57,,forecast_sun,,,,"0","0","21","api_solar","90","Bewolkt","forecast_sun","12","27-09-2024 22:00","1727467200","316","NW"
497,-1,2024-09-27T12:39:58,,forecast_sun,,,,"0","0","22","api_solar","90","Regen","forecast_sun","12","27-09-2024 23:00","1727470800","310","NW"
498,-1,2024-09-27T12:39:59,,forecast_sun,,,,"0","0","23","api_solar","89","Bewolkt","forecast_sun","12","28-09-2024 00:00","1727474400","295","W"
499,-1,2024-09-27T12:40:00,,forecast_sun,,,,"0","0","24","api_solar","88","Bewolkt","forecast_sun","11","28-09-2024 01:00","1727478000","276","W"
500,-1,2024-09-27T12:40:01,,forecast_sun,,,,"0","0","25","api_solar","85","Helder","forecast_sun","11","28-09-2024 02:00","1727481600","276","W"
501,-1,2024-09-27T12:40:02,,forecast_sun,,,,"0","0","26","api_solar","83","Bewolkt","forecast_sun","10","28-09-2024 03:00","1727485200","274","W"
502,-1,2024-09-27T12:40:03,,forecast_sun,,,,"0","0","27","api_solar","83","Bewolkt","forecast_sun","10","28-09-2024 04:00","1727488800","255","ZW"
503,-1,2024-09-27T12:40:04,,forecast_sun,,,,"0","0","28","api_solar","86","Bewolkt","forecast_sun","10","28-09-2024 05:00","1727492400","258","W"
504,-1,2024-09-27T12:40:05,,forecast_sun,,,,"0","0","29","api_solar","91","Regen","forecast_sun","10","28-09-2024 06:00","1727496000","251","ZW"
505,-1,2024-09-27T12:40:06,,forecast_sun,,,,"0","0","30","api_solar","93","Regen","forecast_sun","10","28-09-2024 07:00","1727499600","247","ZW"
506,-1,2024-09-27T12:40:07,,forecast_sun,,,,"16","44","31","api_solar","94","Regen","forecast_sun","10","28-09-2024 08:00","1727503200","246","ZW"
507,-1,2024-09-27T12:40:08,,forecast_sun,,,,"50","139","32","api_solar","93","Halfbewolkt","forecast_sun","11","28-09-2024 09:00","1727506800","255","ZW"
508,-1,2024-09-27T12:40:09,,forecast_sun,,,,"83","230","33","api_solar","90","Zonnig","forecast_sun","12","28-09-2024 10:00","1727510400","258","W"
509,-1,2024-09-27T12:40:10,,forecast_sun,,,,"134","371","34","api_solar","81","Bewolkt","forecast_sun","13","28-09-2024 11:00","1727514000","302","W"
510,-1,2024-09-27T12:40:11,,forecast_sun,,,,"56","155","35","api_solar","86","Regen","forecast_sun","12","28-09-2024 12:00","1727517600","272","W"
511,-1,2024-09-27T12:40:12,,forecast_sun,,,,"133","368","36","api_solar","82","Lichtbewolkt","forecast_sun","12","28-09-2024 13:00","1727521200","276","W"
512,-1,2024-09-27T12:40:13,,forecast_sun,,,,"186","515","37","api_solar","77","Zonnig","forecast_sun","13","28-09-2024 14:00","1727524800","277","W"
513,-1,2024-09-27T12:40:14,,forecast_sun,,,,"129","357","38","api_solar","74","Regen","forecast_sun","13","28-09-2024 15:00","1727528400","276","W"
514,-1,2024-09-27T12:40:15,,forecast_sun,,,,"58","161","39","api_solar","77","Regen","forecast_sun","13","28-09-2024 16:00","1727532000","255","ZW"
515,-1,2024-09-27T12:40:16,,forecast_sun,,,,"50","139","40","api_solar","78","Bewolkt","forecast_sun","13","28-09-2024 17:00","1727535600","274","W"
516,-1,2024-09-27T12:40:17,,forecast_sun,,,,"9","25","41","api_solar","81","Bewolkt","forecast_sun","13","28-09-2024 18:00","1727539200","267","W"
517,-1,2024-09-27T12:40:18,,forecast_sun,,,,"1","3","42","api_solar","79","Bewolkt","forecast_sun","13","28-09-2024 19:00","1727542800","287","W"
518,-1,2024-09-27T12:40:19,,forecast_sun,,,,"0","0","43","api_solar","78","Bewolkt","forecast_sun","12","28-09-2024 20:00","1727546400","265","W"
519,-1,2024-09-27T12:40:20,,forecast_sun,,,,"0","0","44","api_solar","81","Helder","forecast_sun","11","28-09-2024 21:00","1727550000","250","ZW"
520,-1,2024-09-27T12:40:21,,forecast_sun,,,,"0","0","45","api_solar","84","Helder","forecast_sun","10","28-09-2024 22:00","1727553600","242","ZW"
521,-1,2024-09-27T12:40:22,,forecast_sun,,,,"0","0","46","api_solar","85","Bewolkt","forecast_sun","10","28-09-2024 23:00","1727557200","234","ZW"
522,-1,2024-09-27T12:40:23,,forecast_sun,,,,"0","0","47","api_solar","89","Bewolkt","forecast_sun","10","29-09-2024 00:00","1727560800","233","ZW"
523,-1,2024-09-27T12:40:24,,forecast_sun,,,,"0","0","48","api_solar","87","Halfbewolkt","forecast_sun","10","29-09-2024 01:00","1727564400","246","ZW"
524,-1,2024-09-27T12:40:25,,forecast_sun,,,,"0","0","49","api_solar","88","Helder","forecast_sun","9","29-09-2024 02:00","1727568000","224","ZW"
525,-1,2024-09-27T12:40:26,,forecast_sun,,,,"0","0","50","api_solar","90","Helder","forecast_sun","8","29-09-2024 03:00","1727571600","223","ZW"
526,-1,2024-09-27T12:40:27,,forecast_sun,,,,"0","0","51","api_solar","90","Helder","forecast_sun","7","29-09-2024 04:00","1727575200","212","Z"
527,-1,2024-09-27T12:40:28,,forecast_sun,,,,"0","0","52","api_solar","91","Helder","forecast_sun","7","29-09-2024 05:00","1727578800","176","Z"
528,-1,2024-09-27T12:40:29,,forecast_sun,,,,"0","0","53","api_solar","92","Helder","forecast_sun","6","29-09-2024 06:00","1727582400","183","Z"
529,-1,2024-09-27T12:40:30,,forecast_sun,,,,"1","3","54","api_solar","93","Helder","forecast_sun","5","29-09-2024 07:00","1727586000","174","Z"
530,-1,2024-09-28T02:05:47,,forecast_sun,,,,"0","0","19","api_solar","89","Bewolkt","forecast_sun","10","28-09-2024 03:00","1727485200","288","W"
531,-1,2024-09-28T02:05:48,,forecast_sun,,,,"0","0","20","api_solar","89","Regen","forecast_sun","10","28-09-2024 04:00","1727488800","324","NW"
532,-1,2024-09-28T02:05:49,,forecast_sun,,,,"0","0","21","api_solar","88","Regen","forecast_sun","10","28-09-2024 05:00","1727492400","289","W"
533,-1,2024-09-28T02:05:50,,forecast_sun,,,,"0","0","22","api_solar","91","Regen","forecast_sun","10","28-09-2024 06:00","1727496000","233","ZW"
534,-1,2024-09-28T02:05:51,,forecast_sun,,,,"0","0","23","api_solar","93","Regen","forecast_sun","10","28-09-2024 07:00","1727499600","244","ZW"
535,-1,2024-09-28T02:05:52,,forecast_sun,,,,"3","8","24","api_solar","94","Regen","forecast_sun","10","28-09-2024 08:00","1727503200","242","ZW"
536,-1,2024-09-28T02:05:53,,forecast_sun,,,,"77","213","25","api_solar","93","Zonnig","forecast_sun","10","28-09-2024 09:00","1727506800","235","ZW"
537,-1,2024-09-28T02:05:54,,forecast_sun,,,,"93","258","26","api_solar","85","Bewolkt","forecast_sun","11","28-09-2024 10:00","1727510400","334","NW"
538,-1,2024-09-28T02:05:55,,forecast_sun,,,,"136","377","27","api_solar","79","Zonnig","forecast_sun","12","28-09-2024 11:00","1727514000","337","NW"
539,-1,2024-09-28T02:05:56,,forecast_sun,,,,"192","532","28","api_solar","73","Bewolkt","forecast_sun","13","28-09-2024 12:00","1727517600","307","NW"
540,-1,2024-09-28T02:05:57,,forecast_sun,,,,"92","255","29","api_solar","73","Bewolkt","forecast_sun","13","28-09-2024 13:00","1727521200","272","W"
541,-1,2024-09-28T02:05:58,,forecast_sun,,,,"78","216","30","api_solar","72","Regen","forecast_sun","13","28-09-2024 14:00","1727524800","279","W"
542,-1,2024-09-28T02:05:59,,forecast_sun,,,,"90","249","31","api_solar","73","Bewolkt","forecast_sun","13","28-09-2024 15:00","1727528400","264","W"
543,-1,2024-09-28T02:06:00,,forecast_sun,,,,"43","119","32","api_solar","74","Bewolkt","forecast_sun","13","28-09-2024 16:00","1727532000","261","W"
544,-1,2024-09-28T02:06:01,,forecast_sun,,,,"39","108","33","api_solar","77","Bewolkt","forecast_sun","13","28-09-2024 17:00","1727535600","263","W"
545,-1,2024-09-28T02:06:02,,forecast_sun,,,,"9","25","34","api_solar","81","Regen","forecast_sun","13","28-09-2024 18:00","1727539200","253","ZW"
546,-1,2024-09-28T02:06:03,,forecast_sun,,,,"1","3","35","api_solar","85","Bewolkt","forecast_sun","12","28-09-2024 19:00","1727542800","211","Z"
547,-1,2024-09-28T02:06:04,,forecast_sun,,,,"0","0","36","api_solar","84","Lichtbewolkt","forecast_sun","12","28-09-2024 20:00","1727546400","219","ZW"
548,-1,2024-09-28T02:06:05,,forecast_sun,,,,"0","0","37","api_solar","84","Halfbewolkt","forecast_sun","11","28-09-2024 21:00","1727550000","254","ZW"
549,-1,2024-09-28T02:06:06,,forecast_sun,,,,"0","0","38","api_solar","86","Bewolkt","forecast_sun","11","28-09-2024 22:00","1727553600","240","ZW"
550,-1,2024-09-28T02:06:07,,forecast_sun,,,,"0","0","39","api_solar","89","Bewolkt","forecast_sun","11","28-09-2024 23:00","1727557200","235","ZW"
551,-1,2024-09-28T02:06:08,,forecast_sun,,,,"0","0","40","api_solar","85","Bewolkt","forecast_sun","11","29-09-2024 00:00","1727560800","230","ZW"
552,-1,2024-09-28T02:06:09,,forecast_sun,,,,"0","0","41","api_solar","83","Halfbewolkt","forecast_sun","10","29-09-2024 01:00","1727564400","222","ZW"
553,-1,2024-09-28T02:06:10,,forecast_sun,,,,"0","0","42","api_solar","84","Helder","forecast_sun","9","29-09-2024 02:00","1727568000","220","ZW"
554,-1,2024-09-28T02:06:11,,forecast_sun,,,,"0","0","43","api_solar","85","Helder","forecast_sun","8","29-09-2024 03:00","1727571600","219","ZW"
555,-1,2024-09-28T02:06:12,,forecast_sun,,,,"0","0","44","api_solar","86","Helder","forecast_sun","7","29-09-2024 04:00","1727575200","221","ZW"
556,-1,2024-09-28T02:06:13,,forecast_sun,,,,"0","0","45","api_solar","88","Helder","forecast_sun","6","29-09-2024 05:00","1727578800","192","Z"
557,-1,2024-09-28T02:06:14,,forecast_sun,,,,"0","0","46","api_solar","88","Helder","forecast_sun","6","29-09-2024 06:00","1727582400","193","Z"
558,-1,2024-09-28T02:06:15,,forecast_sun,,,,"1","3","47","api_solar","89","Helder","forecast_sun","5","29-09-2024 07:00","1727586000","153","ZO"
559,-1,2024-09-28T02:06:16,,forecast_sun,,,,"31","86","48","api_solar","89","Zonnig","forecast_sun","5","29-09-2024 08:00","1727589600","162","ZO"
560,-1,2024-09-28T02:06:17,,forecast_sun,,,,"84","233","49","api_solar","84","Halfbewolkt","forecast_sun","7","29-09-2024 09:00","1727593200","184","Z"
561,-1,2024-09-28T02:06:18,,forecast_sun,,,,"127","352","50","api_solar","78","Bewolkt","forecast_sun","9","29-09-2024 10:00","1727596800","193","Z"
562,-1,2024-09-28T02:06:19,,forecast_sun,,,,"148","410","51","api_solar","71","Bewolkt","forecast_sun","11","29-09-2024 11:00","1727600400","164","ZO"
563,-1,2024-09-28T02:06:20,,forecast_sun,,,,"139","385","52","api_solar","66","Bewolkt","forecast_sun","12","29-09-2024 12:00","1727604000","142","ZO"
564,-1,2024-09-28T02:06:21,,forecast_sun,,,,"139","385","53","api_solar","64","Bewolkt","forecast_sun","13","29-09-2024 13:00","1727607600","124","ZO"
565,-1,2024-09-28T02:06:22,,forecast_sun,,,,"124","343","54","api_solar","63","Bewolkt","forecast_sun","14","29-09-2024 14:00","1727611200","130","ZO"
566,-1,2024-09-29T02:06:07,,forecast_sun,,,,"0","0","20","api_solar","91","Helder","forecast_sun","6","29-09-2024 03:00","1727571600","190","Z"
567,-1,2024-09-29T02:06:08,,forecast_sun,,,,"0","0","21","api_solar","90","Helder","forecast_sun","6","29-09-2024 04:00","1727575200","186","Z"
568,-1,2024-09-29T02:06:09,,forecast_sun,,,,"0","0","22","api_solar","89","Helder","forecast_sun","5","29-09-2024 05:00","1727578800","183","Z"
569,-1,2024-09-29T02:06:10,,forecast_sun,,,,"0","0","23","api_solar","89","Helder","forecast_sun","5","29-09-2024 06:00","1727582400","159","ZO"
570,-1,2024-09-29T02:06:11,,forecast_sun,,,,"1","3","24","api_solar","89","Helder","forecast_sun","5","29-09-2024 07:00","1727586000","144","ZO"
571,-1,2024-09-29T02:06:12,,forecast_sun,,,,"31","86","25","api_solar","87","Zonnig","forecast_sun","5","29-09-2024 08:00","1727589600","137","ZO"
572,-1,2024-09-29T02:06:13,,forecast_sun,,,,"82","227","26","api_solar","82","Halfbewolkt","forecast_sun","7","29-09-2024 09:00","1727593200","159","ZO"
573,-1,2024-09-29T02:06:14,,forecast_sun,,,,"132","366","27","api_solar","75","Halfbewolkt","forecast_sun","9","29-09-2024 10:00","1727596800","153","ZO"
574,-1,2024-09-29T02:06:15,,forecast_sun,,,,"163","452","28","api_solar","69","Halfbewolkt","forecast_sun","11","29-09-2024 11:00","1727600400","150","ZO"
575,-1,2024-09-29T02:06:16,,forecast_sun,,,,"159","440","29","api_solar","65","Halfbewolkt","forecast_sun","12","29-09-2024 12:00","1727604000","146","ZO"
576,-1,2024-09-29T02:06:17,,forecast_sun,,,,"130","360","30","api_solar","63","Halfbewolkt","forecast_sun","13","29-09-2024 13:00","1727607600","140","ZO"
577,-1,2024-09-29T02:06:18,,forecast_sun,,,,"99","274","31","api_solar","61","Halfbewolkt","forecast_sun","14","29-09-2024 14:00","1727611200","138","ZO"
578,-1,2024-09-29T02:06:19,,forecast_sun,,,,"91","252","32","api_solar","60","Halfbewolkt","forecast_sun","14","29-09-2024 15:00","1727614800","139","ZO"
579,-1,2024-09-29T02:06:20,,forecast_sun,,,,"80","222","33","api_solar","59","Halfbewolkt","forecast_sun","14","29-09-2024 16:00","1727618400","119","ZO"
580,-1,2024-09-29T02:06:21,,forecast_sun,,,,"52","144","34","api_solar","62","Halfbewolkt","forecast_sun","14","29-09-2024 17:00","1727622000","104","ZO"
581,-1,2024-09-29T02:06:22,,forecast_sun,,,,"16","44","35","api_solar","65","Halfbewolkt","forecast_sun","14","29-09-2024 18:00","1727625600","105","ZO"
582,-1,2024-09-29T02:06:23,,forecast_sun,,,,"0","0","36","api_solar","67","Halfbewolkt","forecast_sun","13","29-09-2024 19:00","1727629200","108","ZO"
583,-1,2024-09-29T02:06:24,,forecast_sun,,,,"0","0","37","api_solar","69","Halfbewolkt","forecast_sun","12","29-09-2024 20:00","1727632800","114","ZO"
584,-1,2024-09-29T02:06:25,,forecast_sun,,,,"0","0","38","api_solar","70","Halfbewolkt","forecast_sun","12","29-09-2024 21:00","1727636400","111","ZO"
585,-1,2024-09-29T02:06:26,,forecast_sun,,,,"0","0","39","api_solar","72","Bewolkt","forecast_sun","11","29-09-2024 22:00","1727640000","112","ZO"
586,-1,2024-09-29T02:06:27,,forecast_sun,,,,"0","0","40","api_solar","74","Bewolkt","forecast_sun","11","29-09-2024 23:00","1727643600","118","ZO"
587,-1,2024-09-29T02:06:28,,forecast_sun,,,,"0","0","41","api_solar","76","Helder","forecast_sun","11","30-09-2024 00:00","1727647200","118","ZO"
588,-1,2024-09-29T02:06:29,,forecast_sun,,,,"0","0","42","api_solar","79","Helder","forecast_sun","10","30-09-2024 01:00","1727650800","110","ZO"
589,-1,2024-09-29T02:06:30,,forecast_sun,,,,"0","0","43","api_solar","81","Halfbewolkt","forecast_sun","9","30-09-2024 02:00","1727654400","114","ZO"
590,-1,2024-09-29T02:06:31,,forecast_sun,,,,"0","0","44","api_solar","81","Halfbewolkt","forecast_sun","9","30-09-2024 03:00","1727658000","109","ZO"
591,-1,2024-09-29T02:06:32,,forecast_sun,,,,"0","0","45","api_solar","81","Bewolkt","forecast_sun","9","30-09-2024 04:00","1727661600","117","ZO"
592,-1,2024-09-29T02:06:33,,forecast_sun,,,,"0","0","46","api_solar","80","Regen","forecast_sun","9","30-09-2024 05:00","1727665200","129","ZO"
593,-1,2024-09-29T02:06:34,,forecast_sun,,,,"0","0","47","api_solar","81","Bewolkt","forecast_sun","9","30-09-2024 06:00","1727668800","127","ZO"
594,-1,2024-09-29T02:06:35,,forecast_sun,,,,"1","3","48","api_solar","83","Bewolkt","forecast_sun","9","30-09-2024 07:00","1727672400","133","ZO"
595,-1,2024-09-29T02:06:36,,forecast_sun,,,,"1","3","49","api_solar","85","Regen","forecast_sun","9","30-09-2024 08:00","1727676000","139","ZO"
596,-1,2024-09-29T02:06:37,,forecast_sun,,,,"26","72","50","api_solar","86","Bewolkt","forecast_sun","10","30-09-2024 09:00","1727679600","142","ZO"
597,-1,2024-09-29T02:06:38,,forecast_sun,,,,"53","147","51","api_solar","87","Bewolkt","forecast_sun","11","30-09-2024 10:00","1727683200","155","ZO"
598,-1,2024-09-29T02:06:39,,forecast_sun,,,,"16","44","52","api_solar","90","Regen","forecast_sun","11","30-09-2024 11:00","1727686800","158","ZO"
599,-1,2024-09-29T02:06:40,,forecast_sun,,,,"3","8","53","api_solar","92","Regen","forecast_sun","11","30-09-2024 12:00","1727690400","165","ZO"
600,-1,2024-09-29T02:06:41,,forecast_sun,,,,"5","14","54","api_solar","93","Regen","forecast_sun","12","30-09-2024 13:00","1727694000","171","Z"
601,-1,2024-09-30T02:06:01,,forecast_sun,,,,"0","0","19","api_solar","80","Halfbewolkt","forecast_sun","9","30-09-2024 03:00","1727658000","113","ZO"
602,-1,2024-09-30T02:06:02,,forecast_sun,,,,"0","0","20","api_solar","79","Bewolkt","forecast_sun","9","30-09-2024 04:00","1727661600","117","ZO"
603,-1,2024-09-30T02:06:03,,forecast_sun,,,,"0","0","21","api_solar","81","Regen","forecast_sun","9","30-09-2024 05:00","1727665200","110","ZO"
604,-1,2024-09-30T02:06:04,,forecast_sun,,,,"0","0","22","api_solar","81","Bewolkt","forecast_sun","9","30-09-2024 06:00","1727668800","128","ZO"
605,-1,2024-09-30T02:06:05,,forecast_sun,,,,"0","0","23","api_solar","81","Bewolkt","forecast_sun","9","30-09-2024 07:00","1727672400","131","ZO"
606,-1,2024-09-30T02:06:06,,forecast_sun,,,,"2","6","24","api_solar","83","Regen","forecast_sun","9","30-09-2024 08:00","1727676000","147","ZO"
607,-1,2024-09-30T02:06:07,,forecast_sun,,,,"16","44","25","api_solar","84","Bewolkt","forecast_sun","10","30-09-2024 09:00","1727679600","145","ZO"
608,-1,2024-09-30T02:06:08,,forecast_sun,,,,"56","155","26","api_solar","85","Bewolkt","forecast_sun","11","30-09-2024 10:00","1727683200","148","ZO"
609,-1,2024-09-30T02:06:09,,forecast_sun,,,,"79","219","27","api_solar","86","Bewolkt","forecast_sun","12","30-09-2024 11:00","1727686800","157","ZO"
610,-1,2024-09-30T02:06:10,,forecast_sun,,,,"4","11","28","api_solar","90","Regen","forecast_sun","12","30-09-2024 12:00","1727690400","156","ZO"
611,-1,2024-09-30T02:06:11,,forecast_sun,,,,"3","8","29","api_solar","93","Regen","forecast_sun","12","30-09-2024 13:00","1727694000","157","ZO"
612,-1,2024-09-30T02:06:12,,forecast_sun,,,,"5","14","30","api_solar","95","Regen","forecast_sun","12","30-09-2024 14:00","1727697600","159","ZO"
613,-1,2024-09-30T02:06:13,,forecast_sun,,,,"3","8","31","api_solar","96","Regen","forecast_sun","12","30-09-2024 15:00","1727701200","170","Z"
614,-1,2024-09-30T02:06:14,,forecast_sun,,,,"2","6","32","api_solar","96","Regen","forecast_sun","13","30-09-2024 16:00","1727704800","176","Z"
615,-1,2024-09-30T02:06:15,,forecast_sun,,,,"1","3","33","api_solar","96","Regen","forecast_sun","13","30-09-2024 17:00","1727708400","191","Z"
616,-1,2024-09-30T02:06:16,,forecast_sun,,,,"1","3","34","api_solar","93","Regen","forecast_sun","14","30-09-2024 18:00","1727712000","213","ZW"
617,-1,2024-09-30T02:06:17,,forecast_sun,,,,"0","0","35","api_solar","93","Regen","forecast_sun","14","30-09-2024 19:00","1727715600","207","Z"
618,-1,2024-09-30T02:06:18,,forecast_sun,,,,"0","0","36","api_solar","92","Bewolkt","forecast_sun","14","30-09-2024 20:00","1727719200","210","Z"
619,-1,2024-09-30T02:06:19,,forecast_sun,,,,"0","0","37","api_solar","92","Bewolkt","forecast_sun","14","30-09-2024 21:00","1727722800","202","Z"
620,-1,2024-09-30T02:06:20,,forecast_sun,,,,"0","0","38","api_solar","92","Regen","forecast_sun","14","30-09-2024 22:00","1727726400","219","ZW"
621,-1,2024-09-30T02:06:21,,forecast_sun,,,,"0","0","39","api_solar","92","Bewolkt","forecast_sun","14","30-09-2024 23:00","1727730000","213","ZW"
622,-1,2024-09-30T02:06:22,,forecast_sun,,,,"0","0","40","api_solar","93","Regen","forecast_sun","14","01-10-2024 00:00","1727733600","212","Z"
623,-1,2024-09-30T02:06:23,,forecast_sun,,,,"0","0","41","api_solar","93","Regen","forecast_sun","13","01-10-2024 01:00","1727737200","219","ZW"
624,-1,2024-09-30T02:06:24,,forecast_sun,,,,"0","0","42","api_solar","93","Regen","forecast_sun","13","01-10-2024 02:00","1727740800","213","ZW"
625,-1,2024-09-30T02:06:25,,forecast_sun,,,,"0","0","43","api_solar","91","Bewolkt","forecast_sun","13","01-10-2024 03:00","1727744400","215","ZW"
626,-1,2024-09-30T02:06:26,,forecast_sun,,,,"0","0","44","api_solar","90","Regen","forecast_sun","13","01-10-2024 04:00","1727748000","223","ZW"
627,-1,2024-09-30T02:06:27,,forecast_sun,,,,"0","0","45","api_solar","91","Regen","forecast_sun","12","01-10-2024 05:00","1727751600","221","ZW"
628,-1,2024-09-30T02:06:28,,forecast_sun,,,,"0","0","46","api_solar","92","Regen","forecast_sun","12","01-10-2024 06:00","1727755200","228","ZW"
629,-1,2024-09-30T02:06:29,,forecast_sun,,,,"0","0","47","api_solar","91","Regen","forecast_sun","12","01-10-2024 07:00","1727758800","231","ZW"
630,-1,2024-09-30T02:06:30,,forecast_sun,,,,"0","0","48","api_solar","92","Regen","forecast_sun","12","01-10-2024 08:00","1727762400","230","ZW"
631,-1,2024-09-30T02:06:31,,forecast_sun,,,,"3","8","49","api_solar","92","Regen","forecast_sun","12","01-10-2024 09:00","1727766000","234","ZW"
632,-1,2024-09-30T02:06:32,,forecast_sun,,,,"5","14","50","api_solar","91","Regen","forecast_sun","12","01-10-2024 10:00","1727769600","232","ZW"
633,-1,2024-09-30T02:06:33,,forecast_sun,,,,"7","19","51","api_solar","91","Regen","forecast_sun","12","01-10-2024 11:00","1727773200","232","ZW"
634,-1,2024-09-30T02:06:34,,forecast_sun,,,,"4","11","52","api_solar","92","Regen","forecast_sun","12","01-10-2024 12:00","1727776800","232","ZW"
635,-1,2024-09-30T02:06:35,,forecast_sun,,,,"5","14","53","api_solar","92","Regen","forecast_sun","12","01-10-2024 13:00","1727780400","228","ZW"
636,-1,2024-09-30T02:06:36,,forecast_sun,,,,"4","11","54","api_solar","92","Regen","forecast_sun","12","01-10-2024 14:00","1727784000","229","ZW"
637,-1,2024-10-01T02:06:01,,forecast_sun,,,,"0","0","13","api_solar","88","Bewolkt","forecast_sun","13","01-10-2024 03:00","1727744400","225","ZW"
638,-1,2024-10-01T02:06:02,,forecast_sun,,,,"0","0","14","api_solar","88","Regen","forecast_sun","13","01-10-2024 04:00","1727748000","228","ZW"
639,-1,2024-10-01T02:06:03,,forecast_sun,,,,"0","0","15","api_solar","90","Regen","forecast_sun","12","01-10-2024 05:00","1727751600","227","ZW"
640,-1,2024-10-01T02:06:04,,forecast_sun,,,,"0","0","16","api_solar","92","Regen","forecast_sun","12","01-10-2024 06:00","1727755200","232","ZW"
641,-1,2024-10-01T02:06:05,,forecast_sun,,,,"0","0","17","api_solar","91","Regen","forecast_sun","12","01-10-2024 07:00","1727758800","230","ZW"
642,-1,2024-10-01T02:06:06,,forecast_sun,,,,"0","0","18","api_solar","92","Regen","forecast_sun","12","01-10-2024 08:00","1727762400","233","ZW"
643,-1,2024-10-01T02:06:07,,forecast_sun,,,,"5","14","19","api_solar","91","Bewolkt","forecast_sun","12","01-10-2024 09:00","1727766000","233","ZW"
644,-1,2024-10-01T02:06:08,,forecast_sun,,,,"6","17","20","api_solar","90","Regen","forecast_sun","12","01-10-2024 10:00","1727769600","234","ZW"
645,-1,2024-10-01T02:06:09,,forecast_sun,,,,"14","39","21","api_solar","89","Bewolkt","forecast_sun","12","01-10-2024 11:00","1727773200","234","ZW"
646,-1,2024-10-01T02:06:10,,forecast_sun,,,,"52","144","22","api_solar","86","Bewolkt","forecast_sun","13","01-10-2024 12:00","1727776800","233","ZW"
647,-1,2024-10-01T02:06:11,,forecast_sun,,,,"108","299","23","api_solar","83","Bewolkt","forecast_sun","14","01-10-2024 13:00","1727780400","231","ZW"
648,-1,2024-10-01T02:06:12,,forecast_sun,,,,"101","280","24","api_solar","81","Bewolkt","forecast_sun","14","01-10-2024 14:00","1727784000","231","ZW"
649,-1,2024-10-01T02:06:13,,forecast_sun,,,,"37","102","25","api_solar","81","Bewolkt","forecast_sun","14","01-10-2024 15:00","1727787600","224","ZW"
650,-1,2024-10-01T02:06:14,,forecast_sun,,,,"22","61","26","api_solar","81","Bewolkt","forecast_sun","14","01-10-2024 16:00","1727791200","218","ZW"
651,-1,2024-10-01T02:06:15,,forecast_sun,,,,"32","89","27","api_solar","80","Bewolkt","forecast_sun","14","01-10-2024 17:00","1727794800","215","ZW"
652,-1,2024-10-01T02:06:16,,forecast_sun,,,,"4","11","28","api_solar","80","Zonnig","forecast_sun","14","01-10-2024 18:00","1727798400","203","Z"
653,-1,2024-10-01T02:06:17,,forecast_sun,,,,"0","0","29","api_solar","83","Bewolkt","forecast_sun","13","01-10-2024 19:00","1727802000","183","Z"
654,-1,2024-10-01T02:06:18,,forecast_sun,,,,"0","0","30","api_solar","85","Bewolkt","forecast_sun","13","01-10-2024 20:00","1727805600","176","Z"
655,-1,2024-10-01T02:06:19,,forecast_sun,,,,"0","0","31","api_solar","88","Bewolkt","forecast_sun","12","01-10-2024 21:00","1727809200","168","Z"
656,-1,2024-10-01T02:06:20,,forecast_sun,,,,"0","0","32","api_solar","91","Bewolkt","forecast_sun","11","01-10-2024 22:00","1727812800","147","ZO"
657,-1,2024-10-01T02:06:21,,forecast_sun,,,,"0","0","33","api_solar","93","Bewolkt","forecast_sun","11","01-10-2024 23:00","1727816400","156","ZO"
658,-1,2024-10-01T02:06:22,,forecast_sun,,,,"0","0","34","api_solar","95","Halfbewolkt","forecast_sun","10","02-10-2024 00:00","1727820000","142","ZO"
659,-1,2024-10-01T02:06:23,,forecast_sun,,,,"0","0","35","api_solar","96","Bewolkt","forecast_sun","10","02-10-2024 01:00","1727823600","173","Z"
660,-1,2024-10-01T02:06:24,,forecast_sun,,,,"0","0","36","api_solar","96","Bewolkt","forecast_sun","10","02-10-2024 02:00","1727827200","164","ZO"
661,-1,2024-10-01T02:06:25,,forecast_sun,,,,"0","0","37","api_solar","96","Helder","forecast_sun","9","02-10-2024 03:00","1727830800","138","ZO"
662,-1,2024-10-01T02:06:26,,forecast_sun,,,,"0","0","38","api_solar","96","Bewolkt","forecast_sun","9","02-10-2024 04:00","1727834400","15","NO"
663,-1,2024-10-01T02:06:27,,forecast_sun,,,,"0","0","39","api_solar","97","Helder","forecast_sun","8","02-10-2024 05:00","1727838000","116","ZO"
664,-1,2024-10-01T02:06:28,,forecast_sun,,,,"0","0","40","api_solar","97","Halfbewolkt","forecast_sun","8","02-10-2024 06:00","1727841600","29","NO"
665,-1,2024-10-01T02:06:29,,forecast_sun,,,,"1","3","41","api_solar","96","Bewolkt","forecast_sun","8","02-10-2024 07:00","1727845200","56","NO"
666,-1,2024-10-01T02:06:30,,forecast_sun,,,,"14","39","42","api_solar","95","Bewolkt","forecast_sun","8","02-10-2024 08:00","1727848800","305","NW"
667,-1,2024-10-01T02:06:31,,forecast_sun,,,,"37","102","43","api_solar","94","Bewolkt","forecast_sun","9","02-10-2024 09:00","1727852400","314","NW"
668,-1,2024-10-01T02:06:32,,forecast_sun,,,,"55","152","44","api_solar","92","Halfbewolkt","forecast_sun","11","02-10-2024 10:00","1727856000","9","N"
669,-1,2024-10-01T02:06:33,,forecast_sun,,,,"74","205","45","api_solar","90","Bewolkt","forecast_sun","12","02-10-2024 11:00","1727859600","340","NW"
670,-1,2024-10-01T02:06:34,,forecast_sun,,,,"19","53","46","api_solar","90","Regen","forecast_sun","12","02-10-2024 12:00","1727863200","351","N"
671,-1,2024-10-01T02:06:35,,forecast_sun,,,,"43","119","47","api_solar","90","Regen","forecast_sun","13","02-10-2024 13:00","1727866800","352","N"
672,-1,2024-10-01T02:06:36,,forecast_sun,,,,"38","105","48","api_solar","89","Bewolkt","forecast_sun","13","02-10-2024 14:00","1727870400","327","NW"
673,-1,2024-10-01T02:06:37,,forecast_sun,,,,"61","169","49","api_solar","88","Bewolkt","forecast_sun","13","02-10-2024 15:00","1727874000","315","NW"
674,-1,2024-10-01T02:06:38,,forecast_sun,,,,"68","188","50","api_solar","87","Regen","forecast_sun","13","02-10-2024 16:00","1727877600","335","NW"
675,-1,2024-10-01T02:06:39,,forecast_sun,,,,"26","72","51","api_solar","90","Bewolkt","forecast_sun","13","02-10-2024 17:00","1727881200","1","N"
676,-1,2024-10-01T02:06:40,,forecast_sun,,,,"10","28","52","api_solar","92","Regen","forecast_sun","13","02-10-2024 18:00","1727884800","16","NO"
677,-1,2024-10-01T02:06:41,,forecast_sun,,,,"0","0","53","api_solar","93","Bewolkt","forecast_sun","12","02-10-2024 19:00","1727888400","29","NO"
678,-1,2024-10-01T02:06:42,,forecast_sun,,,,"0","0","54","api_solar","92","Bewolkt","forecast_sun","11","02-10-2024 20:00","1727892000","40","NO"
679,-1,2024-10-02T02:05:41,,forecast_sun,,,,"0","0","13","api_solar","98","Helder","forecast_sun","8","02-10-2024 03:00","1727830800","149","ZO"
680,-1,2024-10-02T02:05:42,,forecast_sun,,,,"0","0","14","api_solar","98","Helder","forecast_sun","8","02-10-2024 04:00","1727834400","147","ZO"
681,-1,2024-10-02T02:05:43,,forecast_sun,,,,"0","0","15","api_solar","99","Lichtbewolkt","forecast_sun","7","02-10-2024 05:00","1727838000","27","NO"
682,-1,2024-10-02T02:05:44,,forecast_sun,,,,"0","0","16","api_solar","99","Helder","forecast_sun","7","02-10-2024 06:00","1727841600","325","NW"
683,-1,2024-10-02T02:05:45,,forecast_sun,,,,"0","0","17","api_solar","98","Lichtbewolkt","forecast_sun","7","02-10-2024 07:00","1727845200","1","N"
684,-1,2024-10-02T02:05:46,,forecast_sun,,,,"15","42","18","api_solar","98","Bewolkt","forecast_sun","8","02-10-2024 08:00","1727848800","355","N"
685,-1,2024-10-02T02:05:47,,forecast_sun,,,,"19","53","19","api_solar","98","Bewolkt","forecast_sun","9","02-10-2024 09:00","1727852400","355","N"
686,-1,2024-10-02T02:05:48,,forecast_sun,,,,"17","47","20","api_solar","98","Bewolkt","forecast_sun","10","02-10-2024 10:00","1727856000","10","N"
687,-1,2024-10-02T02:05:49,,forecast_sun,,,,"11","30","21","api_solar","99","Bewolkt","forecast_sun","11","02-10-2024 11:00","1727859600","18","NO"
688,-1,2024-10-02T02:05:50,,forecast_sun,,,,"15","42","22","api_solar","99","Regen","forecast_sun","11","02-10-2024 12:00","1727863200","28","NO"
689,-1,2024-10-02T02:05:51,,forecast_sun,,,,"29","80","23","api_solar","96","Bewolkt","forecast_sun","11","02-10-2024 13:00","1727866800","34","NO"
690,-1,2024-10-02T02:05:52,,forecast_sun,,,,"41","114","24","api_solar","93","Regen","forecast_sun","11","02-10-2024 14:00","1727870400","26","NO"
691,-1,2024-10-02T02:05:53,,forecast_sun,,,,"31","86","25","api_solar","92","Bewolkt","forecast_sun","11","02-10-2024 15:00","1727874000","34","NO"
692,-1,2024-10-02T02:05:54,,forecast_sun,,,,"34","94","26","api_solar","91","Bewolkt","forecast_sun","11","02-10-2024 16:00","1727877600","35","NO"
693,-1,2024-10-02T02:05:55,,forecast_sun,,,,"17","47","27","api_solar","91","Bewolkt","forecast_sun","11","02-10-2024 17:00","1727881200","42","NO"
694,-1,2024-10-02T02:05:56,,forecast_sun,,,,"3","8","28","api_solar","92","Regen","forecast_sun","11","02-10-2024 18:00","1727884800","46","NO"
695,-1,2024-10-02T02:05:57,,forecast_sun,,,,"0","0","29","api_solar","92","Bewolkt","forecast_sun","11","02-10-2024 19:00","1727888400","44","NO"
696,-1,2024-10-02T02:05:58,,forecast_sun,,,,"0","0","30","api_solar","90","Bewolkt","forecast_sun","11","02-10-2024 20:00","1727892000","48","NO"
697,-1,2024-10-02T02:05:59,,forecast_sun,,,,"0","0","31","api_solar","88","Bewolkt","forecast_sun","10","02-10-2024 21:00","1727895600","51","NO"
698,-1,2024-10-02T02:06:00,,forecast_sun,,,,"0","0","32","api_solar","88","Bewolkt","forecast_sun","10","02-10-2024 22:00","1727899200","42","NO"
699,-1,2024-10-02T02:06:01,,forecast_sun,,,,"0","0","33","api_solar","88","Bewolkt","forecast_sun","10","02-10-2024 23:00","1727902800","33","NO"
700,-1,2024-10-02T02:06:02,,forecast_sun,,,,"0","0","34","api_solar","88","Lichtbewolkt","forecast_sun","10","03-10-2024 00:00","1727906400","32","NO"
701,-1,2024-10-02T02:06:03,,forecast_sun,,,,"0","0","35","api_solar","88","Helder","forecast_sun","9","03-10-2024 01:00","1727910000","36","NO"
702,-1,2024-10-02T02:06:04,,forecast_sun,,,,"0","0","36","api_solar","88","Helder","forecast_sun","8","03-10-2024 02:00","1727913600","30","NO"
703,-1,2024-10-02T02:06:05,,forecast_sun,,,,"0","0","37","api_solar","89","Helder","forecast_sun","7","03-10-2024 03:00","1727917200","22","NO"
704,-1,2024-10-02T02:06:06,,forecast_sun,,,,"0","0","38","api_solar","89","Helder","forecast_sun","7","03-10-2024 04:00","1727920800","29","NO"
705,-1,2024-10-02T02:06:07,,forecast_sun,,,,"0","0","39","api_solar","90","Helder","forecast_sun","6","03-10-2024 05:00","1727924400","17","NO"
706,-1,2024-10-02T02:06:08,,forecast_sun,,,,"0","0","40","api_solar","91","Helder","forecast_sun","6","03-10-2024 06:00","1727928000","30","NO"
707,-1,2024-10-02T02:06:09,,forecast_sun,,,,"0","0","41","api_solar","91","Helder","forecast_sun","6","03-10-2024 07:00","1727931600","11","N"
708,-1,2024-10-02T02:06:10,,forecast_sun,,,,"27","75","42","api_solar","91","Zonnig","forecast_sun","6","03-10-2024 08:00","1727935200","3","N"
709,-1,2024-10-02T02:06:11,,forecast_sun,,,,"69","191","43","api_solar","89","Bewolkt","forecast_sun","7","03-10-2024 09:00","1727938800","15","NO"
710,-1,2024-10-02T02:06:12,,forecast_sun,,,,"44","122","44","api_solar","86","Bewolkt","forecast_sun","8","03-10-2024 10:00","1727942400","27","NO"
711,-1,2024-10-02T02:06:13,,forecast_sun,,,,"146","404","45","api_solar","81","Zonnig","forecast_sun","10","03-10-2024 11:00","1727946000","41","NO"
712,-1,2024-10-02T02:06:14,,forecast_sun,,,,"192","532","46","api_solar","76","Zonnig","forecast_sun","12","03-10-2024 12:00","1727949600","42","NO"
713,-1,2024-10-02T02:06:15,,forecast_sun,,,,"191","529","47","api_solar","71","Halfbewolkt","forecast_sun","13","03-10-2024 13:00","1727953200","32","NO"
714,-1,2024-10-02T02:06:16,,forecast_sun,,,,"168","465","48","api_solar","68","Halfbewolkt","forecast_sun","14","03-10-2024 14:00","1727956800","31","NO"
715,-1,2024-10-02T02:06:17,,forecast_sun,,,,"138","382","49","api_solar","66","Lichtbewolkt","forecast_sun","14","03-10-2024 15:00","1727960400","34","NO"
716,-1,2024-10-02T02:06:18,,forecast_sun,,,,"119","330","50","api_solar","64","Zonnig","forecast_sun","14","03-10-2024 16:00","1727964000","28","NO"
717,-1,2024-10-02T02:06:19,,forecast_sun,,,,"66","183","51","api_solar","65","Bewolkt","forecast_sun","14","03-10-2024 17:00","1727967600","31","NO"
718,-1,2024-10-02T02:06:20,,forecast_sun,,,,"10","28","52","api_solar","69","Lichtbewolkt","forecast_sun","13","03-10-2024 18:00","1727971200","25","NO"
719,-1,2024-10-02T02:06:21,,forecast_sun,,,,"1","3","53","api_solar","74","Halfbewolkt","forecast_sun","12","03-10-2024 19:00","1727974800","360","N"
720,-1,2024-10-02T02:06:22,,forecast_sun,,,,"0","0","54","api_solar","78","Bewolkt","forecast_sun","12","03-10-2024 20:00","1727978400","13","NO"
721,-1,2024-10-03T02:05:51,,forecast_sun,,,,"0","0","19","api_solar","88","Helder","forecast_sun","9","03-10-2024 03:00","1727917200","35","NO"
722,-1,2024-10-03T02:05:52,,forecast_sun,,,,"0","0","20","api_solar","90","Helder","forecast_sun","8","03-10-2024 04:00","1727920800","30","NO"
723,-1,2024-10-03T02:05:53,,forecast_sun,,,,"0","0","21","api_solar","91","Helder","forecast_sun","7","03-10-2024 05:00","1727924400","25","NO"
724,-1,2024-10-03T02:05:54,,forecast_sun,,,,"0","0","22","api_solar","91","Halfbewolkt","forecast_sun","7","03-10-2024 06:00","1727928000","26","NO"
725,-1,2024-10-03T02:05:55,,forecast_sun,,,,"0","0","23","api_solar","90","Helder","forecast_sun","6","03-10-2024 07:00","1727931600","21","NO"
726,-1,2024-10-03T02:05:56,,forecast_sun,,,,"26","72","24","api_solar","89","Zonnig","forecast_sun","6","03-10-2024 08:00","1727935200","25","NO"
727,-1,2024-10-03T02:05:57,,forecast_sun,,,,"77","213","25","api_solar","86","Zonnig","forecast_sun","8","03-10-2024 09:00","1727938800","37","NO"
728,-1,2024-10-03T02:05:58,,forecast_sun,,,,"129","357","26","api_solar","80","Zonnig","forecast_sun","10","03-10-2024 10:00","1727942400","44","NO"
729,-1,2024-10-03T02:05:59,,forecast_sun,,,,"169","468","27","api_solar","74","Zonnig","forecast_sun","12","03-10-2024 11:00","1727946000","46","NO"
730,-1,2024-10-03T02:06:00,,forecast_sun,,,,"193","535","28","api_solar","67","Zonnig","forecast_sun","13","03-10-2024 12:00","1727949600","42","NO"
731,-1,2024-10-03T02:06:01,,forecast_sun,,,,"175","485","29","api_solar","64","Bewolkt","forecast_sun","13","03-10-2024 13:00","1727953200","26","NO"
732,-1,2024-10-03T02:06:02,,forecast_sun,,,,"173","479","30","api_solar","63","Bewolkt","forecast_sun","13","03-10-2024 14:00","1727956800","23","NO"
733,-1,2024-10-03T02:06:03,,forecast_sun,,,,"59","163","31","api_solar","65","Bewolkt","forecast_sun","13","03-10-2024 15:00","1727960400","28","NO"
734,-1,2024-10-03T02:06:04,,forecast_sun,,,,"63","175","32","api_solar","66","Bewolkt","forecast_sun","13","03-10-2024 16:00","1727964000","38","NO"
735,-1,2024-10-03T02:06:05,,forecast_sun,,,,"38","105","33","api_solar","69","Bewolkt","forecast_sun","13","03-10-2024 17:00","1727967600","26","NO"
736,-1,2024-10-03T02:06:06,,forecast_sun,,,,"11","30","34","api_solar","72","Bewolkt","forecast_sun","13","03-10-2024 18:00","1727971200","6","N"
737,-1,2024-10-03T02:06:07,,forecast_sun,,,,"0","0","35","api_solar","75","Bewolkt","forecast_sun","12","03-10-2024 19:00","1727974800","4","N"
738,-1,2024-10-03T02:06:08,,forecast_sun,,,,"0","0","36","api_solar","77","Bewolkt","forecast_sun","12","03-10-2024 20:00","1727978400","355","N"
739,-1,2024-10-03T02:06:09,,forecast_sun,,,,"0","0","37","api_solar","79","Bewolkt","forecast_sun","12","03-10-2024 21:00","1727982000","355","N"
740,-1,2024-10-03T02:06:10,,forecast_sun,,,,"0","0","38","api_solar","81","Bewolkt","forecast_sun","11","03-10-2024 22:00","1727985600","8","N"
741,-1,2024-10-03T02:06:11,,forecast_sun,,,,"0","0","39","api_solar","82","Halfbewolkt","forecast_sun","11","03-10-2024 23:00","1727989200","18","NO"
742,-1,2024-10-03T02:06:12,,forecast_sun,,,,"0","0","40","api_solar","85","Helder","forecast_sun","10","04-10-2024 00:00","1727992800","24","NO"
743,-1,2024-10-03T02:06:13,,forecast_sun,,,,"0","0","41","api_solar","88","Helder","forecast_sun","9","04-10-2024 01:00","1727996400","18","NO"
744,-1,2024-10-03T02:06:14,,forecast_sun,,,,"0","0","42","api_solar","91","Helder","forecast_sun","8","04-10-2024 02:00","1728000000","4","N"
745,-1,2024-10-03T02:06:15,,forecast_sun,,,,"0","0","43","api_solar","93","Helder","forecast_sun","7","04-10-2024 03:00","1728003600","357","N"
746,-1,2024-10-03T02:06:16,,forecast_sun,,,,"0","0","44","api_solar","94","Helder","forecast_sun","7","04-10-2024 04:00","1728007200","2","N"
747,-1,2024-10-03T02:06:17,,forecast_sun,,,,"0","0","45","api_solar","95","Helder","forecast_sun","6","04-10-2024 05:00","1728010800","36","NO"
748,-1,2024-10-03T02:06:18,,forecast_sun,,,,"0","0","46","api_solar","95","Helder","forecast_sun","6","04-10-2024 06:00","1728014400","29","NO"
749,-1,2024-10-03T02:06:19,,forecast_sun,,,,"0","0","47","api_solar","95","Helder","forecast_sun","5","04-10-2024 07:00","1728018000","340","NW"
750,-1,2024-10-03T02:06:20,,forecast_sun,,,,"25","69","48","api_solar","94","Zonnig","forecast_sun","5","04-10-2024 08:00","1728021600","358","N"
751,-1,2024-10-03T02:06:21,,forecast_sun,,,,"75","208","49","api_solar","90","Zonnig","forecast_sun","7","04-10-2024 09:00","1728025200","28","NO"
752,-1,2024-10-03T02:06:22,,forecast_sun,,,,"117","324","50","api_solar","85","Zonnig","forecast_sun","9","04-10-2024 10:00","1728028800","48","NO"
753,-1,2024-10-03T02:06:23,,forecast_sun,,,,"165","457","51","api_solar","79","Zonnig","forecast_sun","11","04-10-2024 11:00","1728032400","35","NO"
754,-1,2024-10-03T02:06:24,,forecast_sun,,,,"192","532","52","api_solar","72","Zonnig","forecast_sun","13","04-10-2024 12:00","1728036000","42","NO"
755,-1,2024-10-03T02:06:25,,forecast_sun,,,,"198","548","53","api_solar","66","Halfbewolkt","forecast_sun","14","04-10-2024 13:00","1728039600","44","NO"
756,-1,2024-10-03T02:06:26,,forecast_sun,,,,"181","501","54","api_solar","63","Halfbewolkt","forecast_sun","15","04-10-2024 14:00","1728043200","43","NO"
757,-1,2024-10-04T02:05:44,,forecast_sun,,,,"0","0","20","api_solar","94","Helder","forecast_sun","6","04-10-2024 03:00","1728003600","358","N"
758,-1,2024-10-04T02:05:45,,forecast_sun,,,,"0","0","21","api_solar","94","Helder","forecast_sun","6","04-10-2024 04:00","1728007200","357","N"
759,-1,2024-10-04T02:05:46,,forecast_sun,,,,"0","0","22","api_solar","94","Lichtbewolkt","forecast_sun","6","04-10-2024 05:00","1728010800","16","NO"
760,-1,2024-10-04T02:05:47,,forecast_sun,,,,"0","0","23","api_solar","94","Bewolkt","forecast_sun","6","04-10-2024 06:00","1728014400","32","NO"
761,-1,2024-10-04T02:05:48,,forecast_sun,,,,"0","0","24","api_solar","92","Bewolkt","forecast_sun","6","04-10-2024 07:00","1728018000","18","NO"
762,-1,2024-10-04T02:05:49,,forecast_sun,,,,"10","28","25","api_solar","90","Bewolkt","forecast_sun","6","04-10-2024 08:00","1728021600","14","NO"
763,-1,2024-10-04T02:05:50,,forecast_sun,,,,"41","114","26","api_solar","86","Bewolkt","forecast_sun","7","04-10-2024 09:00","1728025200","37","NO"
764,-1,2024-10-04T02:05:51,,forecast_sun,,,,"54","150","27","api_solar","82","Bewolkt","forecast_sun","8","04-10-2024 10:00","1728028800","42","NO"
765,-1,2024-10-04T02:05:52,,forecast_sun,,,,"120","332","28","api_solar","77","Zonnig","forecast_sun","10","04-10-2024 11:00","1728032400","53","NO"
766,-1,2024-10-04T02:05:53,,forecast_sun,,,,"190","526","29","api_solar","73","Zonnig","forecast_sun","12","04-10-2024 12:00","1728036000","62","NO"
767,-1,2024-10-04T02:05:54,,forecast_sun,,,,"195","540","30","api_solar","68","Halfbewolkt","forecast_sun","14","04-10-2024 13:00","1728039600","60","NO"
768,-1,2024-10-04T02:05:55,,forecast_sun,,,,"163","452","31","api_solar","64","Lichtbewolkt","forecast_sun","15","04-10-2024 14:00","1728043200","62","NO"
769,-1,2024-10-04T02:05:56,,forecast_sun,,,,"161","446","32","api_solar","62","Zonnig","forecast_sun","15","04-10-2024 15:00","1728046800","63","NO"
770,-1,2024-10-04T02:05:57,,forecast_sun,,,,"123","341","33","api_solar","61","Zonnig","forecast_sun","15","04-10-2024 16:00","1728050400","61","NO"
771,-1,2024-10-04T02:05:58,,forecast_sun,,,,"73","202","34","api_solar","63","Lichtbewolkt","forecast_sun","15","04-10-2024 17:00","1728054000","40","NO"
772,-1,2024-10-04T02:05:59,,forecast_sun,,,,"22","61","35","api_solar","68","Halfbewolkt","forecast_sun","14","04-10-2024 18:00","1728057600","50","NO"
773,-1,2024-10-04T02:06:00,,forecast_sun,,,,"0","0","36","api_solar","73","Lichtbewolkt","forecast_sun","13","04-10-2024 19:00","1728061200","44","NO"
774,-1,2024-10-04T02:06:01,,forecast_sun,,,,"0","0","37","api_solar","78","Helder","forecast_sun","12","04-10-2024 20:00","1728064800","37","NO"
775,-1,2024-10-04T02:06:02,,forecast_sun,,,,"0","0","38","api_solar","82","Helder","forecast_sun","11","04-10-2024 21:00","1728068400","42","NO"
776,-1,2024-10-04T02:06:03,,forecast_sun,,,,"0","0","39","api_solar","84","Helder","forecast_sun","10","04-10-2024 22:00","1728072000","53","NO"
777,-1,2024-10-04T02:06:04,,forecast_sun,,,,"0","0","40","api_solar","86","Helder","forecast_sun","9","04-10-2024 23:00","1728075600","51","NO"
778,-1,2024-10-04T02:06:05,,forecast_sun,,,,"0","0","41","api_solar","87","Helder","forecast_sun","8","05-10-2024 00:00","1728079200","61","NO"
779,-1,2024-10-04T02:06:06,,forecast_sun,,,,"0","0","42","api_solar","88","Helder","forecast_sun","7","05-10-2024 01:00","1728082800","1","N"
780,-1,2024-10-04T02:06:07,,forecast_sun,,,,"0","0","43","api_solar","89","Helder","forecast_sun","6","05-10-2024 02:00","1728086400","15","NO"
781,-1,2024-10-04T02:06:08,,forecast_sun,,,,"0","0","44","api_solar","89","Helder","forecast_sun","6","05-10-2024 03:00","1728090000","32","NO"
782,-1,2024-10-04T02:06:09,,forecast_sun,,,,"0","0","45","api_solar","90","Helder","forecast_sun","6","05-10-2024 04:00","1728093600","77","NO"
783,-1,2024-10-04T02:06:10,,forecast_sun,,,,"0","0","46","api_solar","91","Helder","forecast_sun","5","05-10-2024 05:00","1728097200","61","NO"
784,-1,2024-10-04T02:06:11,,forecast_sun,,,,"0","0","47","api_solar","92","Helder","forecast_sun","5","05-10-2024 06:00","1728100800","93","O"
785,-1,2024-10-04T02:06:12,,forecast_sun,,,,"0","0","48","api_solar","92","Helder","forecast_sun","5","05-10-2024 07:00","1728104400","101","O"
786,-1,2024-10-04T02:06:13,,forecast_sun,,,,"24","66","49","api_solar","92","Zonnig","forecast_sun","5","05-10-2024 08:00","1728108000","103","ZO"
787,-1,2024-10-04T02:06:14,,forecast_sun,,,,"75","208","50","api_solar","89","Zonnig","forecast_sun","7","05-10-2024 09:00","1728111600","120","ZO"
788,-1,2024-10-04T02:06:15,,forecast_sun,,,,"123","341","51","api_solar","84","Halfbewolkt","forecast_sun","9","05-10-2024 10:00","1728115200","140","ZO"
789,-1,2024-10-04T02:06:16,,forecast_sun,,,,"159","440","52","api_solar","77","Halfbewolkt","forecast_sun","11","05-10-2024 11:00","1728118800","136","ZO"
790,-1,2024-10-04T02:06:17,,forecast_sun,,,,"177","490","53","api_solar","71","Halfbewolkt","forecast_sun","13","05-10-2024 12:00","1728122400","141","ZO"
791,-1,2024-10-04T02:06:18,,forecast_sun,,,,"193","535","54","api_solar","64","Halfbewolkt","forecast_sun","14","05-10-2024 13:00","1728126000","140","ZO"
792,-1,2024-10-05T02:05:45,,forecast_sun,,,,"0","0","19","api_solar","95","Helder","forecast_sun","5","05-10-2024 03:00","1728090000","74","NO"
793,-1,2024-10-05T02:05:46,,forecast_sun,,,,"0","0","20","api_solar","93","Helder","forecast_sun","5","05-10-2024 04:00","1728093600","80","O"
794,-1,2024-10-05T02:05:47,,forecast_sun,,,,"0","0","21","api_solar","93","Helder","forecast_sun","5","05-10-2024 05:00","1728097200","82","O"
795,-1,2024-10-05T02:05:48,,forecast_sun,,,,"0","0","22","api_solar","93","Helder","forecast_sun","5","05-10-2024 06:00","1728100800","84","O"
796,-1,2024-10-05T02:05:49,,forecast_sun,,,,"0","0","23","api_solar","93","Helder","forecast_sun","5","05-10-2024 07:00","1728104400","87","O"
797,-1,2024-10-05T02:05:50,,forecast_sun,,,,"24","66","24","api_solar","92","Zonnig","forecast_sun","5","05-10-2024 08:00","1728108000","102","ZO"
798,-1,2024-10-05T02:05:51,,forecast_sun,,,,"74","205","25","api_solar","88","Zonnig","forecast_sun","7","05-10-2024 09:00","1728111600","115","ZO"
799,-1,2024-10-05T02:05:52,,forecast_sun,,,,"125","346","26","api_solar","82","Zonnig","forecast_sun","9","05-10-2024 10:00","1728115200","121","ZO"
800,-1,2024-10-05T02:05:53,,forecast_sun,,,,"165","457","27","api_solar","74","Zonnig","forecast_sun","11","05-10-2024 11:00","1728118800","112","ZO"
801,-1,2024-10-05T02:05:54,,forecast_sun,,,,"190","526","28","api_solar","67","Zonnig","forecast_sun","13","05-10-2024 12:00","1728122400","109","ZO"
802,-1,2024-10-05T02:05:55,,forecast_sun,,,,"195","540","29","api_solar","63","Halfbewolkt","forecast_sun","14","05-10-2024 13:00","1728126000","108","ZO"
803,-1,2024-10-05T02:05:56,,forecast_sun,,,,"184","510","30","api_solar","60","Zonnig","forecast_sun","15","05-10-2024 14:00","1728129600","110","ZO"
804,-1,2024-10-05T02:05:57,,forecast_sun,,,,"164","454","31","api_solar","58","Zonnig","forecast_sun","15","05-10-2024 15:00","1728133200","107","ZO"
805,-1,2024-10-05T02:05:58,,forecast_sun,,,,"122","338","32","api_solar","57","Zonnig","forecast_sun","15","05-10-2024 16:00","1728136800","107","ZO"
806,-1,2024-10-05T02:05:59,,forecast_sun,,,,"72","199","33","api_solar","58","Helder","forecast_sun","15","05-10-2024 17:00","1728140400","98","O"
807,-1,2024-10-05T02:06:00,,forecast_sun,,,,"22","61","34","api_solar","63","Helder","forecast_sun","14","05-10-2024 18:00","1728144000","84","O"
808,-1,2024-10-05T02:06:01,,forecast_sun,,,,"0","0","35","api_solar","70","Helder","forecast_sun","13","05-10-2024 19:00","1728147600","84","O"
809,-1,2024-10-05T02:06:02,,forecast_sun,,,,"0","0","36","api_solar","74","Helder","forecast_sun","12","05-10-2024 20:00","1728151200","89","O"
810,-1,2024-10-05T02:06:03,,forecast_sun,,,,"0","0","37","api_solar","77","Helder","forecast_sun","11","05-10-2024 21:00","1728154800","97","O"
811,-1,2024-10-05T02:06:04,,forecast_sun,,,,"0","0","38","api_solar","80","Helder","forecast_sun","10","05-10-2024 22:00","1728158400","100","O"
812,-1,2024-10-05T02:06:05,,forecast_sun,,,,"0","0","39","api_solar","82","Helder","forecast_sun","9","05-10-2024 23:00","1728162000","114","ZO"
813,-1,2024-10-05T02:06:06,,forecast_sun,,,,"0","0","40","api_solar","84","Helder","forecast_sun","8","06-10-2024 00:00","1728165600","106","ZO"
814,-1,2024-10-05T02:06:07,,forecast_sun,,,,"0","0","41","api_solar","85","Helder","forecast_sun","8","06-10-2024 01:00","1728169200","104","ZO"
815,-1,2024-10-05T02:06:08,,forecast_sun,,,,"0","0","42","api_solar","86","Helder","forecast_sun","7","06-10-2024 02:00","1728172800","102","ZO"
816,-1,2024-10-05T02:06:09,,forecast_sun,,,,"0","0","43","api_solar","87","Halfbewolkt","forecast_sun","7","06-10-2024 03:00","1728176400","103","ZO"
817,-1,2024-10-05T02:06:10,,forecast_sun,,,,"0","0","44","api_solar","88","Halfbewolkt","forecast_sun","7","06-10-2024 04:00","1728180000","105","ZO"
818,-1,2024-10-05T02:06:11,,forecast_sun,,,,"0","0","45","api_solar","88","Halfbewolkt","forecast_sun","6","06-10-2024 05:00","1728183600","107","ZO"
819,-1,2024-10-05T02:06:12,,forecast_sun,,,,"0","0","46","api_solar","88","Halfbewolkt","forecast_sun","6","06-10-2024 06:00","1728187200","99","O"
820,-1,2024-10-05T02:06:13,,forecast_sun,,,,"0","0","47","api_solar","88","Halfbewolkt","forecast_sun","6","06-10-2024 07:00","1728190800","104","ZO"
821,-1,2024-10-05T02:06:14,,forecast_sun,,,,"19","53","48","api_solar","87","Halfbewolkt","forecast_sun","6","06-10-2024 08:00","1728194400","102","ZO"
822,-1,2024-10-05T02:06:15,,forecast_sun,,,,"58","161","49","api_solar","84","Halfbewolkt","forecast_sun","7","06-10-2024 09:00","1728198000","106","ZO"
823,-1,2024-10-05T02:06:16,,forecast_sun,,,,"70","194","50","api_solar","81","Halfbewolkt","forecast_sun","8","06-10-2024 10:00","1728201600","112","ZO"
824,-1,2024-10-05T02:06:17,,forecast_sun,,,,"102","283","51","api_solar","77","Halfbewolkt","forecast_sun","10","06-10-2024 11:00","1728205200","115","ZO"
825,-1,2024-10-05T02:06:18,,forecast_sun,,,,"102","283","52","api_solar","73","Halfbewolkt","forecast_sun","11","06-10-2024 12:00","1728208800","128","ZO"
826,-1,2024-10-05T02:06:19,,forecast_sun,,,,"128","355","53","api_solar","69","Zonnig","forecast_sun","13","06-10-2024 13:00","1728212400","124","ZO"
827,-1,2024-10-05T02:06:20,,forecast_sun,,,,"187","518","54","api_solar","65","Zonnig","forecast_sun","14","06-10-2024 14:00","1728216000","132","ZO"
828,-1,2024-10-06T02:05:44,,forecast_sun,,,,"0","0","19","api_solar","88","Halfbewolkt","forecast_sun","7","06-10-2024 03:00","1728176400","100","O"
829,-1,2024-10-06T02:05:45,,forecast_sun,,,,"0","0","20","api_solar","86","Halfbewolkt","forecast_sun","7","06-10-2024 04:00","1728180000","113","ZO"
830,-1,2024-10-06T02:05:46,,forecast_sun,,,,"0","0","21","api_solar","85","Halfbewolkt","forecast_sun","7","06-10-2024 05:00","1728183600","104","ZO"
831,-1,2024-10-06T02:05:47,,forecast_sun,,,,"0","0","22","api_solar","86","Halfbewolkt","forecast_sun","7","06-10-2024 06:00","1728187200","99","O"
832,-1,2024-10-06T02:05:48,,forecast_sun,,,,"0","0","23","api_solar","87","Halfbewolkt","forecast_sun","7","06-10-2024 07:00","1728190800","103","ZO"
833,-1,2024-10-06T02:05:49,,forecast_sun,,,,"15","42","24","api_solar","87","Halfbewolkt","forecast_sun","7","06-10-2024 08:00","1728194400","102","ZO"
834,-1,2024-10-06T02:05:50,,forecast_sun,,,,"35","97","25","api_solar","85","Halfbewolkt","forecast_sun","8","06-10-2024 09:00","1728198000","106","ZO"
835,-1,2024-10-06T02:05:51,,forecast_sun,,,,"84","233","26","api_solar","82","Halfbewolkt","forecast_sun","9","06-10-2024 10:00","1728201600","112","ZO"
836,-1,2024-10-06T02:05:52,,forecast_sun,,,,"53","147","27","api_solar","80","Halfbewolkt","forecast_sun","10","06-10-2024 11:00","1728205200","116","ZO"
837,-1,2024-10-06T02:05:53,,forecast_sun,,,,"77","213","28","api_solar","77","Halfbewolkt","forecast_sun","11","06-10-2024 12:00","1728208800","127","ZO"
838,-1,2024-10-06T02:05:54,,forecast_sun,,,,"72","199","29","api_solar","75","Bewolkt","forecast_sun","12","06-10-2024 13:00","1728212400","115","ZO"
839,-1,2024-10-06T02:05:55,,forecast_sun,,,,"104","288","30","api_solar","73","Bewolkt","forecast_sun","13","06-10-2024 14:00","1728216000","119","ZO"
840,-1,2024-10-06T02:05:56,,forecast_sun,,,,"72","199","31","api_solar","68","Bewolkt","forecast_sun","14","06-10-2024 15:00","1728219600","142","ZO"
841,-1,2024-10-06T02:05:57,,forecast_sun,,,,"26","72","32","api_solar","68","Bewolkt","forecast_sun","14","06-10-2024 16:00","1728223200","139","ZO"
842,-1,2024-10-06T02:05:58,,forecast_sun,,,,"3","8","33","api_solar","70","Bewolkt","forecast_sun","13","06-10-2024 17:00","1728226800","136","ZO"
843,-1,2024-10-06T02:05:59,,forecast_sun,,,,"3","8","34","api_solar","72","Bewolkt","forecast_sun","13","06-10-2024 18:00","1728230400","141","ZO"
844,-1,2024-10-06T02:06:00,,forecast_sun,,,,"0","0","35","api_solar","74","Bewolkt","forecast_sun","13","06-10-2024 19:00","1728234000","151","ZO"
845,-1,2024-10-06T02:06:01,,forecast_sun,,,,"0","0","36","api_solar","76","Bewolkt","forecast_sun","13","06-10-2024 20:00","1728237600","162","ZO"
846,-1,2024-10-06T02:06:02,,forecast_sun,,,,"0","0","37","api_solar","79","Bewolkt","forecast_sun","13","06-10-2024 21:00","1728241200","172","Z"
847,-1,2024-10-06T02:06:03,,forecast_sun,,,,"0","0","38","api_solar","82","Bewolkt","forecast_sun","13","06-10-2024 22:00","1728244800","174","Z"
848,-1,2024-10-06T02:06:04,,forecast_sun,,,,"0","0","39","api_solar","85","Bewolkt","forecast_sun","13","06-10-2024 23:00","1728248400","189","Z"
849,-1,2024-10-06T02:06:05,,forecast_sun,,,,"0","0","40","api_solar","88","Bewolkt","forecast_sun","13","07-10-2024 00:00","1728252000","187","Z"
850,-1,2024-10-06T02:06:06,,forecast_sun,,,,"0","0","41","api_solar","90","Bewolkt","forecast_sun","12","07-10-2024 01:00","1728255600","184","Z"
851,-1,2024-10-06T02:06:07,,forecast_sun,,,,"0","0","42","api_solar","92","Bewolkt","forecast_sun","12","07-10-2024 02:00","1728259200","173","Z"
852,-1,2024-10-06T02:06:08,,forecast_sun,,,,"0","0","43","api_solar","94","Regen","forecast_sun","12","07-10-2024 03:00","1728262800","177","Z"
853,-1,2024-10-06T02:06:09,,forecast_sun,,,,"0","0","44","api_solar","96","Regen","forecast_sun","12","07-10-2024 04:00","1728266400","181","Z"
854,-1,2024-10-06T02:06:10,,forecast_sun,,,,"0","0","45","api_solar","97","Bewolkt","forecast_sun","12","07-10-2024 05:00","1728270000","170","Z"
855,-1,2024-10-06T02:06:11,,forecast_sun,,,,"0","0","46","api_solar","97","Bewolkt","forecast_sun","12","07-10-2024 06:00","1728273600","179","Z"
856,-1,2024-10-06T02:06:12,,forecast_sun,,,,"0","0","47","api_solar","97","Bewolkt","forecast_sun","12","07-10-2024 07:00","1728277200","182","Z"
857,-1,2024-10-06T02:06:13,,forecast_sun,,,,"6","17","48","api_solar","97","Bewolkt","forecast_sun","12","07-10-2024 08:00","1728280800","187","Z"
858,-1,2024-10-06T02:06:14,,forecast_sun,,,,"31","86","49","api_solar","96","Halfbewolkt","forecast_sun","13","07-10-2024 09:00","1728284400","166","ZO"
859,-1,2024-10-06T02:06:15,,forecast_sun,,,,"65","180","50","api_solar","95","Bewolkt","forecast_sun","13","07-10-2024 10:00","1728288000","167","ZO"
860,-1,2024-10-06T02:06:16,,forecast_sun,,,,"32","89","51","api_solar","95","Bewolkt","forecast_sun","13","07-10-2024 11:00","1728291600","163","ZO"
861,-1,2024-10-06T02:06:17,,forecast_sun,,,,"21","58","52","api_solar","95","Regen","forecast_sun","14","07-10-2024 12:00","1728295200","145","ZO"
862,-1,2024-10-06T02:06:18,,forecast_sun,,,,"41","114","53","api_solar","95","Bewolkt","forecast_sun","14","07-10-2024 13:00","1728298800","172","Z"
863,-1,2024-10-06T02:06:19,,forecast_sun,,,,"27","75","54","api_solar","95","Bewolkt","forecast_sun","15","07-10-2024 14:00","1728302400","168","Z"
864,-1,2024-10-07T02:05:49,,forecast_sun,,,,"0","0","19","api_solar","95","Bewolkt","forecast_sun","13","07-10-2024 03:00","1728262800","196","Z"
865,-1,2024-10-07T02:05:50,,forecast_sun,,,,"0","0","20","api_solar","96","Bewolkt","forecast_sun","13","07-10-2024 04:00","1728266400","206","Z"
866,-1,2024-10-07T02:05:51,,forecast_sun,,,,"0","0","21","api_solar","96","Lichtbewolkt","forecast_sun","13","07-10-2024 05:00","1728270000","210","Z"
867,-1,2024-10-07T02:05:52,,forecast_sun,,,,"0","0","22","api_solar","96","Helder","forecast_sun","13","07-10-2024 06:00","1728273600","204","Z"
868,-1,2024-10-07T02:05:53,,forecast_sun,,,,"0","0","23","api_solar","97","Helder","forecast_sun","12","07-10-2024 07:00","1728277200","201","Z"
869,-1,2024-10-07T02:05:54,,forecast_sun,,,,"21","58","24","api_solar","96","Zonnig","forecast_sun","12","07-10-2024 08:00","1728280800","194","Z"
870,-1,2024-10-07T02:05:55,,forecast_sun,,,,"68","188","25","api_solar","95","Lichtbewolkt","forecast_sun","13","07-10-2024 09:00","1728284400","189","Z"
871,-1,2024-10-07T02:05:56,,forecast_sun,,,,"110","305","26","api_solar","93","Halfbewolkt","forecast_sun","14","07-10-2024 10:00","1728288000","194","Z"
872,-1,2024-10-07T02:05:57,,forecast_sun,,,,"153","424","27","api_solar","88","Halfbewolkt","forecast_sun","15","07-10-2024 11:00","1728291600","194","Z"
873,-1,2024-10-07T02:05:58,,forecast_sun,,,,"170","471","28","api_solar","80","Bewolkt","forecast_sun","16","07-10-2024 12:00","1728295200","203","Z"
874,-1,2024-10-07T02:05:59,,forecast_sun,,,,"150","416","29","api_solar","74","Bewolkt","forecast_sun","17","07-10-2024 13:00","1728298800","187","Z"
875,-1,2024-10-07T02:06:00,,forecast_sun,,,,"140","388","30","api_solar","71","Bewolkt","forecast_sun","17","07-10-2024 14:00","1728302400","187","Z"
876,-1,2024-10-07T02:06:01,,forecast_sun,,,,"111","307","31","api_solar","69","Bewolkt","forecast_sun","18","07-10-2024 15:00","1728306000","183","Z"
877,-1,2024-10-07T02:06:02,,forecast_sun,,,,"80","222","32","api_solar","70","Bewolkt","forecast_sun","18","07-10-2024 16:00","1728309600","169","Z"
878,-1,2024-10-07T02:06:03,,forecast_sun,,,,"47","130","33","api_solar","76","Bewolkt","forecast_sun","17","07-10-2024 17:00","1728313200","152","ZO"
879,-1,2024-10-07T02:06:04,,forecast_sun,,,,"9","25","34","api_solar","80","Bewolkt","forecast_sun","16","07-10-2024 18:00","1728316800","144","ZO"
880,-1,2024-10-07T02:06:05,,forecast_sun,,,,"0","0","35","api_solar","84","Bewolkt","forecast_sun","16","07-10-2024 19:00","1728320400","133","ZO"
881,-1,2024-10-07T02:06:06,,forecast_sun,,,,"0","0","36","api_solar","87","Bewolkt","forecast_sun","15","07-10-2024 20:00","1728324000","116","ZO"
882,-1,2024-10-07T02:06:07,,forecast_sun,,,,"0","0","37","api_solar","89","Bewolkt","forecast_sun","15","07-10-2024 21:00","1728327600","111","ZO"
883,-1,2024-10-07T02:06:08,,forecast_sun,,,,"0","0","38","api_solar","90","Bewolkt","forecast_sun","15","07-10-2024 22:00","1728331200","106","ZO"
884,-1,2024-10-07T02:06:09,,forecast_sun,,,,"0","0","39","api_solar","92","Regen","forecast_sun","15","07-10-2024 23:00","1728334800","113","ZO"
885,-1,2024-10-07T02:06:10,,forecast_sun,,,,"0","0","40","api_solar","94","Regen","forecast_sun","15","08-10-2024 00:00","1728338400","115","ZO"
886,-1,2024-10-07T02:06:11,,forecast_sun,,,,"0","0","41","api_solar","95","Regen","forecast_sun","15","08-10-2024 01:00","1728342000","172","Z"
887,-1,2024-10-07T02:06:12,,forecast_sun,,,,"0","0","42","api_solar","95","Bewolkt","forecast_sun","15","08-10-2024 02:00","1728345600","191","Z"
888,-1,2024-10-07T02:06:13,,forecast_sun,,,,"0","0","43","api_solar","94","Bewolkt","forecast_sun","15","08-10-2024 03:00","1728349200","215","ZW"
889,-1,2024-10-07T02:06:14,,forecast_sun,,,,"0","0","44","api_solar","92","Regen","forecast_sun","15","08-10-2024 04:00","1728352800","217","ZW"
890,-1,2024-10-07T02:06:15,,forecast_sun,,,,"0","0","45","api_solar","92","Bewolkt","forecast_sun","15","08-10-2024 05:00","1728356400","206","Z"
891,-1,2024-10-07T02:06:16,,forecast_sun,,,,"0","0","46","api_solar","93","Bewolkt","forecast_sun","15","08-10-2024 06:00","1728360000","201","Z"
892,-1,2024-10-07T02:06:17,,forecast_sun,,,,"0","0","47","api_solar","94","Bewolkt","forecast_sun","14","08-10-2024 07:00","1728363600","185","Z"
893,-1,2024-10-07T02:06:18,,forecast_sun,,,,"5","14","48","api_solar","94","Bewolkt","forecast_sun","14","08-10-2024 08:00","1728367200","189","Z"
894,-1,2024-10-07T02:06:19,,forecast_sun,,,,"16","44","49","api_solar","93","Bewolkt","forecast_sun","14","08-10-2024 09:00","1728370800","191","Z"
895,-1,2024-10-07T02:06:20,,forecast_sun,,,,"56","155","50","api_solar","90","Bewolkt","forecast_sun","15","08-10-2024 10:00","1728374400","198","Z"
896,-1,2024-10-07T02:06:21,,forecast_sun,,,,"74","205","51","api_solar","87","Bewolkt","forecast_sun","16","08-10-2024 11:00","1728378000","192","Z"
897,-1,2024-10-07T02:06:22,,forecast_sun,,,,"85","235","52","api_solar","85","Bewolkt","forecast_sun","16","08-10-2024 12:00","1728381600","192","Z"
898,-1,2024-10-07T02:06:23,,forecast_sun,,,,"87","241","53","api_solar","83","Bewolkt","forecast_sun","16","08-10-2024 13:00","1728385200","187","Z"
899,-1,2024-10-07T02:06:24,,forecast_sun,,,,"102","283","54","api_solar","81","Bewolkt","forecast_sun","17","08-10-2024 14:00","1728388800","176","Z"
900,-1,2024-10-08T02:05:45,,forecast_sun,,,,"0","0","13","api_solar","95","Bewolkt","forecast_sun","16","08-10-2024 03:00","1728349200","210","Z"
901,-1,2024-10-08T02:05:46,,forecast_sun,,,,"0","0","14","api_solar","94","Bewolkt","forecast_sun","16","08-10-2024 04:00","1728352800","219","ZW"
902,-1,2024-10-08T02:05:47,,forecast_sun,,,,"0","0","15","api_solar","92","Bewolkt","forecast_sun","16","08-10-2024 05:00","1728356400","213","ZW"
903,-1,2024-10-08T02:05:48,,forecast_sun,,,,"0","0","16","api_solar","91","Bewolkt","forecast_sun","15","08-10-2024 06:00","1728360000","216","ZW"
904,-1,2024-10-08T02:05:49,,forecast_sun,,,,"0","0","17","api_solar","91","Bewolkt","forecast_sun","15","08-10-2024 07:00","1728363600","223","ZW"
905,-1,2024-10-08T02:05:50,,forecast_sun,,,,"4","11","18","api_solar","89","Bewolkt","forecast_sun","15","08-10-2024 08:00","1728367200","218","ZW"
906,-1,2024-10-08T02:05:51,,forecast_sun,,,,"44","122","19","api_solar","87","Bewolkt","forecast_sun","15","08-10-2024 09:00","1728370800","204","Z"
907,-1,2024-10-08T02:05:52,,forecast_sun,,,,"90","249","20","api_solar","85","Bewolkt","forecast_sun","15","08-10-2024 10:00","1728374400","201","Z"
908,-1,2024-10-08T02:05:53,,forecast_sun,,,,"134","371","21","api_solar","82","Bewolkt","forecast_sun","16","08-10-2024 11:00","1728378000","190","Z"
909,-1,2024-10-08T02:05:54,,forecast_sun,,,,"146","404","22","api_solar","79","Regen","forecast_sun","17","08-10-2024 12:00","1728381600","187","Z"
910,-1,2024-10-08T02:05:55,,forecast_sun,,,,"126","349","23","api_solar","77","Bewolkt","forecast_sun","18","08-10-2024 13:00","1728385200","189","Z"
911,-1,2024-10-08T02:05:56,,forecast_sun,,,,"70","194","24","api_solar","77","Bewolkt","forecast_sun","18","08-10-2024 14:00","1728388800","199","Z"
912,-1,2024-10-08T02:05:57,,forecast_sun,,,,"38","105","25","api_solar","78","Regen","forecast_sun","18","08-10-2024 15:00","1728392400","227","ZW"
913,-1,2024-10-08T02:05:58,,forecast_sun,,,,"4","11","26","api_solar","84","Regen","forecast_sun","17","08-10-2024 16:00","1728396000","210","Z"
914,-1,2024-10-08T02:05:59,,forecast_sun,,,,"55","152","27","api_solar","86","Bewolkt","forecast_sun","17","08-10-2024 17:00","1728399600","203","Z"
915,-1,2024-10-08T02:06:00,,forecast_sun,,,,"14","39","28","api_solar","86","Bewolkt","forecast_sun","17","08-10-2024 18:00","1728403200","184","Z"
916,-1,2024-10-08T02:06:01,,forecast_sun,,,,"0","0","29","api_solar","88","Bewolkt","forecast_sun","16","08-10-2024 19:00","1728406800","172","Z"
917,-1,2024-10-08T02:06:02,,forecast_sun,,,,"0","0","30","api_solar","90","Bewolkt","forecast_sun","15","08-10-2024 20:00","1728410400","165","ZO"
918,-1,2024-10-08T02:06:03,,forecast_sun,,,,"0","0","31","api_solar","90","Halfbewolkt","forecast_sun","15","08-10-2024 21:00","1728414000","154","ZO"
919,-1,2024-10-08T02:06:04,,forecast_sun,,,,"0","0","32","api_solar","89","Bewolkt","forecast_sun","15","08-10-2024 22:00","1728417600","162","ZO"
920,-1,2024-10-08T02:06:05,,forecast_sun,,,,"0","0","33","api_solar","89","Bewolkt","forecast_sun","15","08-10-2024 23:00","1728421200","167","ZO"
921,-1,2024-10-08T02:06:06,,forecast_sun,,,,"0","0","34","api_solar","89","Bewolkt","forecast_sun","15","09-10-2024 00:00","1728424800","174","Z"
922,-1,2024-10-08T02:06:07,,forecast_sun,,,,"0","0","35","api_solar","91","Regen","forecast_sun","15","09-10-2024 01:00","1728428400","171","Z"
923,-1,2024-10-08T02:06:08,,forecast_sun,,,,"0","0","36","api_solar","92","Regen","forecast_sun","15","09-10-2024 02:00","1728432000","171","Z"
924,-1,2024-10-08T02:06:09,,forecast_sun,,,,"0","0","37","api_solar","93","Bewolkt","forecast_sun","14","09-10-2024 03:00","1728435600","176","Z"
925,-1,2024-10-08T02:06:10,,forecast_sun,,,,"0","0","38","api_solar","93","Lichtbewolkt","forecast_sun","14","09-10-2024 04:00","1728439200","175","Z"
926,-1,2024-10-08T02:06:11,,forecast_sun,,,,"0","0","39","api_solar","93","Bewolkt","forecast_sun","14","09-10-2024 05:00","1728442800","172","Z"
927,-1,2024-10-08T02:06:12,,forecast_sun,,,,"0","0","40","api_solar","94","Helder","forecast_sun","14","09-10-2024 06:00","1728446400","170","Z"
928,-1,2024-10-08T02:06:13,,forecast_sun,,,,"0","0","41","api_solar","94","Lichtbewolkt","forecast_sun","13","09-10-2024 07:00","1728450000","174","Z"
929,-1,2024-10-08T02:06:14,,forecast_sun,,,,"14","39","42","api_solar","93","Halfbewolkt","forecast_sun","13","09-10-2024 08:00","1728453600","174","Z"
930,-1,2024-10-08T02:06:15,,forecast_sun,,,,"54","150","43","api_solar","91","Halfbewolkt","forecast_sun","14","09-10-2024 09:00","1728457200","184","Z"
931,-1,2024-10-08T02:06:16,,forecast_sun,,,,"27","75","44","api_solar","92","Regen","forecast_sun","14","09-10-2024 10:00","1728460800","182","Z"
932,-1,2024-10-08T02:06:17,,forecast_sun,,,,"46","127","45","api_solar","89","Bewolkt","forecast_sun","14","09-10-2024 11:00","1728464400","195","Z"
933,-1,2024-10-08T02:06:18,,forecast_sun,,,,"45","125","46","api_solar","88","Bewolkt","forecast_sun","14","09-10-2024 12:00","1728468000","187","Z"
934,-1,2024-10-08T02:06:19,,forecast_sun,,,,"52","144","47","api_solar","86","Bewolkt","forecast_sun","14","09-10-2024 13:00","1728471600","183","Z"
935,-1,2024-10-08T02:06:20,,forecast_sun,,,,"81","224","48","api_solar","85","Halfbewolkt","forecast_sun","15","09-10-2024 14:00","1728475200","183","Z"
936,-1,2024-10-08T02:06:21,,forecast_sun,,,,"96","266","49","api_solar","83","Bewolkt","forecast_sun","15","09-10-2024 15:00","1728478800","193","Z"
937,-1,2024-10-08T02:06:22,,forecast_sun,,,,"71","197","50","api_solar","83","Bewolkt","forecast_sun","15","09-10-2024 16:00","1728482400","187","Z"
938,-1,2024-10-08T02:06:23,,forecast_sun,,,,"38","105","51","api_solar","83","Bewolkt","forecast_sun","15","09-10-2024 17:00","1728486000","196","Z"
939,-1,2024-10-08T02:06:24,,forecast_sun,,,,"4","11","52","api_solar","85","Bewolkt","forecast_sun","15","09-10-2024 18:00","1728489600","182","Z"
940,-1,2024-10-08T02:06:25,,forecast_sun,,,,"0","0","53","api_solar","88","Bewolkt","forecast_sun","14","09-10-2024 19:00","1728493200","181","Z"
941,-1,2024-10-08T02:06:26,,forecast_sun,,,,"0","0","54","api_solar","89","Bewolkt","forecast_sun","14","09-10-2024 20:00","1728496800","189","Z"
942,-1,2024-10-09T02:05:42,,forecast_sun,,,,"0","0","19","api_solar","88","Bewolkt","forecast_sun","14","09-10-2024 03:00","1728435600","179","Z"
943,-1,2024-10-09T02:05:43,,forecast_sun,,,,"0","0","20","api_solar","90","Bewolkt","forecast_sun","14","09-10-2024 04:00","1728439200","173","Z"
944,-1,2024-10-09T02:05:44,,forecast_sun,,,,"0","0","21","api_solar","90","Bewolkt","forecast_sun","14","09-10-2024 05:00","1728442800","175","Z"
945,-1,2024-10-09T02:05:45,,forecast_sun,,,,"0","0","22","api_solar","90","Halfbewolkt","forecast_sun","14","09-10-2024 06:00","1728446400","176","Z"
946,-1,2024-10-09T02:05:46,,forecast_sun,,,,"0","0","23","api_solar","91","Bewolkt","forecast_sun","14","09-10-2024 07:00","1728450000","170","Z"
947,-1,2024-10-09T02:05:47,,forecast_sun,,,,"4","11","24","api_solar","91","Bewolkt","forecast_sun","14","09-10-2024 08:00","1728453600","168","Z"
948,-1,2024-10-09T02:05:48,,forecast_sun,,,,"13","36","25","api_solar","90","Bewolkt","forecast_sun","14","09-10-2024 09:00","1728457200","174","Z"
949,-1,2024-10-09T02:05:49,,forecast_sun,,,,"18","50","26","api_solar","90","Bewolkt","forecast_sun","14","09-10-2024 10:00","1728460800","183","Z"
950,-1,2024-10-09T02:05:50,,forecast_sun,,,,"14","39","27","api_solar","91","Regen","forecast_sun","14","09-10-2024 11:00","1728464400","179","Z"
951,-1,2024-10-09T02:05:51,,forecast_sun,,,,"15","42","28","api_solar","93","Regen","forecast_sun","14","09-10-2024 12:00","1728468000","161","ZO"
952,-1,2024-10-09T02:05:52,,forecast_sun,,,,"8","22","29","api_solar","94","Regen","forecast_sun","14","09-10-2024 13:00","1728471600","139","ZO"
953,-1,2024-10-09T02:05:53,,forecast_sun,,,,"9","25","30","api_solar","94","Regen","forecast_sun","14","09-10-2024 14:00","1728475200","138","ZO"
954,-1,2024-10-09T02:05:54,,forecast_sun,,,,"5","14","31","api_solar","95","Regen","forecast_sun","14","09-10-2024 15:00","1728478800","2","N"
955,-1,2024-10-09T02:05:55,,forecast_sun,,,,"5","14","32","api_solar","96","Regen","forecast_sun","14","09-10-2024 16:00","1728482400","303","W"
956,-1,2024-10-09T02:05:56,,forecast_sun,,,,"4","11","33","api_solar","96","Regen","forecast_sun","14","09-10-2024 17:00","1728486000","239","ZW"
957,-1,2024-10-09T02:05:57,,forecast_sun,,,,"1","3","34","api_solar","96","Bewolkt","forecast_sun","13","09-10-2024 18:00","1728489600","230","ZW"
958,-1,2024-10-09T02:05:58,,forecast_sun,,,,"0","0","35","api_solar","96","Bewolkt","forecast_sun","13","09-10-2024 19:00","1728493200","198","Z"
959,-1,2024-10-09T02:05:59,,forecast_sun,,,,"0","0","36","api_solar","96","Bewolkt","forecast_sun","13","09-10-2024 20:00","1728496800","197","Z"
960,-1,2024-10-09T02:06:00,,forecast_sun,,,,"0","0","37","api_solar","96","Bewolkt","forecast_sun","13","09-10-2024 21:00","1728500400","208","Z"
961,-1,2024-10-09T02:06:01,,forecast_sun,,,,"0","0","38","api_solar","96","Bewolkt","forecast_sun","13","09-10-2024 22:00","1728504000","210","Z"
962,-1,2024-10-09T02:06:02,,forecast_sun,,,,"0","0","39","api_solar","97","Bewolkt","forecast_sun","12","09-10-2024 23:00","1728507600","209","Z"
963,-1,2024-10-09T02:06:03,,forecast_sun,,,,"0","0","40","api_solar","97","Bewolkt","forecast_sun","12","10-10-2024 00:00","1728511200","227","ZW"
964,-1,2024-10-09T02:06:04,,forecast_sun,,,,"0","0","41","api_solar","97","Bewolkt","forecast_sun","12","10-10-2024 01:00","1728514800","230","ZW"
965,-1,2024-10-09T02:06:05,,forecast_sun,,,,"0","0","42","api_solar","97","Bewolkt","forecast_sun","12","10-10-2024 02:00","1728518400","238","ZW"
966,-1,2024-10-09T02:06:06,,forecast_sun,,,,"0","0","43","api_solar","97","Bewolkt","forecast_sun","12","10-10-2024 03:00","1728522000","230","ZW"
967,-1,2024-10-09T02:06:07,,forecast_sun,,,,"0","0","44","api_solar","97","Bewolkt","forecast_sun","12","10-10-2024 04:00","1728525600","242","ZW"
968,-1,2024-10-09T02:06:08,,forecast_sun,,,,"0","0","45","api_solar","97","Regen","forecast_sun","12","10-10-2024 05:00","1728529200","259","W"
969,-1,2024-10-09T02:06:09,,forecast_sun,,,,"0","0","46","api_solar","96","Regen","forecast_sun","13","10-10-2024 06:00","1728532800","267","W"
970,-1,2024-10-09T02:06:10,,forecast_sun,,,,"0","0","47","api_solar","94","Regen","forecast_sun","13","10-10-2024 07:00","1728536400","294","W"
971,-1,2024-10-09T02:06:11,,forecast_sun,,,,"6","17","48","api_solar","91","Bewolkt","forecast_sun","13","10-10-2024 08:00","1728540000","299","W"
972,-1,2024-10-09T02:06:12,,forecast_sun,,,,"46","127","49","api_solar","89","Bewolkt","forecast_sun","13","10-10-2024 09:00","1728543600","289","W"
973,-1,2024-10-09T02:06:13,,forecast_sun,,,,"8","22","50","api_solar","91","Regen","forecast_sun","13","10-10-2024 10:00","1728547200","300","W"
974,-1,2024-10-09T02:06:14,,forecast_sun,,,,"44","122","51","api_solar","87","Bewolkt","forecast_sun","13","10-10-2024 11:00","1728550800","310","NW"
975,-1,2024-10-09T02:06:15,,forecast_sun,,,,"81","224","52","api_solar","84","Bewolkt","forecast_sun","13","10-10-2024 12:00","1728554400","315","NW"
976,-1,2024-10-09T02:06:16,,forecast_sun,,,,"54","150","53","api_solar","83","Regen","forecast_sun","13","10-10-2024 13:00","1728558000","313","NW"
977,-1,2024-10-09T02:06:17,,forecast_sun,,,,"59","163","54","api_solar","83","Regen","forecast_sun","13","10-10-2024 14:00","1728561600","312","NW"
978,-1,2024-10-10T02:05:41,,forecast_sun,,,,"0","0","19","api_solar","98","Regen","forecast_sun","13","10-10-2024 03:00","1728522000","264","W"
979,-1,2024-10-10T02:05:42,,forecast_sun,,,,"0","0","20","api_solar","97","Bewolkt","forecast_sun","13","10-10-2024 04:00","1728525600","252","ZW"
980,-1,2024-10-10T02:05:43,,forecast_sun,,,,"0","0","21","api_solar","97","Bewolkt","forecast_sun","13","10-10-2024 05:00","1728529200","258","W"
981,-1,2024-10-10T02:05:44,,forecast_sun,,,,"0","0","22","api_solar","97","Regen","forecast_sun","13","10-10-2024 06:00","1728532800","265","W"
982,-1,2024-10-10T02:05:45,,forecast_sun,,,,"0","0","23","api_solar","95","Regen","forecast_sun","13","10-10-2024 07:00","1728536400","315","NW"
983,-1,2024-10-10T02:05:46,,forecast_sun,,,,"8","22","24","api_solar","93","Bewolkt","forecast_sun","13","10-10-2024 08:00","1728540000","308","NW"
984,-1,2024-10-10T02:05:47,,forecast_sun,,,,"14","39","25","api_solar","90","Bewolkt","forecast_sun","13","10-10-2024 09:00","1728543600","304","NW"
985,-1,2024-10-10T02:05:48,,forecast_sun,,,,"24","66","26","api_solar","87","Bewolkt","forecast_sun","13","10-10-2024 10:00","1728547200","302","W"
986,-1,2024-10-10T02:05:49,,forecast_sun,,,,"39","108","27","api_solar","85","Regen","forecast_sun","13","10-10-2024 11:00","1728550800","318","NW"
987,-1,2024-10-10T02:05:50,,forecast_sun,,,,"118","327","28","api_solar","79","Bewolkt","forecast_sun","14","10-10-2024 12:00","1728554400","307","NW"
988,-1,2024-10-10T02:05:51,,forecast_sun,,,,"157","435","29","api_solar","72","Halfbewolkt","forecast_sun","14","10-10-2024 13:00","1728558000","293","W"
989,-1,2024-10-10T02:05:52,,forecast_sun,,,,"146","404","30","api_solar","68","Halfbewolkt","forecast_sun","14","10-10-2024 14:00","1728561600","297","W"
990,-1,2024-10-10T02:05:53,,forecast_sun,,,,"134","371","31","api_solar","67","Halfbewolkt","forecast_sun","14","10-10-2024 15:00","1728565200","296","W"
991,-1,2024-10-10T02:05:54,,forecast_sun,,,,"79","219","32","api_solar","68","Bewolkt","forecast_sun","14","10-10-2024 16:00","1728568800","285","W"
992,-1,2024-10-10T02:05:55,,forecast_sun,,,,"26","72","33","api_solar","71","Bewolkt","forecast_sun","13","10-10-2024 17:00","1728572400","280","W"
993,-1,2024-10-10T02:05:56,,forecast_sun,,,,"4","11","34","api_solar","77","Regen","forecast_sun","12","10-10-2024 18:00","1728576000","344","NW"
994,-1,2024-10-10T02:05:57,,forecast_sun,,,,"0","0","35","api_solar","84","Regen","forecast_sun","11","10-10-2024 19:00","1728579600","49","NO"
995,-1,2024-10-10T02:05:58,,forecast_sun,,,,"0","0","36","api_solar","89","Regen","forecast_sun","11","10-10-2024 20:00","1728583200","291","W"
996,-1,2024-10-10T02:05:59,,forecast_sun,,,,"0","0","37","api_solar","91","Regen","forecast_sun","11","10-10-2024 21:00","1728586800","248","ZW"
997,-1,2024-10-10T02:06:00,,forecast_sun,,,,"0","0","38","api_solar","91","Regen","forecast_sun","10","10-10-2024 22:00","1728590400","299","W"
998,-1,2024-10-10T02:06:01,,forecast_sun,,,,"0","0","39","api_solar","91","Regen","forecast_sun","10","10-10-2024 23:00","1728594000","327","NW"
999,-1,2024-10-10T02:06:02,,forecast_sun,,,,"0","0","40","api_solar","92","Regen","forecast_sun","10","11-10-2024 00:00","1728597600","301","W"
1000,-1,2024-10-10T02:06:03,,forecast_sun,,,,"0","0","41","api_solar","90","Regen","forecast_sun","10","11-10-2024 01:00","1728601200","248","ZW"
1001,-1,2024-10-10T02:06:04,,forecast_sun,,,,"0","0","42","api_solar","92","Bewolkt","forecast_sun","9","11-10-2024 02:00","1728604800","259","W"
1002,-1,2024-10-10T02:06:05,,forecast_sun,,,,"0","0","43","api_solar","92","Helder","forecast_sun","9","11-10-2024 03:00","1728608400","240","ZW"
1003,-1,2024-10-10T02:06:06,,forecast_sun,,,,"0","0","44","api_solar","93","Bewolkt","forecast_sun","8","11-10-2024 04:00","1728612000","266","W"
1004,-1,2024-10-10T02:06:07,,forecast_sun,,,,"0","0","45","api_solar","93","Bewolkt","forecast_sun","8","11-10-2024 05:00","1728615600","269","W"
1005,-1,2024-10-10T02:06:08,,forecast_sun,,,,"0","0","46","api_solar","94","Bewolkt","forecast_sun","8","11-10-2024 06:00","1728619200","246","ZW"
1006,-1,2024-10-10T02:06:09,,forecast_sun,,,,"0","0","47","api_solar","94","Bewolkt","forecast_sun","8","11-10-2024 07:00","1728622800","250","ZW"
1007,-1,2024-10-10T02:06:10,,forecast_sun,,,,"14","39","48","api_solar","92","Halfbewolkt","forecast_sun","8","11-10-2024 08:00","1728626400","251","ZW"
1008,-1,2024-10-10T02:06:11,,forecast_sun,,,,"23","64","49","api_solar","92","Regen","forecast_sun","8","11-10-2024 09:00","1728630000","232","ZW"
1009,-1,2024-10-10T02:06:12,,forecast_sun,,,,"71","197","50","api_solar","89","Halfbewolkt","forecast_sun","9","11-10-2024 10:00","1728633600","237","ZW"
1010,-1,2024-10-10T02:06:13,,forecast_sun,,,,"139","385","51","api_solar","84","Bewolkt","forecast_sun","10","11-10-2024 11:00","1728637200","223","ZW"
1011,-1,2024-10-10T02:06:14,,forecast_sun,,,,"85","235","52","api_solar","78","Lichtbewolkt","forecast_sun","11","11-10-2024 12:00","1728640800","233","ZW"
1012,-1,2024-10-10T02:06:15,,forecast_sun,,,,"181","501","53","api_solar","71","Halfbewolkt","forecast_sun","12","11-10-2024 13:00","1728644400","238","ZW"
1013,-1,2024-10-10T02:06:16,,forecast_sun,,,,"53","147","54","api_solar","75","Regen","forecast_sun","12","11-10-2024 14:00","1728648000","205","Z"
1014,-1,2024-10-11T02:05:40,,forecast_sun,,,,"0","0","19","api_solar","89","Regen","forecast_sun","9","11-10-2024 03:00","1728608400","279","W"
1015,-1,2024-10-11T02:05:41,,forecast_sun,,,,"0","0","20","api_solar","88","Bewolkt","forecast_sun","9","11-10-2024 04:00","1728612000","200","Z"
1016,-1,2024-10-11T02:05:42,,forecast_sun,,,,"0","0","21","api_solar","90","Halfbewolkt","forecast_sun","9","11-10-2024 05:00","1728615600","211","Z"
1017,-1,2024-10-11T02:05:43,,forecast_sun,,,,"0","0","22","api_solar","90","Bewolkt","forecast_sun","9","11-10-2024 06:00","1728619200","235","ZW"
1018,-1,2024-10-11T02:05:44,,forecast_sun,,,,"0","0","23","api_solar","89","Lichtbewolkt","forecast_sun","9","11-10-2024 07:00","1728622800","286","W"
1019,-1,2024-10-11T02:05:45,,forecast_sun,,,,"16","44","24","api_solar","91","Lichtbewolkt","forecast_sun","8","11-10-2024 08:00","1728626400","285","W"
1020,-1,2024-10-11T02:05:46,,forecast_sun,,,,"61","169","25","api_solar","87","Lichtbewolkt","forecast_sun","9","11-10-2024 09:00","1728630000","251","ZW"
1021,-1,2024-10-11T02:05:47,,forecast_sun,,,,"82","227","26","api_solar","82","Halfbewolkt","forecast_sun","10","11-10-2024 10:00","1728633600","270","W"
1022,-1,2024-10-11T02:05:48,,forecast_sun,,,,"128","355","27","api_solar","76","Regen","forecast_sun","11","11-10-2024 11:00","1728637200","285","W"
1023,-1,2024-10-11T02:05:49,,forecast_sun,,,,"168","465","28","api_solar","68","Lichtbewolkt","forecast_sun","12","11-10-2024 12:00","1728640800","226","ZW"
1024,-1,2024-10-11T02:05:50,,forecast_sun,,,,"121","335","29","api_solar","63","Bewolkt","forecast_sun","13","11-10-2024 13:00","1728644400","217","ZW"
1025,-1,2024-10-11T02:05:51,,forecast_sun,,,,"13","36","30","api_solar","76","Regen","forecast_sun","12","11-10-2024 14:00","1728648000","346","NW"
1026,-1,2024-10-11T02:05:52,,forecast_sun,,,,"33","91","31","api_solar","81","Regen","forecast_sun","12","11-10-2024 15:00","1728651600","38","NO"
1027,-1,2024-10-11T02:05:53,,forecast_sun,,,,"98","271","32","api_solar","80","Zonnig","forecast_sun","12","11-10-2024 16:00","1728655200","23","NO"
1028,-1,2024-10-11T02:05:54,,forecast_sun,,,,"57","158","33","api_solar","79","Regen","forecast_sun","12","11-10-2024 17:00","1728658800","18","NO"
1029,-1,2024-10-11T02:05:55,,forecast_sun,,,,"13","36","34","api_solar","81","Zonnig","forecast_sun","11","11-10-2024 18:00","1728662400","70","NO"
1030,-1,2024-10-11T02:05:56,,forecast_sun,,,,"0","0","35","api_solar","85","Helder","forecast_sun","10","11-10-2024 19:00","1728666000","89","O"
1031,-1,2024-10-11T02:05:57,,forecast_sun,,,,"0","0","36","api_solar","88","Lichtbewolkt","forecast_sun","9","11-10-2024 20:00","1728669600","116","ZO"
1032,-1,2024-10-11T02:05:58,,forecast_sun,,,,"0","0","37","api_solar","90","Helder","forecast_sun","8","11-10-2024 21:00","1728673200","105","ZO"
1033,-1,2024-10-11T02:05:59,,forecast_sun,,,,"0","0","38","api_solar","90","Helder","forecast_sun","8","11-10-2024 22:00","1728676800","106","ZO"
1034,-1,2024-10-11T02:06:00,,forecast_sun,,,,"0","0","39","api_solar","90","Bewolkt","forecast_sun","7","11-10-2024 23:00","1728680400","103","ZO"
1035,-1,2024-10-11T02:06:01,,forecast_sun,,,,"0","0","40","api_solar","89","Helder","forecast_sun","7","12-10-2024 00:00","1728684000","97","O"
1036,-1,2024-10-11T02:06:02,,forecast_sun,,,,"0","0","41","api_solar","89","Halfbewolkt","forecast_sun","7","12-10-2024 01:00","1728687600","96","O"
1037,-1,2024-10-11T02:06:03,,forecast_sun,,,,"0","0","42","api_solar","90","Bewolkt","forecast_sun","7","12-10-2024 02:00","1728691200","108","ZO"
1038,-1,2024-10-11T02:06:04,,forecast_sun,,,,"0","0","43","api_solar","89","Bewolkt","forecast_sun","7","12-10-2024 03:00","1728694800","125","ZO"
1039,-1,2024-10-11T02:06:05,,forecast_sun,,,,"0","0","44","api_solar","87","Bewolkt","forecast_sun","7","12-10-2024 04:00","1728698400","129","ZO"
1040,-1,2024-10-11T02:06:06,,forecast_sun,,,,"0","0","45","api_solar","86","Bewolkt","forecast_sun","7","12-10-2024 05:00","1728702000","112","ZO"
1041,-1,2024-10-11T02:06:07,,forecast_sun,,,,"0","0","46","api_solar","85","Bewolkt","forecast_sun","7","12-10-2024 06:00","1728705600","123","ZO"
1042,-1,2024-10-11T02:06:08,,forecast_sun,,,,"0","0","47","api_solar","84","Bewolkt","forecast_sun","7","12-10-2024 07:00","1728709200","120","ZO"
1043,-1,2024-10-11T02:06:09,,forecast_sun,,,,"9","25","48","api_solar","83","Bewolkt","forecast_sun","7","12-10-2024 08:00","1728712800","117","ZO"
1044,-1,2024-10-11T02:06:10,,forecast_sun,,,,"39","108","49","api_solar","81","Bewolkt","forecast_sun","8","12-10-2024 09:00","1728716400","127","ZO"
1045,-1,2024-10-11T02:06:11,,forecast_sun,,,,"40","111","50","api_solar","79","Bewolkt","forecast_sun","9","12-10-2024 10:00","1728720000","133","ZO"
1046,-1,2024-10-11T02:06:12,,forecast_sun,,,,"63","175","51","api_solar","78","Bewolkt","forecast_sun","10","12-10-2024 11:00","1728723600","141","ZO"
1047,-1,2024-10-11T02:06:13,,forecast_sun,,,,"71","197","52","api_solar","76","Bewolkt","forecast_sun","11","12-10-2024 12:00","1728727200","151","ZO"
1048,-1,2024-10-11T02:06:14,,forecast_sun,,,,"139","385","53","api_solar","74","Zonnig","forecast_sun","12","12-10-2024 13:00","1728730800","161","ZO"
1049,-1,2024-10-11T02:06:15,,forecast_sun,,,,"170","471","54","api_solar","71","Zonnig","forecast_sun","13","12-10-2024 14:00","1728734400","175","Z"
1050,-1,2024-10-12T02:05:37,,forecast_sun,,,,"0","0","19","api_solar","91","Halfbewolkt","forecast_sun","4","12-10-2024 03:00","1728694800","125","ZO"
1051,-1,2024-10-12T02:05:38,,forecast_sun,,,,"0","0","20","api_solar","89","Bewolkt","forecast_sun","5","12-10-2024 04:00","1728698400","140","ZO"
1052,-1,2024-10-12T02:05:39,,forecast_sun,,,,"0","0","21","api_solar","87","Halfbewolkt","forecast_sun","6","12-10-2024 05:00","1728702000","129","ZO"
1053,-1,2024-10-12T02:05:40,,forecast_sun,,,,"0","0","22","api_solar","86","Halfbewolkt","forecast_sun","6","12-10-2024 06:00","1728705600","132","ZO"
1054,-1,2024-10-12T02:05:41,,forecast_sun,,,,"0","0","23","api_solar","86","Halfbewolkt","forecast_sun","6","12-10-2024 07:00","1728709200","153","ZO"
1055,-1,2024-10-12T02:05:42,,forecast_sun,,,,"5","14","24","api_solar","86","Halfbewolkt","forecast_sun","7","12-10-2024 08:00","1728712800","137","ZO"
1056,-1,2024-10-12T02:05:43,,forecast_sun,,,,"27","75","25","api_solar","83","Halfbewolkt","forecast_sun","8","12-10-2024 09:00","1728716400","135","ZO"
1057,-1,2024-10-12T02:05:44,,forecast_sun,,,,"57","158","26","api_solar","79","Halfbewolkt","forecast_sun","9","12-10-2024 10:00","1728720000","149","ZO"
1058,-1,2024-10-12T02:05:45,,forecast_sun,,,,"90","249","27","api_solar","75","Halfbewolkt","forecast_sun","10","12-10-2024 11:00","1728723600","162","ZO"
1059,-1,2024-10-12T02:05:46,,forecast_sun,,,,"70","194","28","api_solar","74","Halfbewolkt","forecast_sun","11","12-10-2024 12:00","1728727200","152","ZO"
1060,-1,2024-10-12T02:05:47,,forecast_sun,,,,"37","102","29","api_solar","75","Halfbewolkt","forecast_sun","12","12-10-2024 13:00","1728730800","147","ZO"
1061,-1,2024-10-12T02:05:48,,forecast_sun,,,,"29","80","30","api_solar","76","Halfbewolkt","forecast_sun","12","12-10-2024 14:00","1728734400","155","ZO"
1062,-1,2024-10-12T02:05:49,,forecast_sun,,,,"39","108","31","api_solar","78","Halfbewolkt","forecast_sun","13","12-10-2024 15:00","1728738000","173","Z"
1063,-1,2024-10-12T02:05:50,,forecast_sun,,,,"38","105","32","api_solar","78","Bewolkt","forecast_sun","13","12-10-2024 16:00","1728741600","183","Z"
1064,-1,2024-10-12T02:05:51,,forecast_sun,,,,"19","53","33","api_solar","79","Bewolkt","forecast_sun","13","12-10-2024 17:00","1728745200","184","Z"
1065,-1,2024-10-12T02:05:52,,forecast_sun,,,,"4","11","34","api_solar","82","Bewolkt","forecast_sun","12","12-10-2024 18:00","1728748800","186","Z"
1066,-1,2024-10-12T02:05:53,,forecast_sun,,,,"0","0","35","api_solar","86","Helder","forecast_sun","11","12-10-2024 19:00","1728752400","192","Z"
1067,-1,2024-10-12T02:05:54,,forecast_sun,,,,"0","0","36","api_solar","89","Helder","forecast_sun","10","12-10-2024 20:00","1728756000","196","Z"
1068,-1,2024-10-12T02:05:55,,forecast_sun,,,,"0","0","37","api_solar","91","Helder","forecast_sun","10","12-10-2024 21:00","1728759600","206","Z"
1069,-1,2024-10-12T02:05:56,,forecast_sun,,,,"0","0","38","api_solar","92","Bewolkt","forecast_sun","10","12-10-2024 22:00","1728763200","210","Z"
1070,-1,2024-10-12T02:05:57,,forecast_sun,,,,"0","0","39","api_solar","93","Regen","forecast_sun","10","12-10-2024 23:00","1728766800","237","ZW"
1071,-1,2024-10-12T02:05:58,,forecast_sun,,,,"0","0","40","api_solar","94","Halfbewolkt","forecast_sun","10","13-10-2024 00:00","1728770400","232","ZW"
1072,-1,2024-10-12T02:05:59,,forecast_sun,,,,"0","0","41","api_solar","93","Regen","forecast_sun","10","13-10-2024 01:00","1728774000","253","ZW"
1073,-1,2024-10-12T02:06:00,,forecast_sun,,,,"0","0","42","api_solar","85","Halfbewolkt","forecast_sun","10","13-10-2024 02:00","1728777600","256","ZW"
1074,-1,2024-10-12T02:06:01,,forecast_sun,,,,"0","0","43","api_solar","80","Bewolkt","forecast_sun","9","13-10-2024 03:00","1728781200","260","W"
1075,-1,2024-10-12T02:06:02,,forecast_sun,,,,"0","0","44","api_solar","79","Bewolkt","forecast_sun","9","13-10-2024 04:00","1728784800","256","ZW"
1076,-1,2024-10-12T02:06:03,,forecast_sun,,,,"0","0","45","api_solar","79","Bewolkt","forecast_sun","9","13-10-2024 05:00","1728788400","257","ZW"
1077,-1,2024-10-12T02:06:04,,forecast_sun,,,,"0","0","46","api_solar","77","Bewolkt","forecast_sun","9","13-10-2024 06:00","1728792000","261","W"
1078,-1,2024-10-12T02:06:05,,forecast_sun,,,,"0","0","47","api_solar","81","Bewolkt","forecast_sun","9","13-10-2024 07:00","1728795600","237","ZW"
1079,-1,2024-10-12T02:06:06,,forecast_sun,,,,"2","6","48","api_solar","83","Bewolkt","forecast_sun","9","13-10-2024 08:00","1728799200","239","ZW"
1080,-1,2024-10-12T02:06:07,,forecast_sun,,,,"8","22","49","api_solar","84","Bewolkt","forecast_sun","9","13-10-2024 09:00","1728802800","239","ZW"
1081,-1,2024-10-12T02:06:09,,forecast_sun,,,,"39","108","50","api_solar","83","Bewolkt","forecast_sun","10","13-10-2024 10:00","1728806400","260","W"
1082,-1,2024-10-12T02:06:10,,forecast_sun,,,,"92","255","51","api_solar","77","Bewolkt","forecast_sun","11","13-10-2024 11:00","1728810000","281","W"
1083,-1,2024-10-12T02:06:11,,forecast_sun,,,,"91","252","52","api_solar","74","Bewolkt","forecast_sun","11","13-10-2024 12:00","1728813600","278","W"
1084,-1,2024-10-12T02:06:12,,forecast_sun,,,,"161","446","53","api_solar","70","Bewolkt","forecast_sun","12","13-10-2024 13:00","1728817200","274","W"
1085,-1,2024-10-12T02:06:13,,forecast_sun,,,,"115","319","54","api_solar","68","Bewolkt","forecast_sun","12","13-10-2024 14:00","1728820800","277","W"
1086,-1,2024-10-13T02:05:39,,forecast_sun,,,,"0","0","19","api_solar","83","Halfbewolkt","forecast_sun","10","13-10-2024 03:00","1728781200","249","ZW"
1087,-1,2024-10-13T02:05:40,,forecast_sun,,,,"0","0","20","api_solar","81","Bewolkt","forecast_sun","9","13-10-2024 04:00","1728784800","240","ZW"
1088,-1,2024-10-13T02:05:41,,forecast_sun,,,,"0","0","21","api_solar","79","Bewolkt","forecast_sun","8","13-10-2024 05:00","1728788400","250","ZW"
1089,-1,2024-10-13T02:05:42,,forecast_sun,,,,"0","0","22","api_solar","80","Bewolkt","forecast_sun","8","13-10-2024 06:00","1728792000","249","ZW"
1090,-1,2024-10-13T02:05:43,,forecast_sun,,,,"0","0","23","api_solar","83","Bewolkt","forecast_sun","8","13-10-2024 07:00","1728795600","250","ZW"
1091,-1,2024-10-13T02:05:44,,forecast_sun,,,,"10","28","24","api_solar","85","Bewolkt","forecast_sun","8","13-10-2024 08:00","1728799200","246","ZW"
1092,-1,2024-10-13T02:05:45,,forecast_sun,,,,"40","111","25","api_solar","85","Bewolkt","forecast_sun","8","13-10-2024 09:00","1728802800","240","ZW"
1093,-1,2024-10-13T02:05:46,,forecast_sun,,,,"66","183","26","api_solar","83","Bewolkt","forecast_sun","9","13-10-2024 10:00","1728806400","253","ZW"
1094,-1,2024-10-13T02:05:47,,forecast_sun,,,,"83","230","27","api_solar","80","Bewolkt","forecast_sun","10","13-10-2024 11:00","1728810000","259","W"
1095,-1,2024-10-13T02:05:48,,forecast_sun,,,,"133","368","28","api_solar","76","Bewolkt","forecast_sun","11","13-10-2024 12:00","1728813600","273","W"
1096,-1,2024-10-13T02:05:49,,forecast_sun,,,,"62","172","29","api_solar","74","Bewolkt","forecast_sun","11","13-10-2024 13:00","1728817200","267","W"
1097,-1,2024-10-13T02:05:50,,forecast_sun,,,,"36","100","30","api_solar","73","Bewolkt","forecast_sun","11","13-10-2024 14:00","1728820800","256","ZW"
1098,-1,2024-10-13T02:05:51,,forecast_sun,,,,"83","230","31","api_solar","70","Bewolkt","forecast_sun","11","13-10-2024 15:00","1728824400","258","W"
1099,-1,2024-10-13T02:05:52,,forecast_sun,,,,"42","116","32","api_solar","71","Bewolkt","forecast_sun","11","13-10-2024 16:00","1728828000","254","ZW"
1100,-1,2024-10-13T02:05:53,,forecast_sun,,,,"26","72","33","api_solar","73","Bewolkt","forecast_sun","11","13-10-2024 17:00","1728831600","252","ZW"
1101,-1,2024-10-13T02:05:54,,forecast_sun,,,,"5","14","34","api_solar","74","Bewolkt","forecast_sun","11","13-10-2024 18:00","1728835200","259","W"
1102,-1,2024-10-13T02:05:55,,forecast_sun,,,,"0","0","35","api_solar","75","Bewolkt","forecast_sun","10","13-10-2024 19:00","1728838800","243","ZW"
1103,-1,2024-10-13T02:05:56,,forecast_sun,,,,"0","0","36","api_solar","76","Bewolkt","forecast_sun","10","13-10-2024 20:00","1728842400","242","ZW"
1104,-1,2024-10-13T02:05:57,,forecast_sun,,,,"0","0","37","api_solar","77","Bewolkt","forecast_sun","9","13-10-2024 21:00","1728846000","237","ZW"
1105,-1,2024-10-13T02:05:58,,forecast_sun,,,,"0","0","38","api_solar","78","Bewolkt","forecast_sun","9","13-10-2024 22:00","1728849600","178","Z"
1106,-1,2024-10-13T02:05:59,,forecast_sun,,,,"0","0","39","api_solar","79","Bewolkt","forecast_sun","9","13-10-2024 23:00","1728853200","201","Z"
1107,-1,2024-10-13T02:06:00,,forecast_sun,,,,"0","0","40","api_solar","83","Bewolkt","forecast_sun","8","14-10-2024 00:00","1728856800","200","Z"
1108,-1,2024-10-13T02:06:01,,forecast_sun,,,,"0","0","41","api_solar","85","Bewolkt","forecast_sun","8","14-10-2024 01:00","1728860400","172","Z"
1109,-1,2024-10-13T02:06:02,,forecast_sun,,,,"0","0","42","api_solar","87","Bewolkt","forecast_sun","8","14-10-2024 02:00","1728864000","168","Z"
1110,-1,2024-10-13T02:06:03,,forecast_sun,,,,"0","0","43","api_solar","88","Bewolkt","forecast_sun","8","14-10-2024 03:00","1728867600","178","Z"
1111,-1,2024-10-13T02:06:04,,forecast_sun,,,,"0","0","44","api_solar","89","Bewolkt","forecast_sun","8","14-10-2024 04:00","1728871200","134","ZO"
1112,-1,2024-10-13T02:06:05,,forecast_sun,,,,"0","0","45","api_solar","90","Bewolkt","forecast_sun","8","14-10-2024 05:00","1728874800","114","ZO"
1113,-1,2024-10-13T02:06:06,,forecast_sun,,,,"0","0","46","api_solar","90","Halfbewolkt","forecast_sun","8","14-10-2024 06:00","1728878400","112","ZO"
1114,-1,2024-10-13T02:06:07,,forecast_sun,,,,"0","0","47","api_solar","90","Bewolkt","forecast_sun","8","14-10-2024 07:00","1728882000","106","ZO"
1115,-1,2024-10-13T02:06:08,,forecast_sun,,,,"2","6","48","api_solar","88","Bewolkt","forecast_sun","8","14-10-2024 08:00","1728885600","125","ZO"
1116,-1,2024-10-13T02:06:09,,forecast_sun,,,,"3","8","49","api_solar","86","Bewolkt","forecast_sun","8","14-10-2024 09:00","1728889200","124","ZO"
1117,-1,2024-10-13T02:06:10,,forecast_sun,,,,"10","28","50","api_solar","84","Bewolkt","forecast_sun","8","14-10-2024 10:00","1728892800","115","ZO"
1118,-1,2024-10-13T02:06:11,,forecast_sun,,,,"6","17","51","api_solar","83","Bewolkt","forecast_sun","8","14-10-2024 11:00","1728896400","85","O"
1119,-1,2024-10-13T02:06:12,,forecast_sun,,,,"12","33","52","api_solar","85","Regen","forecast_sun","8","14-10-2024 12:00","1728900000","102","ZO"
1120,-1,2024-10-13T02:06:13,,forecast_sun,,,,"35","97","53","api_solar","85","Bewolkt","forecast_sun","9","14-10-2024 13:00","1728903600","111","ZO"
1121,-1,2024-10-13T02:06:14,,forecast_sun,,,,"6","17","54","api_solar","89","Regen","forecast_sun","9","14-10-2024 14:00","1728907200","56","NO"
1122,-1,2024-10-14T02:05:39,,forecast_sun,,,,"0","0","19","api_solar","95","Halfbewolkt","forecast_sun","7","14-10-2024 03:00","1728867600","162","ZO"
1123,-1,2024-10-14T02:05:40,,forecast_sun,,,,"0","0","20","api_solar","92","Halfbewolkt","forecast_sun","7","14-10-2024 04:00","1728871200","131","ZO"
1124,-1,2024-10-14T02:05:41,,forecast_sun,,,,"0","0","21","api_solar","90","Halfbewolkt","forecast_sun","7","14-10-2024 05:00","1728874800","126","ZO"
1125,-1,2024-10-14T02:05:42,,forecast_sun,,,,"0","0","22","api_solar","88","Halfbewolkt","forecast_sun","7","14-10-2024 06:00","1728878400","104","ZO"
1126,-1,2024-10-14T02:05:43,,forecast_sun,,,,"0","0","23","api_solar","86","Halfbewolkt","forecast_sun","7","14-10-2024 07:00","1728882000","104","ZO"
1127,-1,2024-10-14T02:05:44,,forecast_sun,,,,"4","11","24","api_solar","85","Halfbewolkt","forecast_sun","7","14-10-2024 08:00","1728885600","98","O"
1128,-1,2024-10-14T02:05:45,,forecast_sun,,,,"4","11","25","api_solar","86","Regen","forecast_sun","7","14-10-2024 09:00","1728889200","70","NO"
1129,-1,2024-10-14T02:05:46,,forecast_sun,,,,"6","17","26","api_solar","88","Regen","forecast_sun","7","14-10-2024 10:00","1728892800","95","O"
1130,-1,2024-10-14T02:05:47,,forecast_sun,,,,"7","19","27","api_solar","89","Regen","forecast_sun","7","14-10-2024 11:00","1728896400","72","NO"
1131,-1,2024-10-14T02:05:48,,forecast_sun,,,,"10","28","28","api_solar","91","Regen","forecast_sun","7","14-10-2024 12:00","1728900000","78","O"
1132,-1,2024-10-14T02:05:49,,forecast_sun,,,,"77","213","29","api_solar","88","Bewolkt","forecast_sun","8","14-10-2024 13:00","1728903600","85","O"
1133,-1,2024-10-14T02:05:50,,forecast_sun,,,,"15","42","30","api_solar","86","Regen","forecast_sun","9","14-10-2024 14:00","1728907200","85","O"
1134,-1,2024-10-14T02:05:51,,forecast_sun,,,,"14","39","31","api_solar","84","Bewolkt","forecast_sun","9","14-10-2024 15:00","1728910800","50","NO"
1135,-1,2024-10-14T02:05:52,,forecast_sun,,,,"10","28","32","api_solar","87","Bewolkt","forecast_sun","9","14-10-2024 16:00","1728914400","36","NO"
1136,-1,2024-10-14T02:05:53,,forecast_sun,,,,"7","19","33","api_solar","88","Bewolkt","forecast_sun","9","14-10-2024 17:00","1728918000","58","NO"
1137,-1,2024-10-14T02:05:54,,forecast_sun,,,,"1","3","34","api_solar","86","Bewolkt","forecast_sun","9","14-10-2024 18:00","1728921600","74","NO"
1138,-1,2024-10-14T02:05:55,,forecast_sun,,,,"0","0","35","api_solar","88","Bewolkt","forecast_sun","9","14-10-2024 19:00","1728925200","45","NO"
1139,-1,2024-10-14T02:05:56,,forecast_sun,,,,"0","0","36","api_solar","90","Bewolkt","forecast_sun","9","14-10-2024 20:00","1728928800","42","NO"
1140,-1,2024-10-14T02:05:57,,forecast_sun,,,,"0","0","37","api_solar","90","Bewolkt","forecast_sun","9","14-10-2024 21:00","1728932400","69","NO"
1141,-1,2024-10-14T02:05:58,,forecast_sun,,,,"0","0","38","api_solar","90","Bewolkt","forecast_sun","9","14-10-2024 22:00","1728936000","58","NO"
1142,-1,2024-10-14T02:05:59,,forecast_sun,,,,"0","0","39","api_solar","92","Bewolkt","forecast_sun","9","14-10-2024 23:00","1728939600","63","NO"
1143,-1,2024-10-14T02:06:00,,forecast_sun,,,,"0","0","40","api_solar","93","Halfbewolkt","forecast_sun","9","15-10-2024 00:00","1728943200","64","NO"
1144,-1,2024-10-14T02:06:01,,forecast_sun,,,,"0","0","41","api_solar","95","Halfbewolkt","forecast_sun","8","15-10-2024 01:00","1728946800","61","NO"
1145,-1,2024-10-14T02:06:02,,forecast_sun,,,,"0","0","42","api_solar","95","Bewolkt","forecast_sun","7","15-10-2024 02:00","1728950400","86","O"
1146,-1,2024-10-14T02:06:03,,forecast_sun,,,,"0","0","43","api_solar","96","Bewolkt","forecast_sun","7","15-10-2024 03:00","1728954000","69","NO"
1147,-1,2024-10-14T02:06:04,,forecast_sun,,,,"0","0","44","api_solar","96","Bewolkt","forecast_sun","7","15-10-2024 04:00","1728957600","67","NO"
1148,-1,2024-10-14T02:06:05,,forecast_sun,,,,"0","0","45","api_solar","96","Bewolkt","forecast_sun","6","15-10-2024 05:00","1728961200","68","NO"
1149,-1,2024-10-14T02:06:06,,forecast_sun,,,,"0","0","46","api_solar","96","Bewolkt","forecast_sun","6","15-10-2024 06:00","1728964800","79","O"
1150,-1,2024-10-14T02:06:07,,forecast_sun,,,,"0","0","47","api_solar","95","Bewolkt","forecast_sun","6","15-10-2024 07:00","1728968400","83","O"
1151,-1,2024-10-14T02:06:08,,forecast_sun,,,,"8","22","48","api_solar","94","Bewolkt","forecast_sun","7","15-10-2024 08:00","1728972000","82","O"
1152,-1,2024-10-14T02:06:09,,forecast_sun,,,,"45","125","49","api_solar","93","Bewolkt","forecast_sun","8","15-10-2024 09:00","1728975600","91","O"
1153,-1,2024-10-14T02:06:10,,forecast_sun,,,,"96","266","50","api_solar","91","Bewolkt","forecast_sun","9","15-10-2024 10:00","1728979200","91","O"
1154,-1,2024-10-14T02:06:11,,forecast_sun,,,,"132","366","51","api_solar","88","Bewolkt","forecast_sun","10","15-10-2024 11:00","1728982800","100","O"
1155,-1,2024-10-14T02:06:12,,forecast_sun,,,,"148","410","52","api_solar","85","Bewolkt","forecast_sun","12","15-10-2024 12:00","1728986400","112","ZO"
1156,-1,2024-10-14T02:06:13,,forecast_sun,,,,"138","382","53","api_solar","83","Bewolkt","forecast_sun","13","15-10-2024 13:00","1728990000","105","ZO"
1157,-1,2024-10-14T02:06:14,,forecast_sun,,,,"106","294","54","api_solar","82","Bewolkt","forecast_sun","14","15-10-2024 14:00","1728993600","102","ZO"
1158,-1,2024-10-15T02:05:38,,forecast_sun,,,,"0","0","20","api_solar","95","Bewolkt","forecast_sun","5","15-10-2024 03:00","1728954000","106","ZO"
1159,-1,2024-10-15T02:05:39,,forecast_sun,,,,"0","0","21","api_solar","93","Bewolkt","forecast_sun","6","15-10-2024 04:00","1728957600","82","O"
1160,-1,2024-10-15T02:05:40,,forecast_sun,,,,"0","0","22","api_solar","93","Bewolkt","forecast_sun","7","15-10-2024 05:00","1728961200","81","O"
1161,-1,2024-10-15T02:05:41,,forecast_sun,,,,"0","0","23","api_solar","93","Bewolkt","forecast_sun","7","15-10-2024 06:00","1728964800","83","O"
1162,-1,2024-10-15T02:05:42,,forecast_sun,,,,"0","0","24","api_solar","93","Bewolkt","forecast_sun","7","15-10-2024 07:00","1728968400","90","O"
1163,-1,2024-10-15T02:05:43,,forecast_sun,,,,"3","8","25","api_solar","93","Bewolkt","forecast_sun","7","15-10-2024 08:00","1728972000","90","O"
1164,-1,2024-10-15T02:05:44,,forecast_sun,,,,"25","69","26","api_solar","92","Halfbewolkt","forecast_sun","8","15-10-2024 09:00","1728975600","106","ZO"
1165,-1,2024-10-15T02:05:45,,forecast_sun,,,,"80","222","27","api_solar","91","Bewolkt","forecast_sun","9","15-10-2024 10:00","1728979200","99","O"
1166,-1,2024-10-15T02:05:46,,forecast_sun,,,,"70","194","28","api_solar","91","Bewolkt","forecast_sun","10","15-10-2024 11:00","1728982800","106","ZO"
1167,-1,2024-10-15T02:05:47,,forecast_sun,,,,"67","186","29","api_solar","90","Bewolkt","forecast_sun","11","15-10-2024 12:00","1728986400","90","O"
1168,-1,2024-10-15T02:05:48,,forecast_sun,,,,"115","319","30","api_solar","88","Bewolkt","forecast_sun","13","15-10-2024 13:00","1728990000","96","O"
1169,-1,2024-10-15T02:05:49,,forecast_sun,,,,"144","399","31","api_solar","85","Halfbewolkt","forecast_sun","14","15-10-2024 14:00","1728993600","98","O"
1170,-1,2024-10-15T02:05:50,,forecast_sun,,,,"132","366","32","api_solar","83","Bewolkt","forecast_sun","15","15-10-2024 15:00","1728997200","97","O"
1171,-1,2024-10-15T02:05:51,,forecast_sun,,,,"89","247","33","api_solar","82","Bewolkt","forecast_sun","15","15-10-2024 16:00","1729000800","93","O"
1172,-1,2024-10-15T02:05:52,,forecast_sun,,,,"36","100","34","api_solar","82","Bewolkt","forecast_sun","15","15-10-2024 17:00","1729004400","97","O"
1173,-1,2024-10-15T02:05:53,,forecast_sun,,,,"6","17","35","api_solar","83","Bewolkt","forecast_sun","14","15-10-2024 18:00","1729008000","98","O"
1174,-1,2024-10-15T02:05:54,,forecast_sun,,,,"0","0","36","api_solar","84","Bewolkt","forecast_sun","14","15-10-2024 19:00","1729011600","99","O"
1175,-1,2024-10-15T02:05:55,,forecast_sun,,,,"0","0","37","api_solar","84","Bewolkt","forecast_sun","13","15-10-2024 20:00","1729015200","96","O"
1176,-1,2024-10-15T02:05:56,,forecast_sun,,,,"0","0","38","api_solar","84","Bewolkt","forecast_sun","13","15-10-2024 21:00","1729018800","96","O"
1177,-1,2024-10-15T02:05:57,,forecast_sun,,,,"0","0","39","api_solar","84","Bewolkt","forecast_sun","13","15-10-2024 22:00","1729022400","103","ZO"
1178,-1,2024-10-15T02:05:58,,forecast_sun,,,,"0","0","40","api_solar","84","Bewolkt","forecast_sun","12","15-10-2024 23:00","1729026000","100","O"
1179,-1,2024-10-15T02:05:59,,forecast_sun,,,,"0","0","41","api_solar","85","Bewolkt","forecast_sun","12","16-10-2024 00:00","1729029600","98","O"
1180,-1,2024-10-15T02:06:00,,forecast_sun,,,,"0","0","42","api_solar","86","Bewolkt","forecast_sun","12","16-10-2024 01:00","1729033200","99","O"
1181,-1,2024-10-15T02:06:01,,forecast_sun,,,,"0","0","43","api_solar","87","Bewolkt","forecast_sun","12","16-10-2024 02:00","1729036800","93","O"
1182,-1,2024-10-15T02:06:02,,forecast_sun,,,,"0","0","44","api_solar","88","Bewolkt","forecast_sun","12","16-10-2024 03:00","1729040400","94","O"
1183,-1,2024-10-15T02:06:03,,forecast_sun,,,,"0","0","45","api_solar","88","Bewolkt","forecast_sun","12","16-10-2024 04:00","1729044000","97","O"
1184,-1,2024-10-15T02:06:04,,forecast_sun,,,,"0","0","46","api_solar","89","Bewolkt","forecast_sun","12","16-10-2024 05:00","1729047600","99","O"
1185,-1,2024-10-15T02:06:05,,forecast_sun,,,,"0","0","47","api_solar","90","Lichtbewolkt","forecast_sun","12","16-10-2024 06:00","1729051200","109","ZO"
1186,-1,2024-10-15T02:06:06,,forecast_sun,,,,"0","0","48","api_solar","91","Bewolkt","forecast_sun","12","16-10-2024 07:00","1729054800","118","ZO"
1187,-1,2024-10-15T02:06:07,,forecast_sun,,,,"9","25","49","api_solar","91","Bewolkt","forecast_sun","12","16-10-2024 08:00","1729058400","122","ZO"
1188,-1,2024-10-15T02:06:08,,forecast_sun,,,,"46","127","50","api_solar","88","Bewolkt","forecast_sun","13","16-10-2024 09:00","1729062000","134","ZO"
1189,-1,2024-10-15T02:06:09,,forecast_sun,,,,"71","197","51","api_solar","85","Bewolkt","forecast_sun","15","16-10-2024 10:00","1729065600","142","ZO"
1190,-1,2024-10-15T02:06:10,,forecast_sun,,,,"86","238","52","api_solar","82","Bewolkt","forecast_sun","16","16-10-2024 11:00","1729069200","146","ZO"
1191,-1,2024-10-15T02:06:11,,forecast_sun,,,,"93","258","53","api_solar","80","Bewolkt","forecast_sun","18","16-10-2024 12:00","1729072800","137","ZO"
1192,-1,2024-10-15T02:06:12,,forecast_sun,,,,"79","219","54","api_solar","79","Bewolkt","forecast_sun","19","16-10-2024 13:00","1729076400","132","ZO"
1193,-1,2024-10-16T02:05:42,,forecast_sun,,,,"0","0","19","api_solar","91","Bewolkt","forecast_sun","12","16-10-2024 03:00","1729040400","97","O"
1194,-1,2024-10-16T02:05:43,,forecast_sun,,,,"0","0","20","api_solar","92","Halfbewolkt","forecast_sun","12","16-10-2024 04:00","1729044000","100","O"
1195,-1,2024-10-16T02:05:44,,forecast_sun,,,,"0","0","21","api_solar","92","Halfbewolkt","forecast_sun","12","16-10-2024 05:00","1729047600","106","ZO"
1196,-1,2024-10-16T02:05:45,,forecast_sun,,,,"0","0","22","api_solar","92","Halfbewolkt","forecast_sun","12","16-10-2024 06:00","1729051200","110","ZO"
1197,-1,2024-10-16T02:05:46,,forecast_sun,,,,"0","0","23","api_solar","92","Lichtbewolkt","forecast_sun","12","16-10-2024 07:00","1729054800","113","ZO"
1198,-1,2024-10-16T02:05:47,,forecast_sun,,,,"10","28","24","api_solar","92","Halfbewolkt","forecast_sun","12","16-10-2024 08:00","1729058400","117","ZO"
1199,-1,2024-10-16T02:05:48,,forecast_sun,,,,"50","139","25","api_solar","89","Zonnig","forecast_sun","13","16-10-2024 09:00","1729062000","128","ZO"
1200,-1,2024-10-16T02:05:49,,forecast_sun,,,,"95","263","26","api_solar","85","Halfbewolkt","forecast_sun","15","16-10-2024 10:00","1729065600","139","ZO"
1201,-1,2024-10-16T02:05:50,,forecast_sun,,,,"75","208","27","api_solar","83","Halfbewolkt","forecast_sun","16","16-10-2024 11:00","1729069200","136","ZO"
1202,-1,2024-10-16T02:05:51,,forecast_sun,,,,"141","391","28","api_solar","79","Halfbewolkt","forecast_sun","18","16-10-2024 12:00","1729072800","157","ZO"
1203,-1,2024-10-16T02:05:52,,forecast_sun,,,,"152","421","29","api_solar","75","Halfbewolkt","forecast_sun","20","16-10-2024 13:00","1729076400","165","ZO"
1204,-1,2024-10-16T02:05:53,,forecast_sun,,,,"75","208","30","api_solar","74","Halfbewolkt","forecast_sun","20","16-10-2024 14:00","1729080000","159","ZO"
1205,-1,2024-10-16T02:05:54,,forecast_sun,,,,"38","105","31","api_solar","76","Bewolkt","forecast_sun","20","16-10-2024 15:00","1729083600","147","ZO"
1206,-1,2024-10-16T02:05:55,,forecast_sun,,,,"28","78","32","api_solar","76","Halfbewolkt","forecast_sun","20","16-10-2024 16:00","1729087200","148","ZO"
1207,-1,2024-10-16T02:05:56,,forecast_sun,,,,"34","94","33","api_solar","77","Halfbewolkt","forecast_sun","20","16-10-2024 17:00","1729090800","141","ZO"
1208,-1,2024-10-16T02:05:57,,forecast_sun,,,,"5","14","34","api_solar","76","Bewolkt","forecast_sun","20","16-10-2024 18:00","1729094400","143","ZO"
1209,-1,2024-10-16T02:05:58,,forecast_sun,,,,"0","0","35","api_solar","77","Halfbewolkt","forecast_sun","19","16-10-2024 19:00","1729098000","133","ZO"
1210,-1,2024-10-16T02:05:59,,forecast_sun,,,,"0","0","36","api_solar","79","Halfbewolkt","forecast_sun","18","16-10-2024 20:00","1729101600","121","ZO"
1211,-1,2024-10-16T02:06:00,,forecast_sun,,,,"0","0","37","api_solar","84","Helder","forecast_sun","17","16-10-2024 21:00","1729105200","115","ZO"
1212,-1,2024-10-16T02:06:01,,forecast_sun,,,,"0","0","38","api_solar","87","Helder","forecast_sun","17","16-10-2024 22:00","1729108800","123","ZO"
1213,-1,2024-10-16T02:06:02,,forecast_sun,,,,"0","0","39","api_solar","85","Bewolkt","forecast_sun","17","16-10-2024 23:00","1729112400","135","ZO"
1214,-1,2024-10-16T02:06:03,,forecast_sun,,,,"0","0","40","api_solar","82","Bewolkt","forecast_sun","17","17-10-2024 00:00","1729116000","141","ZO"
1215,-1,2024-10-16T02:06:04,,forecast_sun,,,,"0","0","41","api_solar","81","Bewolkt","forecast_sun","17","17-10-2024 01:00","1729119600","144","ZO"
1216,-1,2024-10-16T02:06:05,,forecast_sun,,,,"0","0","42","api_solar","81","Halfbewolkt","forecast_sun","17","17-10-2024 02:00","1729123200","153","ZO"
1217,-1,2024-10-16T02:06:06,,forecast_sun,,,,"0","0","43","api_solar","83","Bewolkt","forecast_sun","17","17-10-2024 03:00","1729126800","153","ZO"
1218,-1,2024-10-16T02:06:07,,forecast_sun,,,,"0","0","44","api_solar","89","Regen","forecast_sun","17","17-10-2024 04:00","1729130400","159","ZO"
1219,-1,2024-10-16T02:06:08,,forecast_sun,,,,"0","0","45","api_solar","92","Regen","forecast_sun","17","17-10-2024 05:00","1729134000","160","ZO"
1220,-1,2024-10-16T02:06:09,,forecast_sun,,,,"0","0","46","api_solar","94","Regen","forecast_sun","17","17-10-2024 06:00","1729137600","177","Z"
1221,-1,2024-10-16T02:06:10,,forecast_sun,,,,"0","0","47","api_solar","95","Regen","forecast_sun","17","17-10-2024 07:00","1729141200","193","Z"
1222,-1,2024-10-16T02:06:11,,forecast_sun,,,,"2","6","48","api_solar","94","Bewolkt","forecast_sun","17","17-10-2024 08:00","1729144800","200","Z"
1223,-1,2024-10-16T02:06:12,,forecast_sun,,,,"22","61","49","api_solar","92","Bewolkt","forecast_sun","17","17-10-2024 09:00","1729148400","205","Z"
1224,-1,2024-10-16T02:06:13,,forecast_sun,,,,"22","61","50","api_solar","90","Bewolkt","forecast_sun","18","17-10-2024 10:00","1729152000","206","Z"
1225,-1,2024-10-16T02:06:14,,forecast_sun,,,,"64","177","51","api_solar","89","Bewolkt","forecast_sun","19","17-10-2024 11:00","1729155600","212","Z"
1226,-1,2024-10-16T02:06:15,,forecast_sun,,,,"45","125","52","api_solar","87","Bewolkt","forecast_sun","19","17-10-2024 12:00","1729159200","221","ZW"
1227,-1,2024-10-16T02:06:16,,forecast_sun,,,,"19","53","53","api_solar","87","Bewolkt","forecast_sun","19","17-10-2024 13:00","1729162800","212","Z"
1228,-1,2024-10-16T02:06:17,,forecast_sun,,,,"41","114","54","api_solar","87","Bewolkt","forecast_sun","19","17-10-2024 14:00","1729166400","188","Z"
1229,-1,2024-10-17T02:05:54,,forecast_sun,,,,"0","0","20","api_solar","87","Halfbewolkt","forecast_sun","16","17-10-2024 03:00","1729126800","154","ZO"
1230,-1,2024-10-17T02:05:55,,forecast_sun,,,,"0","0","21","api_solar","87","Regen","forecast_sun","16","17-10-2024 04:00","1729130400","163","ZO"
1231,-1,2024-10-17T02:05:56,,forecast_sun,,,,"0","0","22","api_solar","90","Regen","forecast_sun","16","17-10-2024 05:00","1729134000","173","Z"
1232,-1,2024-10-17T02:05:57,,forecast_sun,,,,"0","0","23","api_solar","93","Regen","forecast_sun","16","17-10-2024 06:00","1729137600","194","Z"
1233,-1,2024-10-17T02:05:58,,forecast_sun,,,,"0","0","24","api_solar","95","Regen","forecast_sun","17","17-10-2024 07:00","1729141200","212","Z"
1234,-1,2024-10-17T02:05:59,,forecast_sun,,,,"1","3","25","api_solar","95","Bewolkt","forecast_sun","17","17-10-2024 08:00","1729144800","229","ZW"
1235,-1,2024-10-17T02:06:00,,forecast_sun,,,,"40","111","26","api_solar","95","Bewolkt","forecast_sun","17","17-10-2024 09:00","1729148400","194","Z"
1236,-1,2024-10-17T02:06:01,,forecast_sun,,,,"71","197","27","api_solar","93","Bewolkt","forecast_sun","18","17-10-2024 10:00","1729152000","204","Z"
1237,-1,2024-10-17T02:06:02,,forecast_sun,,,,"103","285","28","api_solar","90","Halfbewolkt","forecast_sun","19","17-10-2024 11:00","1729155600","232","ZW"
1238,-1,2024-10-17T02:06:03,,forecast_sun,,,,"115","319","29","api_solar","87","Bewolkt","forecast_sun","19","17-10-2024 12:00","1729159200","242","ZW"
1239,-1,2024-10-17T02:06:04,,forecast_sun,,,,"65","180","30","api_solar","86","Regen","forecast_sun","19","17-10-2024 13:00","1729162800","213","ZW"
1240,-1,2024-10-17T02:06:05,,forecast_sun,,,,"73","202","31","api_solar","85","Regen","forecast_sun","19","17-10-2024 14:00","1729166400","213","ZW"
1241,-1,2024-10-17T02:06:06,,forecast_sun,,,,"29","80","32","api_solar","85","Bewolkt","forecast_sun","19","17-10-2024 15:00","1729170000","264","W"
1242,-1,2024-10-17T02:06:07,,forecast_sun,,,,"14","39","33","api_solar","86","Regen","forecast_sun","19","17-10-2024 16:00","1729173600","20","NO"
1243,-1,2024-10-17T02:06:08,,forecast_sun,,,,"7","19","34","api_solar","88","Bewolkt","forecast_sun","18","17-10-2024 17:00","1729177200","41","NO"
1244,-1,2024-10-17T02:06:09,,forecast_sun,,,,"1","3","35","api_solar","89","Bewolkt","forecast_sun","18","17-10-2024 18:00","1729180800","32","NO"
1245,-1,2024-10-17T02:06:10,,forecast_sun,,,,"0","0","36","api_solar","91","Bewolkt","forecast_sun","17","17-10-2024 19:00","1729184400","30","NO"
1246,-1,2024-10-17T02:06:11,,forecast_sun,,,,"0","0","37","api_solar","92","Bewolkt","forecast_sun","17","17-10-2024 20:00","1729188000","7","N"
1247,-1,2024-10-17T02:06:12,,forecast_sun,,,,"0","0","38","api_solar","93","Bewolkt","forecast_sun","16","17-10-2024 21:00","1729191600","18","NO"
1248,-1,2024-10-17T02:06:13,,forecast_sun,,,,"0","0","39","api_solar","94","Bewolkt","forecast_sun","16","17-10-2024 22:00","1729195200","32","NO"
1249,-1,2024-10-17T02:06:14,,forecast_sun,,,,"0","0","40","api_solar","95","Regen","forecast_sun","16","17-10-2024 23:00","1729198800","22","NO"
1250,-1,2024-10-17T02:06:15,,forecast_sun,,,,"0","0","41","api_solar","96","Bewolkt","forecast_sun","16","18-10-2024 00:00","1729202400","7","N"
1251,-1,2024-10-17T02:06:16,,forecast_sun,,,,"0","0","42","api_solar","97","Bewolkt","forecast_sun","16","18-10-2024 01:00","1729206000","19","NO"
1252,-1,2024-10-17T02:06:17,,forecast_sun,,,,"0","0","43","api_solar","98","Bewolkt","forecast_sun","16","18-10-2024 02:00","1729209600","18","NO"
1253,-1,2024-10-17T02:06:18,,forecast_sun,,,,"0","0","44","api_solar","99","Bewolkt","forecast_sun","16","18-10-2024 03:00","1729213200","41","NO"
1254,-1,2024-10-17T02:06:19,,forecast_sun,,,,"0","0","45","api_solar","99","Bewolkt","forecast_sun","16","18-10-2024 04:00","1729216800","17","NO"
1255,-1,2024-10-17T02:06:20,,forecast_sun,,,,"0","0","46","api_solar","99","Bewolkt","forecast_sun","16","18-10-2024 05:00","1729220400","19","NO"
1256,-1,2024-10-17T02:06:21,,forecast_sun,,,,"0","0","47","api_solar","99","Regen","forecast_sun","16","18-10-2024 06:00","1729224000","41","NO"
1257,-1,2024-10-17T02:06:22,,forecast_sun,,,,"0","0","48","api_solar","98","Bewolkt","forecast_sun","16","18-10-2024 07:00","1729227600","61","NO"
1258,-1,2024-10-17T02:06:23,,forecast_sun,,,,"7","19","49","api_solar","97","Bewolkt","forecast_sun","16","18-10-2024 08:00","1729231200","15","NO"
1259,-1,2024-10-17T02:06:24,,forecast_sun,,,,"43","119","50","api_solar","97","Bewolkt","forecast_sun","16","18-10-2024 09:00","1729234800","42","NO"
1260,-1,2024-10-17T02:06:25,,forecast_sun,,,,"50","139","51","api_solar","95","Bewolkt","forecast_sun","16","18-10-2024 10:00","1729238400","54","NO"
1261,-1,2024-10-17T02:06:26,,forecast_sun,,,,"32","89","52","api_solar","93","Bewolkt","forecast_sun","16","18-10-2024 11:00","1729242000","51","NO"
1262,-1,2024-10-17T02:06:27,,forecast_sun,,,,"32","89","53","api_solar","90","Bewolkt","forecast_sun","17","18-10-2024 12:00","1729245600","45","NO"
1263,-1,2024-10-17T02:06:28,,forecast_sun,,,,"32","89","54","api_solar","87","Bewolkt","forecast_sun","17","18-10-2024 13:00","1729249200","93","O"
1264,-1,2024-10-18T02:06:07,,forecast_sun,,,,"0","0","20","api_solar","98","Bewolkt","forecast_sun","15","18-10-2024 03:00","1729213200","8","N"
1265,-1,2024-10-18T02:06:08,,forecast_sun,,,,"0","0","21","api_solar","98","Bewolkt","forecast_sun","15","18-10-2024 04:00","1729216800","25","NO"
1266,-1,2024-10-18T02:06:09,,forecast_sun,,,,"0","0","22","api_solar","98","Bewolkt","forecast_sun","15","18-10-2024 05:00","1729220400","27","NO"
1267,-1,2024-10-18T02:06:10,,forecast_sun,,,,"0","0","23","api_solar","99","Bewolkt","forecast_sun","15","18-10-2024 06:00","1729224000","16","NO"
1268,-1,2024-10-18T02:06:11,,forecast_sun,,,,"0","0","24","api_solar","100","Bewolkt","forecast_sun","15","18-10-2024 07:00","1729227600","47","NO"
1269,-1,2024-10-18T02:06:12,,forecast_sun,,,,"5","14","25","api_solar","100","Bewolkt","forecast_sun","15","18-10-2024 08:00","1729231200","61","NO"
1270,-1,2024-10-18T02:06:13,,forecast_sun,,,,"23","64","26","api_solar","100","Bewolkt","forecast_sun","15","18-10-2024 09:00","1729234800","50","NO"
1271,-1,2024-10-18T02:06:14,,forecast_sun,,,,"51","141","27","api_solar","99","Bewolkt","forecast_sun","15","18-10-2024 10:00","1729238400","78","O"
1272,-1,2024-10-18T02:06:15,,forecast_sun,,,,"92","255","28","api_solar","96","Bewolkt","forecast_sun","16","18-10-2024 11:00","1729242000","344","NW"
1273,-1,2024-10-18T02:06:16,,forecast_sun,,,,"103","285","29","api_solar","93","Halfbewolkt","forecast_sun","17","18-10-2024 12:00","1729245600","51","NO"
1274,-1,2024-10-18T02:06:17,,forecast_sun,,,,"155","429","30","api_solar","87","Halfbewolkt","forecast_sun","18","18-10-2024 13:00","1729249200","45","NO"
1275,-1,2024-10-18T02:06:18,,forecast_sun,,,,"147","407","31","api_solar","81","Bewolkt","forecast_sun","19","18-10-2024 14:00","1729252800","19","NO"
1276,-1,2024-10-18T02:06:19,,forecast_sun,,,,"94","260","32","api_solar","79","Bewolkt","forecast_sun","20","18-10-2024 15:00","1729256400","323","NW"
1277,-1,2024-10-18T02:06:20,,forecast_sun,,,,"69","191","33","api_solar","78","Bewolkt","forecast_sun","20","18-10-2024 16:00","1729260000","12","NO"
1278,-1,2024-10-18T02:06:21,,forecast_sun,,,,"21","58","34","api_solar","79","Zonnig","forecast_sun","20","18-10-2024 17:00","1729263600","5","N"
1279,-1,2024-10-18T02:06:22,,forecast_sun,,,,"6","17","35","api_solar","85","Halfbewolkt","forecast_sun","19","18-10-2024 18:00","1729267200","326","NW"
1280,-1,2024-10-18T02:06:23,,forecast_sun,,,,"0","0","36","api_solar","90","Lichtbewolkt","forecast_sun","18","18-10-2024 19:00","1729270800","316","NW"
1281,-1,2024-10-18T02:06:24,,forecast_sun,,,,"0","0","37","api_solar","93","Bewolkt","forecast_sun","17","18-10-2024 20:00","1729274400","312","NW"
1282,-1,2024-10-18T02:06:25,,forecast_sun,,,,"0","0","38","api_solar","94","Lichtbewolkt","forecast_sun","17","18-10-2024 21:00","1729278000","7","N"
1283,-1,2024-10-18T02:06:26,,forecast_sun,,,,"0","0","39","api_solar","95","Bewolkt","forecast_sun","17","18-10-2024 22:00","1729281600","306","NW"
1284,-1,2024-10-18T02:06:27,,forecast_sun,,,,"0","0","40","api_solar","96","Bewolkt","forecast_sun","16","18-10-2024 23:00","1729285200","342","NW"
1285,-1,2024-10-18T02:06:28,,forecast_sun,,,,"0","0","41","api_solar","97","Bewolkt","forecast_sun","16","19-10-2024 00:00","1729288800","300","W"
1286,-1,2024-10-18T02:06:29,,forecast_sun,,,,"0","0","42","api_solar","97","Bewolkt","forecast_sun","16","19-10-2024 01:00","1729292400","299","W"
1287,-1,2024-10-18T02:06:30,,forecast_sun,,,,"0","0","43","api_solar","98","Regen","forecast_sun","16","19-10-2024 02:00","1729296000","299","W"
1288,-1,2024-10-18T02:06:31,,forecast_sun,,,,"0","0","44","api_solar","99","Regen","forecast_sun","16","19-10-2024 03:00","1729299600","300","W"
1289,-1,2024-10-18T02:06:32,,forecast_sun,,,,"0","0","45","api_solar","100","Regen","forecast_sun","16","19-10-2024 04:00","1729303200","303","W"
1290,-1,2024-10-18T02:06:33,,forecast_sun,,,,"0","0","46","api_solar","98","Regen","forecast_sun","15","19-10-2024 05:00","1729306800","299","W"
1291,-1,2024-10-18T02:06:34,,forecast_sun,,,,"0","0","47","api_solar","97","Regen","forecast_sun","15","19-10-2024 06:00","1729310400","277","W"
1292,-1,2024-10-18T02:06:35,,forecast_sun,,,,"0","0","48","api_solar","96","Regen","forecast_sun","14","19-10-2024 07:00","1729314000","263","W"
1293,-1,2024-10-18T02:06:36,,forecast_sun,,,,"0","0","49","api_solar","96","Regen","forecast_sun","14","19-10-2024 08:00","1729317600","248","ZW"
1294,-1,2024-10-18T02:06:37,,forecast_sun,,,,"1","3","50","api_solar","95","Regen","forecast_sun","14","19-10-2024 09:00","1729321200","231","ZW"
1295,-1,2024-10-18T02:06:38,,forecast_sun,,,,"2","6","51","api_solar","92","Regen","forecast_sun","13","19-10-2024 10:00","1729324800","225","ZW"
1296,-1,2024-10-18T02:06:39,,forecast_sun,,,,"9","25","52","api_solar","93","Regen","forecast_sun","13","19-10-2024 11:00","1729328400","202","Z"
1297,-1,2024-10-18T02:06:40,,forecast_sun,,,,"18","50","53","api_solar","94","Regen","forecast_sun","13","19-10-2024 12:00","1729332000","191","Z"
1298,-1,2024-10-18T02:06:41,,forecast_sun,,,,"45","125","54","api_solar","92","Bewolkt","forecast_sun","14","19-10-2024 13:00","1729335600","189","Z"
