id,device_id,ts,activity,pp1,pp2,pp3,,participant,recipient,reed sensor,sender,window
168,3613,2024-08-22T16:34:34,,H1,,,,"H1","HH_door_receiver",0.0,"HH1_door_1","closed"
169,3613,2024-08-22T16:44:11,,H1,,,,"H1","HH_door_receiver",0.0,"HH1_door_1","closed"
170,3613,2024-08-22T16:54:13,,H1,,,,"H1","HH_door_receiver",0.0,"HH1_door_1","closed"
171,3613,2024-08-22T17:04:05,,H1,,,,"H1","HH_door_receiver",0.0,"HH1_door_1","closed"
172,3613,2024-08-22T17:14:06,,H1,,,,"H1","HH_door_receiver",0.0,"HH1_door_1","closed"
173,3613,2024-08-22T17:23:59,,H1,,,,"H1","HH_door_receiver",1.0,"HH1_door_1","open"
174,3613,2024-08-22T17:34:03,,H1,,,,"H1","HH_door_receiver",1.0,"HH1_door_1","open"
175,3613,2024-08-22T17:44:00,,H1,,,,"H1","HH_door_receiver",0.0,"HH1_door_1","closed"
176,3613,2024-08-22T17:53:54,,H1,,,,"H1","HH_door_receiver",0.0,"HH1_door_1","closed"
177,3613,2024-08-22T18:03:49,,H1,,,,"H1","HH_door_receiver",0.0,"HH1_door_1","closed"
178,3613,2024-08-22T18:13:44,,H1,,,,"H1","HH_door_receiver",1.0,"HH1_door_1","open"
179,3613,2024-08-22T18:23:40,,H1,,,,"H1","HH_door_receiver",0.0,"HH1_door_1","closed"
180,3613,2024-08-22T18:33:35,,H1,,,,"H1","HH_door_receiver",0.0,"HH1_door_1","closed"
181,3613,2024-08-22T18:43:34,,H1,,,,"H1","HH_door_receiver",0.0,"HH1_door_1","closed"
182,3613,2024-08-22T18:53:37,,H1,,,,"H1","HH_door_receiver",0.0,"HH1_door_1","closed"
183,3613,2024-08-22T19:03:34,,H1,,,,"H1","HH_door_receiver",0.0,"HH1_door_1","closed"
184,3613,2024-08-22T19:13:28,,H1,,,,"H1","HH_door_receiver",0.0,"HH1_door_1","closed"
185,3613,2024-08-22T19:23:23,,H1,,,,"H1","HH_door_receiver",0.0,"HH1_door_1","closed"
186,3613,2024-08-22T19:33:29,,H1,,,,"H1","HH_door_receiver",0.0,"HH1_door_1","closed"
187,3613,2024-08-22T19:43:26,,H1,,,,"H1","HH_door_receiver",0.0,"HH1_door_1","closed"
188,3613,2024-08-22T19:53:20,,H1,,,,"H1","HH_door_receiver",0.0,"HH1_door_1","closed"
189,3613,2024-08-22T20:03:15,,H1,,,,"H1","HH_door_receiver",1.0,"HH1_door_1","open"
190,3613,2024-08-22T20:13:10,,H1,,,,"H1","HH_door_receiver",1.0,"HH1_door_1","open"
191,3613,2024-08-22T20:23:05,,H1,,,,"H1","HH_door_receiver",1.0,"HH1_door_1","open"
192,3613,2024-08-22T20:33:04,,H1,,,,"H1","HH_door_receiver",1.0,"HH1_door_1","open"
193,3613,2024-08-22T20:43:02,,H1,,,,"H1","HH_door_receiver",1.0,"HH1_door_1","open"
194,3613,2024-08-22T20:53:00,,H1,,,,"H1","HH_door_receiver",1.0,"HH1_door_1","open"
195,3613,2024-08-22T20:53:13,,H1,,,,"H1","HH_door_receiver",1.0,"HH1_door_1","open"
196,3613,2024-08-22T21:03:16,,H1,,,,"H1","HH_door_receiver",1.0,"HH1_door_1","open"
197,3613,2024-08-22T21:13:12,,H1,,,,"H1","HH_door_receiver",1.0,"HH1_door_1","open"
198,3613,2024-08-22T21:23:15,,H1,,,,"H1","HH_door_receiver",1.0,"HH1_door_1","open"
199,3613,2024-08-22T21:33:12,,H1,,,,"H1","HH_door_receiver",1.0,"HH1_door_1","open"
200,3613,2024-08-22T21:43:16,,H1,,,,"H1","HH_door_receiver",1.0,"HH1_door_1","open"
201,3613,2024-08-22T21:53:12,,H1,,,,"H1","HH_door_receiver",1.0,"HH1_door_1","open"
202,3613,2024-08-22T22:03:17,,H1,,,,"H1","HH_door_receiver",1.0,"HH1_door_1","open"
203,3613,2024-08-22T22:13:21,,H1,,,,"H1","HH_door_receiver",1.0,"HH1_door_1","open"
204,3613,2024-08-22T22:23:14,,H1,,,,"H1","HH_door_receiver",1.0,"HH1_door_1","open"
205,3613,2024-08-22T22:33:12,,H1,,,,"H1","HH_door_receiver",1.0,"HH1_door_1","open"
206,3613,2024-08-22T22:43:06,,H1,,,,"H1","HH_door_receiver",1.0,"HH1_door_1","open"
207,3613,2024-08-22T22:53:03,,H1,,,,"H1","HH_door_receiver",1.0,"HH1_door_1","open"
208,3613,2024-08-22T23:02:58,,H1,,,,"H1","HH_door_receiver",0.0,"HH1_door_1","closed"
209,3613,2024-08-22T23:12:53,,H1,,,,"H1","HH_door_receiver",0.0,"HH1_door_1","closed"
210,3613,2024-08-22T23:22:48,,H1,,,,"H1","HH_door_receiver",0.0,"HH1_door_1","closed"
211,3613,2024-08-22T23:32:45,,H1,,,,"H1","HH_door_receiver",0.0,"HH1_door_1","closed"
212,3613,2024-08-22T23:42:38,,H1,,,,"H1","HH_door_receiver",0.0,"HH1_door_1","closed"
213,3613,2024-08-22T23:52:35,,H1,,,,"H1","HH_door_receiver",0.0,"HH1_door_1","closed"
214,3613,2024-08-23T00:02:31,,H1,,,,"H1","HH_door_receiver",0.0,"HH1_door_1","closed"
215,3613,2024-08-23T00:12:28,,H1,,,,"H1","HH_door_receiver",0.0,"HH1_door_1","closed"
216,3613,2024-08-23T00:12:35,,H1,,,,"H1","HH_door_receiver",0.0,"HH1_door_1","closed"
217,3613,2024-08-23T00:22:38,,H1,,,,"H1","HH_door_receiver",0.0,"HH1_door_1","closed"
218,3613,2024-08-23T00:32:34,,H1,,,,"H1","HH_door_receiver",0.0,"HH1_door_1","closed"
219,3613,2024-08-23T00:52:33,,H1,,,,"H1","HH_door_receiver",0.0,"HH1_door_1","closed"
220,3613,2024-08-23T01:02:37,,H1,,,,"H1","HH_door_receiver",0.0,"HH1_door_1","closed"
221,3613,2024-08-23T01:12:31,,H1,,,,"H1","HH_door_receiver",0.0,"HH1_door_1","closed"
222,3613,2024-08-23T01:22:26,,H1,,,,"H1","HH_door_receiver",0.0,"HH1_door_1","closed"
223,3613,2024-08-23T01:32:31,,H1,,,,"H1","HH_door_receiver",0.0,"HH1_door_1","closed"
224,3613,2024-08-23T01:42:28,,H1,,,,"H1","HH_door_receiver",0.0,"HH1_door_1","closed"
225,3613,2024-08-23T01:52:21,,H1,,,,"H1","HH_door_receiver",0.0,"HH1_door_1","closed"
226,3613,2024-08-23T02:02:22,,H1,,,,"H1","HH_door_receiver",0.0,"HH1_door_1","closed"
227,3613,2024-08-23T02:12:19,,H1,,,,"H1","HH_door_receiver",0.0,"HH1_door_1","closed"
228,3613,2024-08-23T02:22:13,,H1,,,,"H1","HH_door_receiver",0.0,"HH1_door_1","closed"
229,3613,2024-08-23T02:32:10,,H1,,,,"H1","HH_door_receiver",0.0,"HH1_door_1","closed"
230,3613,2024-08-23T02:42:05,,H1,,,,"H1","HH_door_receiver",0.0,"HH1_door_1","closed"
231,3613,2024-08-23T02:52:00,,H1,,,,"H1","HH_door_receiver",0.0,"HH1_door_1","closed"
232,3613,2024-08-23T03:01:54,,H1,,,,"H1","HH_door_receiver",0.0,"HH1_door_1","closed"
233,3613,2024-08-23T03:11:50,,H1,,,,"H1","HH_door_receiver",0.0,"HH1_door_1","closed"
234,3613,2024-08-23T03:21:45,,H1,,,,"H1","HH_door_receiver",0.0,"HH1_door_1","closed"
235,3613,2024-08-23T03:31:40,,H1,,,,"H1","HH_door_receiver",0.0,"HH1_door_1","closed"
236,3613,2024-08-23T03:41:40,,H1,,,,"H1","HH_door_receiver",0.0,"HH1_door_1","closed"
237,3613,2024-08-23T03:51:35,,H1,,,,"H1","HH_door_receiver",0.0,"HH1_door_1","closed"
238,3613,2024-08-23T04:01:29,,H1,,,,"H1","HH_door_receiver",0.0,"HH1_door_1","closed"
239,3613,2024-08-23T04:11:24,,H1,,,,"H1","HH_door_receiver",0.0,"HH1_door_1","closed"
240,3613,2024-08-23T04:21:30,,H1,,,,"H1","HH_door_receiver",0.0,"HH1_door_1","closed"
241,3613,2024-08-23T04:31:22,,H1,,,,"H1","HH_door_receiver",0.0,"HH1_door_1","closed"
242,3613,2024-08-23T04:41:28,,H1,,,,"H1","HH_door_receiver",0.0,"HH1_door_1","closed"
243,3613,2024-08-23T04:51:21,,H1,,,,"H1","HH_door_receiver",0.0,"HH1_door_1","closed"
244,3613,2024-08-23T05:01:20,,H1,,,,"H1","HH_door_receiver",0.0,"HH1_door_1","closed"
245,3613,2024-08-23T05:11:17,,H1,,,,"H1","HH_door_receiver",0.0,"HH1_door_1","closed"
246,3613,2024-08-23T05:21:11,,H1,,,,"H1","HH_door_receiver",0.0,"HH1_door_1","closed"
247,3613,2024-08-23T05:31:10,,H1,,,,"H1","HH_door_receiver",0.0,"HH1_door_1","closed"
248,3613,2024-08-23T05:41:03,,H1,,,,"H1","HH_door_receiver",0.0,"HH1_door_1","closed"
249,3613,2024-08-23T05:50:59,,H1,,,,"H1","HH_door_receiver",0.0,"HH1_door_1","closed"
250,3613,2024-08-23T06:01:03,,H1,,,,"H1","HH_door_receiver",0.0,"HH1_door_1","closed"
251,3613,2024-08-23T06:10:56,,H1,,,,"H1","HH_door_receiver",0.0,"HH1_door_1","closed"
252,3613,2024-08-23T06:20:51,,H1,,,,"H1","HH_door_receiver",0.0,"HH1_door_1","closed"
253,3613,2024-08-23T06:30:46,,H1,,,,"H1","HH_door_receiver",0.0,"HH1_door_1","closed"
254,3613,2024-08-23T06:40:41,,H1,,,,"H1","HH_door_receiver",0.0,"HH1_door_1","closed"
255,3613,2024-08-23T06:50:37,,H1,,,,"H1","HH_door_receiver",0.0,"HH1_door_1","closed"
256,3613,2024-08-23T07:00:33,,H1,,,,"H1","HH_door_receiver",0.0,"HH1_door_1","closed"
257,3613,2024-08-23T07:10:28,,H1,,,,"H1","HH_door_receiver",0.0,"HH1_door_1","closed"
258,3613,2024-08-23T07:20:33,,H1,,,,"H1","HH_door_receiver",1.0,"HH1_door_1","open"
259,3613,2024-08-23T07:30:30,,H1,,,,"H1","HH_door_receiver",1.0,"HH1_door_1","open"
260,3613,2024-08-23T07:40:28,,H1,,,,"H1","HH_door_receiver",1.0,"HH1_door_1","open"
261,3613,2024-08-23T07:50:22,,H1,,,,"H1","HH_door_receiver",1.0,"HH1_door_1","open"
262,3613,2024-08-23T08:00:20,,H1,,,,"H1","HH_door_receiver",1.0,"HH1_door_1","open"
263,3613,2024-08-23T08:20:12,,H1,,,,"H1","HH_door_receiver",1.0,"HH1_door_1","open"
264,3613,2024-08-23T08:30:07,,H1,,,,"H1","HH_door_receiver",1.0,"HH1_door_1","open"
265,3613,2024-08-23T08:40:12,,H1,,,,"H1","HH_door_receiver",1.0,"HH1_door_1","open"
266,3613,2024-08-23T08:50:05,,H1,,,,"H1","HH_door_receiver",1.0,"HH1_door_1","open"
267,3613,2024-08-23T08:59:59,,H1,,,,"H1","HH_door_receiver",1.0,"HH1_door_1","open"
268,3613,2024-08-23T09:09:54,,H1,,,,"H1","HH_door_receiver",1.0,"HH1_door_1","open"
269,3613,2024-08-23T09:19:50,,H1,,,,"H1","HH_door_receiver",1.0,"HH1_door_1","open"
270,3613,2024-08-23T09:29:55,,H1,,,,"H1","HH_door_receiver",1.0,"HH1_door_1","open"
271,3613,2024-08-23T09:39:52,,H1,,,,"H1","HH_door_receiver",1.0,"HH1_door_1","open"
272,3613,2024-08-23T09:49:46,,H1,,,,"H1","HH_door_receiver",1.0,"HH1_door_1","open"
273,3613,2024-08-23T09:59:41,,H1,,,,"H1","HH_door_receiver",1.0,"HH1_door_1","open"
274,3613,2024-08-23T10:09:40,,H1,,,,"H1","HH_door_receiver",1.0,"HH1_door_1","open"
275,3613,2024-08-23T10:19:33,,H1,,,,"H1","HH_door_receiver",1.0,"HH1_door_1","open"
276,3613,2024-08-23T10:29:29,,H1,,,,"H1","HH_door_receiver",1.0,"HH1_door_1","open"
277,3613,2024-08-23T10:39:34,,H1,,,,"H1","HH_door_receiver",1.0,"HH1_door_1","open"
278,3613,2024-08-23T10:49:26,,H1,,,,"H1","HH_door_receiver",1.0,"HH1_door_1","open"
279,3613,2024-08-23T10:59:21,,H1,,,,"H1","HH_door_receiver",1.0,"HH1_door_1","open"
280,3613,2024-08-23T11:09:16,,H1,,,,"H1","HH_door_receiver",1.0,"HH1_door_1","open"
281,3613,2024-08-23T11:19:11,,H1,,,,"H1","HH_door_receiver",1.0,"HH1_door_1","open"
282,3613,2024-08-23T11:29:10,,H1,,,,"H1","HH_door_receiver",1.0,"HH1_door_1","open"
283,3613,2024-08-23T11:39:04,,H1,,,,"H1","HH_door_receiver",1.0,"HH1_door_1","open"
284,3613,2024-08-23T11:48:59,,H1,,,,"H1","HH_door_receiver",1.0,"HH1_door_1","open"
285,3613,2024-08-23T11:58:54,,H1,,,,"H1","HH_door_receiver",1.0,"HH1_door_1","open"
286,3613,2024-08-23T12:08:49,,H1,,,,"H1","HH_door_receiver",1.0,"HH1_door_1","open"
287,3613,2024-08-23T12:18:45,,H1,,,,"H1","HH_door_receiver",1.0,"HH1_door_1","open"
288,3613,2024-08-23T12:28:40,,H1,,,,"H1","HH_door_receiver",1.0,"HH1_door_1","open"
289,3613,2024-08-23T12:38:35,,H1,,,,"H1","HH_door_receiver",1.0,"HH1_door_1","open"
290,3613,2024-08-23T12:48:31,,H1,,,,"H1","HH_door_receiver",1.0,"HH1_door_1","open"
291,3613,2024-08-23T12:58:25,,H1,,,,"H1","HH_door_receiver",1.0,"HH1_door_1","open"
292,3613,2024-08-23T13:08:20,,H1,,,,"H1","HH_door_receiver",1.0,"HH1_door_1","open"
293,3613,2024-08-23T13:18:15,,H1,,,,"H1","HH_door_receiver",1.0,"HH1_door_1","open"
294,3613,2024-08-23T13:28:14,,H1,,,,"H1","HH_door_receiver",1.0,"HH1_door_1","open"
295,3613,2024-08-23T13:38:08,,H1,,,,"H1","HH_door_receiver",1.0,"HH1_door_1","open"
296,3613,2024-08-23T13:48:03,,H1,,,,"H1","HH_door_receiver",1.0,"HH1_door_1","open"
297,3613,2024-08-23T13:58:18,,H1,,,,"H1","HH_door_receiver",1.0,"HH1_door_1","open"
298,3613,2024-08-23T14:08:10,,H1,,,,"H1","HH_door_receiver",1.0,"HH1_door_1","open"
299,3613,2024-08-23T14:18:41,,H1,,,,"H1","HH_door_receiver",1.0,"HH1_door_1","open"
300,3613,2024-08-23T14:28:33,,H1,,,,"H1","HH_door_receiver",1.0,"HH1_door_1","open"
301,3613,2024-08-23T14:38:33,,H1,,,,"H1","HH_door_receiver",1.0,"HH1_door_1","open"
302,3613,2024-08-23T14:48:27,,H1,,,,"H1","HH_door_receiver",1.0,"HH1_door_1","open"
303,3613,2024-08-23T14:58:23,,H1,,,,"H1","HH_door_receiver",1.0,"HH1_door_1","open"
304,3613,2024-08-23T15:08:18,,H1,,,,"H1","HH_door_receiver",1.0,"HH1_door_1","open"
305,3613,2024-08-23T15:18:23,,H1,,,,"H1","HH_door_receiver",1.0,"HH1_door_1","open"
306,3613,2024-08-23T15:28:17,,H1,,,,"H1","HH_door_receiver",1.0,"HH1_door_1","open"
307,3613,2024-08-23T15:38:22,,H1,,,,"H1","HH_door_receiver",1.0,"HH1_door_1","open"
308,3613,2024-08-23T15:48:15,,H1,,,,"H1","HH_door_receiver",1.0,"HH1_door_1","open"
309,3613,2024-08-23T15:58:14,,H1,,,,"H1","HH_door_receiver",1.0,"HH1_door_1","open"
310,3613,2024-08-23T16:08:06,,H1,,,,"H1","HH_door_receiver",1.0,"HH1_door_1","open"
311,3613,2024-08-23T16:18:06,,H1,,,,"H1","HH_door_receiver",1.0,"HH1_door_1","open"
312,3613,2024-08-23T16:28:10,,H1,,,,"H1","HH_door_receiver",1.0,"HH1_door_1","open"
313,3613,2024-08-23T16:38:03,,H1,,,,"H1","HH_door_receiver",1.0,"HH1_door_1","open"
314,3613,2024-08-23T16:48:01,,H1,,,,"H1","HH_door_receiver",1.0,"HH1_door_1","open"
315,3613,2024-08-23T16:57:59,,H1,,,,"H1","HH_door_receiver",1.0,"HH1_door_1","open"
316,3613,2024-08-23T17:07:53,,H1,,,,"H1","HH_door_receiver",1.0,"HH1_door_1","open"
317,3613,2024-08-23T17:17:48,,H1,,,,"H1","HH_door_receiver",1.0,"HH1_door_1","open"
318,3613,2024-08-23T17:27:43,,H1,,,,"H1","HH_door_receiver",1.0,"HH1_door_1","open"
319,3613,2024-08-23T17:37:42,,H1,,,,"H1","HH_door_receiver",1.0,"HH1_door_1","open"
320,3613,2024-08-23T17:47:40,,H1,,,,"H1","HH_door_receiver",1.0,"HH1_door_1","open"
321,3613,2024-08-23T17:57:33,,H1,,,,"H1","HH_door_receiver",1.0,"HH1_door_1","open"
322,3613,2024-08-23T18:07:40,,H1,,,,"H1","HH_door_receiver",0.0,"HH1_door_1","closed"
323,3613,2024-08-23T18:17:33,,H1,,,,"H1","HH_door_receiver",0.0,"HH1_door_1","closed"
324,3613,2024-08-23T18:27:32,,H1,,,,"H1","HH_door_receiver",1.0,"HH1_door_1","open"
325,3613,2024-08-23T18:37:25,,H1,,,,"H1","HH_door_receiver",1.0,"HH1_door_1","open"
326,3613,2024-08-23T18:47:24,,H1,,,,"H1","HH_door_receiver",1.0,"HH1_door_1","open"
327,3613,2024-08-23T18:57:18,,H1,,,,"H1","HH_door_receiver",1.0,"HH1_door_1","open"
328,3613,2024-08-23T19:07:23,,H1,,,,"H1","HH_door_receiver",1.0,"HH1_door_1","open"
329,3613,2024-08-23T19:17:17,,H1,,,,"H1","HH_door_receiver",1.0,"HH1_door_1","open"
330,3613,2024-08-23T19:27:12,,H1,,,,"H1","HH_door_receiver",1.0,"HH1_door_1","open"
331,3613,2024-08-23T19:37:07,,H1,,,,"H1","HH_door_receiver",1.0,"HH1_door_1","open"
332,3613,2024-08-23T19:47:01,,H1,,,,"H1","HH_door_receiver",1.0,"HH1_door_1","open"
333,3613,2024-08-23T19:57:00,,H1,,,,"H1","HH_door_receiver",1.0,"HH1_door_1","open"
334,3613,2024-08-23T20:06:56,,H1,,,,"H1","HH_door_receiver",1.0,"HH1_door_1","open"
335,3613,2024-08-23T20:16:51,,H1,,,,"H1","HH_door_receiver",1.0,"HH1_door_1","open"
336,3613,2024-08-23T20:26:47,,H1,,,,"H1","HH_door_receiver",1.0,"HH1_door_1","open"
337,3613,2024-08-23T20:36:46,,H1,,,,"H1","HH_door_receiver",1.0,"HH1_door_1","open"
338,3613,2024-08-23T20:46:40,,H1,,,,"H1","HH_door_receiver",1.0,"HH1_door_1","open"
339,3613,2024-08-23T20:56:40,,H1,,,,"H1","HH_door_receiver",1.0,"HH1_door_1","open"
340,3613,2024-08-23T21:06:34,,H1,,,,"H1","HH_door_receiver",1.0,"HH1_door_1","open"
341,3613,2024-08-23T21:16:31,,H1,,,,"H1","HH_door_receiver",1.0,"HH1_door_1","open"
342,3613,2024-08-23T21:26:36,,H1,,,,"H1","HH_door_receiver",1.0,"HH1_door_1","open"
343,3613,2024-08-23T21:36:33,,H1,,,,"H1","HH_door_receiver",1.0,"HH1_door_1","open"
344,3613,2024-08-23T21:46:32,,H1,,,,"H1","HH_door_receiver",1.0,"HH1_door_1","open"
345,3613,2024-08-23T21:56:30,,H1,,,,"H1","HH_door_receiver",1.0,"HH1_door_1","open"
346,3613,2024-08-23T22:06:24,,H1,,,,"H1","HH_door_receiver",1.0,"HH1_door_1","open"
347,3613,2024-08-23T22:16:19,,H1,,,,"H1","HH_door_receiver",1.0,"HH1_door_1","open"
348,3613,2024-08-23T22:26:18,,H1,,,,"H1","HH_door_receiver",1.0,"HH1_door_1","open"
349,3613,2024-08-23T22:36:22,,H1,,,,"H1","HH_door_receiver",1.0,"HH1_door_1","open"
350,3613,2024-08-23T22:46:18,,H1,,,,"H1","HH_door_receiver",1.0,"HH1_door_1","open"
351,3613,2024-08-23T22:56:12,,H1,,,,"H1","HH_door_receiver",1.0,"HH1_door_1","open"
352,3613,2024-08-23T23:06:27,,H1,,,,"H1","HH_door_receiver",1.0,"HH1_door_1","open"
353,3613,2024-08-23T23:16:20,,H1,,,,"H1","HH_door_receiver",1.0,"HH1_door_1","open"
354,3613,2024-08-23T23:26:15,,H1,,,,"H1","HH_door_receiver",1.0,"HH1_door_1","open"
355,3613,2024-08-23T23:36:10,,H1,,,,"H1","HH_door_receiver",0.0,"HH1_door_1","closed"
356,3613,2024-08-23T23:46:07,,H1,,,,"H1","HH_door_receiver",0.0,"HH1_door_1","closed"
357,3613,2024-08-23T23:56:01,,H1,,,,"H1","HH_door_receiver",0.0,"HH1_door_1","closed"
358,3613,2024-08-24T00:06:08,,H1,,,,"H1","HH_door_receiver",0.0,"HH1_door_1","closed"
359,3613,2024-08-24T00:16:01,,H1,,,,"H1","HH_door_receiver",0.0,"HH1_door_1","closed"
360,3613,2024-08-24T00:25:58,,H1,,,,"H1","HH_door_receiver",0.0,"HH1_door_1","closed"
361,3613,2024-08-24T00:35:51,,H1,,,,"H1","HH_door_receiver",0.0,"HH1_door_1","closed"
362,3613,2024-08-24T00:45:55,,H1,,,,"H1","HH_door_receiver",0.0,"HH1_door_1","closed"
363,3613,2024-08-24T00:55:52,,H1,,,,"H1","HH_door_receiver",0.0,"HH1_door_1","closed"
364,3613,2024-08-24T01:05:44,,H1,,,,"H1","HH_door_receiver",0.0,"HH1_door_1","closed"
365,3613,2024-08-24T01:15:41,,H1,,,,"H1","HH_door_receiver",0.0,"HH1_door_1","closed"
366,3613,2024-08-24T01:25:40,,H1,,,,"H1","HH_door_receiver",0.0,"HH1_door_1","closed"
367,3613,2024-08-24T01:35:38,,H1,,,,"H1","HH_door_receiver",0.0,"HH1_door_1","closed"
368,3613,2024-08-24T01:45:36,,H1,,,,"H1","HH_door_receiver",0.0,"HH1_door_1","closed"
369,3613,2024-08-24T01:55:34,,H1,,,,"H1","HH_door_receiver",0.0,"HH1_door_1","closed"
370,3613,2024-08-24T02:05:48,,H1,,,,"H1","HH_door_receiver",0.0,"HH1_door_1","closed"
371,3613,2024-08-24T02:15:39,,H1,,,,"H1","HH_door_receiver",0.0,"HH1_door_1","closed"
372,3613,2024-08-24T02:25:34,,H1,,,,"H1","HH_door_receiver",1.0,"HH1_door_1","open"
373,3613,2024-08-24T02:35:39,,H1,,,,"H1","HH_door_receiver",1.0,"HH1_door_1","open"
374,3613,2024-08-24T02:45:42,,H1,,,,"H1","HH_door_receiver",1.0,"HH1_door_1","open"
375,3613,2024-08-24T02:55:34,,H1,,,,"H1","HH_door_receiver",1.0,"HH1_door_1","open"
376,3613,2024-08-24T03:05:41,,H1,,,,"H1","HH_door_receiver",1.0,"HH1_door_1","open"
377,3613,2024-08-24T03:15:35,,H1,,,,"H1","HH_door_receiver",1.0,"HH1_door_1","open"
378,3613,2024-08-24T03:25:29,,H1,,,,"H1","HH_door_receiver",1.0,"HH1_door_1","open"
379,3613,2024-08-24T03:35:28,,H1,,,,"H1","HH_door_receiver",1.0,"HH1_door_1","open"
380,3613,2024-08-24T03:45:32,,H1,,,,"H1","HH_door_receiver",1.0,"HH1_door_1","open"
381,3613,2024-08-24T03:55:24,,H1,,,,"H1","HH_door_receiver",1.0,"HH1_door_1","open"
382,3613,2024-08-24T04:05:18,,H1,,,,"H1","HH_door_receiver",1.0,"HH1_door_1","open"
383,3613,2024-08-24T04:15:23,,H1,,,,"H1","HH_door_receiver",1.0,"HH1_door_1","open"
384,3613,2024-08-24T04:25:16,,H1,,,,"H1","HH_door_receiver",1.0,"HH1_door_1","open"
385,3613,2024-08-24T04:35:11,,H1,,,,"H1","HH_door_receiver",1.0,"HH1_door_1","open"
386,3613,2024-08-24T04:45:06,,H1,,,,"H1","HH_door_receiver",1.0,"HH1_door_1","open"
387,3613,2024-08-24T04:55:00,,H1,,,,"H1","HH_door_receiver",1.0,"HH1_door_1","open"
388,3613,2024-08-24T05:04:55,,H1,,,,"H1","HH_door_receiver",1.0,"HH1_door_1","open"
389,3613,2024-08-24T05:14:50,,H1,,,,"H1","HH_door_receiver",1.0,"HH1_door_1","open"
390,3613,2024-08-24T05:24:45,,H1,,,,"H1","HH_door_receiver",1.0,"HH1_door_1","open"
391,3613,2024-08-24T05:34:50,,H1,,,,"H1","HH_door_receiver",1.0,"HH1_door_1","open"
392,3613,2024-08-24T05:44:46,,H1,,,,"H1","HH_door_receiver",1.0,"HH1_door_1","open"
393,3613,2024-08-24T05:54:45,,H1,,,,"H1","HH_door_receiver",1.0,"HH1_door_1","open"
394,3613,2024-08-24T06:04:59,,H1,,,,"H1","HH_door_receiver",1.0,"HH1_door_1","open"
395,3613,2024-08-24T06:14:57,,H1,,,,"H1","HH_door_receiver",1.0,"HH1_door_1","open"
396,3613,2024-08-24T06:25:00,,H1,,,,"H1","HH_door_receiver",1.0,"HH1_door_1","open"
397,3613,2024-08-24T06:34:54,,H1,,,,"H1","HH_door_receiver",1.0,"HH1_door_1","open"
398,3613,2024-08-24T06:44:49,,H1,,,,"H1","HH_door_receiver",1.0,"HH1_door_1","open"
399,3613,2024-08-24T06:54:43,,H1,,,,"H1","HH_door_receiver",1.0,"HH1_door_1","open"
400,3613,2024-08-24T07:04:40,,H1,,,,"H1","HH_door_receiver",1.0,"HH1_door_1","open"
401,3613,2024-08-24T07:14:36,,H1,,,,"H1","HH_door_receiver",1.0,"HH1_door_1","open"
402,3613,2024-08-24T07:24:34,,H1,,,,"H1","HH_door_receiver",1.0,"HH1_door_1","open"
403,3613,2024-08-24T07:34:28,,H1,,,,"H1","HH_door_receiver",1.0,"HH1_door_1","open"
404,3613,2024-08-24T07:44:27,,H1,,,,"H1","HH_door_receiver",1.0,"HH1_door_1","open"
405,3613,2024-08-24T07:54:19,,H1,,,,"H1","HH_door_receiver",1.0,"HH1_door_1","open"
406,3613,2024-08-24T08:04:14,,H1,,,,"H1","HH_door_receiver",1.0,"HH1_door_1","open"
407,3613,2024-08-24T08:14:20,,H1,,,,"H1","HH_door_receiver",1.0,"HH1_door_1","open"
408,3613,2024-08-24T08:24:17,,H1,,,,"H1","HH_door_receiver",1.0,"HH1_door_1","open"
409,3613,2024-08-24T08:34:22,,H1,,,,"H1","HH_door_receiver",1.0,"HH1_door_1","open"
410,3613,2024-08-24T08:44:17,,H1,,,,"H1","HH_door_receiver",1.0,"HH1_door_1","open"
411,3613,2024-08-24T08:54:10,,H1,,,,"H1","HH_door_receiver",1.0,"HH1_door_1","open"
412,3613,2024-08-24T09:04:09,,H1,,,,"H1","HH_door_receiver",1.0,"HH1_door_1","open"
413,3613,2024-08-24T09:14:02,,H1,,,,"H1","HH_door_receiver",1.0,"HH1_door_1","open"
414,3613,2024-08-24T09:23:56,,H1,,,,"H1","HH_door_receiver",1.0,"HH1_door_1","open"
415,3613,2024-08-24T09:33:52,,H1,,,,"H1","HH_door_receiver",1.0,"HH1_door_1","open"
416,3613,2024-08-24T09:43:47,,H1,,,,"H1","HH_door_receiver",1.0,"HH1_door_1","open"
417,3613,2024-08-24T09:53:41,,H1,,,,"H1","HH_door_receiver",1.0,"HH1_door_1","open"
418,3613,2024-08-24T10:03:36,,H1,,,,"H1","HH_door_receiver",1.0,"HH1_door_1","open"
419,3613,2024-08-24T10:13:33,,H1,,,,"H1","HH_door_receiver",0.0,"HH1_door_1","closed"
420,3613,2024-08-24T10:23:28,,H1,,,,"H1","HH_door_receiver",1.0,"HH1_door_1","open"
421,3613,2024-08-24T10:33:33,,H1,,,,"H1","HH_door_receiver",1.0,"HH1_door_1","open"
422,3613,2024-08-24T10:43:27,,H1,,,,"H1","HH_door_receiver",1.0,"HH1_door_1","open"
423,3613,2024-08-24T10:53:21,,H1,,,,"H1","HH_door_receiver",1.0,"HH1_door_1","open"
424,3613,2024-08-24T11:03:17,,H1,,,,"H1","HH_door_receiver",1.0,"HH1_door_1","open"
425,3613,2024-08-24T11:13:12,,H1,,,,"H1","HH_door_receiver",1.0,"HH1_door_1","open"
426,3613,2024-08-24T11:23:11,,H1,,,,"H1","HH_door_receiver",1.0,"HH1_door_1","open"
427,3613,2024-08-24T11:33:09,,H1,,,,"H1","HH_door_receiver",1.0,"HH1_door_1","open"
428,3613,2024-08-24T11:43:02,,H1,,,,"H1","HH_door_receiver",1.0,"HH1_door_1","open"
429,3613,2024-08-24T12:02:53,,H1,,,,"H1","HH_door_receiver",1.0,"HH1_door_1","open"
430,3613,2024-08-24T12:12:52,,H1,,,,"H1","HH_door_receiver",1.0,"HH1_door_1","open"
431,3613,2024-08-24T12:22:50,,H1,,,,"H1","HH_door_receiver",1.0,"HH1_door_1","open"
432,3613,2024-08-24T12:32:48,,H1,,,,"H1","HH_door_receiver",1.0,"HH1_door_1","open"
433,3613,2024-08-24T12:42:43,,H1,,,,"H1","HH_door_receiver",1.0,"HH1_door_1","open"
434,3613,2024-08-24T12:52:37,,H1,,,,"H1","HH_door_receiver",1.0,"HH1_door_1","open"
435,3613,2024-08-24T13:02:32,,H1,,,,"H1","HH_door_receiver",1.0,"HH1_door_1","open"
436,3613,2024-08-24T13:12:38,,H1,,,,"H1","HH_door_receiver",1.0,"HH1_door_1","open"
437,3613,2024-08-24T13:22:30,,H1,,,,"H1","HH_door_receiver",1.0,"HH1_door_1","open"
438,3613,2024-08-24T13:32:25,,H1,,,,"H1","HH_door_receiver",1.0,"HH1_door_1","open"
439,3613,2024-08-24T13:42:30,,H1,,,,"H1","HH_door_receiver",1.0,"HH1_door_1","open"
440,3613,2024-08-24T13:52:27,,H1,,,,"H1","HH_door_receiver",1.0,"HH1_door_1","open"
441,3613,2024-08-24T14:02:20,,H1,,,,"H1","HH_door_receiver",1.0,"HH1_door_1","open"
442,3613,2024-08-24T14:12:26,,H1,,,,"H1","HH_door_receiver",1.0,"HH1_door_1","open"
443,3613,2024-08-24T14:22:22,,H1,,,,"H1","HH_door_receiver",1.0,"HH1_door_1","open"
444,3613,2024-08-24T14:32:16,,H1,,,,"H1","HH_door_receiver",1.0,"HH1_door_1","open"
445,3613,2024-08-24T14:42:11,,H1,,,,"H1","HH_door_receiver",1.0,"HH1_door_1","open"
446,3613,2024-08-24T14:52:06,,H1,,,,"H1","HH_door_receiver",1.0,"HH1_door_1","open"
447,3613,2024-08-24T15:02:01,,H1,,,,"H1","HH_door_receiver",0.0,"HH1_door_1","closed"
448,3613,2024-08-24T15:11:56,,H1,,,,"H1","HH_door_receiver",0.0,"HH1_door_1","closed"
449,3613,2024-08-24T15:21:52,,H1,,,,"H1","HH_door_receiver",1.0,"HH1_door_1","open"
450,3613,2024-08-24T15:31:47,,H1,,,,"H1","HH_door_receiver",1.0,"HH1_door_1","open"
451,3613,2024-08-24T15:41:42,,H1,,,,"H1","HH_door_receiver",1.0,"HH1_door_1","open"
452,3613,2024-08-24T15:51:47,,H1,,,,"H1","HH_door_receiver",1.0,"HH1_door_1","open"
453,3613,2024-08-24T16:01:50,,H1,,,,"H1","HH_door_receiver",1.0,"HH1_door_1","open"
454,3613,2024-08-24T16:11:43,,H1,,,,"H1","HH_door_receiver",1.0,"HH1_door_1","open"
455,3613,2024-08-24T16:21:47,,H1,,,,"H1","HH_door_receiver",1.0,"HH1_door_1","open"
456,3613,2024-08-24T16:31:40,,H1,,,,"H1","HH_door_receiver",1.0,"HH1_door_1","open"
457,3613,2024-08-24T16:41:36,,H1,,,,"H1","HH_door_receiver",1.0,"HH1_door_1","open"
458,3613,2024-08-24T16:51:41,,H1,,,,"H1","HH_door_receiver",1.0,"HH1_door_1","open"
459,3613,2024-08-24T17:01:34,,H1,,,,"H1","HH_door_receiver",1.0,"HH1_door_1","open"
460,3613,2024-08-24T17:11:29,,H1,,,,"H1","HH_door_receiver",1.0,"HH1_door_1","open"
461,3613,2024-08-24T17:21:25,,H1,,,,"H1","HH_door_receiver",1.0,"HH1_door_1","open"
462,3613,2024-08-24T17:31:34,,H1,,,,"H1","HH_door_receiver",1.0,"HH1_door_1","open"
463,3613,2024-08-24T17:41:30,,H1,,,,"H1","HH_door_receiver",1.0,"HH1_door_1","open"
464,3613,2024-08-24T18:01:28,,H1,,,,"H1","HH_door_receiver",1.0,"HH1_door_1","open"
465,3613,2024-08-24T18:11:26,,H1,,,,"H1","HH_door_receiver",1.0,"HH1_door_1","open"
466,3613,2024-08-24T18:21:20,,H1,,,,"H1","HH_door_receiver",1.0,"HH1_door_1","open"
467,3613,2024-08-24T18:31:19,,H1,,,,"H1","HH_door_receiver",0.0,"HH1_door_1","closed"
468,3613,2024-08-24T18:41:17,,H1,,,,"H1","HH_door_receiver",0.0,"HH1_door_1","closed"
469,3613,2024-08-24T18:51:14,,H1,,,,"H1","HH_door_receiver",0.0,"HH1_door_1","closed"
470,3613,2024-08-24T19:01:07,,H1,,,,"H1","HH_door_receiver",0.0,"HH1_door_1","closed"
471,3613,2024-08-24T19:11:07,,H1,,,,"H1","HH_door_receiver",0.0,"HH1_door_1","closed"
472,3613,2024-08-24T19:21:04,,H1,,,,"H1","HH_door_receiver",0.0,"HH1_door_1","closed"
473,3613,2024-08-24T19:31:00,,H1,,,,"H1","HH_door_receiver",0.0,"HH1_door_1","closed"
474,3613,2024-08-24T19:40:54,,H1,,,,"H1","HH_door_receiver",0.0,"HH1_door_1","closed"
475,3613,2024-08-24T19:50:49,,H1,,,,"H1","HH_door_receiver",1.0,"HH1_door_1","open"
476,3613,2024-08-24T20:00:54,,H1,,,,"H1","HH_door_receiver",1.0,"HH1_door_1","open"
477,3613,2024-08-24T20:10:57,,H1,,,,"H1","HH_door_receiver",1.0,"HH1_door_1","open"
478,3613,2024-08-24T20:21:01,,H1,,,,"H1","HH_door_receiver",1.0,"HH1_door_1","open"
479,3613,2024-08-24T20:31:04,,H1,,,,"H1","HH_door_receiver",1.0,"HH1_door_1","open"
480,3613,2024-08-24T20:40:58,,H1,,,,"H1","HH_door_receiver",1.0,"HH1_door_1","open"
481,3613,2024-08-24T20:50:57,,H1,,,,"H1","HH_door_receiver",1.0,"HH1_door_1","open"
482,3613,2024-08-24T21:01:00,,H1,,,,"H1","HH_door_receiver",1.0,"HH1_door_1","open"
483,3613,2024-08-24T21:11:03,,H1,,,,"H1","HH_door_receiver",1.0,"HH1_door_1","open"
484,3613,2024-08-24T21:21:06,,H1,,,,"H1","HH_door_receiver",1.0,"HH1_door_1","open"
485,3613,2024-08-24T21:31:04,,H1,,,,"H1","HH_door_receiver",1.0,"HH1_door_1","open"
486,3613,2024-08-24T21:40:59,,H1,,,,"H1","HH_door_receiver",1.0,"HH1_door_1","open"
487,3613,2024-08-24T21:51:04,,H1,,,,"H1","HH_door_receiver",1.0,"HH1_door_1","open"
488,3613,2024-08-24T22:00:57,,H1,,,,"H1","HH_door_receiver",1.0,"HH1_door_1","open"
489,3613,2024-08-24T22:10:56,,H1,,,,"H1","HH_door_receiver",1.0,"HH1_door_1","open"
490,3613,2024-08-24T22:21:00,,H1,,,,"H1","HH_door_receiver",1.0,"HH1_door_1","open"
491,3613,2024-08-24T22:30:52,,H1,,,,"H1","HH_door_receiver",1.0,"HH1_door_1","open"
492,3613,2024-08-24T22:40:52,,H1,,,,"H1","HH_door_receiver",0.0,"HH1_door_1","closed"
493,3613,2024-08-24T22:50:52,,H1,,,,"H1","HH_door_receiver",0.0,"HH1_door_1","closed"
494,3613,2024-08-24T23:00:44,,H1,,,,"H1","HH_door_receiver",0.0,"HH1_door_1","closed"
495,3613,2024-08-24T23:10:43,,H1,,,,"H1","HH_door_receiver",0.0,"HH1_door_1","closed"
496,3613,2024-08-24T23:20:48,,H1,,,,"H1","HH_door_receiver",0.0,"HH1_door_1","closed"
497,3613,2024-08-24T23:30:45,,H1,,,,"H1","HH_door_receiver",0.0,"HH1_door_1","closed"
498,3613,2024-08-24T23:40:50,,H1,,,,"H1","HH_door_receiver",0.0,"HH1_door_1","closed"
499,3613,2024-08-24T23:50:46,,H1,,,,"H1","HH_door_receiver",0.0,"HH1_door_1","closed"
500,3613,2024-08-25T00:00:49,,H1,,,,"H1","HH_door_receiver",0.0,"HH1_door_1","closed"
501,3613,2024-08-25T00:10:43,,H1,,,,"H1","HH_door_receiver",0.0,"HH1_door_1","closed"
502,3613,2024-08-25T00:20:38,,H1,,,,"H1","HH_door_receiver",0.0,"HH1_door_1","closed"
503,3613,2024-08-25T00:30:36,,H1,,,,"H1","HH_door_receiver",0.0,"HH1_door_1","closed"
504,3613,2024-08-25T00:40:29,,H1,,,,"H1","HH_door_receiver",0.0,"HH1_door_1","closed"
505,3613,2024-08-25T00:50:34,,H1,,,,"H1","HH_door_receiver",0.0,"HH1_door_1","closed"
506,3613,2024-08-25T01:00:26,,H1,,,,"H1","HH_door_receiver",0.0,"HH1_door_1","closed"
507,3613,2024-08-25T01:10:25,,H1,,,,"H1","HH_door_receiver",0.0,"HH1_door_1","closed"
508,3613,2024-08-25T01:20:19,,H1,,,,"H1","HH_door_receiver",0.0,"HH1_door_1","closed"
509,3613,2024-08-25T01:30:15,,H1,,,,"H1","HH_door_receiver",0.0,"HH1_door_1","closed"
510,3613,2024-08-25T01:40:24,,H1,,,,"H1","HH_door_receiver",0.0,"HH1_door_1","closed"
511,3613,2024-08-25T01:50:16,,H1,,,,"H1","HH_door_receiver",0.0,"HH1_door_1","closed"
512,3613,2024-08-25T02:00:12,,H1,,,,"H1","HH_door_receiver",0.0,"HH1_door_1","closed"
513,3613,2024-08-25T02:10:08,,H1,,,,"H1","HH_door_receiver",0.0,"HH1_door_1","closed"
514,3613,2024-08-25T02:30:10,,H1,,,,"H1","HH_door_receiver",0.0,"HH1_door_1","closed"
515,3613,2024-08-25T02:40:03,,H1,,,,"H1","HH_door_receiver",0.0,"HH1_door_1","closed"
516,3613,2024-08-25T02:50:02,,H1,,,,"H1","HH_door_receiver",0.0,"HH1_door_1","closed"
517,3613,2024-08-25T02:59:56,,H1,,,,"H1","HH_door_receiver",0.0,"HH1_door_1","closed"
518,3613,2024-08-25T03:09:50,,H1,,,,"H1","HH_door_receiver",0.0,"HH1_door_1","closed"
519,3613,2024-08-25T03:19:46,,H1,,,,"H1","HH_door_receiver",0.0,"HH1_door_1","closed"
520,3613,2024-08-25T03:29:53,,H1,,,,"H1","HH_door_receiver",0.0,"HH1_door_1","closed"
521,3613,2024-08-25T03:39:46,,H1,,,,"H1","HH_door_receiver",0.0,"HH1_door_1","closed"
522,3613,2024-08-25T03:49:41,,H1,,,,"H1","HH_door_receiver",0.0,"HH1_door_1","closed"
523,3613,2024-08-25T03:59:40,,H1,,,,"H1","HH_door_receiver",0.0,"HH1_door_1","closed"
524,3613,2024-08-25T04:09:39,,H1,,,,"H1","HH_door_receiver",0.0,"HH1_door_1","closed"
525,3613,2024-08-25T04:19:31,,H1,,,,"H1","HH_door_receiver",0.0,"HH1_door_1","closed"
526,3613,2024-08-25T04:29:36,,H1,,,,"H1","HH_door_receiver",0.0,"HH1_door_1","closed"
527,3613,2024-08-25T04:39:28,,H1,,,,"H1","HH_door_receiver",0.0,"HH1_door_1","closed"
528,3613,2024-08-25T04:49:25,,H1,,,,"H1","HH_door_receiver",0.0,"HH1_door_1","closed"
529,3613,2024-08-25T04:59:19,,H1,,,,"H1","HH_door_receiver",0.0,"HH1_door_1","closed"
530,3613,2024-08-25T05:09:14,,H1,,,,"H1","HH_door_receiver",0.0,"HH1_door_1","closed"
531,3613,2024-08-25T05:19:13,,H1,,,,"H1","HH_door_receiver",0.0,"HH1_door_1","closed"
532,3613,2024-08-25T05:29:10,,H1,,,,"H1","HH_door_receiver",0.0,"HH1_door_1","closed"
533,3613,2024-08-25T05:39:08,,H1,,,,"H1","HH_door_receiver",0.0,"HH1_door_1","closed"
534,3613,2024-08-25T05:49:01,,H1,,,,"H1","HH_door_receiver",0.0,"HH1_door_1","closed"
535,3613,2024-08-25T05:58:56,,H1,,,,"H1","HH_door_receiver",0.0,"HH1_door_1","closed"
536,3613,2024-08-25T06:08:52,,H1,,,,"H1","HH_door_receiver",0.0,"HH1_door_1","closed"
537,3613,2024-08-25T06:18:46,,H1,,,,"H1","HH_door_receiver",0.0,"HH1_door_1","closed"
538,3613,2024-08-25T06:28:41,,H1,,,,"H1","HH_door_receiver",0.0,"HH1_door_1","closed"
539,3613,2024-08-25T06:38:37,,H1,,,,"H1","HH_door_receiver",0.0,"HH1_door_1","closed"
540,3613,2024-08-25T06:48:37,,H1,,,,"H1","HH_door_receiver",0.0,"HH1_door_1","closed"
541,3613,2024-08-25T06:58:32,,H1,,,,"H1","HH_door_receiver",0.0,"HH1_door_1","closed"
542,3613,2024-08-25T07:08:26,,H1,,,,"H1","HH_door_receiver",0.0,"HH1_door_1","closed"
543,3613,2024-08-25T07:18:20,,H1,,,,"H1","HH_door_receiver",0.0,"HH1_door_1","closed"
544,3613,2024-08-25T07:28:35,,H1,,,,"H1","HH_door_receiver",0.0,"HH1_door_1","closed"
545,3613,2024-08-25T07:38:28,,H1,,,,"H1","HH_door_receiver",0.0,"HH1_door_1","closed"
546,3613,2024-08-25T07:48:22,,H1,,,,"H1","HH_door_receiver",0.0,"HH1_door_1","closed"
547,3613,2024-08-25T07:58:17,,H1,,,,"H1","HH_door_receiver",0.0,"HH1_door_1","closed"
548,3613,2024-08-25T08:08:16,,H1,,,,"H1","HH_door_receiver",1.0,"HH1_door_1","open"
549,3613,2024-08-25T08:18:10,,H1,,,,"H1","HH_door_receiver",1.0,"HH1_door_1","open"
550,3613,2024-08-25T08:28:25,,H1,,,,"H1","HH_door_receiver",1.0,"HH1_door_1","open"
551,3613,2024-08-25T08:38:27,,H1,,,,"H1","HH_door_receiver",1.0,"HH1_door_1","open"
552,3613,2024-08-25T08:48:30,,H1,,,,"H1","HH_door_receiver",1.0,"HH1_door_1","open"
553,3613,2024-08-25T08:58:34,,H1,,,,"H1","HH_door_receiver",1.0,"HH1_door_1","open"
554,3613,2024-08-25T09:08:32,,H1,,,,"H1","HH_door_receiver",1.0,"HH1_door_1","open"
555,3613,2024-08-25T09:18:36,,H1,,,,"H1","HH_door_receiver",1.0,"HH1_door_1","open"
556,3613,2024-08-25T09:28:28,,H1,,,,"H1","HH_door_receiver",1.0,"HH1_door_1","open"
557,3613,2024-08-25T09:38:23,,H1,,,,"H1","HH_door_receiver",1.0,"HH1_door_1","open"
558,3613,2024-08-25T09:48:18,,H1,,,,"H1","HH_door_receiver",1.0,"HH1_door_1","open"
559,3613,2024-08-25T09:58:18,,H1,,,,"H1","HH_door_receiver",1.0,"HH1_door_1","open"
560,3613,2024-08-25T10:08:12,,H1,,,,"H1","HH_door_receiver",1.0,"HH1_door_1","open"
561,3613,2024-08-25T10:18:06,,H1,,,,"H1","HH_door_receiver",1.0,"HH1_door_1","open"
562,3613,2024-08-25T10:28:02,,H1,,,,"H1","HH_door_receiver",1.0,"HH1_door_1","open"
563,3613,2024-08-25T10:38:08,,H1,,,,"H1","HH_door_receiver",1.0,"HH1_door_1","open"
564,3613,2024-08-25T10:48:01,,H1,,,,"H1","HH_door_receiver",1.0,"HH1_door_1","open"
565,3613,2024-08-25T10:58:06,,H1,,,,"H1","HH_door_receiver",1.0,"HH1_door_1","open"
566,3613,2024-08-25T11:08:02,,H1,,,,"H1","HH_door_receiver",1.0,"HH1_door_1","open"
567,3613,2024-08-25T11:17:58,,H1,,,,"H1","HH_door_receiver",1.0,"HH1_door_1","open"
568,3613,2024-08-25T11:27:52,,H1,,,,"H1","HH_door_receiver",1.0,"HH1_door_1","open"
569,3613,2024-08-25T11:37:49,,H1,,,,"H1","HH_door_receiver",1.0,"HH1_door_1","open"
570,3613,2024-08-25T11:47:43,,H1,,,,"H1","HH_door_receiver",1.0,"HH1_door_1","open"
571,3613,2024-08-25T11:57:37,,H1,,,,"H1","HH_door_receiver",0.0,"HH1_door_1","closed"
572,3613,2024-08-25T12:07:34,,H1,,,,"H1","HH_door_receiver",0.0,"HH1_door_1","closed"
573,3613,2024-08-25T12:17:28,,H1,,,,"H1","HH_door_receiver",0.0,"HH1_door_1","closed"
574,3613,2024-08-25T12:27:23,,H1,,,,"H1","HH_door_receiver",0.0,"HH1_door_1","closed"
575,3613,2024-08-25T12:37:22,,H1,,,,"H1","HH_door_receiver",0.0,"HH1_door_1","closed"
576,3613,2024-08-25T12:47:19,,H1,,,,"H1","HH_door_receiver",0.0,"HH1_door_1","closed"
577,3613,2024-08-25T12:57:24,,H1,,,,"H1","HH_door_receiver",0.0,"HH1_door_1","closed"
578,3613,2024-08-25T13:07:16,,H1,,,,"H1","HH_door_receiver",0.0,"HH1_door_1","closed"
579,3613,2024-08-25T13:17:12,,H1,,,,"H1","HH_door_receiver",0.0,"HH1_door_1","closed"
580,3613,2024-08-25T13:27:10,,H1,,,,"H1","HH_door_receiver",0.0,"HH1_door_1","closed"
581,3613,2024-08-25T13:37:08,,H1,,,,"H1","HH_door_receiver",0.0,"HH1_door_1","closed"
582,3613,2024-08-25T13:47:04,,H1,,,,"H1","HH_door_receiver",0.0,"HH1_door_1","closed"
583,3613,2024-08-25T13:56:59,,H1,,,,"H1","HH_door_receiver",0.0,"HH1_door_1","closed"
584,3613,2024-08-25T14:06:58,,H1,,,,"H1","HH_door_receiver",0.0,"HH1_door_1","closed"
585,3613,2024-08-25T14:17:12,,H1,,,,"H1","HH_door_receiver",0.0,"HH1_door_1","closed"
586,3613,2024-08-25T14:27:14,,H1,,,,"H1","HH_door_receiver",0.0,"HH1_door_1","closed"
587,3613,2024-08-25T14:37:07,,H1,,,,"H1","HH_door_receiver",0.0,"HH1_door_1","closed"
588,3613,2024-08-25T14:47:02,,H1,,,,"H1","HH_door_receiver",0.0,"HH1_door_1","closed"
589,3613,2024-08-25T14:57:01,,H1,,,,"H1","HH_door_receiver",0.0,"HH1_door_1","closed"
590,3613,2024-08-25T15:06:53,,H1,,,,"H1","HH_door_receiver",0.0,"HH1_door_1","closed"
591,3613,2024-08-25T15:16:58,,H1,,,,"H1","HH_door_receiver",0.0,"HH1_door_1","closed"
592,3613,2024-08-25T15:26:51,,H1,,,,"H1","HH_door_receiver",0.0,"HH1_door_1","closed"
593,3613,2024-08-25T15:36:56,,H1,,,,"H1","HH_door_receiver",0.0,"HH1_door_1","closed"
594,3613,2024-08-25T15:46:50,,H1,,,,"H1","HH_door_receiver",0.0,"HH1_door_1","closed"
595,3613,2024-08-25T15:56:44,,H1,,,,"H1","HH_door_receiver",0.0,"HH1_door_1","closed"
596,3613,2024-08-25T16:06:39,,H1,,,,"H1","HH_door_receiver",0.0,"HH1_door_1","closed"
597,3613,2024-08-25T16:16:34,,H1,,,,"H1","HH_door_receiver",0.0,"HH1_door_1","closed"
598,3613,2024-08-25T16:26:30,,H1,,,,"H1","HH_door_receiver",0.0,"HH1_door_1","closed"
599,3613,2024-08-25T16:36:24,,H1,,,,"H1","HH_door_receiver",0.0,"HH1_door_1","closed"
600,3613,2024-08-25T16:46:28,,H1,,,,"H1","HH_door_receiver",1.0,"HH1_door_1","open"
601,3613,2024-08-25T16:56:24,,H1,,,,"H1","HH_door_receiver",0.0,"HH1_door_1","closed"
602,3613,2024-08-25T17:06:30,,H1,,,,"H1","HH_door_receiver",1.0,"HH1_door_1","open"
603,3613,2024-08-25T17:16:23,,H1,,,,"H1","HH_door_receiver",1.0,"HH1_door_1","open"
604,3613,2024-08-25T17:26:17,,H1,,,,"H1","HH_door_receiver",1.0,"HH1_door_1","open"
605,3613,2024-08-25T17:36:12,,H1,,,,"H1","HH_door_receiver",1.0,"HH1_door_1","open"
606,3613,2024-08-25T17:46:07,,H1,,,,"H1","HH_door_receiver",1.0,"HH1_door_1","open"
607,3613,2024-08-25T17:56:02,,H1,,,,"H1","HH_door_receiver",1.0,"HH1_door_1","open"
608,3613,2024-08-25T18:05:56,,H1,,,,"H1","HH_door_receiver",1.0,"HH1_door_1","open"
609,3613,2024-08-25T18:15:53,,H1,,,,"H1","HH_door_receiver",1.0,"HH1_door_1","open"
610,3613,2024-08-25T18:25:58,,H1,,,,"H1","HH_door_receiver",1.0,"HH1_door_1","open"
611,3613,2024-08-25T18:35:50,,H1,,,,"H1","HH_door_receiver",1.0,"HH1_door_1","open"
612,3613,2024-08-25T18:45:45,,H1,,,,"H1","HH_door_receiver",1.0,"HH1_door_1","open"
613,3613,2024-08-25T18:55:39,,H1,,,,"H1","HH_door_receiver",1.0,"HH1_door_1","open"
614,3613,2024-08-25T19:05:35,,H1,,,,"H1","HH_door_receiver",1.0,"HH1_door_1","open"
615,3613,2024-08-25T19:15:30,,H1,,,,"H1","HH_door_receiver",1.0,"HH1_door_1","open"
616,3613,2024-08-25T19:25:36,,H1,,,,"H1","HH_door_receiver",1.0,"HH1_door_1","open"
617,3613,2024-08-25T19:35:29,,H1,,,,"H1","HH_door_receiver",1.0,"HH1_door_1","open"
618,3613,2024-08-25T19:45:23,,H1,,,,"H1","HH_door_receiver",1.0,"HH1_door_1","open"
619,3613,2024-08-25T20:05:25,,H1,,,,"H1","HH_door_receiver",1.0,"HH1_door_1","open"
620,3613,2024-08-25T20:15:20,,H1,,,,"H1","HH_door_receiver",1.0,"HH1_door_1","open"
621,3613,2024-08-25T20:25:14,,H1,,,,"H1","HH_door_receiver",1.0,"HH1_door_1","open"
622,3613,2024-08-25T20:35:20,,H1,,,,"H1","HH_door_receiver",1.0,"HH1_door_1","open"
623,3613,2024-08-25T20:45:14,,H1,,,,"H1","HH_door_receiver",1.0,"HH1_door_1","open"
624,3613,2024-08-25T20:55:08,,H1,,,,"H1","HH_door_receiver",1.0,"HH1_door_1","open"
625,3613,2024-08-25T21:05:03,,H1,,,,"H1","HH_door_receiver",1.0,"HH1_door_1","open"
626,3613,2024-08-25T21:14:58,,H1,,,,"H1","HH_door_receiver",1.0,"HH1_door_1","open"
627,3613,2024-08-25T21:24:52,,H1,,,,"H1","HH_door_receiver",1.0,"HH1_door_1","open"
628,3613,2024-08-25T21:34:47,,H1,,,,"H1","HH_door_receiver",1.0,"HH1_door_1","open"
629,3613,2024-08-25T21:44:44,,H1,,,,"H1","HH_door_receiver",0.0,"HH1_door_1","closed"
630,3613,2024-08-25T21:54:48,,H1,,,,"H1","HH_door_receiver",0.0,"HH1_door_1","closed"
631,3613,2024-08-25T22:04:45,,H1,,,,"H1","HH_door_receiver",0.0,"HH1_door_1","closed"
632,3613,2024-08-25T22:14:43,,H1,,,,"H1","HH_door_receiver",0.0,"HH1_door_1","closed"
633,3613,2024-08-25T22:24:36,,H1,,,,"H1","HH_door_receiver",0.0,"HH1_door_1","closed"
634,3613,2024-08-25T22:34:31,,H1,,,,"H1","HH_door_receiver",0.0,"HH1_door_1","closed"
635,3613,2024-08-25T22:44:25,,H1,,,,"H1","HH_door_receiver",0.0,"HH1_door_1","closed"
636,3613,2024-08-25T22:54:31,,H1,,,,"H1","HH_door_receiver",0.0,"HH1_door_1","closed"
637,3613,2024-08-25T23:04:24,,H1,,,,"H1","HH_door_receiver",0.0,"HH1_door_1","closed"
638,3613,2024-08-25T23:14:18,,H1,,,,"H1","HH_door_receiver",0.0,"HH1_door_1","closed"
639,3613,2024-08-25T23:24:14,,H1,,,,"H1","HH_door_receiver",0.0,"HH1_door_1","closed"
640,3613,2024-08-25T23:34:30,,H1,,,,"H1","HH_door_receiver",0.0,"HH1_door_1","closed"
641,3613,2024-08-25T23:44:22,,H1,,,,"H1","HH_door_receiver",0.0,"HH1_door_1","closed"
642,3613,2024-08-25T23:54:28,,H1,,,,"H1","HH_door_receiver",0.0,"HH1_door_1","closed"
643,3613,2024-08-26T00:04:21,,H1,,,,"H1","HH_door_receiver",0.0,"HH1_door_1","closed"
644,3613,2024-08-26T00:14:16,,H1,,,,"H1","HH_door_receiver",0.0,"HH1_door_1","closed"
645,3613,2024-08-26T00:24:22,,H1,,,,"H1","HH_door_receiver",0.0,"HH1_door_1","closed"
646,3613,2024-08-26T00:34:15,,H1,,,,"H1","HH_door_receiver",0.0,"HH1_door_1","closed"
647,3613,2024-08-26T00:44:10,,H1,,,,"H1","HH_door_receiver",0.0,"HH1_door_1","closed"
648,3613,2024-08-26T00:54:05,,H1,,,,"H1","HH_door_receiver",0.0,"HH1_door_1","closed"
649,3613,2024-08-26T01:03:59,,H1,,,,"H1","HH_door_receiver",0.0,"HH1_door_1","closed"
650,3613,2024-08-26T01:13:55,,H1,,,,"H1","HH_door_receiver",0.0,"HH1_door_1","closed"
651,3613,2024-08-26T01:23:49,,H1,,,,"H1","HH_door_receiver",0.0,"HH1_door_1","closed"
652,3613,2024-08-26T01:33:44,,H1,,,,"H1","HH_door_receiver",0.0,"HH1_door_1","closed"
653,3613,2024-08-26T01:43:49,,H1,,,,"H1","HH_door_receiver",0.0,"HH1_door_1","closed"
654,3613,2024-08-26T01:53:43,,H1,,,,"H1","HH_door_receiver",0.0,"HH1_door_1","closed"
655,3613,2024-08-26T02:03:38,,H1,,,,"H1","HH_door_receiver",0.0,"HH1_door_1","closed"
656,3613,2024-08-26T02:13:33,,H1,,,,"H1","HH_door_receiver",0.0,"HH1_door_1","closed"
657,3613,2024-08-26T02:23:28,,H1,,,,"H1","HH_door_receiver",0.0,"HH1_door_1","closed"
658,3613,2024-08-26T02:33:23,,H1,,,,"H1","HH_door_receiver",0.0,"HH1_door_1","closed"
659,3613,2024-08-26T02:43:28,,H1,,,,"H1","HH_door_receiver",0.0,"HH1_door_1","closed"
660,3613,2024-08-26T02:53:21,,H1,,,,"H1","HH_door_receiver",0.0,"HH1_door_1","closed"
661,3613,2024-08-26T03:03:16,,H1,,,,"H1","HH_door_receiver",0.0,"HH1_door_1","closed"
662,3613,2024-08-26T03:13:14,,H1,,,,"H1","HH_door_receiver",0.0,"HH1_door_1","closed"
663,3613,2024-08-26T03:23:18,,H1,,,,"H1","HH_door_receiver",0.0,"HH1_door_1","closed"
664,3613,2024-08-26T03:33:15,,H1,,,,"H1","HH_door_receiver",0.0,"HH1_door_1","closed"
665,3613,2024-08-26T03:43:12,,H1,,,,"H1","HH_door_receiver",0.0,"HH1_door_1","closed"
666,3613,2024-08-26T03:53:07,,H1,,,,"H1","HH_door_receiver",0.0,"HH1_door_1","closed"
667,3613,2024-08-26T04:03:02,,H1,,,,"H1","HH_door_receiver",0.0,"HH1_door_1","closed"
668,3613,2024-08-26T04:12:56,,H1,,,,"H1","HH_door_receiver",0.0,"HH1_door_1","closed"
669,3613,2024-08-26T04:23:01,,H1,,,,"H1","HH_door_receiver",0.0,"HH1_door_1","closed"
670,3613,2024-08-26T04:32:55,,H1,,,,"H1","HH_door_receiver",0.0,"HH1_door_1","closed"
671,3613,2024-08-26T04:42:54,,H1,,,,"H1","HH_door_receiver",0.0,"HH1_door_1","closed"
672,3613,2024-08-26T04:52:52,,H1,,,,"H1","HH_door_receiver",0.0,"HH1_door_1","closed"
673,3613,2024-08-26T05:02:45,,H1,,,,"H1","HH_door_receiver",0.0,"HH1_door_1","closed"
674,3613,2024-08-26T05:12:44,,H1,,,,"H1","HH_door_receiver",1.0,"HH1_door_1","open"
675,3613,2024-08-26T05:22:40,,H1,,,,"H1","HH_door_receiver",1.0,"HH1_door_1","open"
676,3613,2024-08-26T05:32:37,,H1,,,,"H1","HH_door_receiver",1.0,"HH1_door_1","open"
677,3613,2024-08-26T05:42:35,,H1,,,,"H1","HH_door_receiver",1.0,"HH1_door_1","open"
678,3613,2024-08-26T05:52:29,,H1,,,,"H1","HH_door_receiver",1.0,"HH1_door_1","open"
679,3613,2024-08-26T06:02:26,,H1,,,,"H1","HH_door_receiver",1.0,"HH1_door_1","open"
680,3613,2024-08-26T06:12:20,,H1,,,,"H1","HH_door_receiver",1.0,"HH1_door_1","open"
681,3613,2024-08-26T06:22:19,,H1,,,,"H1","HH_door_receiver",1.0,"HH1_door_1","open"
682,3613,2024-08-26T06:32:12,,H1,,,,"H1","HH_door_receiver",1.0,"HH1_door_1","open"
683,3613,2024-08-26T06:42:09,,H1,,,,"H1","HH_door_receiver",1.0,"HH1_door_1","open"
684,3613,2024-08-26T06:52:03,,H1,,,,"H1","HH_door_receiver",1.0,"HH1_door_1","open"
685,3613,2024-08-26T07:01:57,,H1,,,,"H1","HH_door_receiver",1.0,"HH1_door_1","open"
686,3613,2024-08-26T07:11:52,,H1,,,,"H1","HH_door_receiver",1.0,"HH1_door_1","open"
687,3613,2024-08-26T07:21:47,,H1,,,,"H1","HH_door_receiver",0.0,"HH1_door_1","closed"
688,3613,2024-08-26T07:31:42,,H1,,,,"H1","HH_door_receiver",1.0,"HH1_door_1","open"
689,3613,2024-08-26T07:41:37,,H1,,,,"H1","HH_door_receiver",1.0,"HH1_door_1","open"
690,3613,2024-08-26T07:51:31,,H1,,,,"H1","HH_door_receiver",1.0,"HH1_door_1","open"
691,3613,2024-08-26T08:01:30,,H1,,,,"H1","HH_door_receiver",0.0,"HH1_door_1","closed"
692,3613,2024-08-26T08:11:24,,H1,,,,"H1","HH_door_receiver",1.0,"HH1_door_1","open"
693,3613,2024-08-26T08:21:23,,H1,,,,"H1","HH_door_receiver",1.0,"HH1_door_1","open"
694,3613,2024-08-26T08:31:28,,H1,,,,"H1","HH_door_receiver",1.0,"HH1_door_1","open"
695,3613,2024-08-26T08:41:20,,H1,,,,"H1","HH_door_receiver",1.0,"HH1_door_1","open"
696,3613,2024-08-26T08:51:26,,H1,,,,"H1","HH_door_receiver",1.0,"HH1_door_1","open"
697,3613,2024-08-26T09:01:28,,H1,,,,"H1","HH_door_receiver",1.0,"HH1_door_1","open"
698,3613,2024-08-26T09:11:25,,H1,,,,"H1","HH_door_receiver",1.0,"HH1_door_1","open"
699,3613,2024-08-26T09:21:18,,H1,,,,"H1","HH_door_receiver",1.0,"HH1_door_1","open"
700,3613,2024-08-26T09:31:13,,H1,,,,"H1","HH_door_receiver",1.0,"HH1_door_1","open"
701,3613,2024-08-26T09:41:09,,H1,,,,"H1","HH_door_receiver",1.0,"HH1_door_1","open"
702,3613,2024-08-26T09:51:08,,H1,,,,"H1","HH_door_receiver",1.0,"HH1_door_1","open"
703,3613,2024-08-26T10:01:03,,H1,,,,"H1","HH_door_receiver",1.0,"HH1_door_1","open"
704,3613,2024-08-26T10:11:09,,H1,,,,"H1","HH_door_receiver",1.0,"HH1_door_1","open"
705,3613,2024-08-26T10:21:02,,H1,,,,"H1","HH_door_receiver",1.0,"HH1_door_1","open"
706,3613,2024-08-26T10:30:57,,H1,,,,"H1","HH_door_receiver",1.0,"HH1_door_1","open"
707,3613,2024-08-26T10:41:02,,H1,,,,"H1","HH_door_receiver",1.0,"HH1_door_1","open"
708,3613,2024-08-26T10:50:54,,H1,,,,"H1","HH_door_receiver",1.0,"HH1_door_1","open"
709,3613,2024-08-26T11:00:53,,H1,,,,"H1","HH_door_receiver",1.0,"HH1_door_1","open"
710,3613,2024-08-26T11:10:50,,H1,,,,"H1","HH_door_receiver",1.0,"HH1_door_1","open"
711,3613,2024-08-26T11:20:46,,H1,,,,"H1","HH_door_receiver",1.0,"HH1_door_1","open"
712,3613,2024-08-26T11:30:44,,H1,,,,"H1","HH_door_receiver",1.0,"HH1_door_1","open"
713,3613,2024-08-26T11:40:41,,H1,,,,"H1","HH_door_receiver",1.0,"HH1_door_1","open"
714,3613,2024-08-26T11:50:36,,H1,,,,"H1","HH_door_receiver",1.0,"HH1_door_1","open"
715,3613,2024-08-26T12:00:31,,H1,,,,"H1","HH_door_receiver",1.0,"HH1_door_1","open"
716,3613,2024-08-26T12:10:26,,H1,,,,"H1","HH_door_receiver",1.0,"HH1_door_1","open"
717,3613,2024-08-26T12:20:20,,H1,,,,"H1","HH_door_receiver",1.0,"HH1_door_1","open"
718,3613,2024-08-26T12:30:15,,H1,,,,"H1","HH_door_receiver",1.0,"HH1_door_1","open"
719,3613,2024-08-26T12:40:12,,H1,,,,"H1","HH_door_receiver",1.0,"HH1_door_1","open"
720,3613,2024-08-26T12:50:11,,H1,,,,"H1","HH_door_receiver",1.0,"HH1_door_1","open"
721,3613,2024-08-26T13:00:06,,H1,,,,"H1","HH_door_receiver",1.0,"HH1_door_1","open"
722,3613,2024-08-26T13:10:00,,H1,,,,"H1","HH_door_receiver",1.0,"HH1_door_1","open"
723,3613,2024-08-26T13:19:59,,H1,,,,"H1","HH_door_receiver",1.0,"HH1_door_1","open"
724,3613,2024-08-26T13:29:52,,H1,,,,"H1","HH_door_receiver",1.0,"HH1_door_1","open"
725,3613,2024-08-26T13:39:57,,H1,,,,"H1","HH_door_receiver",1.0,"HH1_door_1","open"
726,3613,2024-08-26T13:49:52,,H1,,,,"H1","HH_door_receiver",1.0,"HH1_door_1","open"
727,3613,2024-08-26T13:59:56,,H1,,,,"H1","HH_door_receiver",1.0,"HH1_door_1","open"
728,3613,2024-08-26T14:09:53,,H1,,,,"H1","HH_door_receiver",1.0,"HH1_door_1","open"
729,3613,2024-08-26T14:19:48,,H1,,,,"H1","HH_door_receiver",1.0,"HH1_door_1","open"
730,3613,2024-08-26T14:29:47,,H1,,,,"H1","HH_door_receiver",1.0,"HH1_door_1","open"
731,3613,2024-08-26T14:39:41,,H1,,,,"H1","HH_door_receiver",1.0,"HH1_door_1","open"
732,3613,2024-08-26T14:49:36,,H1,,,,"H1","HH_door_receiver",1.0,"HH1_door_1","open"
733,3613,2024-08-26T14:59:30,,H1,,,,"H1","HH_door_receiver",1.0,"HH1_door_1","open"
734,3613,2024-08-26T15:09:29,,H1,,,,"H1","HH_door_receiver",1.0,"HH1_door_1","open"
735,3613,2024-08-26T15:19:27,,H1,,,,"H1","HH_door_receiver",1.0,"HH1_door_1","open"
736,3613,2024-08-26T15:29:20,,H1,,,,"H1","HH_door_receiver",1.0,"HH1_door_1","open"
737,3613,2024-08-26T15:39:25,,H1,,,,"H1","HH_door_receiver",1.0,"HH1_door_1","open"
738,3613,2024-08-26T15:49:29,,H1,,,,"H1","HH_door_receiver",1.0,"HH1_door_1","open"
739,3613,2024-08-26T15:59:21,,H1,,,,"H1","HH_door_receiver",1.0,"HH1_door_1","open"
740,3613,2024-08-26T16:09:20,,H1,,,,"H1","HH_door_receiver",1.0,"HH1_door_1","open"
741,3613,2024-08-26T16:19:49,,H1,,,,"H1","HH_door_receiver",1.0,"HH1_door_1","open"
742,3613,2024-08-26T16:29:54,,H1,,,,"H1","HH_door_receiver",1.0,"HH1_door_1","open"
743,3613,2024-08-26T16:39:46,,H1,,,,"H1","HH_door_receiver",1.0,"HH1_door_1","open"
744,3613,2024-08-26T16:49:41,,H1,,,,"H1","HH_door_receiver",1.0,"HH1_door_1","open"
745,3613,2024-08-26T16:59:37,,H1,,,,"H1","HH_door_receiver",1.0,"HH1_door_1","open"
746,3613,2024-08-26T17:09:32,,H1,,,,"H1","HH_door_receiver",1.0,"HH1_door_1","open"
747,3613,2024-08-26T17:19:27,,H1,,,,"H1","HH_door_receiver",1.0,"HH1_door_1","open"
748,3613,2024-08-26T17:29:22,,H1,,,,"H1","HH_door_receiver",1.0,"HH1_door_1","open"
749,3613,2024-08-26T17:39:15,,H1,,,,"H1","HH_door_receiver",1.0,"HH1_door_1","open"
750,3613,2024-08-26T17:49:14,,H1,,,,"H1","HH_door_receiver",1.0,"HH1_door_1","open"
751,3613,2024-08-26T17:59:18,,H1,,,,"H1","HH_door_receiver",0.0,"HH1_door_1","closed"
752,3613,2024-08-26T18:09:10,,H1,,,,"H1","HH_door_receiver",0.0,"HH1_door_1","closed"
753,3613,2024-08-26T18:19:07,,H1,,,,"H1","HH_door_receiver",0.0,"HH1_door_1","closed"
754,3613,2024-08-26T18:29:03,,H1,,,,"H1","HH_door_receiver",0.0,"HH1_door_1","closed"
755,3613,2024-08-26T18:38:58,,H1,,,,"H1","HH_door_receiver",0.0,"HH1_door_1","closed"
756,3613,2024-08-26T18:49:04,,H1,,,,"H1","HH_door_receiver",0.0,"HH1_door_1","closed"
757,3613,2024-08-26T18:58:56,,H1,,,,"H1","HH_door_receiver",0.0,"HH1_door_1","closed"
758,3613,2024-08-26T19:08:53,,H1,,,,"H1","HH_door_receiver",0.0,"HH1_door_1","closed"
759,3613,2024-08-26T19:18:53,,H1,,,,"H1","HH_door_receiver",0.0,"HH1_door_1","closed"
760,3613,2024-08-26T19:28:48,,H1,,,,"H1","HH_door_receiver",1.0,"HH1_door_1","open"
761,3613,2024-08-26T19:38:43,,H1,,,,"H1","HH_door_receiver",1.0,"HH1_door_1","open"
762,3613,2024-08-26T19:48:38,,H1,,,,"H1","HH_door_receiver",1.0,"HH1_door_1","open"
763,3613,2024-08-26T19:58:33,,H1,,,,"H1","HH_door_receiver",1.0,"HH1_door_1","open"
764,3613,2024-08-26T20:08:38,,H1,,,,"H1","HH_door_receiver",1.0,"HH1_door_1","open"
765,3613,2024-08-26T20:18:31,,H1,,,,"H1","HH_door_receiver",1.0,"HH1_door_1","open"
766,3613,2024-08-26T20:28:36,,H1,,,,"H1","HH_door_receiver",1.0,"HH1_door_1","open"
767,3613,2024-08-26T20:38:29,,H1,,,,"H1","HH_door_receiver",1.0,"HH1_door_1","open"
768,3613,2024-08-26T20:48:24,,H1,,,,"H1","HH_door_receiver",1.0,"HH1_door_1","open"
769,3613,2024-08-26T20:58:19,,H1,,,,"H1","HH_door_receiver",1.0,"HH1_door_1","open"
770,3613,2024-08-26T21:08:14,,H1,,,,"H1","HH_door_receiver",1.0,"HH1_door_1","open"
771,3613,2024-08-26T21:18:12,,H1,,,,"H1","HH_door_receiver",1.0,"HH1_door_1","open"
772,3613,2024-08-26T21:28:09,,H1,,,,"H1","HH_door_receiver",1.0,"HH1_door_1","open"
773,3613,2024-08-26T21:38:07,,H1,,,,"H1","HH_door_receiver",1.0,"HH1_door_1","open"
774,3613,2024-08-26T21:48:05,,H1,,,,"H1","HH_door_receiver",1.0,"HH1_door_1","open"
775,3613,2024-08-26T21:57:59,,H1,,,,"H1","HH_door_receiver",1.0,"HH1_door_1","open"
776,3613,2024-08-26T22:07:57,,H1,,,,"H1","HH_door_receiver",1.0,"HH1_door_1","open"
777,3613,2024-08-26T22:17:55,,H1,,,,"H1","HH_door_receiver",1.0,"HH1_door_1","open"
778,3613,2024-08-26T22:27:53,,H1,,,,"H1","HH_door_receiver",1.0,"HH1_door_1","open"
779,3613,2024-08-26T22:37:56,,H1,,,,"H1","HH_door_receiver",1.0,"HH1_door_1","open"
780,3613,2024-08-26T22:47:59,,H1,,,,"H1","HH_door_receiver",1.0,"HH1_door_1","open"
781,3613,2024-08-26T22:57:54,,H1,,,,"H1","HH_door_receiver",1.0,"HH1_door_1","open"
782,3613,2024-08-26T23:07:50,,H1,,,,"H1","HH_door_receiver",1.0,"HH1_door_1","open"
783,3613,2024-08-26T23:17:46,,H1,,,,"H1","HH_door_receiver",1.0,"HH1_door_1","open"
784,3613,2024-08-26T23:27:43,,H1,,,,"H1","HH_door_receiver",1.0,"HH1_door_1","open"
785,3613,2024-08-26T23:37:37,,H1,,,,"H1","HH_door_receiver",1.0,"HH1_door_1","open"
786,3613,2024-08-26T23:47:32,,H1,,,,"H1","HH_door_receiver",1.0,"HH1_door_1","open"
787,3613,2024-08-26T23:57:37,,H1,,,,"H1","HH_door_receiver",1.0,"HH1_door_1","open"
788,3613,2024-08-27T00:07:30,,H1,,,,"H1","HH_door_receiver",1.0,"HH1_door_1","open"
789,3613,2024-08-27T00:17:25,,H1,,,,"H1","HH_door_receiver",1.0,"HH1_door_1","open"
790,3613,2024-08-27T00:27:22,,H1,,,,"H1","HH_door_receiver",1.0,"HH1_door_1","open"
791,3613,2024-08-27T00:37:15,,H1,,,,"H1","HH_door_receiver",1.0,"HH1_door_1","open"
792,3613,2024-08-27T00:47:10,,H1,,,,"H1","HH_door_receiver",1.0,"HH1_door_1","open"
793,3613,2024-08-27T00:57:04,,H1,,,,"H1","HH_door_receiver",1.0,"HH1_door_1","open"
794,3613,2024-08-27T01:07:00,,H1,,,,"H1","HH_door_receiver",1.0,"HH1_door_1","open"
795,3613,2024-08-27T01:16:55,,H1,,,,"H1","HH_door_receiver",1.0,"HH1_door_1","open"
796,3613,2024-08-27T01:26:49,,H1,,,,"H1","HH_door_receiver",1.0,"HH1_door_1","open"
797,3613,2024-08-27T01:36:59,,H1,,,,"H1","HH_door_receiver",1.0,"HH1_door_1","open"
798,3613,2024-08-27T01:46:50,,H1,,,,"H1","HH_door_receiver",1.0,"HH1_door_1","open"
799,3613,2024-08-27T01:56:50,,H1,,,,"H1","HH_door_receiver",1.0,"HH1_door_1","open"
800,3613,2024-08-27T02:06:43,,H1,,,,"H1","HH_door_receiver",1.0,"HH1_door_1","open"
801,3613,2024-08-27T02:16:38,,H1,,,,"H1","HH_door_receiver",1.0,"HH1_door_1","open"
802,3613,2024-08-27T02:26:38,,H1,,,,"H1","HH_door_receiver",1.0,"HH1_door_1","open"
803,3613,2024-08-27T02:36:32,,H1,,,,"H1","HH_door_receiver",1.0,"HH1_door_1","open"
804,3613,2024-08-27T02:46:27,,H1,,,,"H1","HH_door_receiver",1.0,"HH1_door_1","open"
805,3613,2024-08-27T02:56:22,,H1,,,,"H1","HH_door_receiver",1.0,"HH1_door_1","open"
806,3613,2024-08-27T03:06:16,,H1,,,,"H1","HH_door_receiver",1.0,"HH1_door_1","open"
807,3613,2024-08-27T03:16:15,,H1,,,,"H1","HH_door_receiver",1.0,"HH1_door_1","open"
808,3613,2024-08-27T03:26:13,,H1,,,,"H1","HH_door_receiver",1.0,"HH1_door_1","open"
809,3613,2024-08-27T03:36:06,,H1,,,,"H1","HH_door_receiver",1.0,"HH1_door_1","open"
810,3613,2024-08-27T03:46:22,,H1,,,,"H1","HH_door_receiver",1.0,"HH1_door_1","open"
811,3613,2024-08-27T03:56:14,,H1,,,,"H1","HH_door_receiver",1.0,"HH1_door_1","open"
812,3613,2024-08-27T04:06:09,,H1,,,,"H1","HH_door_receiver",1.0,"HH1_door_1","open"
813,3613,2024-08-27T04:16:06,,H1,,,,"H1","HH_door_receiver",1.0,"HH1_door_1","open"
814,3613,2024-08-27T04:26:05,,H1,,,,"H1","HH_door_receiver",1.0,"HH1_door_1","open"
815,3613,2024-08-27T04:36:08,,H1,,,,"H1","HH_door_receiver",1.0,"HH1_door_1","open"
816,3613,2024-08-27T04:46:10,,H1,,,,"H1","HH_door_receiver",1.0,"HH1_door_1","open"
817,3613,2024-08-27T04:56:03,,H1,,,,"H1","HH_door_receiver",1.0,"HH1_door_1","open"
818,3613,2024-08-27T05:06:14,,H1,,,,"H1","HH_door_receiver",1.0,"HH1_door_1","open"
819,3613,2024-08-27T05:16:09,,H1,,,,"H1","HH_door_receiver",1.0,"HH1_door_1","open"
820,3613,2024-08-27T05:26:05,,H1,,,,"H1","HH_door_receiver",1.0,"HH1_door_1","open"
821,3613,2024-08-27T05:36:02,,H1,,,,"H1","HH_door_receiver",1.0,"HH1_door_1","open"
822,3613,2024-08-27T05:45:55,,H1,,,,"H1","HH_door_receiver",1.0,"HH1_door_1","open"
823,3613,2024-08-27T05:56:00,,H1,,,,"H1","HH_door_receiver",1.0,"HH1_door_1","open"
824,3613,2024-08-27T06:05:54,,H1,,,,"H1","HH_door_receiver",1.0,"HH1_door_1","open"
825,3613,2024-08-27T06:15:49,,H1,,,,"H1","HH_door_receiver",1.0,"HH1_door_1","open"
826,3613,2024-08-27T06:25:44,,H1,,,,"H1","HH_door_receiver",1.0,"HH1_door_1","open"
827,3613,2024-08-27T06:35:40,,H1,,,,"H1","HH_door_receiver",1.0,"HH1_door_1","open"
828,3613,2024-08-27T06:45:35,,H1,,,,"H1","HH_door_receiver",1.0,"HH1_door_1","open"
829,3613,2024-08-27T06:55:30,,H1,,,,"H1","HH_door_receiver",1.0,"HH1_door_1","open"
830,3613,2024-08-27T07:05:25,,H1,,,,"H1","HH_door_receiver",1.0,"HH1_door_1","open"
831,3613,2024-08-27T07:15:24,,H1,,,,"H1","HH_door_receiver",1.0,"HH1_door_1","open"
832,3613,2024-08-27T07:25:28,,H1,,,,"H1","HH_door_receiver",1.0,"HH1_door_1","open"
833,3613,2024-08-27T07:35:21,,H1,,,,"H1","HH_door_receiver",1.0,"HH1_door_1","open"
834,3613,2024-08-27T07:45:17,,H1,,,,"H1","HH_door_receiver",1.0,"HH1_door_1","open"
835,3613,2024-08-27T07:55:12,,H1,,,,"H1","HH_door_receiver",1.0,"HH1_door_1","open"
836,3613,2024-08-27T08:05:11,,H1,,,,"H1","HH_door_receiver",1.0,"HH1_door_1","open"
837,3613,2024-08-27T08:15:05,,H1,,,,"H1","HH_door_receiver",1.0,"HH1_door_1","open"
838,3613,2024-08-27T08:25:00,,H1,,,,"H1","HH_door_receiver",1.0,"HH1_door_1","open"
839,3613,2024-08-27T08:34:55,,H1,,,,"H1","HH_door_receiver",1.0,"HH1_door_1","open"
840,3613,2024-08-27T08:44:50,,H1,,,,"H1","HH_door_receiver",1.0,"HH1_door_1","open"
841,3613,2024-08-27T08:54:45,,H1,,,,"H1","HH_door_receiver",1.0,"HH1_door_1","open"
842,3613,2024-08-27T09:04:40,,H1,,,,"H1","HH_door_receiver",1.0,"HH1_door_1","open"
843,3613,2024-08-27T09:14:35,,H1,,,,"H1","HH_door_receiver",1.0,"HH1_door_1","open"
844,3613,2024-08-27T09:24:30,,H1,,,,"H1","HH_door_receiver",1.0,"HH1_door_1","open"
845,3613,2024-08-27T09:34:25,,H1,,,,"H1","HH_door_receiver",1.0,"HH1_door_1","open"
846,3613,2024-08-27T09:44:20,,H1,,,,"H1","HH_door_receiver",1.0,"HH1_door_1","open"
847,3613,2024-08-27T09:54:16,,H1,,,,"H1","HH_door_receiver",1.0,"HH1_door_1","open"
848,3613,2024-08-27T10:04:10,,H1,,,,"H1","HH_door_receiver",1.0,"HH1_door_1","open"
849,3613,2024-08-27T10:14:09,,H1,,,,"H1","HH_door_receiver",1.0,"HH1_door_1","open"
850,3613,2024-08-27T10:24:04,,H1,,,,"H1","HH_door_receiver",1.0,"HH1_door_1","open"
851,3613,2024-08-27T10:33:59,,H1,,,,"H1","HH_door_receiver",1.0,"HH1_door_1","open"
852,3613,2024-08-27T10:44:04,,H1,,,,"H1","HH_door_receiver",1.0,"HH1_door_1","open"
853,3613,2024-08-27T10:54:00,,H1,,,,"H1","HH_door_receiver",1.0,"HH1_door_1","open"
854,3613,2024-08-27T11:03:54,,H1,,,,"H1","HH_door_receiver",1.0,"HH1_door_1","open"
855,3613,2024-08-27T11:13:59,,H1,,,,"H1","HH_door_receiver",1.0,"HH1_door_1","open"
856,3613,2024-08-27T11:23:52,,H1,,,,"H1","HH_door_receiver",1.0,"HH1_door_1","open"
857,3613,2024-08-27T11:33:51,,H1,,,,"H1","HH_door_receiver",1.0,"HH1_door_1","open"
858,3613,2024-08-27T11:43:46,,H1,,,,"H1","HH_door_receiver",1.0,"HH1_door_1","open"
859,3613,2024-08-27T11:53:40,,H1,,,,"H1","HH_door_receiver",1.0,"HH1_door_1","open"
860,3613,2024-08-27T12:03:35,,H1,,,,"H1","HH_door_receiver",1.0,"HH1_door_1","open"
861,3613,2024-08-27T12:13:34,,H1,,,,"H1","HH_door_receiver",1.0,"HH1_door_1","open"
862,3613,2024-08-27T12:23:28,,H1,,,,"H1","HH_door_receiver",1.0,"HH1_door_1","open"
863,3613,2024-08-27T12:33:24,,H1,,,,"H1","HH_door_receiver",1.0,"HH1_door_1","open"
864,3613,2024-08-27T12:43:19,,H1,,,,"H1","HH_door_receiver",1.0,"HH1_door_1","open"
865,3613,2024-08-27T12:53:15,,H1,,,,"H1","HH_door_receiver",1.0,"HH1_door_1","open"
866,3613,2024-08-27T13:03:13,,H1,,,,"H1","HH_door_receiver",1.0,"HH1_door_1","open"
867,3613,2024-08-27T13:13:11,,H1,,,,"H1","HH_door_receiver",1.0,"HH1_door_1","open"
868,3613,2024-08-27T13:23:14,,H1,,,,"H1","HH_door_receiver",1.0,"HH1_door_1","open"
869,3613,2024-08-27T13:33:07,,H1,,,,"H1","HH_door_receiver",1.0,"HH1_door_1","open"
870,3613,2024-08-27T13:43:01,,H1,,,,"H1","HH_door_receiver",1.0,"HH1_door_1","open"
871,3613,2024-08-27T13:52:56,,H1,,,,"H1","HH_door_receiver",1.0,"HH1_door_1","open"
872,3613,2024-08-27T14:02:51,,H1,,,,"H1","HH_door_receiver",1.0,"HH1_door_1","open"
873,3613,2024-08-27T14:12:46,,H1,,,,"H1","HH_door_receiver",1.0,"HH1_door_1","open"
874,3613,2024-08-27T14:22:41,,H1,,,,"H1","HH_door_receiver",1.0,"HH1_door_1","open"
875,3613,2024-08-27T14:32:46,,H1,,,,"H1","HH_door_receiver",1.0,"HH1_door_1","open"
876,3613,2024-08-27T14:42:44,,H1,,,,"H1","HH_door_receiver",1.0,"HH1_door_1","open"
877,3613,2024-08-27T14:52:40,,H1,,,,"H1","HH_door_receiver",1.0,"HH1_door_1","open"
878,3613,2024-08-27T15:02:44,,H1,,,,"H1","HH_door_receiver",1.0,"HH1_door_1","open"
879,3613,2024-08-27T15:12:37,,H1,,,,"H1","HH_door_receiver",1.0,"HH1_door_1","open"
880,3613,2024-08-27T15:22:32,,H1,,,,"H1","HH_door_receiver",1.0,"HH1_door_1","open"
881,3613,2024-08-27T15:32:27,,H1,,,,"H1","HH_door_receiver",1.0,"HH1_door_1","open"
882,3613,2024-08-27T15:42:25,,H1,,,,"H1","HH_door_receiver",1.0,"HH1_door_1","open"
883,3613,2024-08-27T15:52:30,,H1,,,,"H1","HH_door_receiver",1.0,"HH1_door_1","open"
884,3613,2024-08-27T16:02:28,,H1,,,,"H1","HH_door_receiver",1.0,"HH1_door_1","open"
885,3613,2024-08-27T16:12:26,,H1,,,,"H1","HH_door_receiver",1.0,"HH1_door_1","open"
886,3613,2024-08-27T16:22:20,,H1,,,,"H1","HH_door_receiver",1.0,"HH1_door_1","open"
887,3613,2024-08-27T16:32:26,,H1,,,,"H1","HH_door_receiver",1.0,"HH1_door_1","open"
888,3613,2024-08-27T16:42:18,,H1,,,,"H1","HH_door_receiver",1.0,"HH1_door_1","open"
889,3613,2024-08-27T16:52:13,,H1,,,,"H1","HH_door_receiver",1.0,"HH1_door_1","open"
890,3613,2024-08-27T17:02:08,,H1,,,,"H1","HH_door_receiver",1.0,"HH1_door_1","open"
891,3613,2024-08-27T17:12:17,,H1,,,,"H1","HH_door_receiver",1.0,"HH1_door_1","open"
892,3613,2024-08-27T17:22:11,,H1,,,,"H1","HH_door_receiver",1.0,"HH1_door_1","open"
893,3613,2024-08-27T17:32:05,,H1,,,,"H1","HH_door_receiver",1.0,"HH1_door_1","open"
894,3613,2024-08-27T17:42:10,,H1,,,,"H1","HH_door_receiver",1.0,"HH1_door_1","open"
895,3613,2024-08-27T17:52:03,,H1,,,,"H1","HH_door_receiver",1.0,"HH1_door_1","open"
896,3613,2024-08-27T18:02:10,,H1,,,,"H1","HH_door_receiver",1.0,"HH1_door_1","open"
897,3613,2024-08-27T18:12:07,,H1,,,,"H1","HH_door_receiver",1.0,"HH1_door_1","open"
898,3613,2024-08-27T18:22:04,,H1,,,,"H1","HH_door_receiver",1.0,"HH1_door_1","open"
899,3613,2024-08-27T18:31:58,,H1,,,,"H1","HH_door_receiver",1.0,"HH1_door_1","open"
900,3613,2024-08-27T18:42:03,,H1,,,,"H1","HH_door_receiver",1.0,"HH1_door_1","open"
901,3613,2024-08-27T18:52:19,,H1,,,,"H1","HH_door_receiver",1.0,"HH1_door_1","open"
902,3613,2024-08-27T19:02:11,,H1,,,,"H1","HH_door_receiver",1.0,"HH1_door_1","open"
903,3613,2024-08-27T19:12:07,,H1,,,,"H1","HH_door_receiver",1.0,"HH1_door_1","open"
904,3613,2024-08-27T19:22:12,,H1,,,,"H1","HH_door_receiver",1.0,"HH1_door_1","open"
905,3613,2024-08-27T19:32:06,,H1,,,,"H1","HH_door_receiver",1.0,"HH1_door_1","open"
906,3613,2024-08-27T19:42:00,,H1,,,,"H1","HH_door_receiver",1.0,"HH1_door_1","open"
907,3613,2024-08-27T19:51:55,,H1,,,,"H1","HH_door_receiver",1.0,"HH1_door_1","open"
908,3613,2024-08-27T20:01:54,,H1,,,,"H1","HH_door_receiver",1.0,"HH1_door_1","open"
909,3613,2024-08-27T20:11:48,,H1,,,,"H1","HH_door_receiver",1.0,"HH1_door_1","open"
910,3613,2024-08-27T20:21:47,,H1,,,,"H1","HH_door_receiver",1.0,"HH1_door_1","open"
911,3613,2024-08-27T20:31:44,,H1,,,,"H1","HH_door_receiver",1.0,"HH1_door_1","open"
912,3613,2024-08-27T20:41:39,,H1,,,,"H1","HH_door_receiver",1.0,"HH1_door_1","open"
913,3613,2024-08-27T20:51:33,,H1,,,,"H1","HH_door_receiver",1.0,"HH1_door_1","open"
914,3613,2024-08-27T21:01:39,,H1,,,,"H1","HH_door_receiver",1.0,"HH1_door_1","open"
915,3613,2024-08-27T21:11:32,,H1,,,,"H1","HH_door_receiver",1.0,"HH1_door_1","open"
916,3613,2024-08-27T21:31:30,,H1,,,,"H1","HH_door_receiver",1.0,"HH1_door_1","open"
917,3613,2024-08-27T21:41:27,,H1,,,,"H1","HH_door_receiver",1.0,"HH1_door_1","open"
918,3613,2024-08-27T21:51:20,,H1,,,,"H1","HH_door_receiver",1.0,"HH1_door_1","open"
919,3613,2024-08-27T22:01:15,,H1,,,,"H1","HH_door_receiver",1.0,"HH1_door_1","open"
920,3613,2024-08-27T22:11:14,,H1,,,,"H1","HH_door_receiver",0.0,"HH1_door_1","closed"
921,3613,2024-08-27T22:21:10,,H1,,,,"H1","HH_door_receiver",1.0,"HH1_door_1","open"
922,3613,2024-08-27T22:31:05,,H1,,,,"H1","HH_door_receiver",1.0,"HH1_door_1","open"
923,3613,2024-08-27T22:40:58,,H1,,,,"H1","HH_door_receiver",1.0,"HH1_door_1","open"
924,3613,2024-08-27T22:50:53,,H1,,,,"H1","HH_door_receiver",1.0,"HH1_door_1","open"
925,3613,2024-08-27T23:00:49,,H1,,,,"H1","HH_door_receiver",1.0,"HH1_door_1","open"
926,3613,2024-08-27T23:10:54,,H1,,,,"H1","HH_door_receiver",1.0,"HH1_door_1","open"
927,3613,2024-08-27T23:20:46,,H1,,,,"H1","HH_door_receiver",1.0,"HH1_door_1","open"
928,3613,2024-08-27T23:30:45,,H1,,,,"H1","HH_door_receiver",1.0,"HH1_door_1","open"
929,3613,2024-08-27T23:40:39,,H1,,,,"H1","HH_door_receiver",1.0,"HH1_door_1","open"
930,3613,2024-08-27T23:50:33,,H1,,,,"H1","HH_door_receiver",1.0,"HH1_door_1","open"
931,3613,2024-08-28T00:00:28,,H1,,,,"H1","HH_door_receiver",1.0,"HH1_door_1","open"
932,3613,2024-08-28T00:10:27,,H1,,,,"H1","HH_door_receiver",1.0,"HH1_door_1","open"
933,3613,2024-08-28T00:20:21,,H1,,,,"H1","HH_door_receiver",1.0,"HH1_door_1","open"
934,3613,2024-08-28T00:30:15,,H1,,,,"H1","HH_door_receiver",1.0,"HH1_door_1","open"
935,3613,2024-08-28T00:40:10,,H1,,,,"H1","HH_door_receiver",1.0,"HH1_door_1","open"
936,3613,2024-08-28T00:50:05,,H1,,,,"H1","HH_door_receiver",1.0,"HH1_door_1","open"
937,3613,2024-08-28T01:00:04,,H1,,,,"H1","HH_door_receiver",1.0,"HH1_door_1","open"
938,3613,2024-08-28T01:30:02,,H1,,,,"H1","HH_door_receiver",1.0,"HH1_door_1","open"
939,3613,2024-08-28T01:40:05,,H1,,,,"H1","HH_door_receiver",1.0,"HH1_door_1","open"
940,3613,2024-08-28T01:49:56,,H1,,,,"H1","HH_door_receiver",1.0,"HH1_door_1","open"
941,3613,2024-08-28T01:59:50,,H1,,,,"H1","HH_door_receiver",1.0,"HH1_door_1","open"
942,3613,2024-08-28T02:09:55,,H1,,,,"H1","HH_door_receiver",1.0,"HH1_door_1","open"
943,3613,2024-08-28T02:19:47,,H1,,,,"H1","HH_door_receiver",1.0,"HH1_door_1","open"
944,3613,2024-08-28T02:29:42,,H1,,,,"H1","HH_door_receiver",1.0,"HH1_door_1","open"
945,3613,2024-08-28T02:39:37,,H1,,,,"H1","HH_door_receiver",1.0,"HH1_door_1","open"
946,3613,2024-08-28T02:49:32,,H1,,,,"H1","HH_door_receiver",1.0,"HH1_door_1","open"
947,3613,2024-08-28T02:59:40,,H1,,,,"H1","HH_door_receiver",1.0,"HH1_door_1","open"
948,3613,2024-08-28T03:09:34,,H1,,,,"H1","HH_door_receiver",1.0,"HH1_door_1","open"
949,3613,2024-08-28T03:19:30,,H1,,,,"H1","HH_door_receiver",1.0,"HH1_door_1","open"
950,3613,2024-08-28T03:29:24,,H1,,,,"H1","HH_door_receiver",1.0,"HH1_door_1","open"
951,3613,2024-08-28T03:39:18,,H1,,,,"H1","HH_door_receiver",1.0,"HH1_door_1","open"
952,3613,2024-08-28T03:49:13,,H1,,,,"H1","HH_door_receiver",1.0,"HH1_door_1","open"
953,3613,2024-08-28T03:59:18,,H1,,,,"H1","HH_door_receiver",1.0,"HH1_door_1","open"
954,3613,2024-08-28T04:09:15,,H1,,,,"H1","HH_door_receiver",1.0,"HH1_door_1","open"
955,3613,2024-08-28T04:19:08,,H1,,,,"H1","HH_door_receiver",1.0,"HH1_door_1","open"
956,3613,2024-08-28T04:29:02,,H1,,,,"H1","HH_door_receiver",1.0,"HH1_door_1","open"
957,3613,2024-08-28T04:39:08,,H1,,,,"H1","HH_door_receiver",1.0,"HH1_door_1","open"
958,3613,2024-08-28T04:49:05,,H1,,,,"H1","HH_door_receiver",1.0,"HH1_door_1","open"
959,3613,2024-08-28T04:58:59,,H1,,,,"H1","HH_door_receiver",1.0,"HH1_door_1","open"
960,3613,2024-08-28T05:08:54,,H1,,,,"H1","HH_door_receiver",1.0,"HH1_door_1","open"
961,3613,2024-08-28T05:18:53,,H1,,,,"H1","HH_door_receiver",1.0,"HH1_door_1","open"
962,3613,2024-08-28T05:28:45,,H1,,,,"H1","HH_door_receiver",1.0,"HH1_door_1","open"
963,3613,2024-08-28T05:48:39,,H1,,,,"H1","HH_door_receiver",1.0,"HH1_door_1","open"
964,3613,2024-08-28T05:58:36,,H1,,,,"H1","HH_door_receiver",1.0,"HH1_door_1","open"
965,3613,2024-08-28T06:08:29,,H1,,,,"H1","HH_door_receiver",1.0,"HH1_door_1","open"
966,3613,2024-08-28T06:18:24,,H1,,,,"H1","HH_door_receiver",1.0,"HH1_door_1","open"
967,3613,2024-08-28T06:28:30,,H1,,,,"H1","HH_door_receiver",1.0,"HH1_door_1","open"
968,3613,2024-08-28T06:38:23,,H1,,,,"H1","HH_door_receiver",1.0,"HH1_door_1","open"
969,3613,2024-08-28T06:48:19,,H1,,,,"H1","HH_door_receiver",1.0,"HH1_door_1","open"
970,3613,2024-08-28T06:58:19,,H1,,,,"H1","HH_door_receiver",1.0,"HH1_door_1","open"
971,3613,2024-08-28T07:08:22,,H1,,,,"H1","HH_door_receiver",1.0,"HH1_door_1","open"
972,3613,2024-08-28T07:18:19,,H1,,,,"H1","HH_door_receiver",1.0,"HH1_door_1","open"
973,3613,2024-08-28T07:28:24,,H1,,,,"H1","HH_door_receiver",1.0,"HH1_door_1","open"
974,3613,2024-08-28T07:38:17,,H1,,,,"H1","HH_door_receiver",1.0,"HH1_door_1","open"
975,3613,2024-08-28T07:48:22,,H1,,,,"H1","HH_door_receiver",1.0,"HH1_door_1","open"
976,3613,2024-08-28T07:58:15,,H1,,,,"H1","HH_door_receiver",1.0,"HH1_door_1","open"
977,3613,2024-08-28T08:08:11,,H1,,,,"H1","HH_door_receiver",1.0,"HH1_door_1","open"
978,3613,2024-08-28T08:18:08,,H1,,,,"H1","HH_door_receiver",1.0,"HH1_door_1","open"
979,3613,2024-08-28T08:28:03,,H1,,,,"H1","HH_door_receiver",1.0,"HH1_door_1","open"
980,3613,2024-08-28T08:38:00,,H1,,,,"H1","HH_door_receiver",1.0,"HH1_door_1","open"
981,3613,2024-08-28T08:48:06,,H1,,,,"H1","HH_door_receiver",1.0,"HH1_door_1","open"
982,3616,2024-08-28T08:52:53,,H2,,,,"H2","HH_door_receiver",1.0,"HH2_door_1_test","open"
983,3613,2024-08-28T08:58:08,,H1,,,,"H1","HH_door_receiver",1.0,"HH1_door_1","open"
984,3616,2024-08-28T09:02:40,,H2,,,,"H2","HH_door_receiver",0.0,"HH2_door_1_test","closed"
985,3613,2024-08-28T09:08:10,,H1,,,,"H1","HH_door_receiver",1.0,"HH1_door_1","open"
986,3616,2024-08-28T09:12:37,,H2,,,,"H2","HH_door_receiver",0.0,"HH2_door_1_test","closed"
987,3613,2024-08-28T09:18:07,,H1,,,,"H1","HH_door_receiver",1.0,"HH1_door_1","open"
988,3616,2024-08-28T09:22:34,,H2,,,,"H2","HH_door_receiver",0.0,"HH2_door_1_test","closed"
989,3613,2024-08-28T09:28:02,,H1,,,,"H1","HH_door_receiver",1.0,"HH1_door_1","open"
990,3616,2024-08-28T09:32:30,,H2,,,,"H2","HH_door_receiver",0.0,"HH2_door_1_test","closed"
991,3613,2024-08-28T09:37:57,,H1,,,,"H1","HH_door_receiver",1.0,"HH1_door_1","open"
992,3616,2024-08-28T09:42:22,,H2,,,,"H2","HH_door_receiver",0.0,"HH2_door_1_test","closed"
993,3613,2024-08-28T09:47:57,,H1,,,,"H1","HH_door_receiver",1.0,"HH1_door_1","open"
994,3616,2024-08-28T09:52:17,,H2,,,,"H2","HH_door_receiver",0.0,"HH2_door_1_test","closed"
995,3613,2024-08-28T09:57:50,,H1,,,,"H1","HH_door_receiver",1.0,"HH1_door_1","open"
996,3613,2024-08-28T10:07:45,,H1,,,,"H1","HH_door_receiver",1.0,"HH1_door_1","open"
997,3616,2024-08-28T10:12:09,,H2,,,,"H2","HH_door_receiver",0.0,"HH2_door_1_test","closed"
998,3613,2024-08-28T10:17:44,,H1,,,,"H1","HH_door_receiver",1.0,"HH1_door_1","open"
999,3616,2024-08-28T10:22:05,,H2,,,,"H2","HH_door_receiver",1.0,"HH2_door_1_test","open"
1000,3613,2024-08-28T10:27:37,,H1,,,,"H1","HH_door_receiver",0.0,"HH1_door_1","closed"
1001,3616,2024-08-28T10:32:08,,H2,,,,"H2","HH_door_receiver",0.0,"HH2_door_1_test","closed"
1002,3613,2024-08-28T10:37:34,,H1,,,,"H1","HH_door_receiver",0.0,"HH1_door_1","closed"
1003,3616,2024-08-28T10:42:06,,H2,,,,"H2","HH_door_receiver",0.0,"HH2_door_1_test","closed"
1004,3613,2024-08-28T10:47:28,,H1,,,,"H1","HH_door_receiver",0.0,"HH1_door_1","closed"
1005,3616,2024-08-28T10:52:04,,H2,,,,"H2","HH_door_receiver",0.0,"HH2_door_1_test","closed"
1006,3613,2024-08-28T10:57:23,,H1,,,,"H1","HH_door_receiver",0.0,"HH1_door_1","closed"
1007,3616,2024-08-28T11:02:00,,H2,,,,"H2","HH_door_receiver",0.0,"HH2_door_1_test","closed"
1008,3613,2024-08-28T11:07:17,,H1,,,,"H1","HH_door_receiver",0.0,"HH1_door_1","closed"
1009,3616,2024-08-28T11:11:52,,H2,,,,"H2","HH_door_receiver",0.0,"HH2_door_1_test","closed"
1010,3613,2024-08-28T11:17:12,,H1,,,,"H1","HH_door_receiver",0.0,"HH1_door_1","closed"
1011,3616,2024-08-28T11:21:46,,H2,,,,"H2","HH_door_receiver",0.0,"HH2_door_1_test","closed"
1012,3613,2024-08-28T11:27:17,,H1,,,,"H1","HH_door_receiver",0.0,"HH1_door_1","closed"
1013,3616,2024-08-28T11:31:43,,H2,,,,"H2","HH_door_receiver",0.0,"HH2_door_1_test","closed"
1014,3613,2024-08-28T11:37:21,,H1,,,,"H1","HH_door_receiver",0.0,"HH1_door_1","closed"
1015,3616,2024-08-28T11:41:39,,H2,,,,"H2","HH_door_receiver",0.0,"HH2_door_1_test","closed"
1016,3613,2024-08-28T11:47:17,,H1,,,,"H1","HH_door_receiver",0.0,"HH1_door_1","closed"
1017,3616,2024-08-28T11:51:37,,H2,,,,"H2","HH_door_receiver",0.0,"HH2_door_1_test","closed"
1018,3613,2024-08-28T11:57:14,,H1,,,,"H1","HH_door_receiver",1.0,"HH1_door_1","open"
1019,3616,2024-08-28T12:01:31,,H2,,,,"H2","HH_door_receiver",0.0,"HH2_door_1_test","closed"
1020,3613,2024-08-28T12:07:08,,H1,,,,"H1","HH_door_receiver",1.0,"HH1_door_1","open"
1021,3616,2024-08-28T12:11:27,,H2,,,,"H2","HH_door_receiver",0.0,"HH2_door_1_test","closed"
1022,3613,2024-08-28T12:17:04,,H1,,,,"H1","HH_door_receiver",1.0,"HH1_door_1","open"
1023,3616,2024-08-28T12:21:23,,H2,,,,"H2","HH_door_receiver",1.0,"HH2_door_1_test","open"
1024,3613,2024-08-28T12:26:59,,H1,,,,"H1","HH_door_receiver",1.0,"HH1_door_1","open"
1025,3616,2024-08-28T12:31:19,,H2,,,,"H2","HH_door_receiver",1.0,"HH2_door_1_test","open"
1026,3613,2024-08-28T12:37:04,,H1,,,,"H1","HH_door_receiver",1.0,"HH1_door_1","open"
1027,3616,2024-08-28T12:41:16,,H2,,,,"H2","HH_door_receiver",1.0,"HH2_door_1_test","open"
1028,3613,2024-08-28T12:46:57,,H1,,,,"H1","HH_door_receiver",1.0,"HH1_door_1","open"
1029,3616,2024-08-28T12:51:11,,H2,,,,"H2","HH_door_receiver",1.0,"HH2_door_1_test","open"
1030,3613,2024-08-28T12:56:55,,H1,,,,"H1","HH_door_receiver",1.0,"HH1_door_1","open"
1031,3613,2024-08-28T13:06:59,,H1,,,,"H1","HH_door_receiver",1.0,"HH1_door_1","open"
1032,3613,2024-08-28T13:16:55,,H1,,,,"H1","HH_door_receiver",1.0,"HH1_door_1","open"
1033,3613,2024-08-28T13:26:49,,H1,,,,"H1","HH_door_receiver",1.0,"HH1_door_1","open"
1034,3613,2024-08-28T13:36:47,,H1,,,,"H1","HH_door_receiver",1.0,"HH1_door_1","open"
1035,3613,2024-08-28T13:46:45,,H1,,,,"H1","HH_door_receiver",1.0,"HH1_door_1","open"
1036,3613,2024-08-28T13:56:42,,H1,,,,"H1","HH_door_receiver",1.0,"HH1_door_1","open"
1037,3613,2024-08-28T14:06:36,,H1,,,,"H1","HH_door_receiver",1.0,"HH1_door_1","open"
1038,3613,2024-08-28T14:16:42,,H1,,,,"H1","HH_door_receiver",1.0,"HH1_door_1","open"
1039,3613,2024-08-28T14:26:39,,H1,,,,"H1","HH_door_receiver",1.0,"HH1_door_1","open"
1040,3616,2024-08-28T14:28:46,,H2,,,,"H2","HH_door_receiver",1.0,"HH2_door_1","open"
1041,3613,2024-08-28T14:36:36,,H1,,,,"H1","HH_door_receiver",1.0,"HH1_door_1","open"
1042,3616,2024-08-28T14:38:34,,H2,,,,"H2","HH_door_receiver",1.0,"HH2_door_1","open"
1043,3613,2024-08-28T14:46:29,,H1,,,,"H1","HH_door_receiver",1.0,"HH1_door_1","open"
1044,3616,2024-08-28T14:48:28,,H2,,,,"H2","HH_door_receiver",0.0,"HH2_door_1","closed"
1045,3613,2024-08-28T14:56:26,,H1,,,,"H1","HH_door_receiver",1.0,"HH1_door_1","open"
1046,3613,2024-08-28T15:06:20,,H1,,,,"H1","HH_door_receiver",1.0,"HH1_door_1","open"
1047,3616,2024-08-28T15:08:21,,H2,,,,"H2","HH_door_receiver",0.0,"HH2_door_1","closed"
1048,3613,2024-08-28T15:16:13,,H1,,,,"H1","HH_door_receiver",1.0,"HH1_door_1","open"
1049,3616,2024-08-28T15:18:18,,H2,,,,"H2","HH_door_receiver",0.0,"HH2_door_1","closed"
1050,3613,2024-08-28T15:26:12,,H1,,,,"H1","HH_door_receiver",1.0,"HH1_door_1","open"
1051,3616,2024-08-28T15:28:12,,H2,,,,"H2","HH_door_receiver",0.0,"HH2_door_1","closed"
1052,3613,2024-08-28T15:36:07,,H1,,,,"H1","HH_door_receiver",1.0,"HH1_door_1","open"
1053,3616,2024-08-28T15:38:07,,H2,,,,"H2","HH_door_receiver",0.0,"HH2_door_1","closed"
1054,3613,2024-08-28T15:46:04,,H1,,,,"H1","HH_door_receiver",1.0,"HH1_door_1","open"
1055,3616,2024-08-28T15:48:05,,H2,,,,"H2","HH_door_receiver",0.0,"HH2_door_1","closed"
1056,3613,2024-08-28T15:55:58,,H1,,,,"H1","HH_door_receiver",1.0,"HH1_door_1","open"
1057,3616,2024-08-28T15:58:00,,H2,,,,"H2","HH_door_receiver",0.0,"HH2_door_1","closed"
1058,3613,2024-08-28T16:05:57,,H1,,,,"H1","HH_door_receiver",0.0,"HH1_door_1","closed"
1059,3616,2024-08-28T16:07:55,,H2,,,,"H2","HH_door_receiver",0.0,"HH2_door_1","closed"
1060,3613,2024-08-28T16:15:50,,H1,,,,"H1","HH_door_receiver",1.0,"HH1_door_1","open"
1061,3616,2024-08-28T16:17:52,,H2,,,,"H2","HH_door_receiver",0.0,"HH2_door_1","closed"
1062,3613,2024-08-28T16:25:46,,H1,,,,"H1","HH_door_receiver",1.0,"HH1_door_1","open"
1063,3616,2024-08-28T16:27:51,,H2,,,,"H2","HH_door_receiver",0.0,"HH2_door_1","closed"
1064,3613,2024-08-28T16:35:41,,H1,,,,"H1","HH_door_receiver",1.0,"HH1_door_1","open"
1065,3613,2024-08-28T16:45:35,,H1,,,,"H1","HH_door_receiver",1.0,"HH1_door_1","open"
1066,3616,2024-08-28T16:47:43,,H2,,,,"H2","HH_door_receiver",0.0,"HH2_door_1","closed"
1067,3613,2024-08-28T16:55:31,,H1,,,,"H1","HH_door_receiver",1.0,"HH1_door_1","open"
1068,3616,2024-08-28T16:57:37,,H2,,,,"H2","HH_door_receiver",0.0,"HH2_door_1","closed"
1069,3613,2024-08-28T17:05:36,,H1,,,,"H1","HH_door_receiver",1.0,"HH1_door_1","open"
1070,3616,2024-08-28T17:07:36,,H2,,,,"H2","HH_door_receiver",0.0,"HH2_door_1","closed"
1071,3613,2024-08-28T17:15:33,,H1,,,,"H1","HH_door_receiver",1.0,"HH1_door_1","open"
1072,3616,2024-08-28T17:17:32,,H2,,,,"H2","HH_door_receiver",0.0,"HH2_door_1","closed"
1073,3613,2024-08-28T17:25:30,,H1,,,,"H1","HH_door_receiver",1.0,"HH1_door_1","open"
1074,3616,2024-08-28T17:27:30,,H2,,,,"H2","HH_door_receiver",0.0,"HH2_door_1","closed"
1075,3613,2024-08-28T17:35:27,,H1,,,,"H1","HH_door_receiver",1.0,"HH1_door_1","open"
1076,3616,2024-08-28T17:37:24,,H2,,,,"H2","HH_door_receiver",0.0,"HH2_door_1","closed"
1077,3613,2024-08-28T17:45:21,,H1,,,,"H1","HH_door_receiver",1.0,"HH1_door_1","open"
1078,3616,2024-08-28T17:47:21,,H2,,,,"H2","HH_door_receiver",0.0,"HH2_door_1","closed"
1079,3613,2024-08-28T17:55:18,,H1,,,,"H1","HH_door_receiver",1.0,"HH1_door_1","open"
1080,3616,2024-08-28T17:57:18,,H2,,,,"H2","HH_door_receiver",0.0,"HH2_door_1","closed"
1081,3613,2024-08-28T18:05:12,,H1,,,,"H1","HH_door_receiver",1.0,"HH1_door_1","open"
1082,3616,2024-08-28T18:07:17,,H2,,,,"H2","HH_door_receiver",0.0,"HH2_door_1","closed"
1083,3613,2024-08-28T18:15:07,,H1,,,,"H1","HH_door_receiver",1.0,"HH1_door_1","open"
1084,3616,2024-08-28T18:17:12,,H2,,,,"H2","HH_door_receiver",0.0,"HH2_door_1","closed"
1085,3613,2024-08-28T18:25:06,,H1,,,,"H1","HH_door_receiver",1.0,"HH1_door_1","open"
1086,3616,2024-08-28T18:27:07,,H2,,,,"H2","HH_door_receiver",0.0,"HH2_door_1","closed"
1087,3613,2024-08-28T18:34:59,,H1,,,,"H1","HH_door_receiver",1.0,"HH1_door_1","open"
1088,3616,2024-08-28T18:37:03,,H2,,,,"H2","HH_door_receiver",0.0,"HH2_door_1","closed"
1089,3613,2024-08-28T18:44:59,,H1,,,,"H1","HH_door_receiver",1.0,"HH1_door_1","open"
1090,3613,2024-08-28T18:55:03,,H1,,,,"H1","HH_door_receiver",0.0,"HH1_door_1","closed"
1091,3613,2024-08-28T19:04:56,,H1,,,,"H1","HH_door_receiver",0.0,"HH1_door_1","closed"
1092,3613,2024-08-28T19:14:50,,H1,,,,"H1","HH_door_receiver",0.0,"HH1_door_1","closed"
1093,3613,2024-08-28T19:24:47,,H1,,,,"H1","HH_door_receiver",0.0,"HH1_door_1","closed"
1094,3616,2024-08-28T19:26:51,,H2,,,,"H2","HH_door_receiver",0.0,"HH2_door_1","closed"
1095,3613,2024-08-28T19:34:54,,H1,,,,"H1","HH_door_receiver",0.0,"HH1_door_1","closed"
1096,3616,2024-08-28T19:36:49,,H2,,,,"H2","HH_door_receiver",1.0,"HH2_door_1","open"
1097,3613,2024-08-28T19:44:46,,H1,,,,"H1","HH_door_receiver",0.0,"HH1_door_1","closed"
1098,3616,2024-08-28T19:46:43,,H2,,,,"H2","HH_door_receiver",0.0,"HH2_door_1","closed"
1099,3613,2024-08-28T19:54:55,,H1,,,,"H1","HH_door_receiver",0.0,"HH1_door_1","closed"
1100,3613,2024-08-28T20:04:48,,H1,,,,"H1","HH_door_receiver",0.0,"HH1_door_1","closed"
1101,3616,2024-08-28T20:06:35,,H2,,,,"H2","HH_door_receiver",0.0,"HH2_door_1","closed"
1102,3613,2024-08-28T20:14:46,,H1,,,,"H1","HH_door_receiver",1.0,"HH1_door_1","open"
1103,3616,2024-08-28T20:16:32,,H2,,,,"H2","HH_door_receiver",0.0,"HH2_door_1","closed"
1104,3613,2024-08-28T20:24:40,,H1,,,,"H1","HH_door_receiver",1.0,"HH1_door_1","open"
1105,3616,2024-08-28T20:26:29,,H2,,,,"H2","HH_door_receiver",1.0,"HH2_door_1","open"
1106,3613,2024-08-28T20:34:35,,H1,,,,"H1","HH_door_receiver",1.0,"HH1_door_1","open"
1107,3613,2024-08-28T20:44:30,,H1,,,,"H1","HH_door_receiver",1.0,"HH1_door_1","open"
1108,3616,2024-08-28T20:46:23,,H2,,,,"H2","HH_door_receiver",0.0,"HH2_door_1","closed"
1109,3613,2024-08-28T20:54:29,,H1,,,,"H1","HH_door_receiver",1.0,"HH1_door_1","open"
1110,3613,2024-08-28T21:04:22,,H1,,,,"H1","HH_door_receiver",1.0,"HH1_door_1","open"
1111,3616,2024-08-28T21:06:16,,H2,,,,"H2","HH_door_receiver",0.0,"HH2_door_1","closed"
1112,3616,2024-08-28T21:16:13,,H2,,,,"H2","HH_door_receiver",0.0,"HH2_door_1","closed"
1113,3616,2024-08-28T21:26:08,,H2,,,,"H2","HH_door_receiver",0.0,"HH2_door_1","closed"
1114,3616,2024-08-28T21:55:59,,H2,,,,"H2","HH_door_receiver",0.0,"HH2_door_1","closed"
1115,3616,2024-08-28T22:05:54,,H2,,,,"H2","HH_door_receiver",0.0,"HH2_door_1","closed"
1116,3616,2024-08-28T22:15:51,,H2,,,,"H2","HH_door_receiver",0.0,"HH2_door_1","closed"
1117,3616,2024-08-28T22:25:47,,H2,,,,"H2","HH_door_receiver",0.0,"HH2_door_1","closed"
1118,3616,2024-08-28T22:35:44,,H2,,,,"H2","HH_door_receiver",0.0,"HH2_door_1","closed"
1119,3616,2024-08-28T22:45:43,,H2,,,,"H2","HH_door_receiver",0.0,"HH2_door_1","closed"
1120,3616,2024-08-28T22:55:38,,H2,,,,"H2","HH_door_receiver",0.0,"HH2_door_1","closed"
1121,3616,2024-08-28T23:05:37,,H2,,,,"H2","HH_door_receiver",0.0,"HH2_door_1","closed"
1122,3616,2024-08-28T23:15:35,,H2,,,,"H2","HH_door_receiver",0.0,"HH2_door_1","closed"
1123,3616,2024-08-28T23:25:29,,H2,,,,"H2","HH_door_receiver",0.0,"HH2_door_1","closed"
1124,3616,2024-08-28T23:45:22,,H2,,,,"H2","HH_door_receiver",0.0,"HH2_door_1","closed"
1125,3616,2024-08-28T23:55:19,,H2,,,,"H2","HH_door_receiver",0.0,"HH2_door_1","closed"
1126,3616,2024-08-29T00:05:17,,H2,,,,"H2","HH_door_receiver",0.0,"HH2_door_1","closed"
1127,3616,2024-08-29T00:15:13,,H2,,,,"H2","HH_door_receiver",0.0,"HH2_door_1","closed"
1128,3616,2024-08-29T00:25:19,,H2,,,,"H2","HH_door_receiver",0.0,"HH2_door_1","closed"
1129,3616,2024-08-29T00:35:15,,H2,,,,"H2","HH_door_receiver",0.0,"HH2_door_1","closed"
1130,3616,2024-08-29T00:45:11,,H2,,,,"H2","HH_door_receiver",0.0,"HH2_door_1","closed"
1131,3616,2024-08-29T00:55:09,,H2,,,,"H2","HH_door_receiver",0.0,"HH2_door_1","closed"
1132,3616,2024-08-29T01:15:02,,H2,,,,"H2","HH_door_receiver",0.0,"HH2_door_1","closed"
1133,3616,2024-08-29T01:24:58,,H2,,,,"H2","HH_door_receiver",0.0,"HH2_door_1","closed"
1134,3616,2024-08-29T01:34:54,,H2,,,,"H2","HH_door_receiver",0.0,"HH2_door_1","closed"
1135,3616,2024-08-29T01:44:53,,H2,,,,"H2","HH_door_receiver",0.0,"HH2_door_1","closed"
1136,3616,2024-08-29T01:54:50,,H2,,,,"H2","HH_door_receiver",0.0,"HH2_door_1","closed"
1137,3616,2024-08-29T02:04:48,,H2,,,,"H2","HH_door_receiver",0.0,"HH2_door_1","closed"
1138,3616,2024-08-29T02:14:44,,H2,,,,"H2","HH_door_receiver",0.0,"HH2_door_1","closed"
1139,3616,2024-08-29T02:24:40,,H2,,,,"H2","HH_door_receiver",0.0,"HH2_door_1","closed"
1140,3616,2024-08-29T02:34:37,,H2,,,,"H2","HH_door_receiver",0.0,"HH2_door_1","closed"
1141,3616,2024-08-29T02:44:36,,H2,,,,"H2","HH_door_receiver",0.0,"HH2_door_1","closed"
1142,3616,2024-08-29T02:54:32,,H2,,,,"H2","HH_door_receiver",0.0,"HH2_door_1","closed"
1143,3616,2024-08-29T03:04:28,,H2,,,,"H2","HH_door_receiver",0.0,"HH2_door_1","closed"
1144,3616,2024-08-29T03:14:27,,H2,,,,"H2","HH_door_receiver",0.0,"HH2_door_1","closed"
1145,3616,2024-08-29T03:24:26,,H2,,,,"H2","HH_door_receiver",0.0,"HH2_door_1","closed"
1146,3616,2024-08-29T03:34:21,,H2,,,,"H2","HH_door_receiver",0.0,"HH2_door_1","closed"
1147,3616,2024-08-29T03:44:17,,H2,,,,"H2","HH_door_receiver",0.0,"HH2_door_1","closed"
1148,3616,2024-08-29T03:54:15,,H2,,,,"H2","HH_door_receiver",0.0,"HH2_door_1","closed"
1149,3616,2024-08-29T04:14:09,,H2,,,,"H2","HH_door_receiver",0.0,"HH2_door_1","closed"
1150,3616,2024-08-29T04:24:05,,H2,,,,"H2","HH_door_receiver",0.0,"HH2_door_1","closed"
1151,3616,2024-08-29T04:34:01,,H2,,,,"H2","HH_door_receiver",0.0,"HH2_door_1","closed"
1152,3616,2024-08-29T04:43:59,,H2,,,,"H2","HH_door_receiver",0.0,"HH2_door_1","closed"
1153,3616,2024-08-29T04:53:55,,H2,,,,"H2","HH_door_receiver",0.0,"HH2_door_1","closed"
1154,3616,2024-08-29T05:03:51,,H2,,,,"H2","HH_door_receiver",0.0,"HH2_door_1","closed"
1155,3616,2024-08-29T05:13:48,,H2,,,,"H2","HH_door_receiver",0.0,"HH2_door_1","closed"
1156,3616,2024-08-29T05:23:43,,H2,,,,"H2","HH_door_receiver",0.0,"HH2_door_1","closed"
1157,3616,2024-08-29T05:33:38,,H2,,,,"H2","HH_door_receiver",0.0,"HH2_door_1","closed"
1158,3616,2024-08-29T05:43:34,,H2,,,,"H2","HH_door_receiver",0.0,"HH2_door_1","closed"
1159,3616,2024-08-29T05:53:33,,H2,,,,"H2","HH_door_receiver",0.0,"HH2_door_1","closed"
1160,3616,2024-08-29T06:03:28,,H2,,,,"H2","HH_door_receiver",0.0,"HH2_door_1","closed"
1161,3616,2024-08-29T06:13:25,,H2,,,,"H2","HH_door_receiver",0.0,"HH2_door_1","closed"
1162,3616,2024-08-29T06:23:20,,H2,,,,"H2","HH_door_receiver",0.0,"HH2_door_1","closed"
1163,3616,2024-08-29T06:43:14,,H2,,,,"H2","HH_door_receiver",0.0,"HH2_door_1","closed"
1164,3616,2024-08-29T07:03:07,,H2,,,,"H2","HH_door_receiver",0.0,"HH2_door_1","closed"
1165,3616,2024-08-29T07:13:03,,H2,,,,"H2","HH_door_receiver",0.0,"HH2_door_1","closed"
1166,3616,2024-08-29T07:32:58,,H2,,,,"H2","HH_door_receiver",0.0,"HH2_door_1","closed"
1167,3616,2024-08-29T07:42:55,,H2,,,,"H2","HH_door_receiver",0.0,"HH2_door_1","closed"
1168,3616,2024-08-29T07:52:49,,H2,,,,"H2","HH_door_receiver",0.0,"HH2_door_1","closed"
1169,3616,2024-08-29T08:02:47,,H2,,,,"H2","HH_door_receiver",0.0,"HH2_door_1","closed"
1170,3616,2024-08-29T08:12:46,,H2,,,,"H2","HH_door_receiver",0.0,"HH2_door_1","closed"
1171,3616,2024-08-29T08:22:40,,H2,,,,"H2","HH_door_receiver",0.0,"HH2_door_1","closed"
1172,3616,2024-08-29T08:32:36,,H2,,,,"H2","HH_door_receiver",0.0,"HH2_door_1","closed"
1173,3616,2024-08-29T08:42:32,,H2,,,,"H2","HH_door_receiver",0.0,"HH2_door_1","closed"
1174,3616,2024-08-29T08:52:28,,H2,,,,"H2","HH_door_receiver",0.0,"HH2_door_1","closed"
1175,3616,2024-08-29T09:02:23,,H2,,,,"H2","HH_door_receiver",0.0,"HH2_door_1","closed"
1176,3616,2024-08-29T09:12:22,,H2,,,,"H2","HH_door_receiver",0.0,"HH2_door_1","closed"
1177,3616,2024-08-29T09:22:18,,H2,glazen deur,,,"H2","HH_door_receiver",0.0,"HH2_door_1","closed"
1178,3616,2024-08-29T09:32:13,,H2,glazen deur,,,"H2","HH_door_receiver",0.0,"HH2_door_1","closed"
1179,3616,2024-08-29T09:42:11,,H2,glazen deur,,,"H2","HH_door_receiver",0.0,"HH2_door_1","closed"
1180,3616,2024-08-29T09:52:06,,H2,glazen deur,,,"H2","HH_door_receiver",0.0,"HH2_door_1","closed"
1181,3616,2024-08-29T10:02:00,,H2,glazen deur,,,"H2","HH_door_receiver",0.0,"HH2_door_1","closed"
1182,3616,2024-08-29T10:11:57,,H2,glazen deur,,,"H2","HH_door_receiver",0.0,"HH2_door_1","closed"
1183,3616,2024-08-29T10:21:54,,H2,glazen deur,,,"H2","HH_door_receiver",0.0,"HH2_door_1","closed"
1184,3616,2024-08-29T10:31:51,,H2,glazen deur,,,"H2","HH_door_receiver",0.0,"HH2_door_1","closed"
1185,3616,2024-08-29T10:41:47,,H2,glazen deur,,,"H2","HH_door_receiver",0.0,"HH2_door_1","closed"
1186,3616,2024-08-29T10:51:44,,H2,glazen deur,,,"H2","HH_door_receiver",0.0,"HH2_door_1","closed"
1187,3616,2024-08-29T11:01:38,,H2,glazen deur,,,"H2","HH_door_receiver",0.0,"HH2_door_1","closed"
1188,3616,2024-08-29T11:11:35,,H2,glazen deur,,,"H2","HH_door_receiver",0.0,"HH2_door_1","closed"
1189,3616,2024-08-29T11:21:31,,H2,glazen deur,,,"H2","HH_door_receiver",0.0,"HH2_door_1","closed"
1190,3616,2024-08-29T11:31:26,,H2,glazen deur,,,"H2","HH_door_receiver",0.0,"HH2_door_1","closed"
1191,3616,2024-08-29T11:41:21,,H2,glazen deur,,,"H2","HH_door_receiver",0.0,"HH2_door_1","closed"
1192,3616,2024-08-29T12:01:12,,H2,glazen deur,,,"H2","HH_door_receiver",0.0,"HH2_door_1","closed"
1193,3616,2024-08-29T12:11:09,,H2,glazen deur,,,"H2","HH_door_receiver",0.0,"HH2_door_1","closed"
1194,3616,2024-08-29T12:21:07,,H2,glazen deur,,,"H2","HH_door_receiver",0.0,"HH2_door_1","closed"
1195,3616,2024-08-29T12:31:02,,H2,glazen deur,,,"H2","HH_door_receiver",0.0,"HH2_door_1","closed"
1196,3616,2024-08-29T12:40:58,,H2,glazen deur,,,"H2","HH_door_receiver",0.0,"HH2_door_1","closed"
1197,3616,2024-08-29T12:50:55,,H2,glazen deur,,,"H2","HH_door_receiver",0.0,"HH2_door_1","closed"
1198,3616,2024-08-29T13:00:50,,H2,glazen deur,,,"H2","HH_door_receiver",1.0,"HH2_door_1","open"
1199,3616,2024-08-29T13:10:49,,H2,glazen deur,,,"H2","HH_door_receiver",1.0,"HH2_door_1","open"
1200,3616,2024-08-29T13:20:47,,H2,glazen deur,,,"H2","HH_door_receiver",1.0,"HH2_door_1","open"
1201,3616,2024-08-29T13:30:45,,H2,glazen deur,,,"H2","HH_door_receiver",1.0,"HH2_door_1","open"
1202,3616,2024-08-29T13:40:42,,H2,glazen deur,,,"H2","HH_door_receiver",1.0,"HH2_door_1","open"
1203,3616,2024-08-29T13:50:36,,H2,glazen deur,,,"H2","HH_door_receiver",1.0,"HH2_door_1","open"
1204,3616,2024-08-29T14:00:34,,H2,glazen deur,,,"H2","HH_door_receiver",1.0,"HH2_door_1","open"
1205,3616,2024-08-29T14:10:30,,H2,glazen deur,,,"H2","HH_door_receiver",1.0,"HH2_door_1","open"
1206,3616,2024-08-29T14:20:29,,H2,glazen deur,,,"H2","HH_door_receiver",0.0,"HH2_door_1","closed"
1207,3616,2024-08-29T14:30:26,,H2,glazen deur,,,"H2","HH_door_receiver",0.0,"HH2_door_1","closed"
1208,3616,2024-08-29T14:40:22,,H2,glazen deur,,,"H2","HH_door_receiver",0.0,"HH2_door_1","closed"
1209,3616,2024-08-29T14:50:17,,H2,glazen deur,,,"H2","HH_door_receiver",0.0,"HH2_door_1","closed"
1210,3616,2024-08-29T15:00:13,,H2,glazen deur,,,"H2","HH_door_receiver",0.0,"HH2_door_1","closed"
1211,3616,2024-08-29T15:10:09,,H2,glazen deur,,,"H2","HH_door_receiver",0.0,"HH2_door_1","closed"
1212,3616,2024-08-29T15:20:05,,H2,glazen deur,,,"H2","HH_door_receiver",0.0,"HH2_door_1","closed"
1213,3616,2024-08-29T15:30:02,,H2,glazen deur,,,"H2","HH_door_receiver",0.0,"HH2_door_1","closed"
1214,3613,2024-08-29T15:39:28,,H1,,,,"H1","HH_door_receiver",1.0,"HH1_door_1","open"
1215,3616,2024-08-29T15:39:59,,H2,glazen deur,,,"H2","HH_door_receiver",0.0,"HH2_door_1","closed"
1216,3613,2024-08-29T15:49:24,,H1,,,,"H1","HH_door_receiver",1.0,"HH1_door_1","open"
1217,3616,2024-08-29T15:49:57,,H2,glazen deur,,,"H2","HH_door_receiver",0.0,"HH2_door_1","closed"
1218,3613,2024-08-29T15:59:28,,H1,,,,"H1","HH_door_receiver",1.0,"HH1_door_1","open"
1219,3616,2024-08-29T15:59:52,,H2,glazen deur,,,"H2","HH_door_receiver",1.0,"HH2_door_1","open"
1220,3613,2024-08-29T16:09:32,,H1,,,,"H1","HH_door_receiver",1.0,"HH1_door_1","open"
1221,3616,2024-08-29T16:09:49,,H2,glazen deur,,,"H2","HH_door_receiver",0.0,"HH2_door_1","closed"
1222,3613,2024-08-29T16:19:26,,H1,,,,"H1","HH_door_receiver",1.0,"HH1_door_1","open"
1223,3616,2024-08-29T16:19:46,,H2,glazen deur,,,"H2","HH_door_receiver",1.0,"HH2_door_1","open"
1224,3613,2024-08-29T16:29:21,,H1,,,,"H1","HH_door_receiver",1.0,"HH1_door_1","open"
1225,3613,2024-08-29T16:39:15,,H1,,,,"H1","HH_door_receiver",1.0,"HH1_door_1","open"
1226,3616,2024-08-29T16:39:38,,H2,glazen deur,,,"H2","HH_door_receiver",0.0,"HH2_door_1","closed"
1227,3613,2024-08-29T16:49:10,,H1,,,,"H1","HH_door_receiver",1.0,"HH1_door_1","open"
1228,3616,2024-08-29T16:49:34,,H2,glazen deur,,,"H2","HH_door_receiver",0.0,"HH2_door_1","closed"
1229,3613,2024-08-29T16:59:09,,H1,,,,"H1","HH_door_receiver",1.0,"HH1_door_1","open"
1230,3616,2024-08-29T16:59:29,,H2,glazen deur,,,"H2","HH_door_receiver",0.0,"HH2_door_1","closed"
1231,3613,2024-08-29T17:09:03,,H1,,,,"H1","HH_door_receiver",1.0,"HH1_door_1","open"
1232,3616,2024-08-29T17:09:26,,H2,glazen deur,,,"H2","HH_door_receiver",0.0,"HH2_door_1","closed"
1233,3613,2024-08-29T17:18:58,,H1,,,,"H1","HH_door_receiver",1.0,"HH1_door_1","open"
1234,3616,2024-08-29T17:19:22,,H2,glazen deur,,,"H2","HH_door_receiver",0.0,"HH2_door_1","closed"
1235,3613,2024-08-29T17:28:57,,H1,,,,"H1","HH_door_receiver",1.0,"HH1_door_1","open"
1236,3616,2024-08-29T17:29:19,,H2,glazen deur,,,"H2","HH_door_receiver",0.0,"HH2_door_1","closed"
1237,3613,2024-08-29T17:39:02,,H1,,,,"H1","HH_door_receiver",1.0,"HH1_door_1","open"
1238,3616,2024-08-29T17:39:15,,H2,glazen deur,,,"H2","HH_door_receiver",0.0,"HH2_door_1","closed"
1239,3613,2024-08-29T17:48:57,,H1,,,,"H1","HH_door_receiver",1.0,"HH1_door_1","open"
1240,3616,2024-08-29T17:49:14,,H2,glazen deur,,,"H2","HH_door_receiver",0.0,"HH2_door_1","closed"
1241,3613,2024-08-29T17:59:02,,H1,,,,"H1","HH_door_receiver",1.0,"HH1_door_1","open"
1242,3616,2024-08-29T17:59:09,,H2,glazen deur,,,"H2","HH_door_receiver",1.0,"HH2_door_1","open"
1243,3613,2024-08-29T18:08:55,,H1,,,,"H1","HH_door_receiver",1.0,"HH1_door_1","open"
1244,3616,2024-08-29T18:09:06,,H2,glazen deur,,,"H2","HH_door_receiver",0.0,"HH2_door_1","closed"
1245,3613,2024-08-29T18:18:51,,H1,,,,"H1","HH_door_receiver",1.0,"HH1_door_1","open"
1246,3616,2024-08-29T18:19:03,,H2,glazen deur,,,"H2","HH_door_receiver",0.0,"HH2_door_1","closed"
1247,3613,2024-08-29T18:28:57,,H1,,,,"H1","HH_door_receiver",1.0,"HH1_door_1","open"
1248,3616,2024-08-29T18:28:59,,H2,glazen deur,,,"H2","HH_door_receiver",0.0,"HH2_door_1","closed"
1249,3613,2024-08-29T18:38:55,,H1,,,,"H1","HH_door_receiver",1.0,"HH1_door_1","open"
1250,3613,2024-08-29T18:48:49,,H1,,,,"H1","HH_door_receiver",0.0,"HH1_door_1","closed"
1251,3613,2024-08-29T18:58:45,,H1,,,,"H1","HH_door_receiver",0.0,"HH1_door_1","closed"
1252,3616,2024-08-29T18:58:48,,H2,glazen deur,,,"H2","HH_door_receiver",0.0,"HH2_door_1","closed"
1253,3613,2024-08-29T19:08:45,,H1,,,,"H1","HH_door_receiver",1.0,"HH1_door_1","open"
1254,3616,2024-08-29T19:18:40,,H2,glazen deur,,,"H2","HH_door_receiver",0.0,"HH2_door_1","closed"
1255,3613,2024-08-29T19:18:43,,H1,,,,"H1","HH_door_receiver",1.0,"HH1_door_1","open"
1256,3613,2024-08-29T19:28:37,,H1,,,,"H1","HH_door_receiver",1.0,"HH1_door_1","open"
1257,3616,2024-08-29T19:28:38,,H2,glazen deur,,,"H2","HH_door_receiver",0.0,"HH2_door_1","closed"
1258,3613,2024-08-29T19:38:32,,H1,,,,"H1","HH_door_receiver",1.0,"HH1_door_1","open"
1259,3616,2024-08-29T19:38:34,,H2,glazen deur,,,"H2","HH_door_receiver",0.0,"HH2_door_1","closed"
1260,3613,2024-08-29T19:48:28,,H1,,,,"H1","HH_door_receiver",1.0,"HH1_door_1","open"
1261,3616,2024-08-29T19:48:31,,H2,glazen deur,,,"H2","HH_door_receiver",1.0,"HH2_door_1","open"
1262,3613,2024-08-29T19:58:22,,H1,,,,"H1","HH_door_receiver",1.0,"HH1_door_1","open"
1263,3616,2024-08-29T19:58:27,,H2,glazen deur,,,"H2","HH_door_receiver",1.0,"HH2_door_1","open"
1264,3613,2024-08-29T20:08:18,,H1,,,,"H1","HH_door_receiver",1.0,"HH1_door_1","open"
1265,3616,2024-08-29T20:08:24,,H2,glazen deur,,,"H2","HH_door_receiver",0.0,"HH2_door_1","closed"
1266,3613,2024-08-29T20:18:13,,H1,,,,"H1","HH_door_receiver",1.0,"HH1_door_1","open"
1267,3616,2024-08-29T20:18:18,,H2,glazen deur,,,"H2","HH_door_receiver",0.0,"HH2_door_1","closed"
1268,3616,2024-08-29T20:28:13,,H2,glazen deur,,,"H2","HH_door_receiver",0.0,"HH2_door_1","closed"
1269,3613,2024-08-29T20:28:20,,H1,,,,"H1","HH_door_receiver",1.0,"HH1_door_1","open"
1270,3616,2024-08-29T20:38:10,,H2,glazen deur,,,"H2","HH_door_receiver",0.0,"HH2_door_1","closed"
1271,3613,2024-08-29T20:38:24,,H1,,,,"H1","HH_door_receiver",1.0,"HH1_door_1","open"
1272,3616,2024-08-29T20:48:11,,H2,glazen deur,,,"H2","HH_door_receiver",0.0,"HH2_door_1","closed"
1273,3613,2024-08-29T20:48:18,,H1,,,,"H1","HH_door_receiver",1.0,"HH1_door_1","open"
1274,3616,2024-08-29T20:58:07,,H2,glazen deur,,,"H2","HH_door_receiver",0.0,"HH2_door_1","closed"
1275,3613,2024-08-29T20:58:13,,H1,,,,"H1","HH_door_receiver",1.0,"HH1_door_1","open"
1276,3616,2024-08-29T21:08:05,,H2,glazen deur,,,"H2","HH_door_receiver",0.0,"HH2_door_1","closed"
1277,3613,2024-08-29T21:08:08,,H1,,,,"H1","HH_door_receiver",1.0,"HH1_door_1","open"
1278,3616,2024-08-29T21:18:01,,H2,glazen deur,,,"H2","HH_door_receiver",0.0,"HH2_door_1","closed"
1279,3613,2024-08-29T21:18:03,,H1,,,,"H1","HH_door_receiver",1.0,"HH1_door_1","open"
1280,3616,2024-08-29T21:27:57,,H2,glazen deur,,,"H2","HH_door_receiver",0.0,"HH2_door_1","closed"
1281,3613,2024-08-29T21:28:09,,H1,,,,"H1","HH_door_receiver",1.0,"HH1_door_1","open"
1282,3616,2024-08-29T21:37:55,,H2,glazen deur,,,"H2","HH_door_receiver",0.0,"HH2_door_1","closed"
1283,3613,2024-08-29T21:38:02,,H1,,,,"H1","HH_door_receiver",1.0,"HH1_door_1","open"
1284,3616,2024-08-29T21:47:50,,H2,glazen deur,,,"H2","HH_door_receiver",0.0,"HH2_door_1","closed"
1285,3613,2024-08-29T21:47:58,,H1,,,,"H1","HH_door_receiver",1.0,"HH1_door_1","open"
1286,3616,2024-08-29T21:57:49,,H2,glazen deur,,,"H2","HH_door_receiver",0.0,"HH2_door_1","closed"
1287,3613,2024-08-29T21:58:04,,H1,,,,"H1","HH_door_receiver",1.0,"HH1_door_1","open"
1288,3616,2024-08-29T22:07:43,,H2,glazen deur,,,"H2","HH_door_receiver",0.0,"HH2_door_1","closed"
1289,3613,2024-08-29T22:07:57,,H1,,,,"H1","HH_door_receiver",1.0,"HH1_door_1","open"
1290,3616,2024-08-29T22:17:42,,H2,glazen deur,,,"H2","HH_door_receiver",0.0,"HH2_door_1","closed"
1291,3613,2024-08-29T22:17:53,,H1,,,,"H1","HH_door_receiver",1.0,"HH1_door_1","open"
1292,3616,2024-08-29T22:27:38,,H2,glazen deur,,,"H2","HH_door_receiver",0.0,"HH2_door_1","closed"
1293,3613,2024-08-29T22:27:49,,H1,,,,"H1","HH_door_receiver",1.0,"HH1_door_1","open"
1294,3616,2024-08-29T22:37:33,,H2,glazen deur,,,"H2","HH_door_receiver",0.0,"HH2_door_1","closed"
1295,3613,2024-08-29T22:37:45,,H1,,,,"H1","HH_door_receiver",0.0,"HH1_door_1","closed"
1296,3616,2024-08-29T22:47:32,,H2,glazen deur,,,"H2","HH_door_receiver",0.0,"HH2_door_1","closed"
1297,3613,2024-08-29T22:47:45,,H1,,,,"H1","HH_door_receiver",0.0,"HH1_door_1","closed"
1298,3616,2024-08-29T22:57:26,,H2,glazen deur,,,"H2","HH_door_receiver",0.0,"HH2_door_1","closed"
1299,3613,2024-08-29T22:57:39,,H1,,,,"H1","HH_door_receiver",0.0,"HH1_door_1","closed"
1300,3616,2024-08-29T23:07:22,,H2,glazen deur,,,"H2","HH_door_receiver",0.0,"HH2_door_1","closed"
1301,3613,2024-08-29T23:07:36,,H1,,,,"H1","HH_door_receiver",0.0,"HH1_door_1","closed"
1302,3616,2024-08-29T23:17:21,,H2,glazen deur,,,"H2","HH_door_receiver",0.0,"HH2_door_1","closed"
1303,3616,2024-08-29T23:27:17,,H2,glazen deur,,,"H2","HH_door_receiver",0.0,"HH2_door_1","closed"
1304,3613,2024-08-29T23:37:36,,H1,,,,"H1","HH_door_receiver",0.0,"HH1_door_1","closed"
1305,3616,2024-08-29T23:47:10,,H2,glazen deur,,,"H2","HH_door_receiver",0.0,"HH2_door_1","closed"
1306,3613,2024-08-29T23:47:31,,H1,,,,"H1","HH_door_receiver",0.0,"HH1_door_1","closed"
1307,3616,2024-08-29T23:57:09,,H2,glazen deur,,,"H2","HH_door_receiver",0.0,"HH2_door_1","closed"
1308,3613,2024-08-29T23:57:30,,H1,,,,"H1","HH_door_receiver",0.0,"HH1_door_1","closed"
1309,3616,2024-08-30T00:07:04,,H2,glazen deur,,,"H2","HH_door_receiver",0.0,"HH2_door_1","closed"
1310,3613,2024-08-30T00:07:24,,H1,,,,"H1","HH_door_receiver",0.0,"HH1_door_1","closed"
1311,3616,2024-08-30T00:17:00,,H2,glazen deur,,,"H2","HH_door_receiver",0.0,"HH2_door_1","closed"
1312,3613,2024-08-30T00:17:20,,H1,,,,"H1","HH_door_receiver",0.0,"HH1_door_1","closed"
1313,3613,2024-08-30T00:27:19,,H1,,,,"H1","HH_door_receiver",0.0,"HH1_door_1","closed"
1314,3616,2024-08-30T00:36:53,,H2,glazen deur,,,"H2","HH_door_receiver",0.0,"HH2_door_1","closed"
1315,3613,2024-08-30T00:37:27,,H1,,,,"H1","HH_door_receiver",0.0,"HH1_door_1","closed"
1316,3616,2024-08-30T00:46:47,,H2,glazen deur,,,"H2","HH_door_receiver",0.0,"HH2_door_1","closed"
1317,3613,2024-08-30T00:47:24,,H1,,,,"H1","HH_door_receiver",0.0,"HH1_door_1","closed"
1318,3616,2024-08-30T00:56:44,,H2,glazen deur,,,"H2","HH_door_receiver",0.0,"HH2_door_1","closed"
1319,3613,2024-08-30T00:57:29,,H1,,,,"H1","HH_door_receiver",0.0,"HH1_door_1","closed"
1320,3616,2024-08-30T01:06:40,,H2,glazen deur,,,"H2","HH_door_receiver",0.0,"HH2_door_1","closed"
1321,3613,2024-08-30T01:07:24,,H1,,,,"H1","HH_door_receiver",0.0,"HH1_door_1","closed"
1322,3616,2024-08-30T01:16:35,,H2,glazen deur,,,"H2","HH_door_receiver",0.0,"HH2_door_1","closed"
1323,3613,2024-08-30T01:17:19,,H1,,,,"H1","HH_door_receiver",0.0,"HH1_door_1","closed"
1324,3616,2024-08-30T01:26:30,,H2,glazen deur,,,"H2","HH_door_receiver",0.0,"HH2_door_1","closed"
1325,3616,2024-08-30T01:36:25,,H2,glazen deur,,,"H2","HH_door_receiver",0.0,"HH2_door_1","closed"
1326,3613,2024-08-30T01:37:11,,H1,,,,"H1","HH_door_receiver",0.0,"HH1_door_1","closed"
1327,3613,2024-08-30T01:47:11,,H1,,,,"H1","HH_door_receiver",0.0,"HH1_door_1","closed"
1328,3616,2024-08-30T01:56:17,,H2,glazen deur,,,"H2","HH_door_receiver",0.0,"HH2_door_1","closed"
1329,3613,2024-08-30T01:57:09,,H1,,,,"H1","HH_door_receiver",0.0,"HH1_door_1","closed"
1330,3616,2024-08-30T02:06:13,,H2,glazen deur,,,"H2","HH_door_receiver",0.0,"HH2_door_1","closed"
1331,3613,2024-08-30T02:07:08,,H1,,,,"H1","HH_door_receiver",0.0,"HH1_door_1","closed"
1332,3616,2024-08-30T02:16:10,,H2,glazen deur,,,"H2","HH_door_receiver",0.0,"HH2_door_1","closed"
1333,3613,2024-08-30T02:17:02,,H1,,,,"H1","HH_door_receiver",0.0,"HH1_door_1","closed"
1334,3616,2024-08-30T02:26:06,,H2,glazen deur,,,"H2","HH_door_receiver",0.0,"HH2_door_1","closed"
1335,3613,2024-08-30T02:26:58,,H1,,,,"H1","HH_door_receiver",0.0,"HH1_door_1","closed"
1336,3616,2024-08-30T02:36:03,,H2,glazen deur,,,"H2","HH_door_receiver",0.0,"HH2_door_1","closed"
1337,3616,2024-08-30T02:46:01,,H2,glazen deur,,,"H2","HH_door_receiver",0.0,"HH2_door_1","closed"
1338,3616,2024-08-30T02:55:59,,H2,glazen deur,,,"H2","HH_door_receiver",0.0,"HH2_door_1","closed"
1339,3616,2024-08-30T03:05:55,,H2,glazen deur,,,"H2","HH_door_receiver",0.0,"HH2_door_1","closed"
1340,3616,2024-08-30T03:15:50,,H2,glazen deur,,,"H2","HH_door_receiver",0.0,"HH2_door_1","closed"
1341,3616,2024-08-30T03:25:49,,H2,glazen deur,,,"H2","HH_door_receiver",0.0,"HH2_door_1","closed"
1342,3616,2024-08-30T03:35:47,,H2,glazen deur,,,"H2","HH_door_receiver",0.0,"HH2_door_1","closed"
1343,3616,2024-08-30T03:45:41,,H2,glazen deur,,,"H2","HH_door_receiver",0.0,"HH2_door_1","closed"
1344,3616,2024-08-30T03:55:38,,H2,glazen deur,,,"H2","HH_door_receiver",0.0,"HH2_door_1","closed"
1345,3616,2024-08-30T04:05:36,,H2,glazen deur,,,"H2","HH_door_receiver",0.0,"HH2_door_1","closed"
1346,3616,2024-08-30T04:15:32,,H2,glazen deur,,,"H2","HH_door_receiver",0.0,"HH2_door_1","closed"
1347,3616,2024-08-30T04:25:29,,H2,glazen deur,,,"H2","HH_door_receiver",0.0,"HH2_door_1","closed"
1348,3616,2024-08-30T04:35:26,,H2,glazen deur,,,"H2","HH_door_receiver",0.0,"HH2_door_1","closed"
1349,3616,2024-08-30T04:45:22,,H2,glazen deur,,,"H2","HH_door_receiver",0.0,"HH2_door_1","closed"
1350,3616,2024-08-30T04:55:18,,H2,glazen deur,,,"H2","HH_door_receiver",0.0,"HH2_door_1","closed"
1351,3616,2024-08-30T05:05:15,,H2,glazen deur,,,"H2","HH_door_receiver",0.0,"HH2_door_1","closed"
1352,3616,2024-08-30T05:15:11,,H2,glazen deur,,,"H2","HH_door_receiver",0.0,"HH2_door_1","closed"
1353,3616,2024-08-30T05:25:08,,H2,glazen deur,,,"H2","HH_door_receiver",0.0,"HH2_door_1","closed"
1354,3616,2024-08-30T05:44:59,,H2,glazen deur,,,"H2","HH_door_receiver",0.0,"HH2_door_1","closed"
1355,3616,2024-08-30T05:54:55,,H2,glazen deur,,,"H2","HH_door_receiver",0.0,"HH2_door_1","closed"
1356,3616,2024-08-30T06:04:54,,H2,glazen deur,,,"H2","HH_door_receiver",0.0,"HH2_door_1","closed"
1357,3616,2024-08-30T06:14:49,,H2,glazen deur,,,"H2","HH_door_receiver",0.0,"HH2_door_1","closed"
1358,3616,2024-08-30T06:24:46,,H2,glazen deur,,,"H2","HH_door_receiver",0.0,"HH2_door_1","closed"
1359,3616,2024-08-30T06:34:43,,H2,glazen deur,,,"H2","HH_door_receiver",0.0,"HH2_door_1","closed"
1360,3616,2024-08-30T06:44:40,,H2,glazen deur,,,"H2","HH_door_receiver",0.0,"HH2_door_1","closed"
1361,3616,2024-08-30T06:54:38,,H2,glazen deur,,,"H2","HH_door_receiver",0.0,"HH2_door_1","closed"
1362,3616,2024-08-30T07:04:36,,H2,glazen deur,,,"H2","HH_door_receiver",0.0,"HH2_door_1","closed"
1363,3616,2024-08-30T07:14:33,,H2,glazen deur,,,"H2","HH_door_receiver",0.0,"HH2_door_1","closed"
1364,3616,2024-08-30T07:24:29,,H2,glazen deur,,,"H2","HH_door_receiver",1.0,"HH2_door_1","open"
1365,3616,2024-08-30T07:34:26,,H2,glazen deur,,,"H2","HH_door_receiver",1.0,"HH2_door_1","open"
1366,3616,2024-08-30T07:44:23,,H2,glazen deur,,,"H2","HH_door_receiver",1.0,"HH2_door_1","open"
1367,3616,2024-08-30T07:54:18,,H2,glazen deur,,,"H2","HH_door_receiver",1.0,"HH2_door_1","open"
1368,3616,2024-08-30T08:04:15,,H2,glazen deur,,,"H2","HH_door_receiver",1.0,"HH2_door_1","open"
1369,3616,2024-08-30T08:14:14,,H2,glazen deur,,,"H2","HH_door_receiver",1.0,"HH2_door_1","open"
1370,3616,2024-08-30T08:24:11,,H2,glazen deur,,,"H2","HH_door_receiver",1.0,"HH2_door_1","open"
1371,3616,2024-08-30T08:34:07,,H2,glazen deur,,,"H2","HH_door_receiver",1.0,"HH2_door_1","open"
1372,3616,2024-08-30T08:44:03,,H2,glazen deur,,,"H2","HH_door_receiver",1.0,"HH2_door_1","open"
1373,3616,2024-08-30T08:54:00,,H2,glazen deur,,,"H2","HH_door_receiver",1.0,"HH2_door_1","open"
1374,3616,2024-08-30T09:13:52,,H2,glazen binnendeur,,,"H2","HH_door_receiver",1.0,"HH2_door_1","open"
1375,3616,2024-08-30T09:23:48,,H2,glazen binnendeur,,,"H2","HH_door_receiver",0.0,"HH2_door_1","closed"
1376,3616,2024-08-30T09:33:44,,H2,glazen binnendeur,,,"H2","HH_door_receiver",0.0,"HH2_door_1","closed"
1377,3616,2024-08-30T09:43:42,,H2,glazen binnendeur,,,"H2","HH_door_receiver",0.0,"HH2_door_1","closed"
1378,3616,2024-08-30T10:03:32,,H2,glazen binnendeur,,,"H2","HH_door_receiver",1.0,"HH2_door_1","open"
1379,3616,2024-08-30T10:13:31,,H2,glazen binnendeur,,,"H2","HH_door_receiver",0.0,"HH2_door_1","closed"
1380,3616,2024-08-30T10:23:27,,H2,glazen binnendeur,,,"H2","HH_door_receiver",0.0,"HH2_door_1","closed"
1381,3616,2024-08-30T10:33:25,,H2,glazen binnendeur,,,"H2","HH_door_receiver",0.0,"HH2_door_1","closed"
1382,3616,2024-08-30T10:43:22,,H2,glazen binnendeur,,,"H2","HH_door_receiver",0.0,"HH2_door_1","closed"
1383,3616,2024-08-30T10:53:16,,H2,glazen binnendeur,,,"H2","HH_door_receiver",0.0,"HH2_door_1","closed"
1384,3616,2024-08-30T11:03:13,,H2,glazen binnendeur,,,"H2","HH_door_receiver",0.0,"HH2_door_1","closed"
1385,3616,2024-08-30T11:13:10,,H2,glazen binnendeur,,,"H2","HH_door_receiver",0.0,"HH2_door_1","closed"
1386,3616,2024-08-30T11:23:07,,H2,glazen binnendeur,,,"H2","HH_door_receiver",0.0,"HH2_door_1","closed"
1387,3616,2024-08-30T11:33:04,,H2,glazen binnendeur,,,"H2","HH_door_receiver",1.0,"HH2_door_1","open"
1388,3616,2024-08-30T11:43:01,,H2,glazen binnendeur,,,"H2","HH_door_receiver",1.0,"HH2_door_1","open"
1389,3616,2024-08-30T11:52:56,,H2,glazen binnendeur,,,"H2","HH_door_receiver",1.0,"HH2_door_1","open"
1390,3616,2024-08-30T12:02:53,,H2,glazen binnendeur,,,"H2","HH_door_receiver",0.0,"HH2_door_1","closed"
1391,3616,2024-08-30T12:12:49,,H2,glazen binnendeur,,,"H2","HH_door_receiver",0.0,"HH2_door_1","closed"
1392,3616,2024-08-30T12:22:44,,H2,glazen binnendeur,,,"H2","HH_door_receiver",0.0,"HH2_door_1","closed"
1393,3616,2024-08-30T12:32:41,,H2,glazen binnendeur,,,"H2","HH_door_receiver",0.0,"HH2_door_1","closed"
1394,3616,2024-08-30T12:42:37,,H2,glazen binnendeur,,,"H2","HH_door_receiver",0.0,"HH2_door_1","closed"
1395,3616,2024-08-30T12:52:34,,H2,glazen binnendeur,,,"H2","HH_door_receiver",0.0,"HH2_door_1","closed"
1396,3616,2024-08-30T13:02:33,,H2,glazen binnendeur,,,"H2","HH_door_receiver",0.0,"HH2_door_1","closed"
1397,3616,2024-08-30T13:12:30,,H2,glazen binnendeur,,,"H2","HH_door_receiver",0.0,"HH2_door_1","closed"
1398,3616,2024-08-30T13:22:26,,H2,glazen binnendeur,,,"H2","HH_door_receiver",0.0,"HH2_door_1","closed"
1399,3616,2024-08-30T13:32:22,,H2,glazen binnendeur,,,"H2","HH_door_receiver",1.0,"HH2_door_1","open"
1400,3616,2024-08-30T13:42:17,,H2,glazen binnendeur,,,"H2","HH_door_receiver",1.0,"HH2_door_1","open"
1401,3616,2024-08-30T13:52:13,,H2,glazen binnendeur,,,"H2","HH_door_receiver",1.0,"HH2_door_1","open"
1402,3616,2024-08-30T14:02:12,,H2,glazen binnendeur,,,"H2","HH_door_receiver",0.0,"HH2_door_1","closed"
1403,3616,2024-08-30T14:12:07,,H2,glazen binnendeur,,,"H2","HH_door_receiver",0.0,"HH2_door_1","closed"
1404,3616,2024-08-30T14:22:05,,H2,glazen binnendeur,,,"H2","HH_door_receiver",0.0,"HH2_door_1","closed"
1405,3616,2024-08-30T14:31:59,,H2,glazen binnendeur,,,"H2","HH_door_receiver",0.0,"HH2_door_1","closed"
1406,3616,2024-08-30T14:41:58,,H2,glazen binnendeur,,,"H2","HH_door_receiver",0.0,"HH2_door_1","closed"
1407,3616,2024-08-30T14:51:53,,H2,glazen binnendeur,,,"H2","HH_door_receiver",0.0,"HH2_door_1","closed"
1408,3616,2024-08-30T15:01:50,,H2,glazen binnendeur,,,"H2","HH_door_receiver",1.0,"HH2_door_1","open"
1409,3616,2024-08-30T15:11:50,,H2,glazen binnendeur,,,"H2","HH_door_receiver",0.0,"HH2_door_1","closed"
1410,3616,2024-08-30T15:21:49,,H2,glazen binnendeur,,,"H2","HH_door_receiver",0.0,"HH2_door_1","closed"
1411,3616,2024-08-30T15:31:46,,H2,glazen binnendeur,,,"H2","HH_door_receiver",0.0,"HH2_door_1","closed"
1412,3616,2024-08-30T15:41:45,,H2,glazen binnendeur,,,"H2","HH_door_receiver",0.0,"HH2_door_1","closed"
1413,3616,2024-08-30T15:51:42,,H2,glazen binnendeur,,,"H2","HH_door_receiver",0.0,"HH2_door_1","closed"
1414,3616,2024-08-30T16:11:42,,H2,glazen binnendeur,,,"H2","HH_door_receiver",0.0,"HH2_door_1","closed"
1415,3616,2024-08-30T16:21:42,,H2,glazen binnendeur,,,"H2","HH_door_receiver",0.0,"HH2_door_1","closed"
1416,3616,2024-08-30T16:31:37,,H2,glazen binnendeur,,,"H2","HH_door_receiver",0.0,"HH2_door_1","closed"
1417,3616,2024-08-30T16:51:33,,H2,glazen binnendeur,,,"H2","HH_door_receiver",0.0,"HH2_door_1","closed"
1418,3616,2024-08-30T17:01:30,,H2,glazen binnendeur,,,"H2","HH_door_receiver",0.0,"HH2_door_1","closed"
1419,3616,2024-08-30T17:11:25,,H2,glazen binnendeur,,,"H2","HH_door_receiver",0.0,"HH2_door_1","closed"
1420,3616,2024-08-30T17:21:20,,H2,glazen binnendeur,,,"H2","HH_door_receiver",0.0,"HH2_door_1","closed"
1421,3616,2024-08-30T17:31:24,,H2,glazen binnendeur,,,"H2","HH_door_receiver",0.0,"HH2_door_1","closed"
1422,3616,2024-08-30T17:41:21,,H2,glazen binnendeur,,,"H2","HH_door_receiver",1.0,"HH2_door_1","open"
1423,3616,2024-08-30T17:51:17,,H2,glazen binnendeur,,,"H2","HH_door_receiver",0.0,"HH2_door_1","closed"
1424,3616,2024-08-30T18:01:14,,H2,glazen binnendeur,,,"H2","HH_door_receiver",0.0,"HH2_door_1","closed"
1425,3616,2024-08-30T18:11:12,,H2,glazen binnendeur,,,"H2","HH_door_receiver",0.0,"HH2_door_1","closed"
1426,3616,2024-08-30T18:21:06,,H2,glazen binnendeur,,,"H2","HH_door_receiver",0.0,"HH2_door_1","closed"
1427,3616,2024-08-30T18:31:03,,H2,glazen binnendeur,,,"H2","HH_door_receiver",0.0,"HH2_door_1","closed"
1428,3616,2024-08-30T18:40:58,,H2,glazen binnendeur,,,"H2","HH_door_receiver",0.0,"HH2_door_1","closed"
1429,3616,2024-08-30T18:50:54,,H2,glazen binnendeur,,,"H2","HH_door_receiver",0.0,"HH2_door_1","closed"
1430,3616,2024-08-30T19:00:49,,H2,glazen binnendeur,,,"H2","HH_door_receiver",0.0,"HH2_door_1","closed"
1431,3616,2024-08-30T19:10:45,,H2,glazen binnendeur,,,"H2","HH_door_receiver",0.0,"HH2_door_1","closed"
1432,3616,2024-08-30T19:20:40,,H2,glazen binnendeur,,,"H2","HH_door_receiver",0.0,"HH2_door_1","closed"
1433,3616,2024-08-30T19:30:36,,H2,glazen binnendeur,,,"H2","HH_door_receiver",0.0,"HH2_door_1","closed"
1434,3616,2024-08-30T19:40:30,,H2,glazen binnendeur,,,"H2","HH_door_receiver",0.0,"HH2_door_1","closed"
1435,3616,2024-08-30T19:50:32,,H2,glazen binnendeur,,,"H2","HH_door_receiver",0.0,"HH2_door_1","closed"
1436,3616,2024-08-30T20:00:29,,H2,glazen binnendeur,,,"H2","HH_door_receiver",1.0,"HH2_door_1","open"
1437,3616,2024-08-30T20:10:25,,H2,glazen binnendeur,,,"H2","HH_door_receiver",1.0,"HH2_door_1","open"
1438,3616,2024-08-30T20:30:19,,H2,glazen binnendeur,,,"H2","HH_door_receiver",0.0,"HH2_door_1","closed"
1439,3616,2024-08-30T20:40:15,,H2,glazen binnendeur,,,"H2","HH_door_receiver",0.0,"HH2_door_1","closed"
1440,3616,2024-08-30T20:50:12,,H2,glazen binnendeur,,,"H2","HH_door_receiver",0.0,"HH2_door_1","closed"
1441,3616,2024-08-30T21:00:10,,H2,glazen binnendeur,,,"H2","HH_door_receiver",0.0,"HH2_door_1","closed"
1442,3616,2024-08-30T21:10:08,,H2,glazen binnendeur,,,"H2","HH_door_receiver",0.0,"HH2_door_1","closed"
1443,3616,2024-08-30T21:20:04,,H2,glazen binnendeur,,,"H2","HH_door_receiver",0.0,"HH2_door_1","closed"
1444,3616,2024-08-30T21:30:01,,H2,glazen binnendeur,,,"H2","HH_door_receiver",0.0,"HH2_door_1","closed"
1445,3616,2024-08-30T21:39:58,,H2,glazen binnendeur,,,"H2","HH_door_receiver",0.0,"HH2_door_1","closed"
1446,3616,2024-08-30T21:49:55,,H2,glazen binnendeur,,,"H2","HH_door_receiver",0.0,"HH2_door_1","closed"
1447,3616,2024-08-30T21:59:50,,H2,glazen binnendeur,,,"H2","HH_door_receiver",0.0,"HH2_door_1","closed"
1448,3616,2024-08-30T22:09:47,,H2,glazen binnendeur,,,"H2","HH_door_receiver",0.0,"HH2_door_1","closed"
1449,3616,2024-08-30T22:19:43,,H2,glazen binnendeur,,,"H2","HH_door_receiver",1.0,"HH2_door_1","open"
1450,3616,2024-08-30T22:29:40,,H2,glazen binnendeur,,,"H2","HH_door_receiver",0.0,"HH2_door_1","closed"
1451,3616,2024-08-30T22:39:36,,H2,glazen binnendeur,,,"H2","HH_door_receiver",0.0,"HH2_door_1","closed"
1452,3616,2024-08-30T22:59:28,,H2,glazen binnendeur,,,"H2","HH_door_receiver",0.0,"HH2_door_1","closed"
1453,3616,2024-08-30T23:09:24,,H2,glazen binnendeur,,,"H2","HH_door_receiver",0.0,"HH2_door_1","closed"
1454,3616,2024-08-30T23:29:16,,H2,glazen binnendeur,,,"H2","HH_door_receiver",0.0,"HH2_door_1","closed"
1455,3616,2024-08-30T23:39:11,,H2,glazen binnendeur,,,"H2","HH_door_receiver",0.0,"HH2_door_1","closed"
1456,3616,2024-08-30T23:49:07,,H2,glazen binnendeur,,,"H2","HH_door_receiver",0.0,"HH2_door_1","closed"
1457,3616,2024-08-30T23:59:12,,H2,glazen binnendeur,,,"H2","HH_door_receiver",0.0,"HH2_door_1","closed"
1458,3616,2024-08-31T00:09:06,,H2,glazen binnendeur,,,"H2","HH_door_receiver",0.0,"HH2_door_1","closed"
1459,3616,2024-08-31T00:28:57,,H2,glazen binnendeur,,,"H2","HH_door_receiver",0.0,"HH2_door_1","closed"
1460,3616,2024-08-31T00:38:54,,H2,glazen binnendeur,,,"H2","HH_door_receiver",0.0,"HH2_door_1","closed"
1461,3616,2024-08-31T00:48:51,,H2,glazen binnendeur,,,"H2","HH_door_receiver",0.0,"HH2_door_1","closed"
1462,3616,2024-08-31T00:58:48,,H2,glazen binnendeur,,,"H2","HH_door_receiver",0.0,"HH2_door_1","closed"
1463,3616,2024-08-31T01:08:43,,H2,glazen binnendeur,,,"H2","HH_door_receiver",0.0,"HH2_door_1","closed"
1464,3616,2024-08-31T01:18:40,,H2,glazen binnendeur,,,"H2","HH_door_receiver",0.0,"HH2_door_1","closed"
1465,3616,2024-08-31T01:28:35,,H2,glazen binnendeur,,,"H2","HH_door_receiver",0.0,"HH2_door_1","closed"
1466,3616,2024-08-31T01:38:30,,H2,glazen binnendeur,,,"H2","HH_door_receiver",0.0,"HH2_door_1","closed"
1467,3616,2024-08-31T01:58:23,,H2,glazen binnendeur,,,"H2","HH_door_receiver",0.0,"HH2_door_1","closed"
1468,3616,2024-08-31T02:08:19,,H2,glazen binnendeur,,,"H2","HH_door_receiver",0.0,"HH2_door_1","closed"
1469,3616,2024-08-31T02:18:25,,H2,glazen binnendeur,,,"H2","HH_door_receiver",0.0,"HH2_door_1","closed"
1470,3616,2024-08-31T02:28:21,,H2,glazen binnendeur,,,"H2","HH_door_receiver",0.0,"HH2_door_1","closed"
1471,3616,2024-08-31T02:38:16,,H2,glazen binnendeur,,,"H2","HH_door_receiver",0.0,"HH2_door_1","closed"
1472,3616,2024-08-31T02:48:13,,H2,glazen binnendeur,,,"H2","HH_door_receiver",0.0,"HH2_door_1","closed"
1473,3616,2024-08-31T03:08:03,,H2,glazen binnendeur,,,"H2","HH_door_receiver",0.0,"HH2_door_1","closed"
1474,3616,2024-08-31T03:18:01,,H2,glazen binnendeur,,,"H2","HH_door_receiver",0.0,"HH2_door_1","closed"
1475,3616,2024-08-31T03:27:59,,H2,glazen binnendeur,,,"H2","HH_door_receiver",0.0,"HH2_door_1","closed"
1476,3616,2024-08-31T03:37:54,,H2,glazen binnendeur,,,"H2","HH_door_receiver",0.0,"HH2_door_1","closed"
1477,3616,2024-08-31T03:47:49,,H2,glazen binnendeur,,,"H2","HH_door_receiver",0.0,"HH2_door_1","closed"
1478,3616,2024-08-31T04:07:49,,H2,glazen binnendeur,,,"H2","HH_door_receiver",0.0,"HH2_door_1","closed"
1479,3616,2024-08-31T04:17:46,,H2,glazen binnendeur,,,"H2","HH_door_receiver",0.0,"HH2_door_1","closed"
1480,3616,2024-08-31T04:27:42,,H2,glazen binnendeur,,,"H2","HH_door_receiver",0.0,"HH2_door_1","closed"
1481,3616,2024-08-31T04:37:40,,H2,glazen binnendeur,,,"H2","HH_door_receiver",0.0,"HH2_door_1","closed"
1482,3616,2024-08-31T04:57:31,,H2,glazen binnendeur,,,"H2","HH_door_receiver",0.0,"HH2_door_1","closed"
1483,3616,2024-08-31T05:17:23,,H2,glazen binnendeur,,,"H2","HH_door_receiver",0.0,"HH2_door_1","closed"
1484,3616,2024-08-31T05:27:20,,H2,glazen binnendeur,,,"H2","HH_door_receiver",0.0,"HH2_door_1","closed"
1485,3616,2024-08-31T05:37:16,,H2,glazen binnendeur,,,"H2","HH_door_receiver",0.0,"HH2_door_1","closed"
1486,3616,2024-08-31T05:47:12,,H2,glazen binnendeur,,,"H2","HH_door_receiver",0.0,"HH2_door_1","closed"
1487,3616,2024-08-31T05:57:07,,H2,glazen binnendeur,,,"H2","HH_door_receiver",0.0,"HH2_door_1","closed"
1488,3616,2024-08-31T06:07:03,,H2,glazen binnendeur,,,"H2","HH_door_receiver",0.0,"HH2_door_1","closed"
1489,3616,2024-08-31T06:17:01,,H2,glazen binnendeur,,,"H2","HH_door_receiver",0.0,"HH2_door_1","closed"
1490,3616,2024-08-31T06:26:59,,H2,glazen binnendeur,,,"H2","HH_door_receiver",0.0,"HH2_door_1","closed"
1491,3616,2024-08-31T06:36:58,,H2,glazen binnendeur,,,"H2","HH_door_receiver",0.0,"HH2_door_1","closed"
1492,3616,2024-08-31T06:46:55,,H2,glazen binnendeur,,,"H2","HH_door_receiver",0.0,"HH2_door_1","closed"
1493,3616,2024-08-31T06:56:53,,H2,glazen binnendeur,,,"H2","HH_door_receiver",0.0,"HH2_door_1","closed"
1494,3616,2024-08-31T07:06:49,,H2,glazen binnendeur,,,"H2","HH_door_receiver",0.0,"HH2_door_1","closed"
1495,3616,2024-08-31T07:16:45,,H2,glazen binnendeur,,,"H2","HH_door_receiver",0.0,"HH2_door_1","closed"
1496,3616,2024-08-31T07:26:42,,H2,glazen binnendeur,,,"H2","HH_door_receiver",0.0,"HH2_door_1","closed"
1497,3616,2024-08-31T07:36:38,,H2,glazen binnendeur,,,"H2","HH_door_receiver",0.0,"HH2_door_1","closed"
1498,3616,2024-08-31T07:46:37,,H2,glazen binnendeur,,,"H2","HH_door_receiver",0.0,"HH2_door_1","closed"
1499,3616,2024-08-31T07:56:34,,H2,glazen binnendeur,,,"H2","HH_door_receiver",0.0,"HH2_door_1","closed"
1500,3616,2024-08-31T08:06:32,,H2,glazen binnendeur,,,"H2","HH_door_receiver",0.0,"HH2_door_1","closed"
1501,3616,2024-08-31T08:16:28,,H2,glazen binnendeur,,,"H2","HH_door_receiver",0.0,"HH2_door_1","closed"
1502,3616,2024-08-31T08:26:23,,H2,glazen binnendeur,,,"H2","HH_door_receiver",0.0,"HH2_door_1","closed"
1503,3616,2024-08-31T08:36:18,,H2,glazen binnendeur,,,"H2","HH_door_receiver",0.0,"HH2_door_1","closed"
1504,3616,2024-08-31T08:46:13,,H2,glazen binnendeur,,,"H2","HH_door_receiver",1.0,"HH2_door_1","open"
1505,3616,2024-08-31T08:56:09,,H2,glazen binnendeur,,,"H2","HH_door_receiver",1.0,"HH2_door_1","open"
1506,3616,2024-08-31T09:06:06,,H2,glazen binnendeur,,,"H2","HH_door_receiver",1.0,"HH2_door_1","open"
1507,3616,2024-08-31T09:16:00,,H2,glazen binnendeur,,,"H2","HH_door_receiver",1.0,"HH2_door_1","open"
1508,3616,2024-08-31T09:25:57,,H2,glazen binnendeur,,,"H2","HH_door_receiver",1.0,"HH2_door_1","open"
1509,3616,2024-08-31T09:35:54,,H2,glazen binnendeur,,,"H2","HH_door_receiver",0.0,"HH2_door_1","closed"
1510,3616,2024-08-31T09:45:49,,H2,glazen binnendeur,,,"H2","HH_door_receiver",0.0,"HH2_door_1","closed"
1511,3616,2024-08-31T10:05:41,,H2,glazen binnendeur,,,"H2","HH_door_receiver",0.0,"HH2_door_1","closed"
1512,3616,2024-08-31T10:15:39,,H2,glazen binnendeur,,,"H2","HH_door_receiver",0.0,"HH2_door_1","closed"
1513,3616,2024-08-31T10:35:42,,H2,glazen binnendeur,,,"H2","HH_door_receiver",0.0,"HH2_door_1","closed"
1514,3616,2024-08-31T10:45:36,,H2,glazen binnendeur,,,"H2","HH_door_receiver",0.0,"HH2_door_1","closed"
1515,3616,2024-08-31T10:55:31,,H2,glazen binnendeur,,,"H2","HH_door_receiver",0.0,"HH2_door_1","closed"
1516,3616,2024-08-31T11:15:25,,H2,glazen binnendeur,,,"H2","HH_door_receiver",0.0,"HH2_door_1","closed"
1517,3616,2024-08-31T11:25:20,,H2,glazen binnendeur,,,"H2","HH_door_receiver",0.0,"HH2_door_1","closed"
1518,3616,2024-08-31T11:45:13,,H2,glazen binnendeur,,,"H2","HH_door_receiver",0.0,"HH2_door_1","closed"
1519,3616,2024-08-31T12:05:07,,H2,glazen binnendeur,,,"H2","HH_door_receiver",0.0,"HH2_door_1","closed"
1520,3616,2024-08-31T12:15:04,,H2,glazen binnendeur,,,"H2","HH_door_receiver",0.0,"HH2_door_1","closed"
1521,3616,2024-08-31T12:25:02,,H2,glazen binnendeur,,,"H2","HH_door_receiver",0.0,"HH2_door_1","closed"
1522,3616,2024-08-31T12:34:58,,H2,glazen binnendeur,,,"H2","HH_door_receiver",0.0,"HH2_door_1","closed"
1523,3616,2024-08-31T12:44:55,,H2,glazen binnendeur,,,"H2","HH_door_receiver",0.0,"HH2_door_1","closed"
1524,3616,2024-08-31T12:54:52,,H2,glazen binnendeur,,,"H2","HH_door_receiver",0.0,"HH2_door_1","closed"
1525,3616,2024-08-31T13:04:46,,H2,glazen binnendeur,,,"H2","HH_door_receiver",0.0,"HH2_door_1","closed"
1526,3616,2024-08-31T13:14:42,,H2,glazen binnendeur,,,"H2","HH_door_receiver",1.0,"HH2_door_1","open"
1527,3616,2024-08-31T13:24:40,,H2,glazen binnendeur,,,"H2","HH_door_receiver",1.0,"HH2_door_1","open"
1528,3616,2024-08-31T13:34:36,,H2,glazen binnendeur,,,"H2","HH_door_receiver",0.0,"HH2_door_1","closed"
1529,3616,2024-08-31T13:54:29,,H2,glazen binnendeur,,,"H2","HH_door_receiver",0.0,"HH2_door_1","closed"
1530,3616,2024-08-31T14:04:25,,H2,glazen binnendeur,,,"H2","HH_door_receiver",1.0,"HH2_door_1","open"
1531,3616,2024-08-31T14:14:22,,H2,glazen binnendeur,,,"H2","HH_door_receiver",1.0,"HH2_door_1","open"
1532,3616,2024-08-31T14:24:18,,H2,glazen binnendeur,,,"H2","HH_door_receiver",1.0,"HH2_door_1","open"
1533,3616,2024-08-31T14:34:15,,H2,glazen binnendeur,,,"H2","HH_door_receiver",0.0,"HH2_door_1","closed"
1534,3616,2024-08-31T14:54:06,,H2,glazen binnendeur,,,"H2","HH_door_receiver",0.0,"HH2_door_1","closed"
1535,3616,2024-08-31T15:04:04,,H2,glazen binnendeur,,,"H2","HH_door_receiver",0.0,"HH2_door_1","closed"
1536,3616,2024-08-31T15:14:00,,H2,glazen binnendeur,,,"H2","HH_door_receiver",0.0,"HH2_door_1","closed"
1537,3616,2024-08-31T15:33:55,,H2,glazen binnendeur,,,"H2","HH_door_receiver",0.0,"HH2_door_1","closed"
1538,3616,2024-08-31T15:43:49,,H2,glazen binnendeur,,,"H2","HH_door_receiver",0.0,"HH2_door_1","closed"
1539,3616,2024-08-31T15:53:44,,H2,glazen binnendeur,,,"H2","HH_door_receiver",0.0,"HH2_door_1","closed"
1540,3616,2024-08-31T16:13:36,,H2,glazen binnendeur,,,"H2","HH_door_receiver",0.0,"HH2_door_1","closed"
1541,3616,2024-08-31T16:23:35,,H2,glazen binnendeur,,,"H2","HH_door_receiver",1.0,"HH2_door_1","open"
1542,3616,2024-08-31T16:33:29,,H2,glazen binnendeur,,,"H2","HH_door_receiver",1.0,"HH2_door_1","open"
1543,3616,2024-08-31T16:43:29,,H2,glazen binnendeur,,,"H2","HH_door_receiver",0.0,"HH2_door_1","closed"
1544,3616,2024-08-31T16:53:25,,H2,glazen binnendeur,,,"H2","HH_door_receiver",1.0,"HH2_door_1","open"
1545,3616,2024-08-31T17:03:20,,H2,glazen binnendeur,,,"H2","HH_door_receiver",0.0,"HH2_door_1","closed"
1546,3616,2024-08-31T17:13:17,,H2,glazen binnendeur,,,"H2","HH_door_receiver",0.0,"HH2_door_1","closed"
1547,3616,2024-08-31T17:23:14,,H2,glazen binnendeur,,,"H2","HH_door_receiver",1.0,"HH2_door_1","open"
1548,3616,2024-08-31T18:03:04,,H2,glazen binnendeur,,,"H2","HH_door_receiver",1.0,"HH2_door_1","open"
1549,3616,2024-08-31T18:22:59,,H2,glazen binnendeur,,,"H2","HH_door_receiver",1.0,"HH2_door_1","open"
1550,3616,2024-08-31T18:32:58,,H2,glazen binnendeur,,,"H2","HH_door_receiver",1.0,"HH2_door_1","open"
1551,3616,2024-08-31T18:42:54,,H2,glazen binnendeur,,,"H2","HH_door_receiver",1.0,"HH2_door_1","open"
1552,3616,2024-08-31T18:52:49,,H2,glazen binnendeur,,,"H2","HH_door_receiver",0.0,"HH2_door_1","closed"
1553,3616,2024-08-31T19:02:45,,H2,glazen binnendeur,,,"H2","HH_door_receiver",1.0,"HH2_door_1","open"
1554,3616,2024-08-31T19:12:41,,H2,glazen binnendeur,,,"H2","HH_door_receiver",0.0,"HH2_door_1","closed"
1555,3616,2024-08-31T19:32:33,,H2,glazen binnendeur,,,"H2","HH_door_receiver",1.0,"HH2_door_1","open"
1556,3616,2024-08-31T19:42:29,,H2,glazen binnendeur,,,"H2","HH_door_receiver",1.0,"HH2_door_1","open"
1557,3616,2024-08-31T19:52:25,,H2,glazen binnendeur,,,"H2","HH_door_receiver",1.0,"HH2_door_1","open"
1558,3616,2024-08-31T20:02:23,,H2,glazen binnendeur,,,"H2","HH_door_receiver",0.0,"HH2_door_1","closed"
1559,3616,2024-08-31T20:12:17,,H2,glazen binnendeur,,,"H2","HH_door_receiver",0.0,"HH2_door_1","closed"
1560,3616,2024-08-31T20:22:16,,H2,glazen binnendeur,,,"H2","HH_door_receiver",0.0,"HH2_door_1","closed"
1561,3616,2024-08-31T20:32:12,,H2,glazen binnendeur,,,"H2","HH_door_receiver",0.0,"HH2_door_1","closed"
1562,3616,2024-08-31T20:42:14,,H2,glazen binnendeur,,,"H2","HH_door_receiver",0.0,"HH2_door_1","closed"
1563,3616,2024-08-31T20:52:11,,H2,glazen binnendeur,,,"H2","HH_door_receiver",0.0,"HH2_door_1","closed"
1564,3616,2024-08-31T21:02:10,,H2,glazen binnendeur,,,"H2","HH_door_receiver",0.0,"HH2_door_1","closed"
1565,3616,2024-08-31T21:12:08,,H2,glazen binnendeur,,,"H2","HH_door_receiver",0.0,"HH2_door_1","closed"
1566,3616,2024-08-31T21:22:06,,H2,glazen binnendeur,,,"H2","HH_door_receiver",0.0,"HH2_door_1","closed"
1567,3616,2024-08-31T21:32:00,,H2,glazen binnendeur,,,"H2","HH_door_receiver",0.0,"HH2_door_1","closed"
1568,3616,2024-08-31T21:42:01,,H2,glazen binnendeur,,,"H2","HH_door_receiver",0.0,"HH2_door_1","closed"
1569,3616,2024-08-31T21:51:56,,H2,glazen binnendeur,,,"H2","HH_door_receiver",0.0,"HH2_door_1","closed"
1570,3616,2024-08-31T22:01:52,,H2,glazen binnendeur,,,"H2","HH_door_receiver",0.0,"HH2_door_1","closed"
1571,3616,2024-08-31T22:11:49,,H2,glazen binnendeur,,,"H2","HH_door_receiver",0.0,"HH2_door_1","closed"
1572,3616,2024-08-31T22:21:45,,H2,glazen binnendeur,,,"H2","HH_door_receiver",0.0,"HH2_door_1","closed"
1573,3616,2024-08-31T22:31:41,,H2,glazen binnendeur,,,"H2","HH_door_receiver",0.0,"HH2_door_1","closed"
1574,3616,2024-08-31T22:41:39,,H2,glazen binnendeur,,,"H2","HH_door_receiver",0.0,"HH2_door_1","closed"
1575,3616,2024-08-31T23:01:29,,H2,glazen binnendeur,,,"H2","HH_door_receiver",0.0,"HH2_door_1","closed"
1576,3616,2024-08-31T23:11:26,,H2,glazen binnendeur,,,"H2","HH_door_receiver",0.0,"HH2_door_1","closed"
1577,3616,2024-08-31T23:21:20,,H2,glazen binnendeur,,,"H2","HH_door_receiver",0.0,"HH2_door_1","closed"
1578,3616,2024-08-31T23:31:19,,H2,glazen binnendeur,,,"H2","HH_door_receiver",0.0,"HH2_door_1","closed"
1579,3616,2024-08-31T23:41:17,,H2,glazen binnendeur,,,"H2","HH_door_receiver",0.0,"HH2_door_1","closed"
1580,3616,2024-08-31T23:51:12,,H2,glazen binnendeur,,,"H2","HH_door_receiver",0.0,"HH2_door_1","closed"
1581,3616,2024-09-01T00:01:10,,H2,glazen binnendeur,,,"H2","HH_door_receiver",0.0,"HH2_door_1","closed"
1582,3616,2024-09-01T00:11:10,,H2,glazen binnendeur,,,"H2","HH_door_receiver",0.0,"HH2_door_1","closed"
1583,3616,2024-09-01T00:21:05,,H2,glazen binnendeur,,,"H2","HH_door_receiver",0.0,"HH2_door_1","closed"
1584,3616,2024-09-01T00:31:02,,H2,glazen binnendeur,,,"H2","HH_door_receiver",0.0,"HH2_door_1","closed"
1585,3616,2024-09-01T00:40:58,,H2,glazen binnendeur,,,"H2","HH_door_receiver",0.0,"HH2_door_1","closed"
1586,3616,2024-09-01T00:50:57,,H2,glazen binnendeur,,,"H2","HH_door_receiver",0.0,"HH2_door_1","closed"
1587,3616,2024-09-01T01:00:52,,H2,glazen binnendeur,,,"H2","HH_door_receiver",0.0,"HH2_door_1","closed"
1588,3616,2024-09-01T01:10:52,,H2,glazen binnendeur,,,"H2","HH_door_receiver",0.0,"HH2_door_1","closed"
1589,3616,2024-09-01T01:20:48,,H2,glazen binnendeur,,,"H2","HH_door_receiver",0.0,"HH2_door_1","closed"
1590,3616,2024-09-01T01:30:45,,H2,glazen binnendeur,,,"H2","HH_door_receiver",0.0,"HH2_door_1","closed"
1591,3616,2024-09-01T01:40:39,,H2,glazen binnendeur,,,"H2","HH_door_receiver",0.0,"HH2_door_1","closed"
1592,3616,2024-09-01T01:50:35,,H2,glazen binnendeur,,,"H2","HH_door_receiver",0.0,"HH2_door_1","closed"
1593,3616,2024-09-01T02:00:32,,H2,glazen binnendeur,,,"H2","HH_door_receiver",0.0,"HH2_door_1","closed"
1594,3616,2024-09-01T02:10:37,,H2,glazen binnendeur,,,"H2","HH_door_receiver",0.0,"HH2_door_1","closed"
1595,3616,2024-09-01T02:20:31,,H2,glazen binnendeur,,,"H2","HH_door_receiver",0.0,"HH2_door_1","closed"
1596,3616,2024-09-01T02:30:28,,H2,glazen binnendeur,,,"H2","HH_door_receiver",0.0,"HH2_door_1","closed"
1597,3616,2024-09-01T02:40:26,,H2,glazen binnendeur,,,"H2","HH_door_receiver",0.0,"HH2_door_1","closed"
1598,3616,2024-09-01T02:50:21,,H2,glazen binnendeur,,,"H2","HH_door_receiver",0.0,"HH2_door_1","closed"
1599,3616,2024-09-01T03:00:15,,H2,glazen binnendeur,,,"H2","HH_door_receiver",0.0,"HH2_door_1","closed"
1600,3616,2024-09-01T03:10:12,,H2,glazen binnendeur,,,"H2","HH_door_receiver",0.0,"HH2_door_1","closed"
1601,3616,2024-09-01T03:20:07,,H2,glazen binnendeur,,,"H2","HH_door_receiver",0.0,"HH2_door_1","closed"
1602,3616,2024-09-01T03:30:02,,H2,glazen binnendeur,,,"H2","HH_door_receiver",0.0,"HH2_door_1","closed"
1603,3616,2024-09-01T03:50:04,,H2,glazen binnendeur,,,"H2","HH_door_receiver",0.0,"HH2_door_1","closed"
1604,3616,2024-09-01T04:00:00,,H2,glazen binnendeur,,,"H2","HH_door_receiver",0.0,"HH2_door_1","closed"
1605,3616,2024-09-01T04:09:57,,H2,glazen binnendeur,,,"H2","HH_door_receiver",0.0,"HH2_door_1","closed"
1606,3616,2024-09-01T04:19:55,,H2,glazen binnendeur,,,"H2","HH_door_receiver",0.0,"HH2_door_1","closed"
1607,3616,2024-09-01T04:29:50,,H2,glazen binnendeur,,,"H2","HH_door_receiver",0.0,"HH2_door_1","closed"
1608,3616,2024-09-01T04:39:46,,H2,glazen binnendeur,,,"H2","HH_door_receiver",0.0,"HH2_door_1","closed"
1609,3616,2024-09-01T04:49:42,,H2,glazen binnendeur,,,"H2","HH_door_receiver",0.0,"HH2_door_1","closed"
1610,3616,2024-09-01T04:59:39,,H2,glazen binnendeur,,,"H2","HH_door_receiver",0.0,"HH2_door_1","closed"
1611,3616,2024-09-01T05:09:35,,H2,glazen binnendeur,,,"H2","HH_door_receiver",0.0,"HH2_door_1","closed"
1612,3616,2024-09-01T05:19:30,,H2,glazen binnendeur,,,"H2","HH_door_receiver",0.0,"HH2_door_1","closed"
1613,3616,2024-09-01T05:29:27,,H2,glazen binnendeur,,,"H2","HH_door_receiver",0.0,"HH2_door_1","closed"
1614,3616,2024-09-01T05:39:24,,H2,glazen binnendeur,,,"H2","HH_door_receiver",0.0,"HH2_door_1","closed"
1615,3616,2024-09-01T05:49:21,,H2,glazen binnendeur,,,"H2","HH_door_receiver",0.0,"HH2_door_1","closed"
1616,3616,2024-09-01T06:09:12,,H2,glazen binnendeur,,,"H2","HH_door_receiver",0.0,"HH2_door_1","closed"
1617,3616,2024-09-01T06:19:09,,H2,glazen binnendeur,,,"H2","HH_door_receiver",0.0,"HH2_door_1","closed"
1618,3616,2024-09-01T06:29:07,,H2,glazen binnendeur,,,"H2","HH_door_receiver",0.0,"HH2_door_1","closed"
1619,3616,2024-09-01T06:39:04,,H2,glazen binnendeur,,,"H2","HH_door_receiver",0.0,"HH2_door_1","closed"
1620,3616,2024-09-01T06:49:08,,H2,glazen binnendeur,,,"H2","HH_door_receiver",0.0,"HH2_door_1","closed"
1621,3616,2024-09-01T06:59:06,,H2,glazen binnendeur,,,"H2","HH_door_receiver",0.0,"HH2_door_1","closed"
1622,3616,2024-09-01T07:18:58,,H2,glazen binnendeur,,,"H2","HH_door_receiver",0.0,"HH2_door_1","closed"
1623,3616,2024-09-01T07:29:01,,H2,glazen binnendeur,,,"H2","HH_door_receiver",0.0,"HH2_door_1","closed"
1624,3616,2024-09-01T07:38:56,,H2,glazen binnendeur,,,"H2","HH_door_receiver",0.0,"HH2_door_1","closed"
1625,3616,2024-09-01T07:48:56,,H2,glazen binnendeur,,,"H2","HH_door_receiver",0.0,"HH2_door_1","closed"
1626,3616,2024-09-01T07:58:52,,H2,glazen binnendeur,,,"H2","HH_door_receiver",0.0,"HH2_door_1","closed"
1627,3616,2024-09-01T08:08:47,,H2,glazen binnendeur,,,"H2","HH_door_receiver",0.0,"HH2_door_1","closed"
1628,3616,2024-09-01T08:18:48,,H2,glazen binnendeur,,,"H2","HH_door_receiver",0.0,"HH2_door_1","closed"
1629,3616,2024-09-01T08:28:46,,H2,glazen binnendeur,,,"H2","HH_door_receiver",0.0,"HH2_door_1","closed"
1630,3616,2024-09-01T08:38:41,,H2,glazen binnendeur,,,"H2","HH_door_receiver",1.0,"HH2_door_1","open"
1631,3616,2024-09-01T08:48:36,,H2,glazen binnendeur,,,"H2","HH_door_receiver",0.0,"HH2_door_1","closed"
1632,3616,2024-09-01T09:08:37,,H2,glazen binnendeur,,,"H2","HH_door_receiver",0.0,"HH2_door_1","closed"
1633,3616,2024-09-01T09:18:33,,H2,glazen binnendeur,,,"H2","HH_door_receiver",1.0,"HH2_door_1","open"
1634,3616,2024-09-01T09:28:30,,H2,glazen binnendeur,,,"H2","HH_door_receiver",0.0,"HH2_door_1","closed"
1635,3616,2024-09-01T09:38:29,,H2,glazen binnendeur,,,"H2","HH_door_receiver",0.0,"HH2_door_1","closed"
1636,3616,2024-09-01T09:48:27,,H2,glazen binnendeur,,,"H2","HH_door_receiver",0.0,"HH2_door_1","closed"
1637,3616,2024-09-01T09:58:23,,H2,glazen binnendeur,,,"H2","HH_door_receiver",0.0,"HH2_door_1","closed"
1638,3616,2024-09-01T10:08:20,,H2,glazen binnendeur,,,"H2","HH_door_receiver",0.0,"HH2_door_1","closed"
1639,3616,2024-09-01T10:18:16,,H2,glazen binnendeur,,,"H2","HH_door_receiver",0.0,"HH2_door_1","closed"
1640,3616,2024-09-01T10:28:11,,H2,glazen binnendeur,,,"H2","HH_door_receiver",0.0,"HH2_door_1","closed"
1641,3616,2024-09-01T10:38:07,,H2,glazen binnendeur,,,"H2","HH_door_receiver",0.0,"HH2_door_1","closed"
1642,3616,2024-09-01T10:48:06,,H2,glazen binnendeur,,,"H2","HH_door_receiver",0.0,"HH2_door_1","closed"
1643,3616,2024-09-01T10:58:02,,H2,glazen binnendeur,,,"H2","HH_door_receiver",0.0,"HH2_door_1","closed"
1644,3616,2024-09-01T11:08:00,,H2,glazen binnendeur,,,"H2","HH_door_receiver",0.0,"HH2_door_1","closed"
1645,3616,2024-09-01T11:17:56,,H2,glazen binnendeur,,,"H2","HH_door_receiver",0.0,"HH2_door_1","closed"
1646,3616,2024-09-01T11:27:53,,H2,glazen binnendeur,,,"H2","HH_door_receiver",0.0,"HH2_door_1","closed"
1647,3616,2024-09-01T11:37:48,,H2,glazen binnendeur,,,"H2","HH_door_receiver",0.0,"HH2_door_1","closed"
1648,3616,2024-09-01T11:47:46,,H2,glazen binnendeur,,,"H2","HH_door_receiver",0.0,"HH2_door_1","closed"
1649,3616,2024-09-01T11:57:44,,H2,glazen binnendeur,,,"H2","HH_door_receiver",0.0,"HH2_door_1","closed"
1650,3616,2024-09-01T12:07:40,,H2,glazen binnendeur,,,"H2","HH_door_receiver",0.0,"HH2_door_1","closed"
1651,3616,2024-09-01T12:17:35,,H2,glazen binnendeur,,,"H2","HH_door_receiver",0.0,"HH2_door_1","closed"
1652,3616,2024-09-01T12:27:33,,H2,glazen binnendeur,,,"H2","HH_door_receiver",0.0,"HH2_door_1","closed"
1653,3616,2024-09-01T12:37:28,,H2,glazen binnendeur,,,"H2","HH_door_receiver",0.0,"HH2_door_1","closed"
1654,3616,2024-09-01T12:47:25,,H2,glazen binnendeur,,,"H2","HH_door_receiver",0.0,"HH2_door_1","closed"
1655,3616,2024-09-01T12:57:20,,H2,glazen binnendeur,,,"H2","HH_door_receiver",0.0,"HH2_door_1","closed"
1656,3616,2024-09-01T13:07:17,,H2,glazen binnendeur,,,"H2","HH_door_receiver",0.0,"HH2_door_1","closed"
1657,3616,2024-09-01T13:17:13,,H2,glazen binnendeur,,,"H2","HH_door_receiver",0.0,"HH2_door_1","closed"
1658,3616,2024-09-01T13:27:09,,H2,glazen binnendeur,,,"H2","HH_door_receiver",1.0,"HH2_door_1","open"
1659,3616,2024-09-01T13:37:06,,H2,glazen binnendeur,,,"H2","HH_door_receiver",0.0,"HH2_door_1","closed"
1660,3616,2024-09-01T13:47:01,,H2,glazen binnendeur,,,"H2","HH_door_receiver",0.0,"HH2_door_1","closed"
1661,3616,2024-09-01T13:56:58,,H2,glazen binnendeur,,,"H2","HH_door_receiver",0.0,"HH2_door_1","closed"
1662,3616,2024-09-01T14:06:53,,H2,glazen binnendeur,,,"H2","HH_door_receiver",0.0,"HH2_door_1","closed"
1663,3616,2024-09-01T14:16:50,,H2,glazen binnendeur,,,"H2","HH_door_receiver",0.0,"HH2_door_1","closed"
1664,3616,2024-09-01T14:26:47,,H2,glazen binnendeur,,,"H2","HH_door_receiver",0.0,"HH2_door_1","closed"
1665,3616,2024-09-01T14:36:43,,H2,glazen binnendeur,,,"H2","HH_door_receiver",0.0,"HH2_door_1","closed"
1666,3616,2024-09-01T14:46:38,,H2,glazen binnendeur,,,"H2","HH_door_receiver",0.0,"HH2_door_1","closed"
1667,3616,2024-09-01T14:56:36,,H2,glazen binnendeur,,,"H2","HH_door_receiver",0.0,"HH2_door_1","closed"
1668,3616,2024-09-01T15:06:32,,H2,glazen binnendeur,,,"H2","HH_door_receiver",0.0,"HH2_door_1","closed"
1669,3616,2024-09-01T15:16:29,,H2,glazen binnendeur,,,"H2","HH_door_receiver",0.0,"HH2_door_1","closed"
1670,3616,2024-09-01T15:26:24,,H2,glazen binnendeur,,,"H2","HH_door_receiver",0.0,"HH2_door_1","closed"
1671,3616,2024-09-01T15:36:21,,H2,glazen binnendeur,,,"H2","HH_door_receiver",0.0,"HH2_door_1","closed"
1672,3616,2024-09-01T15:46:18,,H2,glazen binnendeur,,,"H2","HH_door_receiver",0.0,"HH2_door_1","closed"
1673,3616,2024-09-01T16:06:11,,H2,glazen binnendeur,,,"H2","HH_door_receiver",0.0,"HH2_door_1","closed"
1674,3616,2024-09-01T16:16:09,,H2,glazen binnendeur,,,"H2","HH_door_receiver",0.0,"HH2_door_1","closed"
1675,3616,2024-09-01T16:26:05,,H2,glazen binnendeur,,,"H2","HH_door_receiver",1.0,"HH2_door_1","open"
1676,3616,2024-09-01T16:36:05,,H2,glazen binnendeur,,,"H2","HH_door_receiver",0.0,"HH2_door_1","closed"
1677,3616,2024-09-01T16:46:00,,H2,glazen binnendeur,,,"H2","HH_door_receiver",1.0,"HH2_door_1","open"
1678,3616,2024-09-01T16:55:57,,H2,glazen binnendeur,,,"H2","HH_door_receiver",1.0,"HH2_door_1","open"
1679,3616,2024-09-01T17:05:55,,H2,glazen binnendeur,,,"H2","HH_door_receiver",1.0,"HH2_door_1","open"
1680,3616,2024-09-01T17:15:50,,H2,glazen binnendeur,,,"H2","HH_door_receiver",1.0,"HH2_door_1","open"
1681,3616,2024-09-01T17:25:49,,H2,glazen binnendeur,,,"H2","HH_door_receiver",0.0,"HH2_door_1","closed"
1682,3616,2024-09-01T17:35:45,,H2,glazen binnendeur,,,"H2","HH_door_receiver",0.0,"HH2_door_1","closed"
1683,3616,2024-09-01T17:45:41,,H2,glazen binnendeur,,,"H2","HH_door_receiver",0.0,"HH2_door_1","closed"
1684,3616,2024-09-01T17:55:36,,H2,glazen binnendeur,,,"H2","HH_door_receiver",1.0,"HH2_door_1","open"
1685,3616,2024-09-01T18:05:31,,H2,glazen binnendeur,,,"H2","HH_door_receiver",0.0,"HH2_door_1","closed"
1686,3616,2024-09-01T18:15:27,,H2,glazen binnendeur,,,"H2","HH_door_receiver",0.0,"HH2_door_1","closed"
1687,3616,2024-09-01T18:25:29,,H2,glazen binnendeur,,,"H2","HH_door_receiver",0.0,"HH2_door_1","closed"
1688,3616,2024-09-01T18:35:27,,H2,glazen binnendeur,,,"H2","HH_door_receiver",0.0,"HH2_door_1","closed"
1689,3616,2024-09-01T18:45:21,,H2,glazen binnendeur,,,"H2","HH_door_receiver",0.0,"HH2_door_1","closed"
1690,3616,2024-09-01T18:55:20,,H2,glazen binnendeur,,,"H2","HH_door_receiver",0.0,"HH2_door_1","closed"
1691,3616,2024-09-01T19:05:17,,H2,glazen binnendeur,,,"H2","HH_door_receiver",0.0,"HH2_door_1","closed"
1692,3616,2024-09-01T19:15:12,,H2,glazen binnendeur,,,"H2","HH_door_receiver",0.0,"HH2_door_1","closed"
1693,3616,2024-09-01T19:25:08,,H2,glazen binnendeur,,,"H2","HH_door_receiver",0.0,"HH2_door_1","closed"
1694,3616,2024-09-01T19:45:09,,H2,glazen binnendeur,,,"H2","HH_door_receiver",0.0,"HH2_door_1","closed"
1695,3616,2024-09-01T19:55:12,,H2,glazen binnendeur,,,"H2","HH_door_receiver",0.0,"HH2_door_1","closed"
1696,3616,2024-09-01T20:05:07,,H2,glazen binnendeur,,,"H2","HH_door_receiver",0.0,"HH2_door_1","closed"
1697,3616,2024-09-01T20:15:09,,H2,glazen binnendeur,,,"H2","HH_door_receiver",0.0,"HH2_door_1","closed"
1698,3616,2024-09-01T20:25:04,,H2,glazen binnendeur,,,"H2","HH_door_receiver",0.0,"HH2_door_1","closed"
1699,3616,2024-09-01T20:35:00,,H2,glazen binnendeur,,,"H2","HH_door_receiver",0.0,"HH2_door_1","closed"
1700,3616,2024-09-01T20:44:59,,H2,glazen binnendeur,,,"H2","HH_door_receiver",0.0,"HH2_door_1","closed"
1701,3616,2024-09-01T20:54:54,,H2,glazen binnendeur,,,"H2","HH_door_receiver",0.0,"HH2_door_1","closed"
1702,3616,2024-09-01T21:04:52,,H2,glazen binnendeur,,,"H2","HH_door_receiver",0.0,"HH2_door_1","closed"
1703,3616,2024-09-01T21:14:46,,H2,glazen binnendeur,,,"H2","HH_door_receiver",0.0,"HH2_door_1","closed"
1704,3616,2024-09-01T21:24:42,,H2,glazen binnendeur,,,"H2","HH_door_receiver",0.0,"HH2_door_1","closed"
1705,3613,2024-09-01T21:24:43,,H1,,,,"H1","HH_door_receiver",1.0,"HH1_door_1","open"
1706,3616,2024-09-01T21:34:37,,H2,glazen binnendeur,,,"H2","HH_door_receiver",0.0,"HH2_door_1","closed"
1707,3613,2024-09-01T21:34:38,,H1,,,,"H1","HH_door_receiver",1.0,"HH1_door_1","open"
1708,3616,2024-09-01T21:44:37,,H2,glazen binnendeur,,,"H2","HH_door_receiver",0.0,"HH2_door_1","closed"
1709,3613,2024-09-01T21:44:47,,H1,,,,"H1","HH_door_receiver",1.0,"HH1_door_1","open"
1710,3616,2024-09-01T21:54:32,,H2,glazen binnendeur,,,"H2","HH_door_receiver",0.0,"HH2_door_1","closed"
1711,3613,2024-09-01T21:54:40,,H1,,,,"H1","HH_door_receiver",1.0,"HH1_door_1","open"
1712,3616,2024-09-01T22:04:29,,H2,glazen binnendeur,,,"H2","HH_door_receiver",0.0,"HH2_door_1","closed"
1713,3613,2024-09-01T22:04:35,,H1,,,,"H1","HH_door_receiver",1.0,"HH1_door_1","open"
1714,3616,2024-09-01T22:14:28,,H2,glazen binnendeur,,,"H2","HH_door_receiver",0.0,"HH2_door_1","closed"
1715,3613,2024-09-01T22:14:30,,H1,,,,"H1","HH_door_receiver",1.0,"HH1_door_1","open"
1716,3613,2024-09-01T22:24:26,,H1,,,,"H1","HH_door_receiver",1.0,"HH1_door_1","open"
1717,3616,2024-09-01T22:24:29,,H2,glazen binnendeur,,,"H2","HH_door_receiver",0.0,"HH2_door_1","closed"
1718,3613,2024-09-01T22:34:21,,H1,,,,"H1","HH_door_receiver",1.0,"HH1_door_1","open"
1719,3616,2024-09-01T22:34:23,,H2,glazen binnendeur,,,"H2","HH_door_receiver",0.0,"HH2_door_1","closed"
1720,3613,2024-09-01T22:44:16,,H1,,,,"H1","HH_door_receiver",1.0,"HH1_door_1","open"
1721,3616,2024-09-01T22:44:18,,H2,glazen binnendeur,,,"H2","HH_door_receiver",0.0,"HH2_door_1","closed"
1722,3613,2024-09-01T22:54:12,,H1,,,,"H1","HH_door_receiver",1.0,"HH1_door_1","open"
1723,3616,2024-09-01T22:54:13,,H2,glazen binnendeur,,,"H2","HH_door_receiver",0.0,"HH2_door_1","closed"
1724,3613,2024-09-01T23:04:06,,H1,,,,"H1","HH_door_receiver",0.0,"HH1_door_1","closed"
1725,3616,2024-09-01T23:04:10,,H2,glazen binnendeur,,,"H2","HH_door_receiver",0.0,"HH2_door_1","closed"
1726,3613,2024-09-01T23:14:06,,H1,,,,"H1","HH_door_receiver",0.0,"HH1_door_1","closed"
1727,3616,2024-09-01T23:14:07,,H2,glazen binnendeur,,,"H2","HH_door_receiver",0.0,"HH2_door_1","closed"
1728,3613,2024-09-01T23:24:00,,H1,,,,"H1","HH_door_receiver",0.0,"HH1_door_1","closed"
1729,3616,2024-09-01T23:24:03,,H2,glazen binnendeur,,,"H2","HH_door_receiver",0.0,"HH2_door_1","closed"
1730,3613,2024-09-01T23:33:59,,H1,,,,"H1","HH_door_receiver",0.0,"HH1_door_1","closed"
1731,3616,2024-09-01T23:34:00,,H2,glazen binnendeur,,,"H2","HH_door_receiver",0.0,"HH2_door_1","closed"
1732,3613,2024-09-01T23:43:55,,H1,,,,"H1","HH_door_receiver",0.0,"HH1_door_1","closed"
1733,3616,2024-09-01T23:43:58,,H2,glazen binnendeur,,,"H2","HH_door_receiver",0.0,"HH2_door_1","closed"
1734,3613,2024-09-01T23:53:50,,H1,,,,"H1","HH_door_receiver",0.0,"HH1_door_1","closed"
1735,3616,2024-09-01T23:53:54,,H2,glazen binnendeur,,,"H2","HH_door_receiver",0.0,"HH2_door_1","closed"
1736,3616,2024-09-02T00:03:51,,H2,glazen binnendeur,,,"H2","HH_door_receiver",0.0,"HH2_door_1","closed"
1737,3613,2024-09-02T00:03:59,,H1,,,,"H1","HH_door_receiver",0.0,"HH1_door_1","closed"
1738,3616,2024-09-02T00:13:47,,H2,glazen binnendeur,,,"H2","HH_door_receiver",0.0,"HH2_door_1","closed"
1739,3613,2024-09-02T00:13:52,,H1,,,,"H1","HH_door_receiver",0.0,"HH1_door_1","closed"
1740,3616,2024-09-02T00:23:43,,H2,glazen binnendeur,,,"H2","HH_door_receiver",0.0,"HH2_door_1","closed"
1741,3613,2024-09-02T00:23:48,,H1,,,,"H1","HH_door_receiver",0.0,"HH1_door_1","closed"
1742,3613,2024-09-02T00:33:43,,H1,,,,"H1","HH_door_receiver",0.0,"HH1_door_1","closed"
1743,3616,2024-09-02T00:43:36,,H2,glazen binnendeur,,,"H2","HH_door_receiver",0.0,"HH2_door_1","closed"
1744,3613,2024-09-02T00:43:39,,H1,,,,"H1","HH_door_receiver",0.0,"HH1_door_1","closed"
1745,3613,2024-09-02T00:53:35,,H1,,,,"H1","HH_door_receiver",0.0,"HH1_door_1","closed"
1746,3616,2024-09-02T00:53:39,,H2,glazen binnendeur,,,"H2","HH_door_receiver",0.0,"HH2_door_1","closed"
1747,3616,2024-09-02T01:03:32,,H2,glazen binnendeur,,,"H2","HH_door_receiver",0.0,"HH2_door_1","closed"
1748,3613,2024-09-02T01:03:34,,H1,,,,"H1","HH_door_receiver",0.0,"HH1_door_1","closed"
1749,3616,2024-09-02T01:13:27,,H2,glazen binnendeur,,,"H2","HH_door_receiver",0.0,"HH2_door_1","closed"
1750,3616,2024-09-02T01:23:28,,H2,glazen binnendeur,,,"H2","HH_door_receiver",0.0,"HH2_door_1","closed"
1751,3613,2024-09-02T01:23:42,,H1,,,,"H1","HH_door_receiver",0.0,"HH1_door_1","closed"
1752,3616,2024-09-02T01:33:22,,H2,glazen binnendeur,,,"H2","HH_door_receiver",0.0,"HH2_door_1","closed"
1753,3613,2024-09-02T01:33:36,,H1,,,,"H1","HH_door_receiver",0.0,"HH1_door_1","closed"
1754,3616,2024-09-02T01:43:17,,H2,glazen binnendeur,,,"H2","HH_door_receiver",0.0,"HH2_door_1","closed"
1755,3613,2024-09-02T01:43:34,,H1,,,,"H1","HH_door_receiver",0.0,"HH1_door_1","closed"
1756,3616,2024-09-02T01:53:13,,H2,glazen binnendeur,,,"H2","HH_door_receiver",0.0,"HH2_door_1","closed"
1757,3613,2024-09-02T01:53:49,,H1,,,,"H1","HH_door_receiver",0.0,"HH1_door_1","closed"
1758,3616,2024-09-02T02:03:16,,H2,glazen binnendeur,,,"H2","HH_door_receiver",0.0,"HH2_door_1","closed"
1759,3613,2024-09-02T02:03:52,,H1,,,,"H1","HH_door_receiver",0.0,"HH1_door_1","closed"
1760,3616,2024-09-02T02:13:14,,H2,glazen binnendeur,,,"H2","HH_door_receiver",0.0,"HH2_door_1","closed"
1761,3613,2024-09-02T02:13:56,,H1,,,,"H1","HH_door_receiver",0.0,"HH1_door_1","closed"
1762,3616,2024-09-02T02:23:09,,H2,glazen binnendeur,,,"H2","HH_door_receiver",0.0,"HH2_door_1","closed"
1763,3613,2024-09-02T02:24:00,,H1,,,,"H1","HH_door_receiver",0.0,"HH1_door_1","closed"
1764,3616,2024-09-02T02:33:06,,H2,glazen binnendeur,,,"H2","HH_door_receiver",0.0,"HH2_door_1","closed"
1765,3613,2024-09-02T02:33:53,,H1,,,,"H1","HH_door_receiver",0.0,"HH1_door_1","closed"
1766,3616,2024-09-02T02:43:03,,H2,glazen binnendeur,,,"H2","HH_door_receiver",0.0,"HH2_door_1","closed"
1767,3613,2024-09-02T02:43:48,,H1,,,,"H1","HH_door_receiver",0.0,"HH1_door_1","closed"
1768,3616,2024-09-02T02:52:57,,H2,glazen binnendeur,,,"H2","HH_door_receiver",0.0,"HH2_door_1","closed"
1769,3613,2024-09-02T02:53:43,,H1,,,,"H1","HH_door_receiver",0.0,"HH1_door_1","closed"
1770,3616,2024-09-02T03:02:55,,H2,glazen binnendeur,,,"H2","HH_door_receiver",0.0,"HH2_door_1","closed"
1771,3613,2024-09-02T03:03:43,,H1,,,,"H1","HH_door_receiver",0.0,"HH1_door_1","closed"
1772,3616,2024-09-02T03:12:51,,H2,glazen binnendeur,,,"H2","HH_door_receiver",0.0,"HH2_door_1","closed"
1773,3613,2024-09-02T03:13:41,,H1,,,,"H1","HH_door_receiver",0.0,"HH1_door_1","closed"
1774,3616,2024-09-02T03:22:46,,H2,glazen binnendeur,,,"H2","HH_door_receiver",0.0,"HH2_door_1","closed"
1775,3616,2024-09-02T03:32:43,,H2,glazen binnendeur,,,"H2","HH_door_receiver",0.0,"HH2_door_1","closed"
1776,3613,2024-09-02T03:33:31,,H1,,,,"H1","HH_door_receiver",0.0,"HH1_door_1","closed"
1777,3616,2024-09-02T03:42:38,,H2,glazen binnendeur,,,"H2","HH_door_receiver",0.0,"HH2_door_1","closed"
1778,3613,2024-09-02T03:43:31,,H1,,,,"H1","HH_door_receiver",0.0,"HH1_door_1","closed"
1779,3616,2024-09-02T03:52:35,,H2,glazen binnendeur,,,"H2","HH_door_receiver",0.0,"HH2_door_1","closed"
1780,3613,2024-09-02T03:53:40,,H1,,,,"H1","HH_door_receiver",0.0,"HH1_door_1","closed"
1781,3616,2024-09-02T04:02:37,,H2,glazen binnendeur,,,"H2","HH_door_receiver",0.0,"HH2_door_1","closed"
1782,3616,2024-09-02T04:12:32,,H2,glazen binnendeur,,,"H2","HH_door_receiver",0.0,"HH2_door_1","closed"
1783,3613,2024-09-02T04:13:40,,H1,,,,"H1","HH_door_receiver",0.0,"HH1_door_1","closed"
1784,3616,2024-09-02T04:22:29,,H2,glazen binnendeur,,,"H2","HH_door_receiver",0.0,"HH2_door_1","closed"
1785,3613,2024-09-02T04:23:33,,H1,,,,"H1","HH_door_receiver",0.0,"HH1_door_1","closed"
1786,3616,2024-09-02T04:32:24,,H2,glazen binnendeur,,,"H2","HH_door_receiver",0.0,"HH2_door_1","closed"
1787,3613,2024-09-02T04:33:33,,H1,,,,"H1","HH_door_receiver",0.0,"HH1_door_1","closed"
1788,3616,2024-09-02T04:42:21,,H2,glazen binnendeur,,,"H2","HH_door_receiver",0.0,"HH2_door_1","closed"
1789,3613,2024-09-02T04:43:31,,H1,,,,"H1","HH_door_receiver",0.0,"HH1_door_1","closed"
1790,3616,2024-09-02T04:52:18,,H2,glazen binnendeur,,,"H2","HH_door_receiver",0.0,"HH2_door_1","closed"
1791,3616,2024-09-02T05:02:19,,H2,glazen binnendeur,,,"H2","HH_door_receiver",0.0,"HH2_door_1","closed"
1792,3616,2024-09-02T05:12:13,,H2,glazen binnendeur,,,"H2","HH_door_receiver",0.0,"HH2_door_1","closed"
1793,3616,2024-09-02T05:22:10,,H2,glazen binnendeur,,,"H2","HH_door_receiver",0.0,"HH2_door_1","closed"
1794,3616,2024-09-02T05:42:07,,H2,glazen binnendeur,,,"H2","HH_door_receiver",0.0,"HH2_door_1","closed"
1795,3616,2024-09-02T05:52:03,,H2,glazen binnendeur,,,"H2","HH_door_receiver",0.0,"HH2_door_1","closed"
1796,3616,2024-09-02T06:01:59,,H2,glazen binnendeur,,,"H2","HH_door_receiver",0.0,"HH2_door_1","closed"
1797,3616,2024-09-02T06:11:57,,H2,glazen binnendeur,,,"H2","HH_door_receiver",0.0,"HH2_door_1","closed"
1798,3616,2024-09-02T06:21:53,,H2,glazen binnendeur,,,"H2","HH_door_receiver",0.0,"HH2_door_1","closed"
1799,3616,2024-09-02T06:31:57,,H2,glazen binnendeur,,,"H2","HH_door_receiver",0.0,"HH2_door_1","closed"
1800,3616,2024-09-02T06:41:55,,H2,glazen binnendeur,,,"H2","HH_door_receiver",0.0,"HH2_door_1","closed"
1801,3616,2024-09-02T06:51:57,,H2,glazen binnendeur,,,"H2","HH_door_receiver",0.0,"HH2_door_1","closed"
1802,3616,2024-09-02T07:01:56,,H2,glazen binnendeur,,,"H2","HH_door_receiver",0.0,"HH2_door_1","closed"
1803,3616,2024-09-02T07:11:52,,H2,glazen binnendeur,,,"H2","HH_door_receiver",1.0,"HH2_door_1","open"
1804,3616,2024-09-02T07:21:50,,H2,glazen binnendeur,,,"H2","HH_door_receiver",1.0,"HH2_door_1","open"
1805,3616,2024-09-02T07:31:46,,H2,glazen binnendeur,,,"H2","HH_door_receiver",1.0,"HH2_door_1","open"
1806,3616,2024-09-02T07:41:43,,H2,glazen binnendeur,,,"H2","HH_door_receiver",1.0,"HH2_door_1","open"
1807,3616,2024-09-02T07:51:39,,H2,glazen binnendeur,,,"H2","HH_door_receiver",0.0,"HH2_door_1","closed"
1808,3616,2024-09-02T08:01:38,,H2,glazen binnendeur,,,"H2","HH_door_receiver",0.0,"HH2_door_1","closed"
1809,3616,2024-09-02T08:11:36,,H2,glazen binnendeur,,,"H2","HH_door_receiver",0.0,"HH2_door_1","closed"
1810,3616,2024-09-02T08:21:30,,H2,glazen binnendeur,,,"H2","HH_door_receiver",1.0,"HH2_door_1","open"
1811,3616,2024-09-02T08:31:29,,H2,glazen binnendeur,,,"H2","HH_door_receiver",0.0,"HH2_door_1","closed"
1812,3616,2024-09-02T08:41:25,,H2,glazen binnendeur,,,"H2","HH_door_receiver",0.0,"HH2_door_1","closed"
1813,3616,2024-09-02T08:51:21,,H2,glazen binnendeur,,,"H2","HH_door_receiver",0.0,"HH2_door_1","closed"
1814,3616,2024-09-02T09:01:18,,H2,glazen binnendeur,,,"H2","HH_door_receiver",0.0,"HH2_door_1","closed"
1815,3616,2024-09-02T09:11:16,,H2,glazen binnendeur,,,"H2","HH_door_receiver",0.0,"HH2_door_1","closed"
1816,3616,2024-09-02T09:21:13,,H2,glazen binnendeur,,,"H2","HH_door_receiver",0.0,"HH2_door_1","closed"
1817,3616,2024-09-02T09:31:11,,H2,glazen binnendeur,,,"H2","HH_door_receiver",0.0,"HH2_door_1","closed"
1818,3616,2024-09-02T09:41:06,,H2,glazen binnendeur,,,"H2","HH_door_receiver",0.0,"HH2_door_1","closed"
1819,3616,2024-09-02T09:51:03,,H2,glazen binnendeur,,,"H2","HH_door_receiver",0.0,"HH2_door_1","closed"
1820,3616,2024-09-02T10:00:59,,H2,glazen binnendeur,,,"H2","HH_door_receiver",0.0,"HH2_door_1","closed"
1821,3616,2024-09-02T10:10:59,,H2,glazen binnendeur,,,"H2","HH_door_receiver",0.0,"HH2_door_1","closed"
1822,3616,2024-09-02T10:20:57,,H2,glazen binnendeur,,,"H2","HH_door_receiver",0.0,"HH2_door_1","closed"
1823,3616,2024-09-02T10:30:53,,H2,glazen binnendeur,,,"H2","HH_door_receiver",0.0,"HH2_door_1","closed"
1824,3616,2024-09-02T10:40:51,,H2,glazen binnendeur,,,"H2","HH_door_receiver",0.0,"HH2_door_1","closed"
1825,3616,2024-09-02T10:50:46,,H2,glazen binnendeur,,,"H2","HH_door_receiver",0.0,"HH2_door_1","closed"
1826,3616,2024-09-02T11:00:52,,H2,glazen binnendeur,,,"H2","HH_door_receiver",0.0,"HH2_door_1","closed"
1827,3616,2024-09-02T11:10:48,,H2,glazen binnendeur,,,"H2","HH_door_receiver",0.0,"HH2_door_1","closed"
1828,3616,2024-09-02T11:20:45,,H2,glazen binnendeur,,,"H2","HH_door_receiver",0.0,"HH2_door_1","closed"
1829,3616,2024-09-02T11:30:42,,H2,glazen binnendeur,,,"H2","HH_door_receiver",0.0,"HH2_door_1","closed"
1830,3616,2024-09-02T11:40:36,,H2,glazen binnendeur,,,"H2","HH_door_receiver",0.0,"HH2_door_1","closed"
1831,3616,2024-09-02T11:50:35,,H2,glazen binnendeur,,,"H2","HH_door_receiver",0.0,"HH2_door_1","closed"
1832,3616,2024-09-02T12:00:33,,H2,glazen binnendeur,,,"H2","HH_door_receiver",0.0,"HH2_door_1","closed"
1833,3616,2024-09-02T12:10:29,,H2,glazen binnendeur,,,"H2","HH_door_receiver",0.0,"HH2_door_1","closed"
1834,3616,2024-09-02T12:20:28,,H2,glazen binnendeur,,,"H2","HH_door_receiver",0.0,"HH2_door_1","closed"
1835,3616,2024-09-02T12:30:27,,H2,glazen binnendeur,,,"H2","HH_door_receiver",0.0,"HH2_door_1","closed"
1836,3616,2024-09-02T12:40:24,,H2,glazen binnendeur,,,"H2","HH_door_receiver",0.0,"HH2_door_1","closed"
1837,3616,2024-09-02T12:50:22,,H2,glazen binnendeur,,,"H2","HH_door_receiver",0.0,"HH2_door_1","closed"
1838,3616,2024-09-02T13:00:18,,H2,glazen binnendeur,,,"H2","HH_door_receiver",0.0,"HH2_door_1","closed"
1839,3616,2024-09-02T13:10:13,,H2,glazen binnendeur,,,"H2","HH_door_receiver",0.0,"HH2_door_1","closed"
1840,3616,2024-09-02T13:20:09,,H2,glazen binnendeur,,,"H2","HH_door_receiver",0.0,"HH2_door_1","closed"
1841,3616,2024-09-02T13:30:06,,H2,glazen binnendeur,,,"H2","HH_door_receiver",0.0,"HH2_door_1","closed"
1842,3616,2024-09-02T13:50:00,,H2,glazen binnendeur,,,"H2","HH_door_receiver",0.0,"HH2_door_1","closed"
1843,3616,2024-09-02T13:59:56,,H2,glazen binnendeur,,,"H2","HH_door_receiver",0.0,"HH2_door_1","closed"
1844,3616,2024-09-02T14:09:53,,H2,glazen binnendeur,,,"H2","HH_door_receiver",0.0,"HH2_door_1","closed"
1845,3616,2024-09-02T14:19:50,,H2,glazen binnendeur,,,"H2","HH_door_receiver",0.0,"HH2_door_1","closed"
1846,3616,2024-09-02T14:29:46,,H2,glazen binnendeur,,,"H2","HH_door_receiver",0.0,"HH2_door_1","closed"
1847,3616,2024-09-02T14:39:43,,H2,glazen binnendeur,,,"H2","HH_door_receiver",0.0,"HH2_door_1","closed"
1848,3616,2024-09-02T14:49:40,,H2,glazen binnendeur,,,"H2","HH_door_receiver",0.0,"HH2_door_1","closed"
1849,3616,2024-09-02T15:09:33,,H2,glazen binnendeur,,,"H2","HH_door_receiver",1.0,"HH2_door_1","open"
1850,3616,2024-09-02T15:19:29,,H2,glazen binnendeur,,,"H2","HH_door_receiver",1.0,"HH2_door_1","open"
1851,3616,2024-09-02T15:29:28,,H2,glazen binnendeur,,,"H2","HH_door_receiver",1.0,"HH2_door_1","open"
1852,3616,2024-09-02T15:39:24,,H2,glazen binnendeur,,,"H2","HH_door_receiver",0.0,"HH2_door_1","closed"
1853,3616,2024-09-02T15:59:19,,H2,glazen binnendeur,,,"H2","HH_door_receiver",0.0,"HH2_door_1","closed"
1854,3616,2024-09-02T16:09:14,,H2,glazen binnendeur,,,"H2","HH_door_receiver",0.0,"HH2_door_1","closed"
1855,3616,2024-09-02T16:19:11,,H2,glazen binnendeur,,,"H2","HH_door_receiver",0.0,"HH2_door_1","closed"
1856,3616,2024-09-02T16:29:06,,H2,glazen binnendeur,,,"H2","HH_door_receiver",0.0,"HH2_door_1","closed"
1857,3616,2024-09-02T16:39:03,,H2,glazen binnendeur,,,"H2","HH_door_receiver",1.0,"HH2_door_1","open"
1858,3616,2024-09-02T16:49:01,,H2,glazen binnendeur,,,"H2","HH_door_receiver",1.0,"HH2_door_1","open"
1859,3616,2024-09-02T16:58:59,,H2,glazen binnendeur,,,"H2","HH_door_receiver",1.0,"HH2_door_1","open"
1860,3616,2024-09-02T17:08:55,,H2,glazen binnendeur,,,"H2","HH_door_receiver",1.0,"HH2_door_1","open"
1861,3616,2024-09-02T17:18:51,,H2,glazen binnendeur,,,"H2","HH_door_receiver",1.0,"HH2_door_1","open"
1862,3616,2024-09-02T17:28:49,,H2,glazen binnendeur,,,"H2","HH_door_receiver",1.0,"HH2_door_1","open"
1863,3616,2024-09-02T17:38:46,,H2,glazen binnendeur,,,"H2","HH_door_receiver",1.0,"HH2_door_1","open"
1864,3616,2024-09-02T17:48:40,,H2,glazen binnendeur,,,"H2","HH_door_receiver",1.0,"HH2_door_1","open"
1865,3616,2024-09-02T17:58:38,,H2,glazen binnendeur,,,"H2","HH_door_receiver",1.0,"HH2_door_1","open"
1866,3616,2024-09-02T18:08:37,,H2,glazen binnendeur,,,"H2","HH_door_receiver",1.0,"HH2_door_1","open"
1867,3616,2024-09-02T18:28:30,,H2,glazen binnendeur,,,"H2","HH_door_receiver",1.0,"HH2_door_1","open"
1868,3616,2024-09-02T18:38:26,,H2,glazen binnendeur,,,"H2","HH_door_receiver",0.0,"HH2_door_1","closed"
1869,3616,2024-09-02T18:48:23,,H2,glazen binnendeur,,,"H2","HH_door_receiver",0.0,"HH2_door_1","closed"
1870,3616,2024-09-02T18:58:22,,H2,glazen binnendeur,,,"H2","HH_door_receiver",0.0,"HH2_door_1","closed"
1871,3616,2024-09-02T19:08:18,,H2,glazen binnendeur,,,"H2","HH_door_receiver",0.0,"HH2_door_1","closed"
1872,3616,2024-09-02T19:18:14,,H2,glazen binnendeur,,,"H2","HH_door_receiver",0.0,"HH2_door_1","closed"
1873,3616,2024-09-02T19:28:11,,H2,glazen binnendeur,,,"H2","HH_door_receiver",0.0,"HH2_door_1","closed"
1874,3616,2024-09-02T19:38:10,,H2,glazen binnendeur,,,"H2","HH_door_receiver",1.0,"HH2_door_1","open"
1875,3616,2024-09-02T19:48:08,,H2,glazen binnendeur,,,"H2","HH_door_receiver",0.0,"HH2_door_1","closed"
1876,3616,2024-09-02T19:58:04,,H2,glazen binnendeur,,,"H2","HH_door_receiver",0.0,"HH2_door_1","closed"
1877,3616,2024-09-02T20:07:59,,H2,glazen binnendeur,,,"H2","HH_door_receiver",0.0,"HH2_door_1","closed"
1878,3616,2024-09-02T20:17:57,,H2,glazen binnendeur,,,"H2","HH_door_receiver",0.0,"HH2_door_1","closed"
1879,3616,2024-09-02T20:27:56,,H2,glazen binnendeur,,,"H2","HH_door_receiver",0.0,"HH2_door_1","closed"
1880,3616,2024-09-02T20:37:53,,H2,glazen binnendeur,,,"H2","HH_door_receiver",0.0,"HH2_door_1","closed"
1881,3616,2024-09-02T20:47:49,,H2,glazen binnendeur,,,"H2","HH_door_receiver",0.0,"HH2_door_1","closed"
1882,3616,2024-09-02T20:57:48,,H2,glazen binnendeur,,,"H2","HH_door_receiver",0.0,"HH2_door_1","closed"
1883,3616,2024-09-02T21:17:42,,H2,glazen binnendeur,,,"H2","HH_door_receiver",0.0,"HH2_door_1","closed"
1884,3616,2024-09-02T21:27:40,,H2,glazen binnendeur,,,"H2","HH_door_receiver",0.0,"HH2_door_1","closed"
1885,3616,2024-09-02T21:37:34,,H2,glazen binnendeur,,,"H2","HH_door_receiver",0.0,"HH2_door_1","closed"
1886,3616,2024-09-02T21:47:31,,H2,glazen binnendeur,,,"H2","HH_door_receiver",0.0,"HH2_door_1","closed"
1887,3616,2024-09-02T21:57:28,,H2,glazen binnendeur,,,"H2","HH_door_receiver",0.0,"HH2_door_1","closed"
1888,3616,2024-09-02T22:07:23,,H2,glazen binnendeur,,,"H2","HH_door_receiver",0.0,"HH2_door_1","closed"
1889,3616,2024-09-02T22:17:19,,H2,glazen binnendeur,,,"H2","HH_door_receiver",0.0,"HH2_door_1","closed"
1890,3616,2024-09-02T22:27:14,,H2,glazen binnendeur,,,"H2","HH_door_receiver",0.0,"HH2_door_1","closed"
1891,3616,2024-09-02T22:37:10,,H2,glazen binnendeur,,,"H2","HH_door_receiver",0.0,"HH2_door_1","closed"
1892,3616,2024-09-02T22:47:06,,H2,glazen binnendeur,,,"H2","HH_door_receiver",0.0,"HH2_door_1","closed"
1893,3616,2024-09-02T22:57:01,,H2,glazen binnendeur,,,"H2","HH_door_receiver",0.0,"HH2_door_1","closed"
1894,3616,2024-09-02T23:06:56,,H2,glazen binnendeur,,,"H2","HH_door_receiver",0.0,"HH2_door_1","closed"
1895,3616,2024-09-02T23:16:53,,H2,glazen binnendeur,,,"H2","HH_door_receiver",0.0,"HH2_door_1","closed"
1896,3616,2024-09-02T23:26:50,,H2,glazen binnendeur,,,"H2","HH_door_receiver",0.0,"HH2_door_1","closed"
1897,3616,2024-09-02T23:36:49,,H2,glazen binnendeur,,,"H2","HH_door_receiver",0.0,"HH2_door_1","closed"
1898,3616,2024-09-02T23:46:48,,H2,glazen binnendeur,,,"H2","HH_door_receiver",0.0,"HH2_door_1","closed"
1899,3616,2024-09-03T00:06:41,,H2,glazen binnendeur,,,"H2","HH_door_receiver",0.0,"HH2_door_1","closed"
1900,3616,2024-09-03T00:16:38,,H2,glazen binnendeur,,,"H2","HH_door_receiver",0.0,"HH2_door_1","closed"
1901,3616,2024-09-03T00:26:38,,H2,glazen binnendeur,,,"H2","HH_door_receiver",0.0,"HH2_door_1","closed"
1902,3616,2024-09-03T00:36:34,,H2,glazen binnendeur,,,"H2","HH_door_receiver",0.0,"HH2_door_1","closed"
1903,3616,2024-09-03T00:46:29,,H2,glazen binnendeur,,,"H2","HH_door_receiver",0.0,"HH2_door_1","closed"
1904,3616,2024-09-03T00:56:27,,H2,glazen binnendeur,,,"H2","HH_door_receiver",0.0,"HH2_door_1","closed"
1905,3616,2024-09-03T01:06:24,,H2,glazen binnendeur,,,"H2","HH_door_receiver",0.0,"HH2_door_1","closed"
1906,3616,2024-09-03T01:16:21,,H2,glazen binnendeur,,,"H2","HH_door_receiver",0.0,"HH2_door_1","closed"
1907,3616,2024-09-03T01:26:16,,H2,glazen binnendeur,,,"H2","HH_door_receiver",0.0,"HH2_door_1","closed"
1908,3616,2024-09-03T01:36:13,,H2,glazen binnendeur,,,"H2","HH_door_receiver",0.0,"HH2_door_1","closed"
1909,3616,2024-09-03T01:46:09,,H2,glazen binnendeur,,,"H2","HH_door_receiver",0.0,"HH2_door_1","closed"
1910,3616,2024-09-03T02:06:03,,H2,glazen binnendeur,,,"H2","HH_door_receiver",0.0,"HH2_door_1","closed"
1911,3616,2024-09-03T02:15:57,,H2,glazen binnendeur,,,"H2","HH_door_receiver",0.0,"HH2_door_1","closed"
1912,3616,2024-09-03T02:25:54,,H2,glazen binnendeur,,,"H2","HH_door_receiver",0.0,"HH2_door_1","closed"
1913,3616,2024-09-03T02:35:51,,H2,glazen binnendeur,,,"H2","HH_door_receiver",0.0,"HH2_door_1","closed"
1914,3616,2024-09-03T02:55:44,,H2,glazen binnendeur,,,"H2","HH_door_receiver",0.0,"HH2_door_1","closed"
1915,3616,2024-09-03T03:05:38,,H2,glazen binnendeur,,,"H2","HH_door_receiver",0.0,"HH2_door_1","closed"
1916,3616,2024-09-03T03:15:35,,H2,glazen binnendeur,,,"H2","HH_door_receiver",0.0,"HH2_door_1","closed"
1917,3616,2024-09-03T03:25:35,,H2,glazen binnendeur,,,"H2","HH_door_receiver",0.0,"HH2_door_1","closed"
1918,3616,2024-09-03T03:35:29,,H2,glazen binnendeur,,,"H2","HH_door_receiver",0.0,"HH2_door_1","closed"
1919,3616,2024-09-03T03:55:25,,H2,glazen binnendeur,,,"H2","HH_door_receiver",0.0,"HH2_door_1","closed"
1920,3616,2024-09-03T04:05:22,,H2,glazen binnendeur,,,"H2","HH_door_receiver",0.0,"HH2_door_1","closed"
1921,3616,2024-09-03T04:15:16,,H2,glazen binnendeur,,,"H2","HH_door_receiver",0.0,"HH2_door_1","closed"
1922,3616,2024-09-03T04:25:13,,H2,glazen binnendeur,,,"H2","HH_door_receiver",0.0,"HH2_door_1","closed"
1923,3616,2024-09-03T04:35:12,,H2,glazen binnendeur,,,"H2","HH_door_receiver",0.0,"HH2_door_1","closed"
1924,3616,2024-09-03T04:45:07,,H2,glazen binnendeur,,,"H2","HH_door_receiver",0.0,"HH2_door_1","closed"
1925,3616,2024-09-03T04:55:04,,H2,glazen binnendeur,,,"H2","HH_door_receiver",0.0,"HH2_door_1","closed"
1926,3616,2024-09-03T05:05:01,,H2,glazen binnendeur,,,"H2","HH_door_receiver",0.0,"HH2_door_1","closed"
1927,3616,2024-09-03T05:14:57,,H2,glazen binnendeur,,,"H2","HH_door_receiver",0.0,"HH2_door_1","closed"
1928,3616,2024-09-03T05:24:56,,H2,glazen binnendeur,,,"H2","HH_door_receiver",0.0,"HH2_door_1","closed"
1929,3616,2024-09-03T05:44:48,,H2,glazen binnendeur,,,"H2","HH_door_receiver",0.0,"HH2_door_1","closed"
1930,3616,2024-09-03T05:54:45,,H2,glazen binnendeur,,,"H2","HH_door_receiver",0.0,"HH2_door_1","closed"
1931,3616,2024-09-03T06:04:44,,H2,glazen binnendeur,,,"H2","HH_door_receiver",0.0,"HH2_door_1","closed"
1932,3616,2024-09-03T06:34:35,,H2,glazen binnendeur,,,"H2","HH_door_receiver",0.0,"HH2_door_1","closed"
1933,3616,2024-09-03T06:44:30,,H2,glazen binnendeur,,,"H2","HH_door_receiver",0.0,"HH2_door_1","closed"
1934,3616,2024-09-03T06:54:26,,H2,glazen binnendeur,,,"H2","HH_door_receiver",0.0,"HH2_door_1","closed"
1935,3616,2024-09-03T07:04:20,,H2,glazen binnendeur,,,"H2","HH_door_receiver",1.0,"HH2_door_1","open"
1936,3616,2024-09-03T07:14:17,,H2,glazen binnendeur,,,"H2","HH_door_receiver",1.0,"HH2_door_1","open"
1937,3616,2024-09-03T07:24:13,,H2,glazen binnendeur,,,"H2","HH_door_receiver",1.0,"HH2_door_1","open"
1938,3616,2024-09-03T07:34:10,,H2,glazen binnendeur,,,"H2","HH_door_receiver",1.0,"HH2_door_1","open"
1939,3616,2024-09-03T07:44:07,,H2,glazen binnendeur,,,"H2","HH_door_receiver",1.0,"HH2_door_1","open"
1940,3616,2024-09-03T08:04:00,,H2,glazen binnendeur,,,"H2","HH_door_receiver",1.0,"HH2_door_1","open"
1941,3616,2024-09-03T08:13:57,,H2,glazen binnendeur,,,"H2","HH_door_receiver",1.0,"HH2_door_1","open"
1942,3616,2024-09-03T08:23:54,,H2,glazen binnendeur,,,"H2","HH_door_receiver",0.0,"HH2_door_1","closed"
1943,3616,2024-09-03T08:33:51,,H2,glazen binnendeur,,,"H2","HH_door_receiver",0.0,"HH2_door_1","closed"
1944,3616,2024-09-03T08:53:41,,H2,glazen binnendeur,,,"H2","HH_door_receiver",1.0,"HH2_door_1","open"
1945,3616,2024-09-03T09:13:35,,H2,glazen binnendeur,,,"H2","HH_door_receiver",1.0,"HH2_door_1","open"
1946,3616,2024-09-03T09:23:31,,H2,glazen binnendeur,,,"H2","HH_door_receiver",1.0,"HH2_door_1","open"
1947,3616,2024-09-03T09:33:25,,H2,glazen binnendeur,,,"H2","HH_door_receiver",1.0,"HH2_door_1","open"
1948,3616,2024-09-03T09:53:19,,H2,glazen binnendeur,,,"H2","HH_door_receiver",1.0,"HH2_door_1","open"
1949,3616,2024-09-03T10:03:14,,H2,glazen binnendeur,,,"H2","HH_door_receiver",1.0,"HH2_door_1","open"
1950,3616,2024-09-03T10:13:10,,H2,glazen binnendeur,,,"H2","HH_door_receiver",1.0,"HH2_door_1","open"
1951,3616,2024-09-03T10:23:07,,H2,glazen binnendeur,,,"H2","HH_door_receiver",1.0,"HH2_door_1","open"
1952,3616,2024-09-03T10:43:01,,H2,glazen binnendeur,,,"H2","HH_door_receiver",1.0,"HH2_door_1","open"
1953,3616,2024-09-03T10:52:56,,H2,glazen binnendeur,,,"H2","HH_door_receiver",1.0,"HH2_door_1","open"
1954,3616,2024-09-03T11:02:53,,H2,glazen binnendeur,,,"H2","HH_door_receiver",1.0,"HH2_door_1","open"
1955,3616,2024-09-03T11:12:48,,H2,glazen binnendeur,,,"H2","HH_door_receiver",1.0,"HH2_door_1","open"
1956,3616,2024-09-03T11:32:41,,H2,glazen binnendeur,,,"H2","HH_door_receiver",1.0,"HH2_door_1","open"
1957,3616,2024-09-03T11:42:37,,H2,glazen binnendeur,,,"H2","HH_door_receiver",1.0,"HH2_door_1","open"
1958,3616,2024-09-03T11:52:33,,H2,glazen binnendeur,,,"H2","HH_door_receiver",1.0,"HH2_door_1","open"
1959,3616,2024-09-03T12:02:31,,H2,glazen binnendeur,,,"H2","HH_door_receiver",1.0,"HH2_door_1","open"
1960,3616,2024-09-03T12:12:29,,H2,glazen binnendeur,,,"H2","HH_door_receiver",1.0,"HH2_door_1","open"
1961,3616,2024-09-03T12:22:24,,H2,glazen binnendeur,,,"H2","HH_door_receiver",1.0,"HH2_door_1","open"
1962,3616,2024-09-03T12:32:19,,H2,glazen binnendeur,,,"H2","HH_door_receiver",1.0,"HH2_door_1","open"
1963,3616,2024-09-03T12:52:14,,H2,glazen binnendeur,,,"H2","HH_door_receiver",0.0,"HH2_door_1","closed"
1964,3616,2024-09-03T13:02:14,,H2,glazen binnendeur,,,"H2","HH_door_receiver",0.0,"HH2_door_1","closed"
1965,3616,2024-09-03T13:12:09,,H2,glazen binnendeur,,,"H2","HH_door_receiver",0.0,"HH2_door_1","closed"
1966,3616,2024-09-03T13:22:06,,H2,glazen binnendeur,,,"H2","HH_door_receiver",0.0,"HH2_door_1","closed"
1967,3616,2024-09-03T13:32:01,,H2,glazen binnendeur,,,"H2","HH_door_receiver",0.0,"HH2_door_1","closed"
1968,3616,2024-09-03T13:42:00,,H2,glazen binnendeur,,,"H2","HH_door_receiver",0.0,"HH2_door_1","closed"
1969,3616,2024-09-03T13:51:58,,H2,glazen binnendeur,,,"H2","HH_door_receiver",0.0,"HH2_door_1","closed"
1970,3616,2024-09-03T14:01:54,,H2,glazen binnendeur,,,"H2","HH_door_receiver",0.0,"HH2_door_1","closed"
1971,3616,2024-09-03T14:11:52,,H2,glazen binnendeur,,,"H2","HH_door_receiver",0.0,"HH2_door_1","closed"
1972,3616,2024-09-03T14:21:49,,H2,glazen binnendeur,,,"H2","HH_door_receiver",0.0,"HH2_door_1","closed"
1973,3616,2024-09-03T14:31:43,,H2,glazen binnendeur,,,"H2","HH_door_receiver",0.0,"HH2_door_1","closed"
1974,3616,2024-09-03T14:41:40,,H2,glazen binnendeur,,,"H2","HH_door_receiver",0.0,"HH2_door_1","closed"
1975,3616,2024-09-03T14:51:37,,H2,glazen binnendeur,,,"H2","HH_door_receiver",0.0,"HH2_door_1","closed"
1976,3616,2024-09-03T15:01:34,,H2,glazen binnendeur,,,"H2","HH_door_receiver",0.0,"HH2_door_1","closed"
1977,3616,2024-09-03T15:11:29,,H2,glazen binnendeur,,,"H2","HH_door_receiver",0.0,"HH2_door_1","closed"
1978,3616,2024-09-03T15:21:27,,H2,glazen binnendeur,,,"H2","HH_door_receiver",0.0,"HH2_door_1","closed"
1979,3616,2024-09-03T15:31:22,,H2,glazen binnendeur,,,"H2","HH_door_receiver",0.0,"HH2_door_1","closed"
1980,3616,2024-09-03T15:41:19,,H2,glazen binnendeur,,,"H2","HH_door_receiver",0.0,"HH2_door_1","closed"
1981,3616,2024-09-03T15:51:14,,H2,glazen binnendeur,,,"H2","HH_door_receiver",0.0,"HH2_door_1","closed"
1982,3616,2024-09-03T16:01:09,,H2,glazen binnendeur,,,"H2","HH_door_receiver",0.0,"HH2_door_1","closed"
1983,3616,2024-09-03T16:11:04,,H2,glazen binnendeur,,,"H2","HH_door_receiver",0.0,"HH2_door_1","closed"
1984,3616,2024-09-03T16:21:02,,H2,glazen binnendeur,,,"H2","HH_door_receiver",0.0,"HH2_door_1","closed"
1985,3616,2024-09-03T16:30:58,,H2,glazen binnendeur,,,"H2","HH_door_receiver",0.0,"HH2_door_1","closed"
1986,3616,2024-09-03T16:40:55,,H2,glazen binnendeur,,,"H2","HH_door_receiver",0.0,"HH2_door_1","closed"
1987,3616,2024-09-03T16:50:53,,H2,glazen binnendeur,,,"H2","HH_door_receiver",0.0,"HH2_door_1","closed"
1988,3616,2024-09-03T17:00:48,,H2,glazen binnendeur,,,"H2","HH_door_receiver",0.0,"HH2_door_1","closed"
1989,3616,2024-09-03T17:10:47,,H2,glazen binnendeur,,,"H2","HH_door_receiver",0.0,"HH2_door_1","closed"
1990,3616,2024-09-03T17:20:45,,H2,glazen binnendeur,,,"H2","HH_door_receiver",0.0,"HH2_door_1","closed"
1991,3616,2024-09-03T17:30:41,,H2,glazen binnendeur,,,"H2","HH_door_receiver",0.0,"HH2_door_1","closed"
1992,3616,2024-09-03T17:40:37,,H2,glazen binnendeur,,,"H2","HH_door_receiver",1.0,"HH2_door_1","open"
1993,3616,2024-09-03T17:50:33,,H2,glazen binnendeur,,,"H2","HH_door_receiver",1.0,"HH2_door_1","open"
1994,3616,2024-09-03T18:00:32,,H2,glazen binnendeur,,,"H2","HH_door_receiver",1.0,"HH2_door_1","open"
1995,3616,2024-09-03T18:10:29,,H2,glazen binnendeur,,,"H2","HH_door_receiver",1.0,"HH2_door_1","open"
1996,3616,2024-09-03T18:20:26,,H2,glazen binnendeur,,,"H2","HH_door_receiver",1.0,"HH2_door_1","open"
1997,3616,2024-09-03T18:30:22,,H2,glazen binnendeur,,,"H2","HH_door_receiver",1.0,"HH2_door_1","open"
1998,3616,2024-09-03T18:40:22,,H2,glazen binnendeur,,,"H2","HH_door_receiver",1.0,"HH2_door_1","open"
1999,3616,2024-09-03T18:50:18,,H2,glazen binnendeur,,,"H2","HH_door_receiver",1.0,"HH2_door_1","open"
2000,3616,2024-09-03T19:00:15,,H2,glazen binnendeur,,,"H2","HH_door_receiver",1.0,"HH2_door_1","open"
2001,3616,2024-09-03T19:10:09,,H2,glazen binnendeur,,,"H2","HH_door_receiver",0.0,"HH2_door_1","closed"
2002,3616,2024-09-03T19:20:08,,H2,glazen binnendeur,,,"H2","HH_door_receiver",0.0,"HH2_door_1","closed"
2003,3616,2024-09-03T19:30:04,,H2,glazen binnendeur,,,"H2","HH_door_receiver",1.0,"HH2_door_1","open"
2004,3616,2024-09-03T19:40:00,,H2,glazen binnendeur,,,"H2","HH_door_receiver",0.0,"HH2_door_1","closed"
2005,3616,2024-09-03T19:49:56,,H2,glazen binnendeur,,,"H2","HH_door_receiver",0.0,"HH2_door_1","closed"
2006,3616,2024-09-03T19:59:52,,H2,glazen binnendeur,,,"H2","HH_door_receiver",0.0,"HH2_door_1","closed"
2007,3616,2024-09-03T20:09:47,,H2,glazen binnendeur,,,"H2","HH_door_receiver",0.0,"HH2_door_1","closed"
2008,3616,2024-09-03T20:19:43,,H2,glazen binnendeur,,,"H2","HH_door_receiver",0.0,"HH2_door_1","closed"
2009,3616,2024-09-03T20:29:40,,H2,glazen binnendeur,,,"H2","HH_door_receiver",0.0,"HH2_door_1","closed"
2010,3616,2024-09-03T20:39:39,,H2,glazen binnendeur,,,"H2","HH_door_receiver",0.0,"HH2_door_1","closed"
2011,3616,2024-09-03T20:49:34,,H2,glazen binnendeur,,,"H2","HH_door_receiver",0.0,"HH2_door_1","closed"
2012,3616,2024-09-03T20:59:34,,H2,glazen binnendeur,,,"H2","HH_door_receiver",0.0,"HH2_door_1","closed"
2013,3616,2024-09-03T21:09:28,,H2,glazen binnendeur,,,"H2","HH_door_receiver",0.0,"HH2_door_1","closed"
2014,3616,2024-09-03T21:19:24,,H2,glazen binnendeur,,,"H2","HH_door_receiver",0.0,"HH2_door_1","closed"
2015,3616,2024-09-03T21:29:19,,H2,glazen binnendeur,,,"H2","HH_door_receiver",0.0,"HH2_door_1","closed"
2016,3616,2024-09-03T21:49:10,,H2,glazen binnendeur,,,"H2","HH_door_receiver",0.0,"HH2_door_1","closed"
2017,3616,2024-09-03T21:59:07,,H2,glazen binnendeur,,,"H2","HH_door_receiver",0.0,"HH2_door_1","closed"
2018,3616,2024-09-03T22:09:04,,H2,glazen binnendeur,,,"H2","HH_door_receiver",0.0,"HH2_door_1","closed"
2019,3616,2024-09-03T22:19:01,,H2,glazen binnendeur,,,"H2","HH_door_receiver",0.0,"HH2_door_1","closed"
2020,3616,2024-09-03T22:28:56,,H2,glazen binnendeur,,,"H2","HH_door_receiver",0.0,"HH2_door_1","closed"
2021,3616,2024-09-03T22:38:53,,H2,glazen binnendeur,,,"H2","HH_door_receiver",0.0,"HH2_door_1","closed"
2022,3616,2024-09-03T22:48:47,,H2,glazen binnendeur,,,"H2","HH_door_receiver",0.0,"HH2_door_1","closed"
2023,3616,2024-09-03T22:58:46,,H2,glazen binnendeur,,,"H2","HH_door_receiver",0.0,"HH2_door_1","closed"
2024,3616,2024-09-03T23:08:40,,H2,glazen binnendeur,,,"H2","HH_door_receiver",0.0,"HH2_door_1","closed"
2025,3616,2024-09-03T23:18:37,,H2,glazen binnendeur,,,"H2","HH_door_receiver",0.0,"HH2_door_1","closed"
2026,3616,2024-09-03T23:28:33,,H2,glazen binnendeur,,,"H2","HH_door_receiver",0.0,"HH2_door_1","closed"
2027,3616,2024-09-03T23:38:29,,H2,glazen binnendeur,,,"H2","HH_door_receiver",0.0,"HH2_door_1","closed"
2028,3616,2024-09-03T23:58:23,,H2,glazen binnendeur,,,"H2","HH_door_receiver",0.0,"HH2_door_1","closed"
2029,3616,2024-09-04T00:08:19,,H2,glazen binnendeur,,,"H2","HH_door_receiver",0.0,"HH2_door_1","closed"
2030,3616,2024-09-04T00:18:15,,H2,glazen binnendeur,,,"H2","HH_door_receiver",0.0,"HH2_door_1","closed"
2031,3616,2024-09-04T00:28:14,,H2,glazen binnendeur,,,"H2","HH_door_receiver",0.0,"HH2_door_1","closed"
2032,3616,2024-09-04T00:38:10,,H2,glazen binnendeur,,,"H2","HH_door_receiver",0.0,"HH2_door_1","closed"
2033,3616,2024-09-04T00:48:05,,H2,glazen binnendeur,,,"H2","HH_door_receiver",0.0,"HH2_door_1","closed"
2034,3616,2024-09-04T00:58:01,,H2,glazen binnendeur,,,"H2","HH_door_receiver",0.0,"HH2_door_1","closed"
2035,3616,2024-09-04T01:17:54,,H2,glazen binnendeur,,,"H2","HH_door_receiver",0.0,"HH2_door_1","closed"
2036,3616,2024-09-04T01:27:50,,H2,glazen binnendeur,,,"H2","HH_door_receiver",0.0,"HH2_door_1","closed"
2037,3616,2024-09-04T01:37:46,,H2,glazen binnendeur,,,"H2","HH_door_receiver",0.0,"HH2_door_1","closed"
2038,3616,2024-09-04T01:47:43,,H2,glazen binnendeur,,,"H2","HH_door_receiver",0.0,"HH2_door_1","closed"
2039,3616,2024-09-04T01:57:38,,H2,glazen binnendeur,,,"H2","HH_door_receiver",0.0,"HH2_door_1","closed"
2040,3616,2024-09-04T02:07:37,,H2,glazen binnendeur,,,"H2","HH_door_receiver",0.0,"HH2_door_1","closed"
2041,3616,2024-09-04T02:17:32,,H2,glazen binnendeur,,,"H2","HH_door_receiver",0.0,"HH2_door_1","closed"
2042,3616,2024-09-04T02:27:31,,H2,glazen binnendeur,,,"H2","HH_door_receiver",0.0,"HH2_door_1","closed"
2043,3616,2024-09-04T02:37:26,,H2,glazen binnendeur,,,"H2","HH_door_receiver",0.0,"HH2_door_1","closed"
2044,3616,2024-09-04T02:47:23,,H2,glazen binnendeur,,,"H2","HH_door_receiver",0.0,"HH2_door_1","closed"
2045,3616,2024-09-04T02:57:19,,H2,glazen binnendeur,,,"H2","HH_door_receiver",0.0,"HH2_door_1","closed"
2046,3616,2024-09-04T03:07:16,,H2,glazen binnendeur,,,"H2","HH_door_receiver",0.0,"HH2_door_1","closed"
2047,3616,2024-09-04T03:17:12,,H2,glazen binnendeur,,,"H2","HH_door_receiver",0.0,"HH2_door_1","closed"
2048,3616,2024-09-04T03:27:16,,H2,glazen binnendeur,,,"H2","HH_door_receiver",0.0,"HH2_door_1","closed"
2049,3616,2024-09-04T03:47:08,,H2,glazen binnendeur,,,"H2","HH_door_receiver",0.0,"HH2_door_1","closed"
2050,3616,2024-09-04T03:57:07,,H2,glazen binnendeur,,,"H2","HH_door_receiver",0.0,"HH2_door_1","closed"
2051,3616,2024-09-04T04:07:02,,H2,glazen binnendeur,,,"H2","HH_door_receiver",0.0,"HH2_door_1","closed"
2052,3616,2024-09-04T04:16:58,,H2,glazen binnendeur,,,"H2","HH_door_receiver",0.0,"HH2_door_1","closed"
2053,3616,2024-09-04T04:36:53,,H2,glazen binnendeur,,,"H2","HH_door_receiver",0.0,"HH2_door_1","closed"
2054,3616,2024-09-04T04:46:47,,H2,glazen binnendeur,,,"H2","HH_door_receiver",0.0,"HH2_door_1","closed"
2055,3616,2024-09-04T04:56:43,,H2,glazen binnendeur,,,"H2","HH_door_receiver",0.0,"HH2_door_1","closed"
2056,3616,2024-09-04T05:06:38,,H2,glazen binnendeur,,,"H2","HH_door_receiver",0.0,"HH2_door_1","closed"
2057,3616,2024-09-04T05:16:35,,H2,glazen binnendeur,,,"H2","HH_door_receiver",0.0,"HH2_door_1","closed"
2058,3616,2024-09-04T05:26:36,,H2,glazen binnendeur,,,"H2","HH_door_receiver",0.0,"HH2_door_1","closed"
2059,3616,2024-09-04T05:36:33,,H2,glazen binnendeur,,,"H2","HH_door_receiver",0.0,"HH2_door_1","closed"
2060,3616,2024-09-04T05:46:31,,H2,glazen binnendeur,,,"H2","HH_door_receiver",0.0,"HH2_door_1","closed"
2061,3616,2024-09-04T05:56:27,,H2,glazen binnendeur,,,"H2","HH_door_receiver",0.0,"HH2_door_1","closed"
2062,3616,2024-09-04T06:06:23,,H2,glazen binnendeur,,,"H2","HH_door_receiver",0.0,"HH2_door_1","closed"
2063,3616,2024-09-04T06:16:20,,H2,glazen binnendeur,,,"H2","HH_door_receiver",0.0,"HH2_door_1","closed"
2064,3616,2024-09-04T06:26:14,,H2,glazen binnendeur,,,"H2","HH_door_receiver",0.0,"HH2_door_1","closed"
2065,3616,2024-09-04T06:36:11,,H2,glazen binnendeur,,,"H2","HH_door_receiver",0.0,"HH2_door_1","closed"
2066,3616,2024-09-04T06:56:03,,H2,glazen binnendeur,,,"H2","HH_door_receiver",0.0,"HH2_door_1","closed"
2067,3616,2024-09-04T07:06:01,,H2,glazen binnendeur,,,"H2","HH_door_receiver",1.0,"HH2_door_1","open"
2068,3616,2024-09-04T07:15:57,,H2,glazen binnendeur,,,"H2","HH_door_receiver",1.0,"HH2_door_1","open"
2069,3616,2024-09-04T07:25:54,,H2,glazen binnendeur,,,"H2","HH_door_receiver",1.0,"HH2_door_1","open"
2070,3616,2024-09-04T07:35:50,,H2,glazen binnendeur,,,"H2","HH_door_receiver",1.0,"HH2_door_1","open"
2071,3616,2024-09-04T07:45:45,,H2,glazen binnendeur,,,"H2","HH_door_receiver",0.0,"HH2_door_1","closed"
2072,3616,2024-09-04T07:55:40,,H2,glazen binnendeur,,,"H2","HH_door_receiver",0.0,"HH2_door_1","closed"
2073,3616,2024-09-04T08:05:37,,H2,glazen binnendeur,,,"H2","HH_door_receiver",1.0,"HH2_door_1","open"
2074,3616,2024-09-04T08:15:35,,H2,glazen binnendeur,,,"H2","HH_door_receiver",1.0,"HH2_door_1","open"
2075,3616,2024-09-04T08:25:30,,H2,glazen binnendeur,,,"H2","HH_door_receiver",1.0,"HH2_door_1","open"
2076,3616,2024-09-04T08:35:27,,H2,glazen binnendeur,,,"H2","HH_door_receiver",1.0,"HH2_door_1","open"
2077,3616,2024-09-04T08:45:24,,H2,glazen binnendeur,,,"H2","HH_door_receiver",1.0,"HH2_door_1","open"
2078,3616,2024-09-04T08:55:22,,H2,glazen binnendeur,,,"H2","HH_door_receiver",1.0,"HH2_door_1","open"
2079,3616,2024-09-04T09:05:19,,H2,glazen binnendeur,,,"H2","HH_door_receiver",1.0,"HH2_door_1","open"
2080,3616,2024-09-04T09:15:15,,H2,glazen binnendeur,,,"H2","HH_door_receiver",1.0,"HH2_door_1","open"
2081,3616,2024-09-04T09:25:11,,H2,glazen binnendeur,,,"H2","HH_door_receiver",1.0,"HH2_door_1","open"
2082,3616,2024-09-04T09:35:06,,H2,glazen binnendeur,,,"H2","HH_door_receiver",0.0,"HH2_door_1","closed"
2083,3616,2024-09-04T09:45:06,,H2,glazen binnendeur,,,"H2","HH_door_receiver",0.0,"HH2_door_1","closed"
2084,3616,2024-09-04T09:55:02,,H2,glazen binnendeur,,,"H2","HH_door_receiver",0.0,"HH2_door_1","closed"
2085,3616,2024-09-04T10:04:56,,H2,glazen binnendeur,,,"H2","HH_door_receiver",0.0,"HH2_door_1","closed"
2086,3616,2024-09-04T10:14:51,,H2,glazen binnendeur,,,"H2","HH_door_receiver",0.0,"HH2_door_1","closed"
2087,3616,2024-09-04T10:24:48,,H2,glazen binnendeur,,,"H2","HH_door_receiver",1.0,"HH2_door_1","open"
2088,3616,2024-09-04T10:34:43,,H2,glazen binnendeur,,,"H2","HH_door_receiver",1.0,"HH2_door_1","open"
2089,3616,2024-09-04T10:44:38,,H2,glazen binnendeur,,,"H2","HH_door_receiver",1.0,"HH2_door_1","open"
2090,3616,2024-09-04T10:54:33,,H2,glazen binnendeur,,,"H2","HH_door_receiver",1.0,"HH2_door_1","open"
2091,3616,2024-09-04T11:04:29,,H2,glazen binnendeur,,,"H2","HH_door_receiver",1.0,"HH2_door_1","open"
2092,3616,2024-09-04T11:14:27,,H2,glazen binnendeur,,,"H2","HH_door_receiver",1.0,"HH2_door_1","open"
2093,3616,2024-09-04T11:24:22,,H2,glazen binnendeur,,,"H2","HH_door_receiver",1.0,"HH2_door_1","open"
2094,3616,2024-09-04T11:34:19,,H2,glazen binnendeur,,,"H2","HH_door_receiver",1.0,"HH2_door_1","open"
2095,3616,2024-09-04T11:54:13,,H2,glazen binnendeur,,,"H2","HH_door_receiver",1.0,"HH2_door_1","open"
2096,3616,2024-09-04T12:04:08,,H2,glazen binnendeur,,,"H2","HH_door_receiver",1.0,"HH2_door_1","open"
2097,3616,2024-09-04T12:14:04,,H2,glazen binnendeur,,,"H2","HH_door_receiver",1.0,"HH2_door_1","open"
2098,3616,2024-09-04T12:24:00,,H2,glazen binnendeur,,,"H2","HH_door_receiver",1.0,"HH2_door_1","open"
2099,3616,2024-09-04T12:33:56,,H2,glazen binnendeur,,,"H2","HH_door_receiver",0.0,"HH2_door_1","closed"
2100,3616,2024-09-04T12:43:54,,H2,glazen binnendeur,,,"H2","HH_door_receiver",0.0,"HH2_door_1","closed"
2101,3616,2024-09-04T12:53:51,,H2,glazen binnendeur,,,"H2","HH_door_receiver",1.0,"HH2_door_1","open"
2102,3616,2024-09-04T13:03:48,,H2,glazen binnendeur,,,"H2","HH_door_receiver",0.0,"HH2_door_1","closed"
2103,3616,2024-09-04T13:13:43,,H2,glazen binnendeur,,,"H2","HH_door_receiver",0.0,"HH2_door_1","closed"
2104,3616,2024-09-04T13:23:37,,H2,glazen binnendeur,,,"H2","HH_door_receiver",0.0,"HH2_door_1","closed"
2105,3616,2024-09-04T13:43:34,,H2,glazen binnendeur,,,"H2","HH_door_receiver",0.0,"HH2_door_1","closed"
2106,3616,2024-09-04T13:53:34,,H2,glazen binnendeur,,,"H2","HH_door_receiver",0.0,"HH2_door_1","closed"
2107,3616,2024-09-04T14:03:30,,H2,glazen binnendeur,,,"H2","HH_door_receiver",0.0,"HH2_door_1","closed"
2108,3616,2024-09-04T14:13:29,,H2,glazen binnendeur,,,"H2","HH_door_receiver",0.0,"HH2_door_1","closed"
2109,3616,2024-09-04T14:23:25,,H2,glazen binnendeur,,,"H2","HH_door_receiver",0.0,"HH2_door_1","closed"
2110,3616,2024-09-04T14:33:19,,H2,glazen binnendeur,,,"H2","HH_door_receiver",0.0,"HH2_door_1","closed"
2111,3616,2024-09-04T14:43:15,,H2,glazen binnendeur,,,"H2","HH_door_receiver",1.0,"HH2_door_1","open"
2112,3616,2024-09-04T14:53:10,,H2,glazen binnendeur,,,"H2","HH_door_receiver",0.0,"HH2_door_1","closed"
2113,3616,2024-09-04T15:03:10,,H2,glazen binnendeur,,,"H2","HH_door_receiver",0.0,"HH2_door_1","closed"
2114,3616,2024-09-04T15:13:06,,H2,glazen binnendeur,,,"H2","HH_door_receiver",0.0,"HH2_door_1","closed"
2115,3616,2024-09-04T15:23:05,,H2,glazen binnendeur,,,"H2","HH_door_receiver",0.0,"HH2_door_1","closed"
2116,3616,2024-09-04T15:33:01,,H2,glazen binnendeur,,,"H2","HH_door_receiver",1.0,"HH2_door_1","open"
2117,3616,2024-09-04T15:42:58,,H2,glazen binnendeur,,,"H2","HH_door_receiver",0.0,"HH2_door_1","closed"
2118,3616,2024-09-04T15:52:52,,H2,glazen binnendeur,,,"H2","HH_door_receiver",0.0,"HH2_door_1","closed"
2119,3616,2024-09-04T16:02:48,,H2,glazen binnendeur,,,"H2","HH_door_receiver",0.0,"HH2_door_1","closed"
2120,3616,2024-09-04T16:12:43,,H2,glazen binnendeur,,,"H2","HH_door_receiver",0.0,"HH2_door_1","closed"
2121,3616,2024-09-04T16:22:42,,H2,glazen binnendeur,,,"H2","HH_door_receiver",0.0,"HH2_door_1","closed"
2122,3616,2024-09-04T16:32:44,,H2,glazen binnendeur,,,"H2","HH_door_receiver",0.0,"HH2_door_1","closed"
2123,3616,2024-09-04T16:42:39,,H2,glazen binnendeur,,,"H2","HH_door_receiver",0.0,"HH2_door_1","closed"
2124,3616,2024-09-04T16:52:37,,H2,glazen binnendeur,,,"H2","HH_door_receiver",0.0,"HH2_door_1","closed"
2125,3616,2024-09-04T17:02:34,,H2,glazen binnendeur,,,"H2","HH_door_receiver",0.0,"HH2_door_1","closed"
2126,3616,2024-09-04T17:12:31,,H2,glazen binnendeur,,,"H2","HH_door_receiver",0.0,"HH2_door_1","closed"
2127,3616,2024-09-04T17:22:25,,H2,glazen binnendeur,,,"H2","HH_door_receiver",1.0,"HH2_door_1","open"
2128,3616,2024-09-04T17:32:20,,H2,glazen binnendeur,,,"H2","HH_door_receiver",1.0,"HH2_door_1","open"
2129,3616,2024-09-04T17:42:17,,H2,glazen binnendeur,,,"H2","HH_door_receiver",1.0,"HH2_door_1","open"
2130,3616,2024-09-04T17:52:16,,H2,glazen binnendeur,,,"H2","HH_door_receiver",1.0,"HH2_door_1","open"
2131,3616,2024-09-04T18:02:11,,H2,glazen binnendeur,,,"H2","HH_door_receiver",0.0,"HH2_door_1","closed"
2132,3616,2024-09-04T18:12:06,,H2,glazen binnendeur,,,"H2","HH_door_receiver",0.0,"HH2_door_1","closed"
2133,3616,2024-09-04T18:22:02,,H2,glazen binnendeur,,,"H2","HH_door_receiver",0.0,"HH2_door_1","closed"
2134,3616,2024-09-04T18:31:59,,H2,glazen binnendeur,,,"H2","HH_door_receiver",0.0,"HH2_door_1","closed"
2135,3616,2024-09-04T18:41:55,,H2,glazen binnendeur,,,"H2","HH_door_receiver",0.0,"HH2_door_1","closed"
2136,3616,2024-09-04T19:01:54,,H2,glazen binnendeur,,,"H2","HH_door_receiver",0.0,"HH2_door_1","closed"
2137,3616,2024-09-04T19:11:50,,H2,glazen binnendeur,,,"H2","HH_door_receiver",0.0,"HH2_door_1","closed"
2138,3616,2024-09-04T19:21:49,,H2,glazen binnendeur,,,"H2","HH_door_receiver",0.0,"HH2_door_1","closed"
2139,3616,2024-09-04T19:31:45,,H2,glazen binnendeur,,,"H2","HH_door_receiver",1.0,"HH2_door_1","open"
2140,3616,2024-09-04T19:41:41,,H2,glazen binnendeur,,,"H2","HH_door_receiver",1.0,"HH2_door_1","open"
2141,3616,2024-09-04T19:51:37,,H2,glazen binnendeur,,,"H2","HH_door_receiver",0.0,"HH2_door_1","closed"
2142,3616,2024-09-04T20:01:34,,H2,glazen binnendeur,,,"H2","HH_door_receiver",0.0,"HH2_door_1","closed"
2143,3616,2024-09-04T20:21:24,,H2,glazen binnendeur,,,"H2","HH_door_receiver",0.0,"HH2_door_1","closed"
2144,3616,2024-09-04T20:31:21,,H2,glazen binnendeur,,,"H2","HH_door_receiver",0.0,"HH2_door_1","closed"
2145,3616,2024-09-04T20:41:17,,H2,glazen binnendeur,,,"H2","HH_door_receiver",0.0,"HH2_door_1","closed"
2146,3616,2024-09-04T20:51:12,,H2,glazen binnendeur,,,"H2","HH_door_receiver",0.0,"HH2_door_1","closed"
2147,3616,2024-09-04T21:01:08,,H2,glazen binnendeur,,,"H2","HH_door_receiver",0.0,"HH2_door_1","closed"
2148,3616,2024-09-04T21:11:04,,H2,glazen binnendeur,,,"H2","HH_door_receiver",0.0,"HH2_door_1","closed"
2149,3616,2024-09-04T21:20:59,,H2,glazen binnendeur,,,"H2","HH_door_receiver",0.0,"HH2_door_1","closed"
2150,3616,2024-09-04T21:30:59,,H2,glazen binnendeur,,,"H2","HH_door_receiver",0.0,"HH2_door_1","closed"
2151,3616,2024-09-04T21:41:02,,H2,glazen binnendeur,,,"H2","HH_door_receiver",0.0,"HH2_door_1","closed"
2152,3616,2024-09-04T21:50:56,,H2,glazen binnendeur,,,"H2","HH_door_receiver",0.0,"HH2_door_1","closed"
2153,3616,2024-09-04T22:00:53,,H2,glazen binnendeur,,,"H2","HH_door_receiver",0.0,"HH2_door_1","closed"
2154,3616,2024-09-04T22:20:47,,H2,glazen binnendeur,,,"H2","HH_door_receiver",0.0,"HH2_door_1","closed"
2155,3616,2024-09-04T22:30:42,,H2,glazen binnendeur,,,"H2","HH_door_receiver",0.0,"HH2_door_1","closed"
2156,3616,2024-09-04T22:40:37,,H2,glazen binnendeur,,,"H2","HH_door_receiver",0.0,"HH2_door_1","closed"
2157,3616,2024-09-04T22:50:35,,H2,glazen binnendeur,,,"H2","HH_door_receiver",0.0,"HH2_door_1","closed"
2158,3616,2024-09-04T23:00:30,,H2,glazen binnendeur,,,"H2","HH_door_receiver",0.0,"HH2_door_1","closed"
2159,3616,2024-09-04T23:00:40,,H2,glazen binnendeur,,,"H2","HH_door_receiver",0.0,"HH2_door_1","closed"
2160,3616,2024-09-04T23:10:36,,H2,glazen binnendeur,,,"H2","HH_door_receiver",0.0,"HH2_door_1","closed"
2161,3616,2024-09-04T23:20:31,,H2,glazen binnendeur,,,"H2","HH_door_receiver",0.0,"HH2_door_1","closed"
2162,3616,2024-09-04T23:30:26,,H2,glazen binnendeur,,,"H2","HH_door_receiver",0.0,"HH2_door_1","closed"
2163,3616,2024-09-04T23:40:23,,H2,glazen binnendeur,,,"H2","HH_door_receiver",0.0,"HH2_door_1","closed"
2164,3616,2024-09-04T23:50:20,,H2,glazen binnendeur,,,"H2","HH_door_receiver",0.0,"HH2_door_1","closed"
2165,3616,2024-09-05T00:10:12,,H2,glazen binnendeur,,,"H2","HH_door_receiver",0.0,"HH2_door_1","closed"
2166,3616,2024-09-05T00:20:09,,H2,glazen binnendeur,,,"H2","HH_door_receiver",0.0,"HH2_door_1","closed"
2167,3616,2024-09-05T00:30:04,,H2,glazen binnendeur,,,"H2","HH_door_receiver",0.0,"HH2_door_1","closed"
2168,3616,2024-09-05T00:40:01,,H2,glazen binnendeur,,,"H2","HH_door_receiver",0.0,"HH2_door_1","closed"
2169,3616,2024-09-05T00:49:56,,H2,glazen binnendeur,,,"H2","HH_door_receiver",0.0,"HH2_door_1","closed"
2170,3616,2024-09-05T00:59:52,,H2,glazen binnendeur,,,"H2","HH_door_receiver",0.0,"HH2_door_1","closed"
2171,3616,2024-09-05T01:59:34,,H2,glazen binnendeur,,,"H2","HH_door_receiver",0.0,"HH2_door_1","closed"
2172,3616,2024-09-05T02:09:39,,H2,glazen binnendeur,,,"H2","HH_door_receiver",0.0,"HH2_door_1","closed"
2173,3616,2024-09-05T02:19:31,,H2,glazen binnendeur,,,"H2","HH_door_receiver",0.0,"HH2_door_1","closed"
2174,3616,2024-09-05T02:29:27,,H2,glazen binnendeur,,,"H2","HH_door_receiver",0.0,"HH2_door_1","closed"
2175,3616,2024-09-05T02:39:25,,H2,glazen binnendeur,,,"H2","HH_door_receiver",0.0,"HH2_door_1","closed"
2176,3616,2024-09-05T02:49:23,,H2,glazen binnendeur,,,"H2","HH_door_receiver",0.0,"HH2_door_1","closed"
2177,3616,2024-09-05T02:59:18,,H2,glazen binnendeur,,,"H2","HH_door_receiver",0.0,"HH2_door_1","closed"
2178,3616,2024-09-05T03:19:12,,H2,glazen binnendeur,,,"H2","HH_door_receiver",0.0,"HH2_door_1","closed"
2179,3616,2024-09-05T03:29:07,,H2,glazen binnendeur,,,"H2","HH_door_receiver",0.0,"HH2_door_1","closed"
2180,3616,2024-09-05T03:39:02,,H2,glazen binnendeur,,,"H2","HH_door_receiver",0.0,"HH2_door_1","closed"
2181,3616,2024-09-05T03:48:58,,H2,glazen binnendeur,,,"H2","HH_door_receiver",0.0,"HH2_door_1","closed"
2182,3616,2024-09-05T03:58:55,,H2,glazen binnendeur,,,"H2","HH_door_receiver",0.0,"HH2_door_1","closed"
2183,3616,2024-09-05T04:08:50,,H2,glazen binnendeur,,,"H2","HH_door_receiver",0.0,"HH2_door_1","closed"
2184,3616,2024-09-05T04:18:46,,H2,glazen binnendeur,,,"H2","HH_door_receiver",0.0,"HH2_door_1","closed"
2185,3616,2024-09-05T04:28:43,,H2,glazen binnendeur,,,"H2","HH_door_receiver",0.0,"HH2_door_1","closed"
2186,3616,2024-09-05T04:38:41,,H2,glazen binnendeur,,,"H2","HH_door_receiver",0.0,"HH2_door_1","closed"
2187,3616,2024-09-05T04:48:35,,H2,glazen binnendeur,,,"H2","HH_door_receiver",0.0,"HH2_door_1","closed"
2188,3616,2024-09-05T04:58:33,,H2,glazen binnendeur,,,"H2","HH_door_receiver",0.0,"HH2_door_1","closed"
2189,3616,2024-09-05T05:08:31,,H2,glazen binnendeur,,,"H2","HH_door_receiver",0.0,"HH2_door_1","closed"
2190,3616,2024-09-05T05:18:27,,H2,glazen binnendeur,,,"H2","HH_door_receiver",0.0,"HH2_door_1","closed"
2191,3616,2024-09-05T05:28:24,,H2,glazen binnendeur,,,"H2","HH_door_receiver",0.0,"HH2_door_1","closed"
2192,3616,2024-09-05T05:38:21,,H2,glazen binnendeur,,,"H2","HH_door_receiver",0.0,"HH2_door_1","closed"
2193,3616,2024-09-05T05:48:18,,H2,glazen binnendeur,,,"H2","HH_door_receiver",0.0,"HH2_door_1","closed"
2194,3616,2024-09-05T05:58:13,,H2,glazen binnendeur,,,"H2","HH_door_receiver",0.0,"HH2_door_1","closed"
2195,3616,2024-09-05T06:08:10,,H2,glazen binnendeur,,,"H2","HH_door_receiver",0.0,"HH2_door_1","closed"
2196,3616,2024-09-05T06:18:09,,H2,glazen binnendeur,,,"H2","HH_door_receiver",0.0,"HH2_door_1","closed"
2197,3616,2024-09-05T06:28:05,,H2,glazen binnendeur,,,"H2","HH_door_receiver",0.0,"HH2_door_1","closed"
2198,3616,2024-09-05T06:38:02,,H2,glazen binnendeur,,,"H2","HH_door_receiver",0.0,"HH2_door_1","closed"
2199,3616,2024-09-05T06:47:57,,H2,glazen binnendeur,,,"H2","HH_door_receiver",0.0,"HH2_door_1","closed"
2200,3616,2024-09-05T06:57:52,,H2,glazen binnendeur,,,"H2","HH_door_receiver",0.0,"HH2_door_1","closed"
2201,3616,2024-09-05T07:07:49,,H2,glazen binnendeur,,,"H2","HH_door_receiver",1.0,"HH2_door_1","open"
2202,3616,2024-09-05T07:17:47,,H2,glazen binnendeur,,,"H2","HH_door_receiver",1.0,"HH2_door_1","open"
2203,3616,2024-09-05T07:27:42,,H2,glazen binnendeur,,,"H2","HH_door_receiver",1.0,"HH2_door_1","open"
2204,3616,2024-09-05T07:37:39,,H2,glazen binnendeur,,,"H2","HH_door_receiver",1.0,"HH2_door_1","open"
2205,3616,2024-09-05T07:47:35,,H2,glazen binnendeur,,,"H2","HH_door_receiver",0.0,"HH2_door_1","closed"
2206,3616,2024-09-05T07:57:33,,H2,glazen binnendeur,,,"H2","HH_door_receiver",0.0,"HH2_door_1","closed"
2207,3616,2024-09-05T08:07:30,,H2,glazen binnendeur,,,"H2","HH_door_receiver",0.0,"HH2_door_1","closed"
2208,3616,2024-09-05T08:17:24,,H2,glazen binnendeur,,,"H2","HH_door_receiver",0.0,"HH2_door_1","closed"
2209,3616,2024-09-05T08:27:21,,H2,glazen binnendeur,,,"H2","HH_door_receiver",0.0,"HH2_door_1","closed"
2210,3616,2024-09-05T08:37:17,,H2,glazen binnendeur,,,"H2","HH_door_receiver",0.0,"HH2_door_1","closed"
2211,3616,2024-09-05T08:47:14,,H2,glazen binnendeur,,,"H2","HH_door_receiver",0.0,"HH2_door_1","closed"
2212,3616,2024-09-05T08:57:10,,H2,glazen binnendeur,,,"H2","HH_door_receiver",0.0,"HH2_door_1","closed"
2213,3616,2024-09-05T09:07:07,,H2,glazen binnendeur,,,"H2","HH_door_receiver",0.0,"HH2_door_1","closed"
2214,3616,2024-09-05T09:17:03,,H2,glazen binnendeur,,,"H2","HH_door_receiver",0.0,"HH2_door_1","closed"
2215,3616,2024-09-05T09:26:58,,H2,glazen binnendeur,,,"H2","HH_door_receiver",0.0,"HH2_door_1","closed"
2216,3616,2024-09-05T09:36:55,,H2,glazen binnendeur,,,"H2","HH_door_receiver",0.0,"HH2_door_1","closed"
2217,3616,2024-09-05T09:46:53,,H2,glazen binnendeur,,,"H2","HH_door_receiver",0.0,"HH2_door_1","closed"
2218,3616,2024-09-05T09:56:52,,H2,glazen binnendeur,,,"H2","HH_door_receiver",0.0,"HH2_door_1","closed"
2219,3616,2024-09-05T10:06:48,,H2,glazen binnendeur,,,"H2","HH_door_receiver",0.0,"HH2_door_1","closed"
2220,3616,2024-09-05T10:26:38,,H2,glazen binnendeur,,,"H2","HH_door_receiver",0.0,"HH2_door_1","closed"
2221,3616,2024-09-05T10:36:35,,H2,glazen binnendeur,,,"H2","HH_door_receiver",0.0,"HH2_door_1","closed"
2222,3616,2024-09-05T10:46:32,,H2,glazen binnendeur,,,"H2","HH_door_receiver",0.0,"HH2_door_1","closed"
2223,3616,2024-09-05T10:56:28,,H2,glazen binnendeur,,,"H2","HH_door_receiver",0.0,"HH2_door_1","closed"
2224,3616,2024-09-05T11:16:20,,H2,glazen binnendeur,,,"H2","HH_door_receiver",0.0,"HH2_door_1","closed"
2225,3616,2024-09-05T11:26:19,,H2,glazen binnendeur,,,"H2","HH_door_receiver",0.0,"HH2_door_1","closed"
2226,3616,2024-09-05T11:36:14,,H2,glazen binnendeur,,,"H2","HH_door_receiver",0.0,"HH2_door_1","closed"
2227,3616,2024-09-05T11:46:12,,H2,glazen binnendeur,,,"H2","HH_door_receiver",0.0,"HH2_door_1","closed"
2228,3616,2024-09-05T11:56:06,,H2,glazen binnendeur,,,"H2","HH_door_receiver",0.0,"HH2_door_1","closed"
2229,3616,2024-09-05T12:06:04,,H2,glazen binnendeur,,,"H2","HH_door_receiver",0.0,"HH2_door_1","closed"
2230,3616,2024-09-05T12:16:00,,H2,glazen binnendeur,,,"H2","HH_door_receiver",0.0,"HH2_door_1","closed"
2231,3616,2024-09-05T12:25:56,,H2,glazen binnendeur,,,"H2","HH_door_receiver",0.0,"HH2_door_1","closed"
2232,3616,2024-09-05T12:35:51,,H2,glazen binnendeur,,,"H2","HH_door_receiver",0.0,"HH2_door_1","closed"
2233,3616,2024-09-05T12:45:50,,H2,glazen binnendeur,,,"H2","HH_door_receiver",0.0,"HH2_door_1","closed"
2234,3616,2024-09-05T12:55:46,,H2,glazen binnendeur,,,"H2","HH_door_receiver",0.0,"HH2_door_1","closed"
2235,3616,2024-09-05T13:05:51,,H2,glazen binnendeur,,,"H2","HH_door_receiver",0.0,"HH2_door_1","closed"
2236,3616,2024-09-05T13:15:51,,H2,glazen binnendeur,,,"H2","HH_door_receiver",0.0,"HH2_door_1","closed"
2237,3616,2024-09-05T13:25:45,,H2,glazen binnendeur,,,"H2","HH_door_receiver",0.0,"HH2_door_1","closed"
2238,3616,2024-09-05T13:35:42,,H2,glazen binnendeur,,,"H2","HH_door_receiver",0.0,"HH2_door_1","closed"
2239,3616,2024-09-05T13:45:39,,H2,glazen binnendeur,,,"H2","HH_door_receiver",0.0,"HH2_door_1","closed"
2240,3616,2024-09-05T16:00:53,,H2,glazen binnendeur,,,"H2","HH_door_receiver",1.0,"HH2_door_1","open"
2241,3616,2024-09-05T16:20:52,,H2,glazen binnendeur,,,"H2","HH_door_receiver",1.0,"HH2_door_1","open"
2242,3616,2024-09-05T16:30:48,,H2,glazen binnendeur,,,"H2","HH_door_receiver",1.0,"HH2_door_1","open"
2243,3616,2024-09-05T16:40:44,,H2,glazen binnendeur,,,"H2","HH_door_receiver",1.0,"HH2_door_1","open"
2244,3616,2024-09-05T16:50:39,,H2,glazen binnendeur,,,"H2","HH_door_receiver",1.0,"HH2_door_1","open"
2245,3616,2024-09-05T17:00:36,,H2,glazen binnendeur,,,"H2","HH_door_receiver",1.0,"HH2_door_1","open"
2246,3616,2024-09-05T17:10:32,,H2,glazen binnendeur,,,"H2","HH_door_receiver",0.0,"HH2_door_1","closed"
2247,3616,2024-09-05T17:20:30,,H2,glazen binnendeur,,,"H2","HH_door_receiver",0.0,"HH2_door_1","closed"
2248,3616,2024-09-05T17:30:25,,H2,glazen binnendeur,,,"H2","HH_door_receiver",1.0,"HH2_door_1","open"
2249,3616,2024-09-05T17:40:23,,H2,glazen binnendeur,,,"H2","HH_door_receiver",0.0,"HH2_door_1","closed"
2250,3616,2024-09-05T17:50:20,,H2,glazen binnendeur,,,"H2","HH_door_receiver",0.0,"HH2_door_1","closed"
2251,3616,2024-09-05T18:00:16,,H2,glazen binnendeur,,,"H2","HH_door_receiver",0.0,"HH2_door_1","closed"
2252,3616,2024-09-05T18:10:11,,H2,glazen binnendeur,,,"H2","HH_door_receiver",0.0,"HH2_door_1","closed"
2253,3616,2024-09-05T18:20:08,,H2,glazen binnendeur,,,"H2","HH_door_receiver",0.0,"HH2_door_1","closed"
2254,3616,2024-09-05T18:30:05,,H2,glazen binnendeur,,,"H2","HH_door_receiver",0.0,"HH2_door_1","closed"
2255,3616,2024-09-05T18:40:01,,H2,glazen binnendeur,,,"H2","HH_door_receiver",1.0,"HH2_door_1","open"
2256,3616,2024-09-05T18:49:57,,H2,glazen binnendeur,,,"H2","HH_door_receiver",1.0,"HH2_door_1","open"
2257,3616,2024-09-05T18:59:54,,H2,glazen binnendeur,,,"H2","HH_door_receiver",1.0,"HH2_door_1","open"
2258,3616,2024-09-05T19:09:51,,H2,glazen binnendeur,,,"H2","HH_door_receiver",0.0,"HH2_door_1","closed"
2259,3616,2024-09-05T19:19:47,,H2,glazen binnendeur,,,"H2","HH_door_receiver",0.0,"HH2_door_1","closed"
2260,3616,2024-09-05T19:29:42,,H2,glazen binnendeur,,,"H2","HH_door_receiver",0.0,"HH2_door_1","closed"
2261,3616,2024-09-05T19:39:39,,H2,glazen binnendeur,,,"H2","HH_door_receiver",0.0,"HH2_door_1","closed"
2262,3616,2024-09-05T19:59:32,,H2,glazen binnendeur,,,"H2","HH_door_receiver",0.0,"HH2_door_1","closed"
2263,3616,2024-09-05T20:19:24,,H2,glazen binnendeur,,,"H2","HH_door_receiver",0.0,"HH2_door_1","closed"
2264,3616,2024-09-05T20:29:19,,H2,glazen binnendeur,,,"H2","HH_door_receiver",0.0,"HH2_door_1","closed"
2265,3616,2024-09-05T20:39:15,,H2,glazen binnendeur,,,"H2","HH_door_receiver",0.0,"HH2_door_1","closed"
2266,3616,2024-09-05T20:59:10,,H2,glazen binnendeur,,,"H2","HH_door_receiver",0.0,"HH2_door_1","closed"
2267,3616,2024-09-05T21:09:05,,H2,glazen binnendeur,,,"H2","HH_door_receiver",0.0,"HH2_door_1","closed"
2268,3616,2024-09-05T21:19:01,,H2,glazen binnendeur,,,"H2","HH_door_receiver",0.0,"HH2_door_1","closed"
2269,3616,2024-09-05T21:38:51,,H2,glazen binnendeur,,,"H2","HH_door_receiver",0.0,"HH2_door_1","closed"
2270,3616,2024-09-05T21:48:46,,H2,glazen binnendeur,,,"H2","HH_door_receiver",0.0,"HH2_door_1","closed"
2271,3616,2024-09-05T22:08:36,,H2,glazen binnendeur,,,"H2","HH_door_receiver",0.0,"HH2_door_1","closed"
2272,3616,2024-09-05T22:18:31,,H2,glazen binnendeur,,,"H2","HH_door_receiver",0.0,"HH2_door_1","closed"
2273,3616,2024-09-05T22:28:28,,H2,glazen binnendeur,,,"H2","HH_door_receiver",0.0,"HH2_door_1","closed"
2274,3616,2024-09-05T22:38:22,,H2,glazen binnendeur,,,"H2","HH_door_receiver",0.0,"HH2_door_1","closed"
2275,3616,2024-09-05T22:48:18,,H2,glazen binnendeur,,,"H2","HH_door_receiver",0.0,"HH2_door_1","closed"
2276,3616,2024-09-05T22:58:16,,H2,glazen binnendeur,,,"H2","HH_door_receiver",0.0,"HH2_door_1","closed"
2277,3616,2024-09-05T23:08:14,,H2,glazen binnendeur,,,"H2","HH_door_receiver",0.0,"HH2_door_1","closed"
2278,3616,2024-09-05T23:18:11,,H2,glazen binnendeur,,,"H2","HH_door_receiver",0.0,"HH2_door_1","closed"
2279,3616,2024-09-05T23:28:07,,H2,glazen binnendeur,,,"H2","HH_door_receiver",0.0,"HH2_door_1","closed"
2280,3616,2024-09-05T23:38:02,,H2,glazen binnendeur,,,"H2","HH_door_receiver",0.0,"HH2_door_1","closed"
2281,3616,2024-09-05T23:47:58,,H2,glazen binnendeur,,,"H2","HH_door_receiver",0.0,"HH2_door_1","closed"
2282,3616,2024-09-05T23:57:55,,H2,glazen binnendeur,,,"H2","HH_door_receiver",0.0,"HH2_door_1","closed"
2283,3616,2024-09-06T00:07:53,,H2,glazen binnendeur,,,"H2","HH_door_receiver",0.0,"HH2_door_1","closed"
2284,3616,2024-09-06T00:17:48,,H2,glazen binnendeur,,,"H2","HH_door_receiver",0.0,"HH2_door_1","closed"
2285,3616,2024-09-06T00:27:46,,H2,glazen binnendeur,,,"H2","HH_door_receiver",0.0,"HH2_door_1","closed"
2286,3616,2024-09-06T00:37:40,,H2,glazen binnendeur,,,"H2","HH_door_receiver",0.0,"HH2_door_1","closed"
2287,3616,2024-09-06T00:47:37,,H2,glazen binnendeur,,,"H2","HH_door_receiver",0.0,"HH2_door_1","closed"
2288,3616,2024-09-06T00:57:35,,H2,glazen binnendeur,,,"H2","HH_door_receiver",0.0,"HH2_door_1","closed"
2289,3616,2024-09-06T01:07:31,,H2,glazen binnendeur,,,"H2","HH_door_receiver",0.0,"HH2_door_1","closed"
2290,3616,2024-09-06T01:17:28,,H2,glazen binnendeur,,,"H2","HH_door_receiver",0.0,"HH2_door_1","closed"
2291,3616,2024-09-06T01:27:23,,H2,glazen binnendeur,,,"H2","HH_door_receiver",0.0,"HH2_door_1","closed"
2292,3616,2024-09-06T01:37:17,,H2,glazen binnendeur,,,"H2","HH_door_receiver",0.0,"HH2_door_1","closed"
2293,3616,2024-09-06T01:47:14,,H2,glazen binnendeur,,,"H2","HH_door_receiver",0.0,"HH2_door_1","closed"
2294,3616,2024-09-06T01:57:12,,H2,glazen binnendeur,,,"H2","HH_door_receiver",0.0,"HH2_door_1","closed"
2295,3616,2024-09-06T02:07:08,,H2,glazen binnendeur,,,"H2","HH_door_receiver",0.0,"HH2_door_1","closed"
2296,3616,2024-09-06T02:17:05,,H2,glazen binnendeur,,,"H2","HH_door_receiver",0.0,"HH2_door_1","closed"
2297,3616,2024-09-06T02:27:01,,H2,glazen binnendeur,,,"H2","HH_door_receiver",0.0,"HH2_door_1","closed"
2298,3616,2024-09-06T02:36:57,,H2,glazen binnendeur,,,"H2","HH_door_receiver",0.0,"HH2_door_1","closed"
2299,3616,2024-09-06T02:46:53,,H2,glazen binnendeur,,,"H2","HH_door_receiver",0.0,"HH2_door_1","closed"
2300,3616,2024-09-06T02:56:52,,H2,glazen binnendeur,,,"H2","HH_door_receiver",0.0,"HH2_door_1","closed"
2301,3616,2024-09-06T03:06:50,,H2,glazen binnendeur,,,"H2","HH_door_receiver",0.0,"HH2_door_1","closed"
2302,3616,2024-09-06T03:16:48,,H2,glazen binnendeur,,,"H2","HH_door_receiver",0.0,"HH2_door_1","closed"
2303,3616,2024-09-06T03:26:44,,H2,glazen binnendeur,,,"H2","HH_door_receiver",0.0,"HH2_door_1","closed"
2304,3616,2024-09-06T03:36:39,,H2,glazen binnendeur,,,"H2","HH_door_receiver",0.0,"HH2_door_1","closed"
2305,3616,2024-09-06T03:46:35,,H2,glazen binnendeur,,,"H2","HH_door_receiver",0.0,"HH2_door_1","closed"
2306,3616,2024-09-06T03:56:31,,H2,glazen binnendeur,,,"H2","HH_door_receiver",0.0,"HH2_door_1","closed"
2307,3616,2024-09-06T04:06:26,,H2,glazen binnendeur,,,"H2","HH_door_receiver",0.0,"HH2_door_1","closed"
2308,3616,2024-09-06T04:16:21,,H2,glazen binnendeur,,,"H2","HH_door_receiver",0.0,"HH2_door_1","closed"
2309,3616,2024-09-06T04:26:19,,H2,glazen binnendeur,,,"H2","HH_door_receiver",0.0,"HH2_door_1","closed"
2310,3616,2024-09-06T04:36:13,,H2,glazen binnendeur,,,"H2","HH_door_receiver",0.0,"HH2_door_1","closed"
2311,3616,2024-09-06T04:56:06,,H2,glazen binnendeur,,,"H2","HH_door_receiver",0.0,"HH2_door_1","closed"
2312,3616,2024-09-06T05:06:03,,H2,glazen binnendeur,,,"H2","HH_door_receiver",0.0,"HH2_door_1","closed"
2313,3616,2024-09-06T05:15:58,,H2,glazen binnendeur,,,"H2","HH_door_receiver",0.0,"HH2_door_1","closed"
2314,3616,2024-09-06T05:25:55,,H2,glazen binnendeur,,,"H2","HH_door_receiver",0.0,"HH2_door_1","closed"
2315,3616,2024-09-06T05:35:51,,H2,glazen binnendeur,,,"H2","HH_door_receiver",0.0,"HH2_door_1","closed"
2316,3616,2024-09-06T05:45:49,,H2,glazen binnendeur,,,"H2","HH_door_receiver",0.0,"HH2_door_1","closed"
2317,3616,2024-09-06T05:55:46,,H2,glazen binnendeur,,,"H2","HH_door_receiver",0.0,"HH2_door_1","closed"
2318,3616,2024-09-06T06:05:43,,H2,glazen binnendeur,,,"H2","HH_door_receiver",0.0,"HH2_door_1","closed"
2319,3616,2024-09-06T06:15:42,,H2,glazen binnendeur,,,"H2","HH_door_receiver",0.0,"HH2_door_1","closed"
2320,3616,2024-09-06T06:25:36,,H2,glazen binnendeur,,,"H2","HH_door_receiver",0.0,"HH2_door_1","closed"
2321,3616,2024-09-06T06:35:31,,H2,glazen binnendeur,,,"H2","HH_door_receiver",0.0,"HH2_door_1","closed"
2322,3616,2024-09-06T06:45:28,,H2,glazen binnendeur,,,"H2","HH_door_receiver",0.0,"HH2_door_1","closed"
2323,3616,2024-09-06T06:55:25,,H2,glazen binnendeur,,,"H2","HH_door_receiver",0.0,"HH2_door_1","closed"
2324,3616,2024-09-06T07:05:20,,H2,glazen binnendeur,,,"H2","HH_door_receiver",0.0,"HH2_door_1","closed"
2325,3616,2024-09-06T07:15:19,,H2,glazen binnendeur,,,"H2","HH_door_receiver",0.0,"HH2_door_1","closed"
2326,3616,2024-09-06T07:25:16,,H2,glazen binnendeur,,,"H2","HH_door_receiver",1.0,"HH2_door_1","open"
2327,3616,2024-09-06T07:35:12,,H2,glazen binnendeur,,,"H2","HH_door_receiver",1.0,"HH2_door_1","open"
2328,3616,2024-09-06T07:45:09,,H2,glazen binnendeur,,,"H2","HH_door_receiver",1.0,"HH2_door_1","open"
2329,3616,2024-09-06T07:55:05,,H2,glazen binnendeur,,,"H2","HH_door_receiver",1.0,"HH2_door_1","open"
2330,3616,2024-09-06T08:05:03,,H2,glazen binnendeur,,,"H2","HH_door_receiver",1.0,"HH2_door_1","open"
2331,3616,2024-09-06T08:15:02,,H2,glazen binnendeur,,,"H2","HH_door_receiver",1.0,"HH2_door_1","open"
2332,3616,2024-09-06T08:24:58,,H2,glazen binnendeur,,,"H2","HH_door_receiver",1.0,"HH2_door_1","open"
2333,3616,2024-09-06T08:34:52,,H2,glazen binnendeur,,,"H2","HH_door_receiver",0.0,"HH2_door_1","closed"
2334,3616,2024-09-06T08:44:49,,H2,glazen binnendeur,,,"H2","HH_door_receiver",0.0,"HH2_door_1","closed"
2335,3625,2024-09-06T08:47:17,,H3,,,,"H3","HH_door_receiver",1.0,"HH3_door_1_test","open"
2336,3625,2024-09-06T08:49:18,,H3,,,,"H3","HH_door_receiver",0.0,"HH3_door_1_test","closed"
2337,3616,2024-09-06T08:54:45,,H2,glazen binnendeur,,,"H2","HH_door_receiver",0.0,"HH2_door_1","closed"
2338,3625,2024-09-06T08:59:08,,H3,,,,"H3","HH_door_receiver",0.0,"HH3_door_1_test","closed"
2339,3626,2024-09-06T08:59:15,,H3,,,,"H3","HH_door_receiver",0.0,"HH3_door_2_test","closed"
2340,3616,2024-09-06T09:04:42,,H2,glazen binnendeur,,,"H2","HH_door_receiver",0.0,"HH2_door_1","closed"
2341,3625,2024-09-06T09:09:02,,H3,,,,"H3","HH_door_receiver",0.0,"HH3_door_1_test","closed"
2342,3626,2024-09-06T09:09:03,,H3,,,,"H3","HH_door_receiver",1.0,"HH3_door_2_test","open"
2343,3616,2024-09-06T09:14:38,,H2,glazen binnendeur,,,"H2","HH_door_receiver",1.0,"HH2_door_1","open"
2344,3625,2024-09-06T09:18:58,,H3,,,,"H3","HH_door_receiver",0.0,"HH3_door_1_test","closed"
2345,3626,2024-09-06T09:18:59,,H3,,,,"H3","HH_door_receiver",1.0,"HH3_door_2_test","open"
2346,3616,2024-09-06T09:24:35,,H2,glazen binnendeur,,,"H2","HH_door_receiver",0.0,"HH2_door_1","closed"
2347,3625,2024-09-06T09:28:52,,H3,,,,"H3","HH_door_receiver",0.0,"HH3_door_1_test","closed"
2348,3626,2024-09-06T09:28:54,,H3,,,,"H3","HH_door_receiver",1.0,"HH3_door_2_test","open"
2349,3616,2024-09-06T09:34:32,,H2,glazen binnendeur,,,"H2","HH_door_receiver",0.0,"HH2_door_1","closed"
2350,3625,2024-09-06T09:38:47,,H3,,,,"H3","HH_door_receiver",0.0,"HH3_door_1_test","closed"
2351,3626,2024-09-06T09:38:51,,H3,,,,"H3","HH_door_receiver",1.0,"HH3_door_2_test","open"
2352,3616,2024-09-06T09:44:29,,H2,glazen binnendeur,,,"H2","HH_door_receiver",1.0,"HH2_door_1","open"
2353,3625,2024-09-06T09:48:42,,H3,,,,"H3","HH_door_receiver",0.0,"HH3_door_1_test","closed"
2354,3626,2024-09-06T09:48:48,,H3,,,,"H3","HH_door_receiver",1.0,"HH3_door_2_test","open"
2355,3616,2024-09-06T09:54:24,,H2,glazen binnendeur,,,"H2","HH_door_receiver",1.0,"HH2_door_1","open"
2356,3625,2024-09-06T09:58:38,,H3,,,,"H3","HH_door_receiver",0.0,"HH3_door_1_test","closed"
2357,3626,2024-09-06T09:58:45,,H3,,,,"H3","HH_door_receiver",1.0,"HH3_door_2_test","open"
2358,3616,2024-09-06T10:04:21,,H2,glazen binnendeur,,,"H2","HH_door_receiver",0.0,"HH2_door_1","closed"
2359,3625,2024-09-06T10:08:34,,H3,,,,"H3","HH_door_receiver",0.0,"HH3_door_1_test","closed"
2360,3626,2024-09-06T10:08:43,,H3,,,,"H3","HH_door_receiver",0.0,"HH3_door_2_test","closed"
2361,3616,2024-09-06T10:14:16,,H2,glazen binnendeur,,,"H2","HH_door_receiver",0.0,"HH2_door_1","closed"
2362,3625,2024-09-06T10:18:30,,H3,,,,"H3","HH_door_receiver",0.0,"HH3_door_1_test","closed"
2363,3626,2024-09-06T10:18:41,,H3,,,,"H3","HH_door_receiver",0.0,"HH3_door_2_test","closed"
2364,3616,2024-09-06T10:24:13,,H2,glazen binnendeur,,,"H2","HH_door_receiver",0.0,"HH2_door_1","closed"
2365,3625,2024-09-06T10:28:26,,H3,,,,"H3","HH_door_receiver",0.0,"HH3_door_1_test","closed"
2366,3626,2024-09-06T10:28:39,,H3,,,,"H3","HH_door_receiver",0.0,"HH3_door_2_test","closed"
2367,3616,2024-09-06T10:34:11,,H2,glazen binnendeur,,,"H2","HH_door_receiver",0.0,"HH2_door_1","closed"
2368,3626,2024-09-06T10:38:36,,H3,,,,"H3","HH_door_receiver",0.0,"HH3_door_2_test","closed"
2369,3616,2024-09-06T10:44:08,,H2,glazen binnendeur,,,"H2","HH_door_receiver",0.0,"HH2_door_1","closed"
2370,3626,2024-09-06T10:48:33,,H3,,,,"H3","HH_door_receiver",0.0,"HH3_door_2_test","closed"
2371,3616,2024-09-06T10:54:03,,H2,glazen binnendeur,,,"H2","HH_door_receiver",0.0,"HH2_door_1","closed"
2372,3626,2024-09-06T10:58:29,,H3,,,,"H3","HH_door_receiver",0.0,"HH3_door_2_test","closed"
2373,3616,2024-09-06T11:03:58,,H2,glazen binnendeur,,,"H2","HH_door_receiver",0.0,"HH2_door_1","closed"
2374,3626,2024-09-06T11:08:27,,H3,,,,"H3","HH_door_receiver",0.0,"HH3_door_2_test","closed"
2375,3616,2024-09-06T11:13:54,,H2,glazen binnendeur,,,"H2","HH_door_receiver",0.0,"HH2_door_1","closed"
2376,3626,2024-09-06T11:18:23,,H3,,,,"H3","HH_door_receiver",0.0,"HH3_door_2_test","closed"
2377,3616,2024-09-06T11:23:49,,H2,glazen binnendeur,,,"H2","HH_door_receiver",0.0,"HH2_door_1","closed"
2378,3626,2024-09-06T11:28:21,,H3,,,,"H3","HH_door_receiver",0.0,"HH3_door_2_test","closed"
2379,3616,2024-09-06T11:33:48,,H2,glazen binnendeur,,,"H2","HH_door_receiver",0.0,"HH2_door_1","closed"
2380,3626,2024-09-06T11:38:18,,H3,,,,"H3","HH_door_receiver",1.0,"HH3_door_2_test","open"
2381,3625,2024-09-06T11:39:07,,H3,,,,"H3","HH_door_receiver",1.0,"HH3_door_1_test","open"
2382,3616,2024-09-06T11:43:44,,H2,glazen binnendeur,,,"H2","HH_door_receiver",0.0,"HH2_door_1","closed"
2383,3626,2024-09-06T11:48:14,,H3,,,,"H3","HH_door_receiver",1.0,"HH3_door_2_test","open"
2384,3625,2024-09-06T11:49:06,,H3,,,,"H3","HH_door_receiver",1.0,"HH3_door_1_test","open"
2385,3616,2024-09-06T11:53:41,,H2,glazen binnendeur,,,"H2","HH_door_receiver",0.0,"HH2_door_1","closed"
2386,3626,2024-09-06T11:58:12,,H3,,,,"H3","HH_door_receiver",1.0,"HH3_door_2_test","open"
2387,3625,2024-09-06T11:59:03,,H3,,,,"H3","HH_door_receiver",1.0,"HH3_door_1_test","open"
2388,3616,2024-09-06T12:03:35,,H2,glazen binnendeur,,,"H2","HH_door_receiver",0.0,"HH2_door_1","closed"
2389,3626,2024-09-06T12:08:08,,H3,,,,"H3","HH_door_receiver",1.0,"HH3_door_2_test","open"
2390,3625,2024-09-06T12:08:57,,H3,,,,"H3","HH_door_receiver",1.0,"HH3_door_1_test","open"
2391,3616,2024-09-06T12:13:32,,H2,glazen binnendeur,,,"H2","HH_door_receiver",0.0,"HH2_door_1","closed"
2392,3626,2024-09-06T12:18:04,,H3,,,,"H3","HH_door_receiver",1.0,"HH3_door_2_test","open"
2393,3625,2024-09-06T12:18:52,,H3,,,,"H3","HH_door_receiver",1.0,"HH3_door_1_test","open"
2394,3616,2024-09-06T12:23:28,,H2,glazen binnendeur,,,"H2","HH_door_receiver",0.0,"HH2_door_1","closed"
2395,3626,2024-09-06T12:28:00,,H3,,,,"H3","HH_door_receiver",1.0,"HH3_door_2_test","open"
2396,3625,2024-09-06T12:28:48,,H3,,,,"H3","HH_door_receiver",1.0,"HH3_door_1_test","open"
2397,3616,2024-09-06T12:33:23,,H2,glazen binnendeur,,,"H2","HH_door_receiver",0.0,"HH2_door_1","closed"
2398,3626,2024-09-06T12:37:57,,H3,,,,"H3","HH_door_receiver",1.0,"HH3_door_2_test","open"
2399,3625,2024-09-06T12:38:43,,H3,,,,"H3","HH_door_receiver",1.0,"HH3_door_1_test","open"
2400,3616,2024-09-06T12:43:18,,H2,glazen binnendeur,,,"H2","HH_door_receiver",0.0,"HH2_door_1","closed"
2401,3626,2024-09-06T12:47:54,,H3,,,,"H3","HH_door_receiver",1.0,"HH3_door_2_test","open"
2402,3625,2024-09-06T12:48:39,,H3,,,,"H3","HH_door_receiver",1.0,"HH3_door_1_test","open"
2403,3616,2024-09-06T12:53:14,,H2,glazen binnendeur,,,"H2","HH_door_receiver",0.0,"HH2_door_1","closed"
2404,3626,2024-09-06T12:57:51,,H3,,,,"H3","HH_door_receiver",1.0,"HH3_door_2_test","open"
2405,3625,2024-09-06T12:58:34,,H3,,,,"H3","HH_door_receiver",1.0,"HH3_door_1_test","open"
2406,3625,2024-09-06T12:59:49,,H3,,,,"H3","HH_door_receiver",1.0,"HH3_door_1_test","open"
2407,3625,2024-09-06T12:59:52,,H3,,,,"H3","HH_door_receiver",1.0,"HH3_door_1_test","open"
2408,3625,2024-09-06T13:00:02,,H3,,,,"H3","HH_door_receiver",1.0,"HH3_door_1_test","open"
2409,3625,2024-09-06T13:00:10,,H3,,,,"H3","HH_door_receiver",1.0,"HH3_door_1_test","open"
2410,3625,2024-09-06T13:00:22,,H3,,,,"H3","HH_door_receiver",1.0,"HH3_door_1_test","open"
2411,3625,2024-09-06T13:02:23,,H3,,,,"H3","HH_door_receiver",1.0,"HH3_door_1_test","open"
2412,3625,2024-09-06T13:02:42,,H3,,,,"H3","HH_door_receiver",1.0,"HH3_door_1_test","open"
2413,3625,2024-09-06T13:03:09,,H3,,,,"H3","HH_door_receiver",1.0,"HH3_door_1_test","open"
2414,3616,2024-09-06T13:03:12,,H2,glazen binnendeur,,,"H2","HH_door_receiver",0.0,"HH2_door_1","closed"
2415,3626,2024-09-06T13:07:47,,H3,,,,"H3","HH_door_receiver",1.0,"HH3_door_2_test","open"
2416,3616,2024-09-06T13:13:09,,H2,glazen binnendeur,,,"H2","HH_door_receiver",0.0,"HH2_door_1","closed"
2417,3626,2024-09-06T13:17:41,,H3,,,,"H3","HH_door_receiver",1.0,"HH3_door_2_test","open"
2418,3626,2024-09-06T13:20:00,,H3,,,,"H3","HH_door_receiver",1.0,"HH3_door_2","open"
2419,3616,2024-09-06T13:23:14,,H2,glazen binnendeur,,,"H2","HH_door_receiver",0.0,"HH2_door_1","closed"
2420,3616,2024-09-06T13:33:11,,H2,glazen binnendeur,,,"H2","HH_door_receiver",0.0,"HH2_door_1","closed"
2421,3616,2024-09-06T13:43:07,,H2,glazen binnendeur,,,"H2","HH_door_receiver",0.0,"HH2_door_1","closed"
2422,3616,2024-09-06T13:53:02,,H2,glazen binnendeur,,,"H2","HH_door_receiver",0.0,"HH2_door_1","closed"
2423,3616,2024-09-06T14:02:59,,H2,glazen binnendeur,,,"H2","HH_door_receiver",0.0,"HH2_door_1","closed"
2424,3626,2024-09-06T14:11:24,,H3,,,,"H3","HH_door_receiver",1.0,"HH3_door_2","open"
2425,3616,2024-09-06T14:12:56,,H2,glazen binnendeur,,,"H2","HH_door_receiver",0.0,"HH2_door_1","closed"
2426,3626,2024-09-06T14:21:13,,H3,,,,"H3","HH_door_receiver",1.0,"HH3_door_2","open"
2427,3616,2024-09-06T14:22:50,,H2,glazen binnendeur,,,"H2","HH_door_receiver",0.0,"HH2_door_1","closed"
2428,3626,2024-09-06T14:31:06,,H3,,,,"H3","HH_door_receiver",1.0,"HH3_door_2","open"
2429,3616,2024-09-06T14:32:47,,H2,glazen binnendeur,,,"H2","HH_door_receiver",0.0,"HH2_door_1","closed"
2430,3626,2024-09-06T14:41:02,,H3,,,,"H3","HH_door_receiver",1.0,"HH3_door_2","open"
2431,3626,2024-09-06T14:50:56,,H3,,,,"H3","HH_door_receiver",1.0,"HH3_door_2","open"
2432,3616,2024-09-06T14:52:50,,H2,glazen binnendeur,,,"H2","HH_door_receiver",1.0,"HH2_door_1","open"
2433,3626,2024-09-06T15:00:51,,H3,,,,"H3","HH_door_receiver",1.0,"HH3_door_2","open"
2434,3616,2024-09-06T15:02:49,,H2,glazen binnendeur,,,"H2","HH_door_receiver",0.0,"HH2_door_1","closed"
2435,3616,2024-09-06T15:12:44,,H2,glazen binnendeur,,,"H2","HH_door_receiver",0.0,"HH2_door_1","closed"
2436,3626,2024-09-06T15:20:42,,H3,,,,"H3","HH_door_receiver",1.0,"HH3_door_2","open"
2437,3616,2024-09-06T15:22:43,,H2,glazen binnendeur,,,"H2","HH_door_receiver",0.0,"HH2_door_1","closed"
2438,3626,2024-09-06T15:30:37,,H3,,,,"H3","HH_door_receiver",1.0,"HH3_door_2","open"
2439,3616,2024-09-06T15:32:38,,H2,glazen binnendeur,,,"H2","HH_door_receiver",0.0,"HH2_door_1","closed"
2440,3626,2024-09-06T15:40:36,,H3,,,,"H3","HH_door_receiver",1.0,"HH3_door_2","open"
2441,3616,2024-09-06T15:42:34,,H2,glazen binnendeur,,,"H2","HH_door_receiver",0.0,"HH2_door_1","closed"
2442,3626,2024-09-06T15:50:31,,H3,,,,"H3","HH_door_receiver",1.0,"HH3_door_2","open"
2443,3616,2024-09-06T15:52:30,,H2,glazen binnendeur,,,"H2","HH_door_receiver",1.0,"HH2_door_1","open"
2444,3626,2024-09-06T16:00:26,,H3,,,,"H3","HH_door_receiver",1.0,"HH3_door_2","open"
2445,3616,2024-09-06T16:02:29,,H2,glazen binnendeur,,,"H2","HH_door_receiver",0.0,"HH2_door_1","closed"
2446,3626,2024-09-06T16:10:21,,H3,,,,"H3","HH_door_receiver",1.0,"HH3_door_2","open"
2447,3616,2024-09-06T16:12:25,,H2,glazen binnendeur,,,"H2","HH_door_receiver",0.0,"HH2_door_1","closed"
2448,3626,2024-09-06T16:20:17,,H3,,,,"H3","HH_door_receiver",1.0,"HH3_door_2","open"
2449,3616,2024-09-06T16:22:21,,H2,glazen binnendeur,,,"H2","HH_door_receiver",0.0,"HH2_door_1","closed"
2450,3616,2024-09-06T16:32:16,,H2,glazen binnendeur,,,"H2","HH_door_receiver",0.0,"HH2_door_1","closed"
2451,3626,2024-09-06T16:40:09,,H3,,,,"H3","HH_door_receiver",1.0,"HH3_door_2","open"
2452,3625,2024-09-06T16:40:23,,H3,,,,"H3","HH_door_receiver",1.0,"HH3_door_1","open"
2453,3625,2024-09-06T16:41:37,,H3,,,,"H3","HH_door_receiver",1.0,"HH3_door_1","open"
2454,3616,2024-09-06T16:42:13,,H2,glazen binnendeur,,,"H2","HH_door_receiver",0.0,"HH2_door_1","closed"
2455,3625,2024-09-06T16:42:15,,H3,,,,"H3","HH_door_receiver",1.0,"HH3_door_1","open"
2456,3625,2024-09-06T16:43:48,,H3,,,,"H3","HH_door_receiver",1.0,"HH3_door_1","open"
2457,3625,2024-09-06T16:45:56,,H3,,,,"H3","HH_door_receiver",1.0,"HH3_door_1","open"
2458,3625,2024-09-06T16:47:11,,H3,,,,"H3","HH_door_receiver",1.0,"HH3_door_1","open"
2459,3626,2024-09-06T16:50:05,,H3,,,,"H3","HH_door_receiver",0.0,"HH3_door_2","closed"
2460,3616,2024-09-06T16:52:09,,H2,glazen binnendeur,,,"H2","HH_door_receiver",0.0,"HH2_door_1","closed"
2461,3625,2024-09-06T16:57:02,,H3,,,,"H3","HH_door_receiver",1.0,"HH3_door_1","open"
2462,3626,2024-09-06T17:00:01,,H3,,,,"H3","HH_door_receiver",0.0,"HH3_door_2","closed"
2463,3616,2024-09-06T17:02:04,,H2,glazen binnendeur,,,"H2","HH_door_receiver",0.0,"HH2_door_1","closed"
2464,3625,2024-09-06T17:07:02,,H3,,,,"H3","HH_door_receiver",1.0,"HH3_door_1","open"
2465,3626,2024-09-06T17:09:56,,H3,,,,"H3","HH_door_receiver",1.0,"HH3_door_2","open"
2466,3616,2024-09-06T17:12:01,,H2,glazen binnendeur,,,"H2","HH_door_receiver",0.0,"HH2_door_1","closed"
2467,3625,2024-09-06T17:16:53,,H3,,,,"H3","HH_door_receiver",1.0,"HH3_door_1","open"
2468,3626,2024-09-06T17:19:51,,H3,,,,"H3","HH_door_receiver",1.0,"HH3_door_2","open"
2469,3625,2024-09-06T17:26:48,,H3,,,,"H3","HH_door_receiver",1.0,"HH3_door_1","open"
2470,3626,2024-09-06T17:29:46,,H3,,,,"H3","HH_door_receiver",1.0,"HH3_door_2","open"
2471,3616,2024-09-06T17:31:52,,H2,glazen binnendeur,,,"H2","HH_door_receiver",1.0,"HH2_door_1","open"
2472,3625,2024-09-06T17:36:42,,H3,,,,"H3","HH_door_receiver",1.0,"HH3_door_1","open"
2473,3626,2024-09-06T17:39:41,,H3,,,,"H3","HH_door_receiver",1.0,"HH3_door_2","open"
2474,3616,2024-09-06T17:41:52,,H2,glazen binnendeur,,,"H2","HH_door_receiver",0.0,"HH2_door_1","closed"
2475,3625,2024-09-06T17:46:38,,H3,,,,"H3","HH_door_receiver",1.0,"HH3_door_1","open"
2476,3626,2024-09-06T17:49:37,,H3,,,,"H3","HH_door_receiver",1.0,"HH3_door_2","open"
2477,3616,2024-09-06T17:51:48,,H2,glazen binnendeur,,,"H2","HH_door_receiver",0.0,"HH2_door_1","closed"
2478,3625,2024-09-06T17:56:33,,H3,,,,"H3","HH_door_receiver",1.0,"HH3_door_1","open"
2479,3626,2024-09-06T17:59:32,,H3,,,,"H3","HH_door_receiver",1.0,"HH3_door_2","open"
2480,3616,2024-09-06T18:01:46,,H2,glazen binnendeur,,,"H2","HH_door_receiver",1.0,"HH2_door_1","open"
2481,3625,2024-09-06T18:06:27,,H3,,,,"H3","HH_door_receiver",1.0,"HH3_door_1","open"
2482,3626,2024-09-06T18:09:27,,H3,,,,"H3","HH_door_receiver",1.0,"HH3_door_2","open"
2483,3616,2024-09-06T18:11:42,,H2,glazen binnendeur,,,"H2","HH_door_receiver",0.0,"HH2_door_1","closed"
2484,3625,2024-09-06T18:16:22,,H3,,,,"H3","HH_door_receiver",1.0,"HH3_door_1","open"
2485,3626,2024-09-06T18:19:20,,H3,,,,"H3","HH_door_receiver",1.0,"HH3_door_2","open"
2486,3616,2024-09-06T18:21:39,,H2,glazen binnendeur,,,"H2","HH_door_receiver",0.0,"HH2_door_1","closed"
2487,3625,2024-09-06T18:26:21,,H3,,,,"H3","HH_door_receiver",1.0,"HH3_door_1","open"
2488,3626,2024-09-06T18:29:15,,H3,,,,"H3","HH_door_receiver",1.0,"HH3_door_2","open"
2489,3616,2024-09-06T18:31:34,,H2,glazen binnendeur,,,"H2","HH_door_receiver",0.0,"HH2_door_1","closed"
2490,3625,2024-09-06T18:36:15,,H3,,,,"H3","HH_door_receiver",1.0,"HH3_door_1","open"
2491,3626,2024-09-06T18:39:09,,H3,,,,"H3","HH_door_receiver",1.0,"HH3_door_2","open"
2492,3616,2024-09-06T18:41:31,,H2,glazen binnendeur,,,"H2","HH_door_receiver",0.0,"HH2_door_1","closed"
2493,3625,2024-09-06T18:46:11,,H3,,,,"H3","HH_door_receiver",1.0,"HH3_door_1","open"
2494,3626,2024-09-06T18:49:17,,H3,,,,"H3","HH_door_receiver",1.0,"HH3_door_2","open"
2495,3616,2024-09-06T18:51:28,,H2,glazen binnendeur,,,"H2","HH_door_receiver",0.0,"HH2_door_1","closed"
2496,3626,2024-09-06T18:59:11,,H3,,,,"H3","HH_door_receiver",1.0,"HH3_door_2","open"
2497,3625,2024-09-06T19:06:02,,H3,,,,"H3","HH_door_receiver",1.0,"HH3_door_1","open"
2498,3626,2024-09-06T19:09:06,,H3,,,,"H3","HH_door_receiver",1.0,"HH3_door_2","open"
2499,3616,2024-09-06T19:11:21,,H2,glazen binnendeur,,,"H2","HH_door_receiver",1.0,"HH2_door_1","open"
2500,3625,2024-09-06T19:15:58,,H3,,,,"H3","HH_door_receiver",1.0,"HH3_door_1","open"
2501,3626,2024-09-06T19:19:01,,H3,,,,"H3","HH_door_receiver",1.0,"HH3_door_2","open"
2502,3616,2024-09-06T19:21:18,,H2,glazen binnendeur,,,"H2","HH_door_receiver",0.0,"HH2_door_1","closed"
2503,3625,2024-09-06T19:25:52,,H3,,,,"H3","HH_door_receiver",1.0,"HH3_door_1","open"
2504,3626,2024-09-06T19:28:57,,H3,,,,"H3","HH_door_receiver",1.0,"HH3_door_2","open"
2505,3616,2024-09-06T19:31:14,,H2,glazen binnendeur,,,"H2","HH_door_receiver",0.0,"HH2_door_1","closed"
2506,3625,2024-09-06T19:35:47,,H3,,,,"H3","HH_door_receiver",1.0,"HH3_door_1","open"
2507,3626,2024-09-06T19:38:55,,H3,,,,"H3","HH_door_receiver",1.0,"HH3_door_2","open"
2508,3625,2024-09-06T19:45:43,,H3,,,,"H3","HH_door_receiver",1.0,"HH3_door_1","open"
2509,3626,2024-09-06T19:48:48,,H3,,,,"H3","HH_door_receiver",1.0,"HH3_door_2","open"
2510,3616,2024-09-06T19:51:04,,H2,glazen binnendeur,,,"H2","HH_door_receiver",0.0,"HH2_door_1","closed"
2511,3625,2024-09-06T19:55:38,,H3,,,,"H3","HH_door_receiver",1.0,"HH3_door_1","open"
2512,3626,2024-09-06T19:58:43,,H3,,,,"H3","HH_door_receiver",1.0,"HH3_door_2","open"
2513,3616,2024-09-06T20:00:59,,H2,glazen binnendeur,,,"H2","HH_door_receiver",1.0,"HH2_door_1","open"
2514,3625,2024-09-06T20:05:32,,H3,,,,"H3","HH_door_receiver",1.0,"HH3_door_1","open"
2515,3626,2024-09-06T20:08:39,,H3,,,,"H3","HH_door_receiver",1.0,"HH3_door_2","open"
2516,3625,2024-09-06T20:15:27,,H3,,,,"H3","HH_door_receiver",1.0,"HH3_door_1","open"
2517,3626,2024-09-06T20:18:35,,H3,,,,"H3","HH_door_receiver",1.0,"HH3_door_2","open"
2518,3616,2024-09-06T20:20:52,,H2,glazen binnendeur,,,"H2","HH_door_receiver",0.0,"HH2_door_1","closed"
2519,3626,2024-09-06T20:28:31,,H3,,,,"H3","HH_door_receiver",1.0,"HH3_door_2","open"
2520,3616,2024-09-06T20:30:47,,H2,glazen binnendeur,,,"H2","HH_door_receiver",0.0,"HH2_door_1","closed"
2521,3625,2024-09-06T20:35:17,,H3,,,,"H3","HH_door_receiver",1.0,"HH3_door_1","open"
2522,3625,2024-09-06T20:35:27,,H3,,,,"H3","HH_door_receiver",1.0,"HH3_door_1","open"
2523,3626,2024-09-06T20:38:26,,H3,,,,"H3","HH_door_receiver",1.0,"HH3_door_2","open"
2524,3616,2024-09-06T20:40:44,,H2,glazen binnendeur,,,"H2","HH_door_receiver",0.0,"HH2_door_1","closed"
2525,3625,2024-09-06T20:45:19,,H3,,,,"H3","HH_door_receiver",1.0,"HH3_door_1","open"
2526,3626,2024-09-06T20:48:22,,H3,,,,"H3","HH_door_receiver",1.0,"HH3_door_2","open"
2527,3625,2024-09-06T20:55:13,,H3,,,,"H3","HH_door_receiver",1.0,"HH3_door_1","open"
2528,3626,2024-09-06T20:58:18,,H3,,,,"H3","HH_door_receiver",1.0,"HH3_door_2","open"
2529,3625,2024-09-06T21:05:08,,H3,,,,"H3","HH_door_receiver",1.0,"HH3_door_1","open"
2530,3626,2024-09-06T21:08:12,,H3,,,,"H3","HH_door_receiver",1.0,"HH3_door_2","open"
2531,3616,2024-09-06T21:10:41,,H2,glazen binnendeur,,,"H2","HH_door_receiver",0.0,"HH2_door_1","closed"
2532,3625,2024-09-06T21:15:03,,H3,,,,"H3","HH_door_receiver",1.0,"HH3_door_1","open"
2533,3626,2024-09-06T21:18:08,,H3,,,,"H3","HH_door_receiver",1.0,"HH3_door_2","open"
2534,3616,2024-09-06T21:20:36,,H2,glazen binnendeur,,,"H2","HH_door_receiver",0.0,"HH2_door_1","closed"
2535,3625,2024-09-06T21:24:58,,H3,,,,"H3","HH_door_receiver",1.0,"HH3_door_1","open"
2536,3616,2024-09-06T21:30:37,,H2,glazen binnendeur,,,"H2","HH_door_receiver",0.0,"HH2_door_1","closed"
2537,3625,2024-09-06T21:34:53,,H3,,,,"H3","HH_door_receiver",1.0,"HH3_door_1","open"
2538,3626,2024-09-06T21:37:58,,H3,,,,"H3","HH_door_receiver",1.0,"HH3_door_2","open"
2539,3616,2024-09-06T21:40:31,,H2,glazen binnendeur,,,"H2","HH_door_receiver",0.0,"HH2_door_1","closed"
2540,3625,2024-09-06T21:44:48,,H3,,,,"H3","HH_door_receiver",1.0,"HH3_door_1","open"
2541,3626,2024-09-06T21:47:53,,H3,,,,"H3","HH_door_receiver",1.0,"HH3_door_2","open"
2542,3616,2024-09-06T21:50:29,,H2,glazen binnendeur,,,"H2","HH_door_receiver",0.0,"HH2_door_1","closed"
2543,3625,2024-09-06T21:54:44,,H3,,,,"H3","HH_door_receiver",1.0,"HH3_door_1","open"
2544,3626,2024-09-06T21:57:49,,H3,,,,"H3","HH_door_receiver",1.0,"HH3_door_2","open"
2545,3625,2024-09-06T22:04:39,,H3,,,,"H3","HH_door_receiver",1.0,"HH3_door_1","open"
2546,3626,2024-09-06T22:07:45,,H3,,,,"H3","HH_door_receiver",1.0,"HH3_door_2","open"
2547,3616,2024-09-06T22:10:20,,H2,glazen binnendeur,,,"H2","HH_door_receiver",0.0,"HH2_door_1","closed"
2548,3625,2024-09-06T22:14:34,,H3,,,,"H3","HH_door_receiver",1.0,"HH3_door_1","open"
2549,3626,2024-09-06T22:17:41,,H3,,,,"H3","HH_door_receiver",1.0,"HH3_door_2","open"
2550,3616,2024-09-06T22:20:16,,H2,glazen binnendeur,,,"H2","HH_door_receiver",0.0,"HH2_door_1","closed"
2551,3625,2024-09-06T22:24:29,,H3,,,,"H3","HH_door_receiver",1.0,"HH3_door_1","open"
2552,3626,2024-09-06T22:27:37,,H3,,,,"H3","HH_door_receiver",1.0,"HH3_door_2","open"
2553,3616,2024-09-06T22:30:16,,H2,glazen binnendeur,,,"H2","HH_door_receiver",0.0,"HH2_door_1","closed"
2554,3625,2024-09-06T22:34:25,,H3,,,,"H3","HH_door_receiver",1.0,"HH3_door_1","open"
2555,3626,2024-09-06T22:37:32,,H3,,,,"H3","HH_door_receiver",1.0,"HH3_door_2","open"
2556,3616,2024-09-06T22:40:12,,H2,glazen binnendeur,,,"H2","HH_door_receiver",0.0,"HH2_door_1","closed"
2557,3625,2024-09-06T22:44:21,,H3,,,,"H3","HH_door_receiver",1.0,"HH3_door_1","open"
2558,3626,2024-09-06T22:47:28,,H3,,,,"H3","HH_door_receiver",1.0,"HH3_door_2","open"
2559,3616,2024-09-06T22:50:06,,H2,glazen binnendeur,,,"H2","HH_door_receiver",0.0,"HH2_door_1","closed"
2560,3625,2024-09-06T22:54:16,,H3,,,,"H3","HH_door_receiver",1.0,"HH3_door_1","open"
2561,3626,2024-09-06T22:57:23,,H3,,,,"H3","HH_door_receiver",1.0,"HH3_door_2","open"
2562,3616,2024-09-06T23:00:01,,H2,glazen binnendeur,,,"H2","HH_door_receiver",0.0,"HH2_door_1","closed"
2563,3626,2024-09-06T23:07:21,,H3,,,,"H3","HH_door_receiver",1.0,"HH3_door_2","open"
2564,3616,2024-09-06T23:09:57,,H2,glazen binnendeur,,,"H2","HH_door_receiver",0.0,"HH2_door_1","closed"
2565,3625,2024-09-06T23:14:10,,H3,,,,"H3","HH_door_receiver",1.0,"HH3_door_1","open"
2566,3626,2024-09-06T23:17:14,,H3,,,,"H3","HH_door_receiver",1.0,"HH3_door_2","open"
2567,3616,2024-09-06T23:19:52,,H2,glazen binnendeur,,,"H2","HH_door_receiver",0.0,"HH2_door_1","closed"
2568,3625,2024-09-06T23:24:05,,H3,,,,"H3","HH_door_receiver",1.0,"HH3_door_1","open"
2569,3626,2024-09-06T23:27:09,,H3,,,,"H3","HH_door_receiver",1.0,"HH3_door_2","open"
2570,3616,2024-09-06T23:29:49,,H2,glazen binnendeur,,,"H2","HH_door_receiver",0.0,"HH2_door_1","closed"
2571,3626,2024-09-06T23:37:05,,H3,,,,"H3","HH_door_receiver",1.0,"HH3_door_2","open"
2572,3616,2024-09-06T23:39:46,,H2,glazen binnendeur,,,"H2","HH_door_receiver",0.0,"HH2_door_1","closed"
2573,3625,2024-09-06T23:43:55,,H3,,,,"H3","HH_door_receiver",1.0,"HH3_door_1","open"
2574,3616,2024-09-06T23:49:42,,H2,glazen binnendeur,,,"H2","HH_door_receiver",0.0,"HH2_door_1","closed"
2575,3625,2024-09-06T23:53:50,,H3,,,,"H3","HH_door_receiver",1.0,"HH3_door_1","open"
2576,3626,2024-09-06T23:56:56,,H3,,,,"H3","HH_door_receiver",1.0,"HH3_door_2","open"
2577,3616,2024-09-06T23:59:39,,H2,glazen binnendeur,,,"H2","HH_door_receiver",0.0,"HH2_door_1","closed"
2578,3625,2024-09-07T00:03:45,,H3,,,,"H3","HH_door_receiver",1.0,"HH3_door_1","open"
2579,3626,2024-09-07T00:06:52,,H3,,,,"H3","HH_door_receiver",1.0,"HH3_door_2","open"
2580,3616,2024-09-07T00:09:33,,H2,glazen binnendeur,,,"H2","HH_door_receiver",0.0,"HH2_door_1","closed"
2581,3625,2024-09-07T00:13:41,,H3,,,,"H3","HH_door_receiver",1.0,"HH3_door_1","open"
2582,3626,2024-09-07T00:16:48,,H3,,,,"H3","HH_door_receiver",1.0,"HH3_door_2","open"
2583,3616,2024-09-07T00:19:28,,H2,glazen binnendeur,,,"H2","HH_door_receiver",0.0,"HH2_door_1","closed"
2584,3625,2024-09-07T00:23:36,,H3,,,,"H3","HH_door_receiver",1.0,"HH3_door_1","open"
2585,3626,2024-09-07T00:26:43,,H3,,,,"H3","HH_door_receiver",1.0,"HH3_door_2","open"
2586,3616,2024-09-07T00:29:24,,H2,glazen binnendeur,,,"H2","HH_door_receiver",0.0,"HH2_door_1","closed"
2587,3625,2024-09-07T00:33:31,,H3,,,,"H3","HH_door_receiver",1.0,"HH3_door_1","open"
2588,3626,2024-09-07T00:36:39,,H3,,,,"H3","HH_door_receiver",1.0,"HH3_door_2","open"
2589,3616,2024-09-07T00:39:19,,H2,glazen binnendeur,,,"H2","HH_door_receiver",0.0,"HH2_door_1","closed"
2590,3625,2024-09-07T00:43:27,,H3,,,,"H3","HH_door_receiver",1.0,"HH3_door_1","open"
2591,3626,2024-09-07T00:46:36,,H3,,,,"H3","HH_door_receiver",1.0,"HH3_door_2","open"
2592,3616,2024-09-07T00:49:16,,H2,glazen binnendeur,,,"H2","HH_door_receiver",0.0,"HH2_door_1","closed"
2593,3625,2024-09-07T00:53:21,,H3,,,,"H3","HH_door_receiver",1.0,"HH3_door_1","open"
2594,3626,2024-09-07T00:56:31,,H3,,,,"H3","HH_door_receiver",1.0,"HH3_door_2","open"
2595,3616,2024-09-07T00:59:15,,H2,glazen binnendeur,,,"H2","HH_door_receiver",0.0,"HH2_door_1","closed"
2596,3625,2024-09-07T01:03:17,,H3,,,,"H3","HH_door_receiver",1.0,"HH3_door_1","open"
2597,3616,2024-09-07T01:09:11,,H2,glazen binnendeur,,,"H2","HH_door_receiver",0.0,"HH2_door_1","closed"
2598,3625,2024-09-07T01:13:13,,H3,,,,"H3","HH_door_receiver",1.0,"HH3_door_1","open"
2599,3626,2024-09-07T01:16:22,,H3,,,,"H3","HH_door_receiver",1.0,"HH3_door_2","open"
2600,3616,2024-09-07T01:19:08,,H2,glazen binnendeur,,,"H2","HH_door_receiver",0.0,"HH2_door_1","closed"
2601,3625,2024-09-07T01:23:08,,H3,,,,"H3","HH_door_receiver",1.0,"HH3_door_1","open"
2602,3626,2024-09-07T01:26:18,,H3,,,,"H3","HH_door_receiver",1.0,"HH3_door_2","open"
2603,3616,2024-09-07T01:29:04,,H2,glazen binnendeur,,,"H2","HH_door_receiver",0.0,"HH2_door_1","closed"
2604,3626,2024-09-07T01:36:13,,H3,,,,"H3","HH_door_receiver",1.0,"HH3_door_2","open"
2605,3616,2024-09-07T01:39:00,,H2,glazen binnendeur,,,"H2","HH_door_receiver",0.0,"HH2_door_1","closed"
2606,3625,2024-09-07T01:42:59,,H3,,,,"H3","HH_door_receiver",1.0,"HH3_door_1","open"
2607,3626,2024-09-07T01:46:09,,H3,,,,"H3","HH_door_receiver",1.0,"HH3_door_2","open"
2608,3625,2024-09-07T01:52:54,,H3,,,,"H3","HH_door_receiver",1.0,"HH3_door_1","open"
2609,3626,2024-09-07T01:56:04,,H3,,,,"H3","HH_door_receiver",1.0,"HH3_door_2","open"
2610,3616,2024-09-07T01:58:53,,H2,glazen binnendeur,,,"H2","HH_door_receiver",0.0,"HH2_door_1","closed"
2611,3625,2024-09-07T02:02:48,,H3,,,,"H3","HH_door_receiver",1.0,"HH3_door_1","open"
2612,3626,2024-09-07T02:06:00,,H3,,,,"H3","HH_door_receiver",1.0,"HH3_door_2","open"
2613,3616,2024-09-07T02:08:51,,H2,glazen binnendeur,,,"H2","HH_door_receiver",0.0,"HH2_door_1","closed"
2614,3626,2024-09-07T02:15:55,,H3,,,,"H3","HH_door_receiver",1.0,"HH3_door_2","open"
2615,3616,2024-09-07T02:18:50,,H2,glazen binnendeur,,,"H2","HH_door_receiver",0.0,"HH2_door_1","closed"
2616,3625,2024-09-07T02:22:38,,H3,,,,"H3","HH_door_receiver",1.0,"HH3_door_1","open"
2617,3626,2024-09-07T02:25:50,,H3,,,,"H3","HH_door_receiver",1.0,"HH3_door_2","open"
2618,3616,2024-09-07T02:28:44,,H2,glazen binnendeur,,,"H2","HH_door_receiver",0.0,"HH2_door_1","closed"
2619,3625,2024-09-07T02:32:32,,H3,,,,"H3","HH_door_receiver",1.0,"HH3_door_1","open"
2620,3626,2024-09-07T02:35:46,,H3,,,,"H3","HH_door_receiver",1.0,"HH3_door_2","open"
2621,3616,2024-09-07T02:38:44,,H2,glazen binnendeur,,,"H2","HH_door_receiver",0.0,"HH2_door_1","closed"
2622,3625,2024-09-07T02:42:28,,H3,,,,"H3","HH_door_receiver",1.0,"HH3_door_1","open"
2623,3626,2024-09-07T02:45:44,,H3,,,,"H3","HH_door_receiver",1.0,"HH3_door_2","open"
2624,3616,2024-09-07T02:48:44,,H2,glazen binnendeur,,,"H2","HH_door_receiver",0.0,"HH2_door_1","closed"
2625,3625,2024-09-07T02:52:22,,H3,,,,"H3","HH_door_receiver",1.0,"HH3_door_1","open"
2626,3626,2024-09-07T02:55:38,,H3,,,,"H3","HH_door_receiver",1.0,"HH3_door_2","open"
2627,3616,2024-09-07T02:58:42,,H2,glazen binnendeur,,,"H2","HH_door_receiver",0.0,"HH2_door_1","closed"
2628,3625,2024-09-07T03:02:18,,H3,,,,"H3","HH_door_receiver",1.0,"HH3_door_1","open"
2629,3626,2024-09-07T03:05:34,,H3,,,,"H3","HH_door_receiver",1.0,"HH3_door_2","open"
2630,3616,2024-09-07T03:08:40,,H2,glazen binnendeur,,,"H2","HH_door_receiver",0.0,"HH2_door_1","closed"
2631,3625,2024-09-07T03:12:12,,H3,,,,"H3","HH_door_receiver",1.0,"HH3_door_1","open"
2632,3626,2024-09-07T03:15:30,,H3,,,,"H3","HH_door_receiver",1.0,"HH3_door_2","open"
2633,3616,2024-09-07T03:18:40,,H2,glazen binnendeur,,,"H2","HH_door_receiver",0.0,"HH2_door_1","closed"
2634,3625,2024-09-07T03:22:26,,H3,,,,"H3","HH_door_receiver",1.0,"HH3_door_1","open"
2635,3626,2024-09-07T03:25:26,,H3,,,,"H3","HH_door_receiver",1.0,"HH3_door_2","open"
2636,3616,2024-09-07T03:28:36,,H2,glazen binnendeur,,,"H2","HH_door_receiver",0.0,"HH2_door_1","closed"
2637,3625,2024-09-07T03:32:20,,H3,,,,"H3","HH_door_receiver",1.0,"HH3_door_1","open"
2638,3626,2024-09-07T03:35:23,,H3,,,,"H3","HH_door_receiver",1.0,"HH3_door_2","open"
2639,3616,2024-09-07T03:38:30,,H2,glazen binnendeur,,,"H2","HH_door_receiver",0.0,"HH2_door_1","closed"
2640,3625,2024-09-07T03:42:15,,H3,,,,"H3","HH_door_receiver",1.0,"HH3_door_1","open"
2641,3626,2024-09-07T03:45:18,,H3,,,,"H3","HH_door_receiver",1.0,"HH3_door_2","open"
2642,3616,2024-09-07T03:48:31,,H2,glazen binnendeur,,,"H2","HH_door_receiver",0.0,"HH2_door_1","closed"
2643,3625,2024-09-07T03:52:11,,H3,,,,"H3","HH_door_receiver",1.0,"HH3_door_1","open"
2644,3626,2024-09-07T03:55:14,,H3,,,,"H3","HH_door_receiver",1.0,"HH3_door_2","open"
2645,3616,2024-09-07T03:58:27,,H2,glazen binnendeur,,,"H2","HH_door_receiver",0.0,"HH2_door_1","closed"
2646,3625,2024-09-07T04:02:06,,H3,,,,"H3","HH_door_receiver",1.0,"HH3_door_1","open"
2647,3626,2024-09-07T04:05:09,,H3,,,,"H3","HH_door_receiver",1.0,"HH3_door_2","open"
2648,3616,2024-09-07T04:08:23,,H2,glazen binnendeur,,,"H2","HH_door_receiver",0.0,"HH2_door_1","closed"
2649,3625,2024-09-07T04:12:02,,H3,,,,"H3","HH_door_receiver",1.0,"HH3_door_1","open"
2650,3626,2024-09-07T04:15:05,,H3,,,,"H3","HH_door_receiver",1.0,"HH3_door_2","open"
2651,3616,2024-09-07T04:18:18,,H2,glazen binnendeur,,,"H2","HH_door_receiver",0.0,"HH2_door_1","closed"
2652,3625,2024-09-07T04:21:57,,H3,,,,"H3","HH_door_receiver",1.0,"HH3_door_1","open"
2653,3626,2024-09-07T04:25:01,,H3,,,,"H3","HH_door_receiver",1.0,"HH3_door_2","open"
2654,3616,2024-09-07T04:28:15,,H2,glazen binnendeur,,,"H2","HH_door_receiver",0.0,"HH2_door_1","closed"
2655,3625,2024-09-07T04:31:53,,H3,,,,"H3","HH_door_receiver",1.0,"HH3_door_1","open"
2656,3626,2024-09-07T04:34:55,,H3,,,,"H3","HH_door_receiver",1.0,"HH3_door_2","open"
2657,3616,2024-09-07T04:38:15,,H2,glazen binnendeur,,,"H2","HH_door_receiver",0.0,"HH2_door_1","closed"
2658,3625,2024-09-07T04:41:47,,H3,,,,"H3","HH_door_receiver",1.0,"HH3_door_1","open"
2659,3626,2024-09-07T04:44:51,,H3,,,,"H3","HH_door_receiver",1.0,"HH3_door_2","open"
2660,3625,2024-09-07T04:51:42,,H3,,,,"H3","HH_door_receiver",1.0,"HH3_door_1","open"
2661,3626,2024-09-07T04:54:47,,H3,,,,"H3","HH_door_receiver",1.0,"HH3_door_2","open"
2662,3616,2024-09-07T04:58:09,,H2,glazen binnendeur,,,"H2","HH_door_receiver",0.0,"HH2_door_1","closed"
2663,3625,2024-09-07T05:01:36,,H3,,,,"H3","HH_door_receiver",1.0,"HH3_door_1","open"
2664,3626,2024-09-07T05:04:41,,H3,,,,"H3","HH_door_receiver",1.0,"HH3_door_2","open"
2665,3616,2024-09-07T05:08:04,,H2,glazen binnendeur,,,"H2","HH_door_receiver",0.0,"HH2_door_1","closed"
2666,3625,2024-09-07T05:11:29,,H3,,,,"H3","HH_door_receiver",1.0,"HH3_door_1","open"
2667,3626,2024-09-07T05:14:36,,H3,,,,"H3","HH_door_receiver",1.0,"HH3_door_2","open"
2668,3616,2024-09-07T05:18:04,,H2,glazen binnendeur,,,"H2","HH_door_receiver",0.0,"HH2_door_1","closed"
2669,3625,2024-09-07T05:21:25,,H3,,,,"H3","HH_door_receiver",1.0,"HH3_door_1","open"
2670,3626,2024-09-07T05:24:32,,H3,,,,"H3","HH_door_receiver",1.0,"HH3_door_2","open"
2671,3616,2024-09-07T05:27:59,,H2,glazen binnendeur,,,"H2","HH_door_receiver",0.0,"HH2_door_1","closed"
2672,3625,2024-09-07T05:31:21,,H3,,,,"H3","HH_door_receiver",1.0,"HH3_door_1","open"
2673,3626,2024-09-07T05:34:27,,H3,,,,"H3","HH_door_receiver",1.0,"HH3_door_2","open"
2674,3616,2024-09-07T05:37:54,,H2,glazen binnendeur,,,"H2","HH_door_receiver",0.0,"HH2_door_1","closed"
2675,3625,2024-09-07T05:41:14,,H3,,,,"H3","HH_door_receiver",1.0,"HH3_door_1","open"
2676,3626,2024-09-07T05:44:24,,H3,,,,"H3","HH_door_receiver",1.0,"HH3_door_2","open"
2677,3616,2024-09-07T05:47:51,,H2,glazen binnendeur,,,"H2","HH_door_receiver",0.0,"HH2_door_1","closed"
2678,3625,2024-09-07T05:51:10,,H3,,,,"H3","HH_door_receiver",1.0,"HH3_door_1","open"
2679,3626,2024-09-07T05:54:19,,H3,,,,"H3","HH_door_receiver",1.0,"HH3_door_2","open"
2680,3625,2024-09-07T06:01:06,,H3,,,,"H3","HH_door_receiver",1.0,"HH3_door_1","open"
2681,3616,2024-09-07T06:07:47,,H2,glazen binnendeur,,,"H2","HH_door_receiver",0.0,"HH2_door_1","closed"
2682,3625,2024-09-07T06:11:01,,H3,,,,"H3","HH_door_receiver",1.0,"HH3_door_1","open"
2683,3626,2024-09-07T06:14:12,,H3,,,,"H3","HH_door_receiver",1.0,"HH3_door_2","open"
2684,3616,2024-09-07T06:17:46,,H2,glazen binnendeur,,,"H2","HH_door_receiver",0.0,"HH2_door_1","closed"
2685,3625,2024-09-07T06:20:57,,H3,,,,"H3","HH_door_receiver",1.0,"HH3_door_1","open"
2686,3616,2024-09-07T06:27:47,,H2,glazen binnendeur,,,"H2","HH_door_receiver",0.0,"HH2_door_1","closed"
2687,3625,2024-09-07T06:30:51,,H3,,,,"H3","HH_door_receiver",1.0,"HH3_door_1","open"
2688,3626,2024-09-07T06:34:04,,H3,,,,"H3","HH_door_receiver",1.0,"HH3_door_2","open"
2689,3616,2024-09-07T06:37:46,,H2,glazen binnendeur,,,"H2","HH_door_receiver",0.0,"HH2_door_1","closed"
2690,3625,2024-09-07T06:40:46,,H3,,,,"H3","HH_door_receiver",1.0,"HH3_door_1","open"
2691,3626,2024-09-07T06:43:59,,H3,,,,"H3","HH_door_receiver",1.0,"HH3_door_2","open"
2692,3616,2024-09-07T06:47:45,,H2,glazen binnendeur,,,"H2","HH_door_receiver",0.0,"HH2_door_1","closed"
2693,3625,2024-09-07T06:50:41,,H3,,,,"H3","HH_door_receiver",1.0,"HH3_door_1","open"
2694,3626,2024-09-07T06:53:54,,H3,,,,"H3","HH_door_receiver",1.0,"HH3_door_2","open"
2695,3616,2024-09-07T06:57:39,,H2,glazen binnendeur,,,"H2","HH_door_receiver",0.0,"HH2_door_1","closed"
2696,3625,2024-09-07T07:00:36,,H3,,,,"H3","HH_door_receiver",1.0,"HH3_door_1","open"
2697,3626,2024-09-07T07:03:50,,H3,,,,"H3","HH_door_receiver",1.0,"HH3_door_2","open"
2698,3616,2024-09-07T07:07:34,,H2,glazen binnendeur,,,"H2","HH_door_receiver",0.0,"HH2_door_1","closed"
2699,3625,2024-09-07T07:10:31,,H3,,,,"H3","HH_door_receiver",1.0,"HH3_door_1","open"
2700,3626,2024-09-07T07:13:46,,H3,,,,"H3","HH_door_receiver",1.0,"HH3_door_2","open"
2701,3616,2024-09-07T07:17:33,,H2,glazen binnendeur,,,"H2","HH_door_receiver",0.0,"HH2_door_1","closed"
2702,3625,2024-09-07T07:20:26,,H3,,,,"H3","HH_door_receiver",1.0,"HH3_door_1","open"
2703,3626,2024-09-07T07:23:41,,H3,,,,"H3","HH_door_receiver",1.0,"HH3_door_2","open"
2704,3626,2024-09-07T07:23:51,,H3,,,,"H3","HH_door_receiver",1.0,"HH3_door_2","open"
2705,3616,2024-09-07T07:27:31,,H2,glazen binnendeur,,,"H2","HH_door_receiver",0.0,"HH2_door_1","closed"
2706,3625,2024-09-07T07:30:21,,H3,,,,"H3","HH_door_receiver",1.0,"HH3_door_1","open"
2707,3625,2024-09-07T07:30:30,,H3,,,,"H3","HH_door_receiver",1.0,"HH3_door_1","open"
2708,3616,2024-09-07T07:37:24,,H2,glazen binnendeur,,,"H2","HH_door_receiver",0.0,"HH2_door_1","closed"
2709,3625,2024-09-07T07:40:21,,H3,,,,"H3","HH_door_receiver",1.0,"HH3_door_1","open"
2710,3626,2024-09-07T07:43:41,,H3,,,,"H3","HH_door_receiver",1.0,"HH3_door_2","open"
2711,3625,2024-09-07T07:50:17,,H3,,,,"H3","HH_door_receiver",1.0,"HH3_door_1","open"
2712,3626,2024-09-07T07:53:37,,H3,,,,"H3","HH_door_receiver",1.0,"HH3_door_2","open"
2713,3616,2024-09-07T07:57:28,,H2,glazen binnendeur,,,"H2","HH_door_receiver",0.0,"HH2_door_1","closed"
2714,3625,2024-09-07T08:00:12,,H3,,,,"H3","HH_door_receiver",1.0,"HH3_door_1","open"
2715,3626,2024-09-07T08:03:31,,H3,,,,"H3","HH_door_receiver",0.0,"HH3_door_2","closed"
2716,3616,2024-09-07T08:07:24,,H2,glazen binnendeur,,,"H2","HH_door_receiver",0.0,"HH2_door_1","closed"
2717,3626,2024-09-07T08:13:27,,H3,,,,"H3","HH_door_receiver",0.0,"HH3_door_2","closed"
2718,3616,2024-09-07T08:17:21,,H2,glazen binnendeur,,,"H2","HH_door_receiver",0.0,"HH2_door_1","closed"
2719,3625,2024-09-07T08:20:02,,H3,,,,"H3","HH_door_receiver",1.0,"HH3_door_1","open"
2720,3626,2024-09-07T08:23:22,,H3,,,,"H3","HH_door_receiver",0.0,"HH3_door_2","closed"
2721,3616,2024-09-07T08:27:17,,H2,glazen binnendeur,,,"H2","HH_door_receiver",1.0,"HH2_door_1","open"
2722,3625,2024-09-07T08:29:57,,H3,,,,"H3","HH_door_receiver",1.0,"HH3_door_1","open"
2723,3626,2024-09-07T08:33:16,,H3,,,,"H3","HH_door_receiver",0.0,"HH3_door_2","closed"
2724,3616,2024-09-07T08:37:14,,H2,glazen binnendeur,,,"H2","HH_door_receiver",1.0,"HH2_door_1","open"
2725,3625,2024-09-07T08:39:51,,H3,,,,"H3","HH_door_receiver",1.0,"HH3_door_1","open"
2726,3626,2024-09-07T08:43:12,,H3,,,,"H3","HH_door_receiver",1.0,"HH3_door_2","open"
2727,3616,2024-09-07T08:47:13,,H2,glazen binnendeur,,,"H2","HH_door_receiver",1.0,"HH2_door_1","open"
2728,3625,2024-09-07T08:49:47,,H3,,,,"H3","HH_door_receiver",1.0,"HH3_door_1","open"
2729,3626,2024-09-07T08:53:07,,H3,,,,"H3","HH_door_receiver",0.0,"HH3_door_2","closed"
2730,3616,2024-09-07T08:57:11,,H2,glazen binnendeur,,,"H2","HH_door_receiver",1.0,"HH2_door_1","open"
2731,3625,2024-09-07T08:59:45,,H3,,,,"H3","HH_door_receiver",1.0,"HH3_door_1","open"
2732,3626,2024-09-07T09:03:04,,H3,,,,"H3","HH_door_receiver",0.0,"HH3_door_2","closed"
2733,3616,2024-09-07T09:07:09,,H2,glazen binnendeur,,,"H2","HH_door_receiver",1.0,"HH2_door_1","open"
2734,3625,2024-09-07T09:09:39,,H3,,,,"H3","HH_door_receiver",1.0,"HH3_door_1","open"
2735,3626,2024-09-07T09:13:00,,H3,,,,"H3","HH_door_receiver",0.0,"HH3_door_2","closed"
2736,3616,2024-09-07T09:17:03,,H2,glazen binnendeur,,,"H2","HH_door_receiver",1.0,"HH2_door_1","open"
2737,3625,2024-09-07T09:19:34,,H3,,,,"H3","HH_door_receiver",1.0,"HH3_door_1","open"
2738,3626,2024-09-07T09:22:54,,H3,,,,"H3","HH_door_receiver",0.0,"HH3_door_2","closed"
2739,3616,2024-09-07T09:27:00,,H2,glazen binnendeur,,,"H2","HH_door_receiver",1.0,"HH2_door_1","open"
2740,3625,2024-09-07T09:29:30,,H3,,,,"H3","HH_door_receiver",1.0,"HH3_door_1","open"
2741,3626,2024-09-07T09:32:49,,H3,,,,"H3","HH_door_receiver",0.0,"HH3_door_2","closed"
2742,3616,2024-09-07T09:36:55,,H2,glazen binnendeur,,,"H2","HH_door_receiver",1.0,"HH2_door_1","open"
2743,3625,2024-09-07T09:39:25,,H3,,,,"H3","HH_door_receiver",1.0,"HH3_door_1","open"
2744,3626,2024-09-07T09:42:45,,H3,,,,"H3","HH_door_receiver",0.0,"HH3_door_2","closed"
2745,3616,2024-09-07T09:46:52,,H2,glazen binnendeur,,,"H2","HH_door_receiver",1.0,"HH2_door_1","open"
2746,3625,2024-09-07T09:49:22,,H3,,,,"H3","HH_door_receiver",1.0,"HH3_door_1","open"
2747,3626,2024-09-07T09:52:40,,H3,,,,"H3","HH_door_receiver",1.0,"HH3_door_2","open"
2748,3616,2024-09-07T09:56:49,,H2,glazen binnendeur,,,"H2","HH_door_receiver",1.0,"HH2_door_1","open"
2749,3625,2024-09-07T09:59:17,,H3,,,,"H3","HH_door_receiver",1.0,"HH3_door_1","open"
2750,3626,2024-09-07T10:02:36,,H3,,,,"H3","HH_door_receiver",1.0,"HH3_door_2","open"
2751,3616,2024-09-07T10:06:45,,H2,glazen binnendeur,,,"H2","HH_door_receiver",0.0,"HH2_door_1","closed"
2752,3625,2024-09-07T10:09:15,,H3,,,,"H3","HH_door_receiver",1.0,"HH3_door_1","open"
2753,3626,2024-09-07T10:12:33,,H3,,,,"H3","HH_door_receiver",1.0,"HH3_door_2","open"
2754,3616,2024-09-07T10:16:44,,H2,glazen binnendeur,,,"H2","HH_door_receiver",0.0,"HH2_door_1","closed"
2755,3625,2024-09-07T10:19:10,,H3,,,,"H3","HH_door_receiver",1.0,"HH3_door_1","open"
2756,3626,2024-09-07T10:22:27,,H3,,,,"H3","HH_door_receiver",1.0,"HH3_door_2","open"
2757,3616,2024-09-07T10:26:39,,H2,glazen binnendeur,,,"H2","HH_door_receiver",1.0,"HH2_door_1","open"
2758,3625,2024-09-07T10:29:05,,H3,,,,"H3","HH_door_receiver",1.0,"HH3_door_1","open"
2759,3626,2024-09-07T10:32:23,,H3,,,,"H3","HH_door_receiver",1.0,"HH3_door_2","open"
2760,3616,2024-09-07T10:36:39,,H2,glazen binnendeur,,,"H2","HH_door_receiver",1.0,"HH2_door_1","open"
2761,3625,2024-09-07T10:38:59,,H3,,,,"H3","HH_door_receiver",1.0,"HH3_door_1","open"
2762,3616,2024-09-07T10:46:37,,H2,glazen binnendeur,,,"H2","HH_door_receiver",1.0,"HH2_door_1","open"
2763,3625,2024-09-07T10:48:54,,H3,,,,"H3","HH_door_receiver",1.0,"HH3_door_1","open"
2764,3626,2024-09-07T10:52:17,,H3,,,,"H3","HH_door_receiver",1.0,"HH3_door_2","open"
2765,3616,2024-09-07T10:56:34,,H2,glazen binnendeur,,,"H2","HH_door_receiver",0.0,"HH2_door_1","closed"
2766,3625,2024-09-07T10:58:50,,H3,,,,"H3","HH_door_receiver",1.0,"HH3_door_1","open"
2767,3626,2024-09-07T11:02:12,,H3,,,,"H3","HH_door_receiver",1.0,"HH3_door_2","open"
2768,3616,2024-09-07T11:06:29,,H2,glazen binnendeur,,,"H2","HH_door_receiver",0.0,"HH2_door_1","closed"
2769,3625,2024-09-07T11:08:44,,H3,,,,"H3","HH_door_receiver",1.0,"HH3_door_1","open"
2770,3626,2024-09-07T11:12:07,,H3,,,,"H3","HH_door_receiver",1.0,"HH3_door_2","open"
2771,3616,2024-09-07T11:16:26,,H2,glazen binnendeur,,,"H2","HH_door_receiver",0.0,"HH2_door_1","closed"
2772,3625,2024-09-07T11:18:38,,H3,,,,"H3","HH_door_receiver",1.0,"HH3_door_1","open"
2773,3626,2024-09-07T11:22:00,,H3,,,,"H3","HH_door_receiver",1.0,"HH3_door_2","open"
2774,3616,2024-09-07T11:26:22,,H2,glazen binnendeur,,,"H2","HH_door_receiver",0.0,"HH2_door_1","closed"
2775,3625,2024-09-07T11:28:33,,H3,,,,"H3","HH_door_receiver",1.0,"HH3_door_1","open"
2776,3626,2024-09-07T11:31:56,,H3,,,,"H3","HH_door_receiver",1.0,"HH3_door_2","open"
2777,3616,2024-09-07T11:36:18,,H2,glazen binnendeur,,,"H2","HH_door_receiver",0.0,"HH2_door_1","closed"
2778,3625,2024-09-07T11:38:28,,H3,,,,"H3","HH_door_receiver",1.0,"HH3_door_1","open"
2779,3626,2024-09-07T11:41:51,,H3,,,,"H3","HH_door_receiver",1.0,"HH3_door_2","open"
2780,3616,2024-09-07T11:46:17,,H2,glazen binnendeur,,,"H2","HH_door_receiver",0.0,"HH2_door_1","closed"
2781,3625,2024-09-07T11:48:23,,H3,,,,"H3","HH_door_receiver",1.0,"HH3_door_1","open"
2782,3626,2024-09-07T11:51:47,,H3,,,,"H3","HH_door_receiver",1.0,"HH3_door_2","open"
2783,3616,2024-09-07T11:56:11,,H2,glazen binnendeur,,,"H2","HH_door_receiver",1.0,"HH2_door_1","open"
2784,3625,2024-09-07T11:58:18,,H3,,,,"H3","HH_door_receiver",1.0,"HH3_door_1","open"
2785,3626,2024-09-07T12:01:43,,H3,,,,"H3","HH_door_receiver",1.0,"HH3_door_2","open"
2786,3616,2024-09-07T12:06:09,,H2,glazen binnendeur,,,"H2","HH_door_receiver",0.0,"HH2_door_1","closed"
2787,3626,2024-09-07T12:11:39,,H3,,,,"H3","HH_door_receiver",1.0,"HH3_door_2","open"
2788,3616,2024-09-07T12:16:07,,H2,glazen binnendeur,,,"H2","HH_door_receiver",0.0,"HH2_door_1","closed"
2789,3625,2024-09-07T12:18:09,,H3,,,,"H3","HH_door_receiver",1.0,"HH3_door_1","open"
2790,3626,2024-09-07T12:21:37,,H3,,,,"H3","HH_door_receiver",1.0,"HH3_door_2","open"
2791,3616,2024-09-07T12:26:05,,H2,glazen binnendeur,,,"H2","HH_door_receiver",0.0,"HH2_door_1","closed"
2792,3625,2024-09-07T12:28:04,,H3,,,,"H3","HH_door_receiver",1.0,"HH3_door_1","open"
2793,3626,2024-09-07T12:31:33,,H3,,,,"H3","HH_door_receiver",1.0,"HH3_door_2","open"
2794,3616,2024-09-07T12:36:01,,H2,glazen binnendeur,,,"H2","HH_door_receiver",0.0,"HH2_door_1","closed"
2795,3625,2024-09-07T12:37:59,,H3,,,,"H3","HH_door_receiver",1.0,"HH3_door_1","open"
2796,3626,2024-09-07T12:41:28,,H3,,,,"H3","HH_door_receiver",1.0,"HH3_door_2","open"
2797,3616,2024-09-07T12:45:58,,H2,glazen binnendeur,,,"H2","HH_door_receiver",0.0,"HH2_door_1","closed"
2798,3626,2024-09-07T12:51:25,,H3,,,,"H3","HH_door_receiver",1.0,"HH3_door_2","open"
2799,3616,2024-09-07T12:55:55,,H2,glazen binnendeur,,,"H2","HH_door_receiver",0.0,"HH2_door_1","closed"
2800,3625,2024-09-07T12:57:50,,H3,,,,"H3","HH_door_receiver",1.0,"HH3_door_1","open"
2801,3626,2024-09-07T13:01:19,,H3,,,,"H3","HH_door_receiver",1.0,"HH3_door_2","open"
2802,3616,2024-09-07T13:05:51,,H2,glazen binnendeur,,,"H2","HH_door_receiver",0.0,"HH2_door_1","closed"
2803,3626,2024-09-07T13:11:15,,H3,,,,"H3","HH_door_receiver",1.0,"HH3_door_2","open"
2804,3616,2024-09-07T13:15:48,,H2,glazen binnendeur,,,"H2","HH_door_receiver",1.0,"HH2_door_1","open"
2805,3625,2024-09-07T13:17:40,,H3,,,,"H3","HH_door_receiver",1.0,"HH3_door_1","open"
2806,3616,2024-09-07T13:25:43,,H2,glazen binnendeur,,,"H2","HH_door_receiver",0.0,"HH2_door_1","closed"
2807,3625,2024-09-07T13:27:37,,H3,,,,"H3","HH_door_receiver",1.0,"HH3_door_1","open"
2808,3626,2024-09-07T13:31:05,,H3,,,,"H3","HH_door_receiver",1.0,"HH3_door_2","open"
2809,3616,2024-09-07T13:35:41,,H2,glazen binnendeur,,,"H2","HH_door_receiver",1.0,"HH2_door_1","open"
2810,3626,2024-09-07T13:41:01,,H3,,,,"H3","HH_door_receiver",1.0,"HH3_door_2","open"
2811,3625,2024-09-07T13:47:25,,H3,,,,"H3","HH_door_receiver",1.0,"HH3_door_1","open"
2812,3626,2024-09-07T13:50:57,,H3,,,,"H3","HH_door_receiver",1.0,"HH3_door_2","open"
2813,3616,2024-09-07T13:55:35,,H2,glazen binnendeur,,,"H2","HH_door_receiver",1.0,"HH2_door_1","open"
2814,3625,2024-09-07T13:57:19,,H3,,,,"H3","HH_door_receiver",1.0,"HH3_door_1","open"
2815,3626,2024-09-07T14:00:53,,H3,,,,"H3","HH_door_receiver",1.0,"HH3_door_2","open"
2816,3616,2024-09-07T14:05:33,,H2,glazen binnendeur,,,"H2","HH_door_receiver",1.0,"HH2_door_1","open"
2817,3625,2024-09-07T14:07:12,,H3,,,,"H3","HH_door_receiver",1.0,"HH3_door_1","open"
2818,3626,2024-09-07T14:10:49,,H3,,,,"H3","HH_door_receiver",1.0,"HH3_door_2","open"
2819,3616,2024-09-07T14:15:30,,H2,glazen binnendeur,,,"H2","HH_door_receiver",1.0,"HH2_door_1","open"
2820,3625,2024-09-07T14:17:08,,H3,,,,"H3","HH_door_receiver",1.0,"HH3_door_1","open"
2821,3626,2024-09-07T14:20:45,,H3,,,,"H3","HH_door_receiver",1.0,"HH3_door_2","open"
2822,3616,2024-09-07T14:25:26,,H2,glazen binnendeur,,,"H2","HH_door_receiver",0.0,"HH2_door_1","closed"
2823,3625,2024-09-07T14:27:02,,H3,,,,"H3","HH_door_receiver",1.0,"HH3_door_1","open"
2824,3626,2024-09-07T14:30:39,,H3,,,,"H3","HH_door_receiver",1.0,"HH3_door_2","open"
2825,3626,2024-09-07T14:40:35,,H3,,,,"H3","HH_door_receiver",1.0,"HH3_door_2","open"
2826,3616,2024-09-07T14:45:19,,H2,glazen binnendeur,,,"H2","HH_door_receiver",1.0,"HH2_door_1","open"
2827,3625,2024-09-07T14:46:54,,H3,,,,"H3","HH_door_receiver",1.0,"HH3_door_1","open"
2828,3626,2024-09-07T14:50:30,,H3,,,,"H3","HH_door_receiver",1.0,"HH3_door_2","open"
2829,3616,2024-09-07T14:55:16,,H2,glazen binnendeur,,,"H2","HH_door_receiver",1.0,"HH2_door_1","open"
2830,3626,2024-09-07T15:00:25,,H3,,,,"H3","HH_door_receiver",1.0,"HH3_door_2","open"
2831,3616,2024-09-07T15:05:13,,H2,glazen binnendeur,,,"H2","HH_door_receiver",1.0,"HH2_door_1","open"
2832,3616,2024-09-07T15:15:11,,H2,glazen binnendeur,,,"H2","HH_door_receiver",1.0,"HH2_door_1","open"
2833,3625,2024-09-07T15:16:41,,H3,,,,"H3","HH_door_receiver",1.0,"HH3_door_1","open"
2834,3626,2024-09-07T15:20:19,,H3,,,,"H3","HH_door_receiver",1.0,"HH3_door_2","open"
2835,3616,2024-09-07T15:25:07,,H2,glazen binnendeur,,,"H2","HH_door_receiver",0.0,"HH2_door_1","closed"
2836,3625,2024-09-07T15:26:35,,H3,,,,"H3","HH_door_receiver",1.0,"HH3_door_1","open"
2837,3626,2024-09-07T15:30:15,,H3,,,,"H3","HH_door_receiver",1.0,"HH3_door_2","open"
2838,3616,2024-09-07T15:35:06,,H2,glazen binnendeur,,,"H2","HH_door_receiver",0.0,"HH2_door_1","closed"
2839,3625,2024-09-07T15:36:30,,H3,,,,"H3","HH_door_receiver",1.0,"HH3_door_1","open"
2840,3626,2024-09-07T15:40:11,,H3,,,,"H3","HH_door_receiver",1.0,"HH3_door_2","open"
2841,3616,2024-09-07T15:45:01,,H2,glazen binnendeur,,,"H2","HH_door_receiver",0.0,"HH2_door_1","closed"
2842,3625,2024-09-07T15:46:26,,H3,,,,"H3","HH_door_receiver",1.0,"HH3_door_1","open"
2843,3616,2024-09-07T15:54:59,,H2,glazen binnendeur,,,"H2","HH_door_receiver",0.0,"HH2_door_1","closed"
2844,3625,2024-09-07T15:56:21,,H3,,,,"H3","HH_door_receiver",1.0,"HH3_door_1","open"
2845,3626,2024-09-07T16:00:02,,H3,,,,"H3","HH_door_receiver",1.0,"HH3_door_2","open"
2846,3616,2024-09-07T16:04:54,,H2,glazen binnendeur,,,"H2","HH_door_receiver",0.0,"HH2_door_1","closed"
2847,3625,2024-09-07T16:06:18,,H3,,,,"H3","HH_door_receiver",1.0,"HH3_door_1","open"
2848,3626,2024-09-07T16:09:58,,H3,,,,"H3","HH_door_receiver",1.0,"HH3_door_2","open"
2849,3616,2024-09-07T16:14:51,,H2,glazen binnendeur,,,"H2","HH_door_receiver",0.0,"HH2_door_1","closed"
2850,3626,2024-09-07T16:19:56,,H3,,,,"H3","HH_door_receiver",1.0,"HH3_door_2","open"
2851,3616,2024-09-07T16:24:46,,H2,glazen binnendeur,,,"H2","HH_door_receiver",0.0,"HH2_door_1","closed"
2852,3625,2024-09-07T16:26:10,,H3,,,,"H3","HH_door_receiver",1.0,"HH3_door_1","open"
2853,3626,2024-09-07T16:29:51,,H3,,,,"H3","HH_door_receiver",1.0,"HH3_door_2","open"
2854,3616,2024-09-07T16:34:42,,H2,glazen binnendeur,,,"H2","HH_door_receiver",0.0,"HH2_door_1","closed"
2855,3625,2024-09-07T16:36:04,,H3,,,,"H3","HH_door_receiver",1.0,"HH3_door_1","open"
2856,3626,2024-09-07T16:39:45,,H3,,,,"H3","HH_door_receiver",1.0,"HH3_door_2","open"
2857,3616,2024-09-07T16:44:39,,H2,glazen binnendeur,,,"H2","HH_door_receiver",0.0,"HH2_door_1","closed"
2858,3625,2024-09-07T16:45:59,,H3,,,,"H3","HH_door_receiver",1.0,"HH3_door_1","open"
2859,3626,2024-09-07T16:49:40,,H3,,,,"H3","HH_door_receiver",1.0,"HH3_door_2","open"
2860,3616,2024-09-07T16:54:33,,H2,glazen binnendeur,,,"H2","HH_door_receiver",1.0,"HH2_door_1","open"
2861,3625,2024-09-07T16:55:54,,H3,,,,"H3","HH_door_receiver",1.0,"HH3_door_1","open"
2862,3626,2024-09-07T16:59:36,,H3,,,,"H3","HH_door_receiver",1.0,"HH3_door_2","open"
2863,3625,2024-09-07T17:05:48,,H3,,,,"H3","HH_door_receiver",1.0,"HH3_door_1","open"
2864,3626,2024-09-07T17:09:31,,H3,,,,"H3","HH_door_receiver",1.0,"HH3_door_2","open"
2865,3616,2024-09-07T17:14:31,,H2,glazen binnendeur,,,"H2","HH_door_receiver",0.0,"HH2_door_1","closed"
2866,3625,2024-09-07T17:15:44,,H3,,,,"H3","HH_door_receiver",1.0,"HH3_door_1","open"
2867,3626,2024-09-07T17:19:27,,H3,,,,"H3","HH_door_receiver",1.0,"HH3_door_2","open"
2868,3616,2024-09-07T17:24:25,,H2,glazen binnendeur,,,"H2","HH_door_receiver",0.0,"HH2_door_1","closed"
2869,3625,2024-09-07T17:25:39,,H3,,,,"H3","HH_door_receiver",1.0,"HH3_door_1","open"
2870,3616,2024-09-07T17:34:22,,H2,glazen binnendeur,,,"H2","HH_door_receiver",0.0,"HH2_door_1","closed"
2871,3625,2024-09-07T17:35:34,,H3,,,,"H3","HH_door_receiver",1.0,"HH3_door_1","open"
2872,3616,2024-09-07T17:44:21,,H2,glazen binnendeur,,,"H2","HH_door_receiver",0.0,"HH2_door_1","closed"
2873,3625,2024-09-07T17:45:32,,H3,,,,"H3","HH_door_receiver",1.0,"HH3_door_1","open"
2874,3626,2024-09-07T17:49:16,,H3,,,,"H3","HH_door_receiver",1.0,"HH3_door_2","open"
2875,3616,2024-09-07T17:54:17,,H2,glazen binnendeur,,,"H2","HH_door_receiver",0.0,"HH2_door_1","closed"
2876,3625,2024-09-07T17:55:26,,H3,,,,"H3","HH_door_receiver",1.0,"HH3_door_1","open"
2877,3626,2024-09-07T17:59:11,,H3,,,,"H3","HH_door_receiver",1.0,"HH3_door_2","open"
2878,3613,2024-09-07T18:02:50,,H1,,,,"H1","HH_door_receiver",1.0,"HH1_door_1","open"
2879,3616,2024-09-07T18:04:13,,H2,glazen binnendeur,,,"H2","HH_door_receiver",0.0,"HH2_door_1","closed"
2880,3625,2024-09-07T18:05:21,,H3,,,,"H3","HH_door_receiver",1.0,"HH3_door_1","open"
2881,3626,2024-09-07T18:09:06,,H3,,,,"H3","HH_door_receiver",1.0,"HH3_door_2","open"
2882,3613,2024-09-07T18:12:54,,H1,,,,"H1","HH_door_receiver",1.0,"HH1_door_1","open"
2883,3616,2024-09-07T18:14:09,,H2,glazen binnendeur,,,"H2","HH_door_receiver",0.0,"HH2_door_1","closed"
2884,3625,2024-09-07T18:15:16,,H3,,,,"H3","HH_door_receiver",1.0,"HH3_door_1","open"
2885,3626,2024-09-07T18:19:02,,H3,,,,"H3","HH_door_receiver",1.0,"HH3_door_2","open"
2886,3613,2024-09-07T18:22:48,,H1,,,,"H1","HH_door_receiver",1.0,"HH1_door_1","open"
2887,3616,2024-09-07T18:24:06,,H2,glazen binnendeur,,,"H2","HH_door_receiver",0.0,"HH2_door_1","closed"
2888,3625,2024-09-07T18:25:11,,H3,,,,"H3","HH_door_receiver",1.0,"HH3_door_1","open"
2889,3626,2024-09-07T18:28:58,,H3,,,,"H3","HH_door_receiver",1.0,"HH3_door_2","open"
2890,3613,2024-09-07T18:32:44,,H1,,,,"H1","HH_door_receiver",1.0,"HH1_door_1","open"
2891,3616,2024-09-07T18:34:02,,H2,glazen binnendeur,,,"H2","HH_door_receiver",0.0,"HH2_door_1","closed"
2892,3625,2024-09-07T18:35:07,,H3,,,,"H3","HH_door_receiver",1.0,"HH3_door_1","open"
2893,3626,2024-09-07T18:38:54,,H3,,,,"H3","HH_door_receiver",1.0,"HH3_door_2","open"
2894,3613,2024-09-07T18:42:43,,H1,,,,"H1","HH_door_receiver",1.0,"HH1_door_1","open"
2895,3616,2024-09-07T18:44:02,,H2,glazen binnendeur,,,"H2","HH_door_receiver",0.0,"HH2_door_1","closed"
2896,3626,2024-09-07T18:48:51,,H3,,,,"H3","HH_door_receiver",1.0,"HH3_door_2","open"
2897,3613,2024-09-07T18:52:37,,H1,,,,"H1","HH_door_receiver",1.0,"HH1_door_1","open"
2898,3616,2024-09-07T18:53:58,,H2,glazen binnendeur,,,"H2","HH_door_receiver",0.0,"HH2_door_1","closed"
2899,3625,2024-09-07T18:54:57,,H3,,,,"H3","HH_door_receiver",1.0,"HH3_door_1","open"
2900,3626,2024-09-07T18:58:46,,H3,,,,"H3","HH_door_receiver",1.0,"HH3_door_2","open"
2901,3613,2024-09-07T19:02:44,,H1,,,,"H1","HH_door_receiver",1.0,"HH1_door_1","open"
2902,3616,2024-09-07T19:03:54,,H2,glazen binnendeur,,,"H2","HH_door_receiver",1.0,"HH2_door_1","open"
2903,3625,2024-09-07T19:04:53,,H3,,,,"H3","HH_door_receiver",1.0,"HH3_door_1","open"
2904,3626,2024-09-07T19:08:42,,H3,,,,"H3","HH_door_receiver",1.0,"HH3_door_2","open"
2905,3613,2024-09-07T19:12:42,,H1,,,,"H1","HH_door_receiver",1.0,"HH1_door_1","open"
2906,3616,2024-09-07T19:13:51,,H2,glazen binnendeur,,,"H2","HH_door_receiver",0.0,"HH2_door_1","closed"
2907,3625,2024-09-07T19:14:48,,H3,,,,"H3","HH_door_receiver",1.0,"HH3_door_1","open"
2908,3626,2024-09-07T19:18:38,,H3,,,,"H3","HH_door_receiver",1.0,"HH3_door_2","open"
2909,3613,2024-09-07T19:22:48,,H1,,,,"H1","HH_door_receiver",1.0,"HH1_door_1","open"
2910,3616,2024-09-07T19:23:46,,H2,glazen binnendeur,,,"H2","HH_door_receiver",0.0,"HH2_door_1","closed"
2911,3625,2024-09-07T19:24:41,,H3,,,,"H3","HH_door_receiver",1.0,"HH3_door_1","open"
2912,3626,2024-09-07T19:28:33,,H3,,,,"H3","HH_door_receiver",1.0,"HH3_door_2","open"
2913,3613,2024-09-07T19:32:42,,H1,,,,"H1","HH_door_receiver",1.0,"HH1_door_1","open"
2914,3616,2024-09-07T19:33:41,,H2,glazen binnendeur,,,"H2","HH_door_receiver",1.0,"HH2_door_1","open"
2915,3625,2024-09-07T19:34:36,,H3,,,,"H3","HH_door_receiver",1.0,"HH3_door_1","open"
2916,3626,2024-09-07T19:38:27,,H3,,,,"H3","HH_door_receiver",1.0,"HH3_door_2","open"
2917,3613,2024-09-07T19:42:37,,H1,,,,"H1","HH_door_receiver",1.0,"HH1_door_1","open"
2918,3616,2024-09-07T19:43:35,,H2,glazen binnendeur,,,"H2","HH_door_receiver",0.0,"HH2_door_1","closed"
2919,3625,2024-09-07T19:44:30,,H3,,,,"H3","HH_door_receiver",1.0,"HH3_door_1","open"
2920,3626,2024-09-07T19:48:26,,H3,,,,"H3","HH_door_receiver",1.0,"HH3_door_2","open"
2921,3613,2024-09-07T19:52:42,,H1,,,,"H1","HH_door_receiver",1.0,"HH1_door_1","open"
2922,3616,2024-09-07T19:53:32,,H2,glazen binnendeur,,,"H2","HH_door_receiver",0.0,"HH2_door_1","closed"
2923,3625,2024-09-07T19:54:24,,H3,,,,"H3","HH_door_receiver",1.0,"HH3_door_1","open"
2924,3625,2024-09-07T19:54:32,,H3,,,,"H3","HH_door_receiver",1.0,"HH3_door_1","open"
2925,3626,2024-09-07T19:58:22,,H3,,,,"H3","HH_door_receiver",1.0,"HH3_door_2","open"
2926,3613,2024-09-07T20:02:36,,H1,,,,"H1","HH_door_receiver",1.0,"HH1_door_1","open"
2927,3616,2024-09-07T20:03:29,,H2,glazen binnendeur,,,"H2","HH_door_receiver",0.0,"HH2_door_1","closed"
2928,3625,2024-09-07T20:04:23,,H3,,,,"H3","HH_door_receiver",1.0,"HH3_door_1","open"
2929,3626,2024-09-07T20:08:17,,H3,,,,"H3","HH_door_receiver",1.0,"HH3_door_2","open"
2930,3613,2024-09-07T20:12:42,,H1,,,,"H1","HH_door_receiver",1.0,"HH1_door_1","open"
2931,3616,2024-09-07T20:13:26,,H2,glazen binnendeur,,,"H2","HH_door_receiver",0.0,"HH2_door_1","closed"
2932,3625,2024-09-07T20:14:18,,H3,,,,"H3","HH_door_receiver",1.0,"HH3_door_1","open"
2933,3626,2024-09-07T20:18:14,,H3,,,,"H3","HH_door_receiver",1.0,"HH3_door_2","open"
2934,3613,2024-09-07T20:22:46,,H1,,,,"H1","HH_door_receiver",1.0,"HH1_door_1","open"
2935,3616,2024-09-07T20:23:26,,H2,glazen binnendeur,,,"H2","HH_door_receiver",0.0,"HH2_door_1","closed"
2936,3625,2024-09-07T20:24:13,,H3,,,,"H3","HH_door_receiver",1.0,"HH3_door_1","open"
2937,3613,2024-09-07T20:32:48,,H1,,,,"H1","HH_door_receiver",1.0,"HH1_door_1","open"
2938,3625,2024-09-07T20:34:09,,H3,,,,"H3","HH_door_receiver",1.0,"HH3_door_1","open"
2939,3626,2024-09-07T20:38:04,,H3,,,,"H3","HH_door_receiver",1.0,"HH3_door_2","open"
2940,3613,2024-09-07T20:42:52,,H1,,,,"H1","HH_door_receiver",1.0,"HH1_door_1","open"
2941,3625,2024-09-07T20:44:04,,H3,,,,"H3","HH_door_receiver",1.0,"HH3_door_1","open"
2942,3626,2024-09-07T20:47:59,,H3,,,,"H3","HH_door_receiver",1.0,"HH3_door_2","open"
2943,3613,2024-09-07T20:52:58,,H1,,,,"H1","HH_door_receiver",1.0,"HH1_door_1","open"
2944,3616,2024-09-07T20:53:19,,H2,glazen binnendeur,,,"H2","HH_door_receiver",0.0,"HH2_door_1","closed"
2945,3625,2024-09-07T20:54:00,,H3,,,,"H3","HH_door_receiver",1.0,"HH3_door_1","open"
2946,3626,2024-09-07T20:57:55,,H3,,,,"H3","HH_door_receiver",1.0,"HH3_door_2","open"
2947,3613,2024-09-07T21:02:51,,H1,,,,"H1","HH_door_receiver",1.0,"HH1_door_1","open"
2948,3616,2024-09-07T21:03:15,,H2,glazen binnendeur,,,"H2","HH_door_receiver",0.0,"HH2_door_1","closed"
2949,3625,2024-09-07T21:03:55,,H3,,,,"H3","HH_door_receiver",1.0,"HH3_door_1","open"
2950,3626,2024-09-07T21:07:51,,H3,,,,"H3","HH_door_receiver",1.0,"HH3_door_2","open"
2951,3613,2024-09-07T21:12:46,,H1,,,,"H1","HH_door_receiver",1.0,"HH1_door_1","open"
2952,3616,2024-09-07T21:13:12,,H2,glazen binnendeur,,,"H2","HH_door_receiver",0.0,"HH2_door_1","closed"
2953,3625,2024-09-07T21:13:51,,H3,,,,"H3","HH_door_receiver",1.0,"HH3_door_1","open"
2954,3626,2024-09-07T21:17:46,,H3,,,,"H3","HH_door_receiver",1.0,"HH3_door_2","open"
2955,3613,2024-09-07T21:22:47,,H1,,,,"H1","HH_door_receiver",1.0,"HH1_door_1","open"
2956,3616,2024-09-07T21:23:07,,H2,glazen binnendeur,,,"H2","HH_door_receiver",0.0,"HH2_door_1","closed"
2957,3625,2024-09-07T21:23:46,,H3,,,,"H3","HH_door_receiver",1.0,"HH3_door_1","open"
2958,3626,2024-09-07T21:27:43,,H3,,,,"H3","HH_door_receiver",1.0,"HH3_door_2","open"
2959,3613,2024-09-07T21:32:45,,H1,,,,"H1","HH_door_receiver",1.0,"HH1_door_1","open"
2960,3616,2024-09-07T21:33:03,,H2,glazen binnendeur,,,"H2","HH_door_receiver",0.0,"HH2_door_1","closed"
2961,3625,2024-09-07T21:33:41,,H3,,,,"H3","HH_door_receiver",1.0,"HH3_door_1","open"
2962,3626,2024-09-07T21:37:39,,H3,,,,"H3","HH_door_receiver",1.0,"HH3_door_2","open"
2963,3613,2024-09-07T21:42:43,,H1,,,,"H1","HH_door_receiver",1.0,"HH1_door_1","open"
2964,3625,2024-09-07T21:43:35,,H3,,,,"H3","HH_door_receiver",1.0,"HH3_door_1","open"
2965,3626,2024-09-07T21:47:35,,H3,,,,"H3","HH_door_receiver",1.0,"HH3_door_2","open"
2966,3613,2024-09-07T21:52:41,,H1,,,,"H1","HH_door_receiver",1.0,"HH1_door_1","open"
2967,3625,2024-09-07T21:53:30,,H3,,,,"H3","HH_door_receiver",1.0,"HH3_door_1","open"
2968,3626,2024-09-07T21:57:31,,H3,,,,"H3","HH_door_receiver",1.0,"HH3_door_2","open"
2969,3616,2024-09-07T22:02:53,,H2,glazen binnendeur,,,"H2","HH_door_receiver",0.0,"HH2_door_1","closed"
2970,3613,2024-09-07T22:02:56,,H1,,,,"H1","HH_door_receiver",1.0,"HH1_door_1","open"
2971,3625,2024-09-07T22:03:26,,H3,,,,"H3","HH_door_receiver",1.0,"HH3_door_1","open"
2972,3626,2024-09-07T22:07:26,,H3,,,,"H3","HH_door_receiver",1.0,"HH3_door_2","open"
2973,3616,2024-09-07T22:12:49,,H2,glazen binnendeur,,,"H2","HH_door_receiver",0.0,"HH2_door_1","closed"
2974,3613,2024-09-07T22:12:54,,H1,,,,"H1","HH_door_receiver",1.0,"HH1_door_1","open"
2975,3625,2024-09-07T22:13:21,,H3,,,,"H3","HH_door_receiver",1.0,"HH3_door_1","open"
2976,3626,2024-09-07T22:17:20,,H3,,,,"H3","HH_door_receiver",1.0,"HH3_door_2","open"
2977,3616,2024-09-07T22:22:46,,H2,glazen binnendeur,,,"H2","HH_door_receiver",0.0,"HH2_door_1","closed"
2978,3613,2024-09-07T22:22:49,,H1,,,,"H1","HH_door_receiver",1.0,"HH1_door_1","open"
2979,3625,2024-09-07T22:23:16,,H3,,,,"H3","HH_door_receiver",1.0,"HH3_door_1","open"
2980,3626,2024-09-07T22:27:16,,H3,,,,"H3","HH_door_receiver",1.0,"HH3_door_2","open"
2981,3613,2024-09-07T22:32:44,,H1,,,,"H1","HH_door_receiver",1.0,"HH1_door_1","open"
2982,3616,2024-09-07T22:32:45,,H2,glazen binnendeur,,,"H2","HH_door_receiver",0.0,"HH2_door_1","closed"
2983,3613,2024-09-07T22:42:40,,H1,,,,"H1","HH_door_receiver",1.0,"HH1_door_1","open"
2984,3625,2024-09-07T22:43:06,,H3,,,,"H3","HH_door_receiver",1.0,"HH3_door_1","open"
2985,3626,2024-09-07T22:47:07,,H3,,,,"H3","HH_door_receiver",1.0,"HH3_door_2","open"
2986,3616,2024-09-07T22:52:37,,H2,glazen binnendeur,,,"H2","HH_door_receiver",0.0,"HH2_door_1","closed"
2987,3613,2024-09-07T22:52:39,,H1,,,,"H1","HH_door_receiver",1.0,"HH1_door_1","open"
2988,3625,2024-09-07T22:53:01,,H3,,,,"H3","HH_door_receiver",1.0,"HH3_door_1","open"
2989,3626,2024-09-07T22:57:02,,H3,,,,"H3","HH_door_receiver",1.0,"HH3_door_2","open"
2990,3616,2024-09-07T23:02:33,,H2,glazen binnendeur,,,"H2","HH_door_receiver",0.0,"HH2_door_1","closed"
2991,3613,2024-09-07T23:02:36,,H1,,,,"H1","HH_door_receiver",1.0,"HH1_door_1","open"
2992,3616,2024-09-07T23:12:29,,H2,glazen binnendeur,,,"H2","HH_door_receiver",0.0,"HH2_door_1","closed"
2993,3613,2024-09-07T23:12:40,,H1,,,,"H1","HH_door_receiver",1.0,"HH1_door_1","open"
2994,3625,2024-09-07T23:12:54,,H3,,,,"H3","HH_door_receiver",1.0,"HH3_door_1","open"
2995,3626,2024-09-07T23:16:53,,H3,,,,"H3","HH_door_receiver",1.0,"HH3_door_2","open"
2996,3616,2024-09-07T23:22:29,,H2,glazen binnendeur,,,"H2","HH_door_receiver",0.0,"HH2_door_1","closed"
2997,3613,2024-09-07T23:22:39,,H1,,,,"H1","HH_door_receiver",1.0,"HH1_door_1","open"
2998,3625,2024-09-07T23:22:49,,H3,,,,"H3","HH_door_receiver",1.0,"HH3_door_1","open"
2999,3626,2024-09-07T23:26:49,,H3,,,,"H3","HH_door_receiver",1.0,"HH3_door_2","open"
3000,3616,2024-09-07T23:32:23,,H2,glazen binnendeur,,,"H2","HH_door_receiver",0.0,"HH2_door_1","closed"
3001,3613,2024-09-07T23:32:34,,H1,,,,"H1","HH_door_receiver",1.0,"HH1_door_1","open"
3002,3625,2024-09-07T23:32:45,,H3,,,,"H3","HH_door_receiver",1.0,"HH3_door_1","open"
3003,3626,2024-09-07T23:36:45,,H3,,,,"H3","HH_door_receiver",1.0,"HH3_door_2","open"
3004,3616,2024-09-07T23:42:19,,H2,glazen binnendeur,,,"H2","HH_door_receiver",0.0,"HH2_door_1","closed"
3005,3613,2024-09-07T23:42:29,,H1,,,,"H1","HH_door_receiver",1.0,"HH1_door_1","open"
3006,3625,2024-09-07T23:42:40,,H3,,,,"H3","HH_door_receiver",1.0,"HH3_door_1","open"
3007,3616,2024-09-07T23:52:15,,H2,glazen binnendeur,,,"H2","HH_door_receiver",0.0,"HH2_door_1","closed"
3008,3613,2024-09-07T23:52:25,,H1,,,,"H1","HH_door_receiver",1.0,"HH1_door_1","open"
3009,3625,2024-09-07T23:52:36,,H3,,,,"H3","HH_door_receiver",1.0,"HH3_door_1","open"
3010,3626,2024-09-07T23:56:35,,H3,,,,"H3","HH_door_receiver",1.0,"HH3_door_2","open"
3011,3616,2024-09-08T00:02:10,,H2,glazen binnendeur,,,"H2","HH_door_receiver",0.0,"HH2_door_1","closed"
3012,3613,2024-09-08T00:02:31,,H1,,,,"H1","HH_door_receiver",1.0,"HH1_door_1","open"
3013,3626,2024-09-08T00:06:31,,H3,,,,"H3","HH_door_receiver",1.0,"HH3_door_2","open"
3014,3616,2024-09-08T00:12:05,,H2,glazen binnendeur,,,"H2","HH_door_receiver",0.0,"HH2_door_1","closed"
3015,3613,2024-09-08T00:12:25,,H1,,,,"H1","HH_door_receiver",1.0,"HH1_door_1","open"
3016,3625,2024-09-08T00:12:26,,H3,,,,"H3","HH_door_receiver",1.0,"HH3_door_1","open"
3017,3626,2024-09-08T00:16:26,,H3,,,,"H3","HH_door_receiver",1.0,"HH3_door_2","open"
3018,3616,2024-09-08T00:22:01,,H2,glazen binnendeur,,,"H2","HH_door_receiver",0.0,"HH2_door_1","closed"
3019,3625,2024-09-08T00:22:22,,H3,,,,"H3","HH_door_receiver",1.0,"HH3_door_1","open"
3020,3613,2024-09-08T00:22:22,,H1,,,,"H1","HH_door_receiver",1.0,"HH1_door_1","open"
3021,3613,2024-09-08T00:22:31,,H1,,,,"H1","HH_door_receiver",1.0,"HH1_door_1","open"
3022,3626,2024-09-08T00:26:22,,H3,,,,"H3","HH_door_receiver",1.0,"HH3_door_2","open"
3023,3616,2024-09-08T00:31:58,,H2,glazen binnendeur,,,"H2","HH_door_receiver",0.0,"HH2_door_1","closed"
3024,3613,2024-09-08T00:32:26,,H1,,,,"H1","HH_door_receiver",1.0,"HH1_door_1","open"
3025,3626,2024-09-08T00:36:17,,H3,,,,"H3","HH_door_receiver",1.0,"HH3_door_2","open"
3026,3616,2024-09-08T00:41:53,,H2,glazen binnendeur,,,"H2","HH_door_receiver",0.0,"HH2_door_1","closed"
3027,3625,2024-09-08T00:42:12,,H3,,,,"H3","HH_door_receiver",1.0,"HH3_door_1","open"
3028,3626,2024-09-08T00:46:13,,H3,,,,"H3","HH_door_receiver",1.0,"HH3_door_2","open"
3029,3616,2024-09-08T00:51:49,,H2,glazen binnendeur,,,"H2","HH_door_receiver",0.0,"HH2_door_1","closed"
3030,3625,2024-09-08T00:52:07,,H3,,,,"H3","HH_door_receiver",1.0,"HH3_door_1","open"
3031,3626,2024-09-08T00:56:10,,H3,,,,"H3","HH_door_receiver",1.0,"HH3_door_2","open"
3032,3616,2024-09-08T01:01:44,,H2,glazen binnendeur,,,"H2","HH_door_receiver",0.0,"HH2_door_1","closed"
3033,3625,2024-09-08T01:02:02,,H3,,,,"H3","HH_door_receiver",1.0,"HH3_door_1","open"
3034,3626,2024-09-08T01:06:04,,H3,,,,"H3","HH_door_receiver",1.0,"HH3_door_2","open"
3035,3616,2024-09-08T01:11:39,,H2,glazen binnendeur,,,"H2","HH_door_receiver",0.0,"HH2_door_1","closed"
3036,3625,2024-09-08T01:11:57,,H3,,,,"H3","HH_door_receiver",1.0,"HH3_door_1","open"
3037,3626,2024-09-08T01:15:59,,H3,,,,"H3","HH_door_receiver",1.0,"HH3_door_2","open"
3038,3616,2024-09-08T01:21:36,,H2,glazen binnendeur,,,"H2","HH_door_receiver",0.0,"HH2_door_1","closed"
3039,3625,2024-09-08T01:21:52,,H3,,,,"H3","HH_door_receiver",1.0,"HH3_door_1","open"
3040,3626,2024-09-08T01:25:55,,H3,,,,"H3","HH_door_receiver",1.0,"HH3_door_2","open"
3041,3616,2024-09-08T01:31:33,,H2,glazen binnendeur,,,"H2","HH_door_receiver",0.0,"HH2_door_1","closed"
3042,3625,2024-09-08T01:31:47,,H3,,,,"H3","HH_door_receiver",1.0,"HH3_door_1","open"
3043,3626,2024-09-08T01:35:50,,H3,,,,"H3","HH_door_receiver",1.0,"HH3_door_2","open"
3044,3616,2024-09-08T01:41:28,,H2,glazen binnendeur,,,"H2","HH_door_receiver",0.0,"HH2_door_1","closed"
3045,3625,2024-09-08T01:41:42,,H3,,,,"H3","HH_door_receiver",1.0,"HH3_door_1","open"
3046,3626,2024-09-08T01:45:47,,H3,,,,"H3","HH_door_receiver",1.0,"HH3_door_2","open"
3047,3616,2024-09-08T01:51:25,,H2,glazen binnendeur,,,"H2","HH_door_receiver",0.0,"HH2_door_1","closed"
3048,3625,2024-09-08T01:51:38,,H3,,,,"H3","HH_door_receiver",1.0,"HH3_door_1","open"
3049,3626,2024-09-08T01:55:43,,H3,,,,"H3","HH_door_receiver",1.0,"HH3_door_2","open"
3050,3616,2024-09-08T02:01:22,,H2,glazen binnendeur,,,"H2","HH_door_receiver",0.0,"HH2_door_1","closed"
3051,3625,2024-09-08T02:01:34,,H3,,,,"H3","HH_door_receiver",1.0,"HH3_door_1","open"
3052,3626,2024-09-08T02:05:39,,H3,,,,"H3","HH_door_receiver",1.0,"HH3_door_2","open"
3053,3616,2024-09-08T02:11:18,,H2,glazen binnendeur,,,"H2","HH_door_receiver",0.0,"HH2_door_1","closed"
3054,3625,2024-09-08T02:11:29,,H3,,,,"H3","HH_door_receiver",1.0,"HH3_door_1","open"
3055,3626,2024-09-08T02:15:34,,H3,,,,"H3","HH_door_receiver",1.0,"HH3_door_2","open"
3056,3616,2024-09-08T02:21:13,,H2,glazen binnendeur,,,"H2","HH_door_receiver",0.0,"HH2_door_1","closed"
3057,3625,2024-09-08T02:21:24,,H3,,,,"H3","HH_door_receiver",1.0,"HH3_door_1","open"
3058,3626,2024-09-08T02:25:30,,H3,,,,"H3","HH_door_receiver",1.0,"HH3_door_2","open"
3059,3616,2024-09-08T02:31:10,,H2,glazen binnendeur,,,"H2","HH_door_receiver",0.0,"HH2_door_1","closed"
3060,3625,2024-09-08T02:31:20,,H3,,,,"H3","HH_door_receiver",1.0,"HH3_door_1","open"
3061,3626,2024-09-08T02:35:25,,H3,,,,"H3","HH_door_receiver",1.0,"HH3_door_2","open"
3062,3616,2024-09-08T02:41:07,,H2,glazen binnendeur,,,"H2","HH_door_receiver",0.0,"HH2_door_1","closed"
3063,3625,2024-09-08T02:41:15,,H3,,,,"H3","HH_door_receiver",1.0,"HH3_door_1","open"
3064,3626,2024-09-08T02:45:21,,H3,,,,"H3","HH_door_receiver",1.0,"HH3_door_2","open"
3065,3616,2024-09-08T02:51:03,,H2,glazen binnendeur,,,"H2","HH_door_receiver",0.0,"HH2_door_1","closed"
3066,3625,2024-09-08T02:51:10,,H3,,,,"H3","HH_door_receiver",1.0,"HH3_door_1","open"
3067,3626,2024-09-08T02:55:17,,H3,,,,"H3","HH_door_receiver",1.0,"HH3_door_2","open"
3068,3616,2024-09-08T03:00:58,,H2,glazen binnendeur,,,"H2","HH_door_receiver",0.0,"HH2_door_1","closed"
3069,3625,2024-09-08T03:01:05,,H3,,,,"H3","HH_door_receiver",1.0,"HH3_door_1","open"
3070,3626,2024-09-08T03:05:12,,H3,,,,"H3","HH_door_receiver",1.0,"HH3_door_2","open"
3071,3616,2024-09-08T03:10:59,,H2,glazen binnendeur,,,"H2","HH_door_receiver",0.0,"HH2_door_1","closed"
3072,3625,2024-09-08T03:11:00,,H3,,,,"H3","HH_door_receiver",1.0,"HH3_door_1","open"
3073,3626,2024-09-08T03:15:09,,H3,,,,"H3","HH_door_receiver",1.0,"HH3_door_2","open"
3074,3625,2024-09-08T03:20:55,,H3,,,,"H3","HH_door_receiver",1.0,"HH3_door_1","open"
3075,3616,2024-09-08T03:20:57,,H2,glazen binnendeur,,,"H2","HH_door_receiver",0.0,"HH2_door_1","closed"
3076,3626,2024-09-08T03:25:04,,H3,,,,"H3","HH_door_receiver",1.0,"HH3_door_2","open"
3077,3616,2024-09-08T03:30:51,,H2,glazen binnendeur,,,"H2","HH_door_receiver",0.0,"HH2_door_1","closed"
3078,3625,2024-09-08T03:30:52,,H3,,,,"H3","HH_door_receiver",1.0,"HH3_door_1","open"
3079,3626,2024-09-08T03:35:01,,H3,,,,"H3","HH_door_receiver",1.0,"HH3_door_2","open"
3080,3616,2024-09-08T03:40:48,,H2,glazen binnendeur,,,"H2","HH_door_receiver",0.0,"HH2_door_1","closed"
3081,3625,2024-09-08T03:40:49,,H3,,,,"H3","HH_door_receiver",1.0,"HH3_door_1","open"
3082,3625,2024-09-08T03:50:44,,H3,,,,"H3","HH_door_receiver",1.0,"HH3_door_1","open"
3083,3616,2024-09-08T03:50:45,,H2,glazen binnendeur,,,"H2","HH_door_receiver",0.0,"HH2_door_1","closed"
3084,3625,2024-09-08T04:00:39,,H3,,,,"H3","HH_door_receiver",1.0,"HH3_door_1","open"
3085,3616,2024-09-08T04:00:40,,H2,glazen binnendeur,,,"H2","HH_door_receiver",0.0,"HH2_door_1","closed"
3086,3626,2024-09-08T04:04:49,,H3,,,,"H3","HH_door_receiver",1.0,"HH3_door_2","open"
3087,3625,2024-09-08T04:10:33,,H3,,,,"H3","HH_door_receiver",1.0,"HH3_door_1","open"
3088,3616,2024-09-08T04:10:36,,H2,glazen binnendeur,,,"H2","HH_door_receiver",0.0,"HH2_door_1","closed"
3089,3626,2024-09-08T04:14:45,,H3,,,,"H3","HH_door_receiver",1.0,"HH3_door_2","open"
3090,3625,2024-09-08T04:20:29,,H3,,,,"H3","HH_door_receiver",1.0,"HH3_door_1","open"
3091,3616,2024-09-08T04:20:32,,H2,glazen binnendeur,,,"H2","HH_door_receiver",0.0,"HH2_door_1","closed"
3092,3626,2024-09-08T04:24:40,,H3,,,,"H3","HH_door_receiver",1.0,"HH3_door_2","open"
3093,3625,2024-09-08T04:30:24,,H3,,,,"H3","HH_door_receiver",1.0,"HH3_door_1","open"
3094,3616,2024-09-08T04:30:29,,H2,glazen binnendeur,,,"H2","HH_door_receiver",0.0,"HH2_door_1","closed"
3095,3626,2024-09-08T04:34:36,,H3,,,,"H3","HH_door_receiver",1.0,"HH3_door_2","open"
3096,3625,2024-09-08T04:40:22,,H3,,,,"H3","HH_door_receiver",1.0,"HH3_door_1","open"
3097,3616,2024-09-08T04:40:27,,H2,glazen binnendeur,,,"H2","HH_door_receiver",0.0,"HH2_door_1","closed"
3098,3626,2024-09-08T04:44:32,,H3,,,,"H3","HH_door_receiver",1.0,"HH3_door_2","open"
3099,3625,2024-09-08T04:50:17,,H3,,,,"H3","HH_door_receiver",1.0,"HH3_door_1","open"
3100,3616,2024-09-08T04:50:20,,H2,glazen binnendeur,,,"H2","HH_door_receiver",0.0,"HH2_door_1","closed"
3101,3626,2024-09-08T04:54:28,,H3,,,,"H3","HH_door_receiver",1.0,"HH3_door_2","open"
3102,3625,2024-09-08T05:00:12,,H3,,,,"H3","HH_door_receiver",1.0,"HH3_door_1","open"
3103,3616,2024-09-08T05:00:17,,H2,glazen binnendeur,,,"H2","HH_door_receiver",0.0,"HH2_door_1","closed"
3104,3626,2024-09-08T05:04:23,,H3,,,,"H3","HH_door_receiver",1.0,"HH3_door_2","open"
3105,3625,2024-09-08T05:10:07,,H3,,,,"H3","HH_door_receiver",1.0,"HH3_door_1","open"
3106,3616,2024-09-08T05:10:14,,H2,glazen binnendeur,,,"H2","HH_door_receiver",0.0,"HH2_door_1","closed"
3107,3625,2024-09-08T05:20:02,,H3,,,,"H3","HH_door_receiver",1.0,"HH3_door_1","open"
3108,3616,2024-09-08T05:20:11,,H2,glazen binnendeur,,,"H2","HH_door_receiver",0.0,"HH2_door_1","closed"
3109,3626,2024-09-08T05:24:15,,H3,,,,"H3","HH_door_receiver",1.0,"HH3_door_2","open"
3110,3625,2024-09-08T05:29:56,,H3,,,,"H3","HH_door_receiver",1.0,"HH3_door_1","open"
3111,3616,2024-09-08T05:30:08,,H2,glazen binnendeur,,,"H2","HH_door_receiver",0.0,"HH2_door_1","closed"
3112,3626,2024-09-08T05:34:09,,H3,,,,"H3","HH_door_receiver",1.0,"HH3_door_2","open"
3113,3625,2024-09-08T05:39:54,,H3,,,,"H3","HH_door_receiver",1.0,"HH3_door_1","open"
3114,3616,2024-09-08T05:40:08,,H2,glazen binnendeur,,,"H2","HH_door_receiver",0.0,"HH2_door_1","closed"
3115,3626,2024-09-08T05:44:05,,H3,,,,"H3","HH_door_receiver",1.0,"HH3_door_2","open"
3116,3625,2024-09-08T05:49:48,,H3,,,,"H3","HH_door_receiver",1.0,"HH3_door_1","open"
3117,3616,2024-09-08T05:50:02,,H2,glazen binnendeur,,,"H2","HH_door_receiver",0.0,"HH2_door_1","closed"
3118,3626,2024-09-08T05:54:01,,H3,,,,"H3","HH_door_receiver",1.0,"HH3_door_2","open"
3119,3625,2024-09-08T05:59:43,,H3,,,,"H3","HH_door_receiver",1.0,"HH3_door_1","open"
3120,3616,2024-09-08T05:59:59,,H2,glazen binnendeur,,,"H2","HH_door_receiver",0.0,"HH2_door_1","closed"
3121,3626,2024-09-08T06:03:57,,H3,,,,"H3","HH_door_receiver",1.0,"HH3_door_2","open"
3122,3625,2024-09-08T06:09:39,,H3,,,,"H3","HH_door_receiver",1.0,"HH3_door_1","open"
3123,3616,2024-09-08T06:09:56,,H2,glazen binnendeur,,,"H2","HH_door_receiver",0.0,"HH2_door_1","closed"
3124,3626,2024-09-08T06:13:52,,H3,,,,"H3","HH_door_receiver",1.0,"HH3_door_2","open"
3125,3625,2024-09-08T06:19:34,,H3,,,,"H3","HH_door_receiver",1.0,"HH3_door_1","open"
3126,3616,2024-09-08T06:19:52,,H2,glazen binnendeur,,,"H2","HH_door_receiver",0.0,"HH2_door_1","closed"
3127,3626,2024-09-08T06:23:48,,H3,,,,"H3","HH_door_receiver",1.0,"HH3_door_2","open"
3128,3625,2024-09-08T06:29:30,,H3,,,,"H3","HH_door_receiver",1.0,"HH3_door_1","open"
3129,3616,2024-09-08T06:29:48,,H2,glazen binnendeur,,,"H2","HH_door_receiver",0.0,"HH2_door_1","closed"
3130,3626,2024-09-08T06:33:43,,H3,,,,"H3","HH_door_receiver",1.0,"HH3_door_2","open"
3131,3625,2024-09-08T06:39:24,,H3,,,,"H3","HH_door_receiver",1.0,"HH3_door_1","open"
3132,3616,2024-09-08T06:39:52,,H2,glazen binnendeur,,,"H2","HH_door_receiver",0.0,"HH2_door_1","closed"
3133,3626,2024-09-08T06:43:39,,H3,,,,"H3","HH_door_receiver",1.0,"HH3_door_2","open"
3134,3625,2024-09-08T06:49:19,,H3,,,,"H3","HH_door_receiver",1.0,"HH3_door_1","open"
3135,3616,2024-09-08T06:49:46,,H2,glazen binnendeur,,,"H2","HH_door_receiver",0.0,"HH2_door_1","closed"
3136,3626,2024-09-08T06:53:38,,H3,,,,"H3","HH_door_receiver",1.0,"HH3_door_2","open"
3137,3625,2024-09-08T06:59:14,,H3,,,,"H3","HH_door_receiver",1.0,"HH3_door_1","open"
3138,3616,2024-09-08T06:59:43,,H2,glazen binnendeur,,,"H2","HH_door_receiver",0.0,"HH2_door_1","closed"
3139,3626,2024-09-08T07:03:32,,H3,,,,"H3","HH_door_receiver",1.0,"HH3_door_2","open"
3140,3625,2024-09-08T07:09:09,,H3,,,,"H3","HH_door_receiver",1.0,"HH3_door_1","open"
3141,3616,2024-09-08T07:09:42,,H2,glazen binnendeur,,,"H2","HH_door_receiver",0.0,"HH2_door_1","closed"
3142,3626,2024-09-08T07:13:27,,H3,,,,"H3","HH_door_receiver",1.0,"HH3_door_2","open"
3143,3625,2024-09-08T07:19:05,,H3,,,,"H3","HH_door_receiver",1.0,"HH3_door_1","open"
3144,3616,2024-09-08T07:19:38,,H2,glazen binnendeur,,,"H2","HH_door_receiver",0.0,"HH2_door_1","closed"
3145,3626,2024-09-08T07:23:23,,H3,,,,"H3","HH_door_receiver",1.0,"HH3_door_2","open"
3146,3625,2024-09-08T07:28:58,,H3,,,,"H3","HH_door_receiver",1.0,"HH3_door_1","open"
3147,3625,2024-09-08T07:38:56,,H3,,,,"H3","HH_door_receiver",1.0,"HH3_door_1","open"
3148,3616,2024-09-08T07:39:33,,H2,glazen binnendeur,,,"H2","HH_door_receiver",0.0,"HH2_door_1","closed"
3149,3626,2024-09-08T07:43:15,,H3,,,,"H3","HH_door_receiver",1.0,"HH3_door_2","open"
3150,3616,2024-09-08T07:49:29,,H2,glazen binnendeur,,,"H2","HH_door_receiver",0.0,"HH2_door_1","closed"
3151,3626,2024-09-08T07:53:11,,H3,,,,"H3","HH_door_receiver",1.0,"HH3_door_2","open"
3152,3625,2024-09-08T07:58:43,,H3,,,,"H3","HH_door_receiver",1.0,"HH3_door_1","open"
3153,3616,2024-09-08T07:59:25,,H2,glazen binnendeur,,,"H2","HH_door_receiver",0.0,"HH2_door_1","closed"
3154,3626,2024-09-08T08:03:06,,H3,,,,"H3","HH_door_receiver",1.0,"HH3_door_2","open"
3155,3625,2024-09-08T08:08:39,,H3,,,,"H3","HH_door_receiver",1.0,"HH3_door_1","open"
3156,3616,2024-09-08T08:09:22,,H2,glazen binnendeur,,,"H2","HH_door_receiver",0.0,"HH2_door_1","closed"
3157,3626,2024-09-08T08:13:02,,H3,,,,"H3","HH_door_receiver",1.0,"HH3_door_2","open"
3158,3625,2024-09-08T08:18:34,,H3,,,,"H3","HH_door_receiver",1.0,"HH3_door_1","open"
3159,3616,2024-09-08T08:19:19,,H2,glazen binnendeur,,,"H2","HH_door_receiver",0.0,"HH2_door_1","closed"
3160,3626,2024-09-08T08:22:58,,H3,,,,"H3","HH_door_receiver",1.0,"HH3_door_2","open"
3161,3625,2024-09-08T08:28:29,,H3,,,,"H3","HH_door_receiver",1.0,"HH3_door_1","open"
3162,3616,2024-09-08T08:29:17,,H2,glazen binnendeur,,,"H2","HH_door_receiver",0.0,"HH2_door_1","closed"
3163,3626,2024-09-08T08:32:54,,H3,,,,"H3","HH_door_receiver",0.0,"HH3_door_2","closed"
3164,3625,2024-09-08T08:38:24,,H3,,,,"H3","HH_door_receiver",1.0,"HH3_door_1","open"
3165,3616,2024-09-08T08:39:11,,H2,glazen binnendeur,,,"H2","HH_door_receiver",0.0,"HH2_door_1","closed"
3166,3626,2024-09-08T08:42:49,,H3,,,,"H3","HH_door_receiver",0.0,"HH3_door_2","closed"
3167,3625,2024-09-08T08:48:19,,H3,,,,"H3","HH_door_receiver",1.0,"HH3_door_1","open"
3168,3616,2024-09-08T08:49:08,,H2,glazen binnendeur,,,"H2","HH_door_receiver",0.0,"HH2_door_1","closed"
3169,3626,2024-09-08T08:52:44,,H3,,,,"H3","HH_door_receiver",0.0,"HH3_door_2","closed"
3170,3626,2024-09-08T08:52:52,,H3,,,,"H3","HH_door_receiver",0.0,"HH3_door_2","closed"
3171,3625,2024-09-08T08:58:18,,H3,,,,"H3","HH_door_receiver",1.0,"HH3_door_1","open"
3172,3616,2024-09-08T08:59:04,,H2,glazen binnendeur,,,"H2","HH_door_receiver",0.0,"HH2_door_1","closed"
3173,3626,2024-09-08T09:02:47,,H3,,,,"H3","HH_door_receiver",0.0,"HH3_door_2","closed"
3174,3625,2024-09-08T09:08:12,,H3,,,,"H3","HH_door_receiver",1.0,"HH3_door_1","open"
3175,3616,2024-09-08T09:08:59,,H2,glazen binnendeur,,,"H2","HH_door_receiver",0.0,"HH2_door_1","closed"
3176,3626,2024-09-08T09:12:43,,H3,,,,"H3","HH_door_receiver",0.0,"HH3_door_2","closed"
3177,3625,2024-09-08T09:18:07,,H3,,,,"H3","HH_door_receiver",1.0,"HH3_door_1","open"
3178,3616,2024-09-08T09:18:56,,H2,glazen binnendeur,,,"H2","HH_door_receiver",0.0,"HH2_door_1","closed"
3179,3626,2024-09-08T09:22:39,,H3,,,,"H3","HH_door_receiver",0.0,"HH3_door_2","closed"
3180,3625,2024-09-08T09:28:02,,H3,,,,"H3","HH_door_receiver",1.0,"HH3_door_1","open"
3181,3616,2024-09-08T09:28:53,,H2,glazen binnendeur,,,"H2","HH_door_receiver",0.0,"HH2_door_1","closed"
3182,3626,2024-09-08T09:32:35,,H3,,,,"H3","HH_door_receiver",0.0,"HH3_door_2","closed"
3183,3625,2024-09-08T09:37:58,,H3,,,,"H3","HH_door_receiver",1.0,"HH3_door_1","open"
3184,3616,2024-09-08T09:38:50,,H2,glazen binnendeur,,,"H2","HH_door_receiver",0.0,"HH2_door_1","closed"
3185,3626,2024-09-08T09:42:30,,H3,,,,"H3","HH_door_receiver",0.0,"HH3_door_2","closed"
3186,3625,2024-09-08T09:47:53,,H3,,,,"H3","HH_door_receiver",1.0,"HH3_door_1","open"
3187,3616,2024-09-08T09:48:47,,H2,glazen binnendeur,,,"H2","HH_door_receiver",0.0,"HH2_door_1","closed"
3188,3626,2024-09-08T09:52:26,,H3,,,,"H3","HH_door_receiver",1.0,"HH3_door_2","open"
3189,3625,2024-09-08T09:57:48,,H3,,,,"H3","HH_door_receiver",1.0,"HH3_door_1","open"
3190,3616,2024-09-08T09:58:44,,H2,glazen binnendeur,,,"H2","HH_door_receiver",0.0,"HH2_door_1","closed"
3191,3626,2024-09-08T10:02:21,,H3,,,,"H3","HH_door_receiver",1.0,"HH3_door_2","open"
3192,3625,2024-09-08T10:07:44,,H3,,,,"H3","HH_door_receiver",1.0,"HH3_door_1","open"
3193,3616,2024-09-08T10:08:44,,H2,glazen binnendeur,,,"H2","HH_door_receiver",0.0,"HH2_door_1","closed"
3194,3626,2024-09-08T10:12:17,,H3,,,,"H3","HH_door_receiver",1.0,"HH3_door_2","open"
3195,3625,2024-09-08T10:17:47,,H3,,,,"H3","HH_door_receiver",1.0,"HH3_door_1","open"
3196,3616,2024-09-08T10:18:37,,H2,glazen binnendeur,,,"H2","HH_door_receiver",0.0,"HH2_door_1","closed"
3197,3626,2024-09-08T10:22:12,,H3,,,,"H3","HH_door_receiver",1.0,"HH3_door_2","open"
3198,3625,2024-09-08T10:27:38,,H3,,,,"H3","HH_door_receiver",1.0,"HH3_door_1","open"
3199,3626,2024-09-08T10:32:08,,H3,,,,"H3","HH_door_receiver",1.0,"HH3_door_2","open"
3200,3625,2024-09-08T10:37:33,,H3,,,,"H3","HH_door_receiver",1.0,"HH3_door_1","open"
3201,3616,2024-09-08T10:38:30,,H2,glazen binnendeur,,,"H2","HH_door_receiver",1.0,"HH2_door_1","open"
3202,3625,2024-09-08T10:47:29,,H3,,,,"H3","HH_door_receiver",1.0,"HH3_door_1","open"
3203,3626,2024-09-08T10:52:00,,H3,,,,"H3","HH_door_receiver",1.0,"HH3_door_2","open"
3204,3625,2024-09-08T10:57:23,,H3,,,,"H3","HH_door_receiver",1.0,"HH3_door_1","open"
3205,3616,2024-09-08T10:58:24,,H2,glazen binnendeur,,,"H2","HH_door_receiver",1.0,"HH2_door_1","open"
3206,3626,2024-09-08T11:01:55,,H3,,,,"H3","HH_door_receiver",1.0,"HH3_door_2","open"
3207,3625,2024-09-08T11:07:18,,H3,,,,"H3","HH_door_receiver",1.0,"HH3_door_1","open"
3208,3616,2024-09-08T11:08:20,,H2,glazen binnendeur,,,"H2","HH_door_receiver",1.0,"HH2_door_1","open"
3209,3626,2024-09-08T11:11:52,,H3,,,,"H3","HH_door_receiver",1.0,"HH3_door_2","open"
3210,3616,2024-09-08T11:18:17,,H2,glazen binnendeur,,,"H2","HH_door_receiver",1.0,"HH2_door_1","open"
3211,3626,2024-09-08T11:21:46,,H3,,,,"H3","HH_door_receiver",1.0,"HH3_door_2","open"
3212,3625,2024-09-08T11:27:09,,H3,,,,"H3","HH_door_receiver",1.0,"HH3_door_1","open"
3213,3616,2024-09-08T11:28:14,,H2,glazen binnendeur,,,"H2","HH_door_receiver",1.0,"HH2_door_1","open"
3214,3626,2024-09-08T11:31:43,,H3,,,,"H3","HH_door_receiver",1.0,"HH3_door_2","open"
3215,3625,2024-09-08T11:37:03,,H3,,,,"H3","HH_door_receiver",1.0,"HH3_door_1","open"
3216,3616,2024-09-08T11:38:09,,H2,glazen binnendeur,,,"H2","HH_door_receiver",1.0,"HH2_door_1","open"
3217,3626,2024-09-08T11:41:39,,H3,,,,"H3","HH_door_receiver",1.0,"HH3_door_2","open"
3218,3625,2024-09-08T11:46:59,,H3,,,,"H3","HH_door_receiver",1.0,"HH3_door_1","open"
3219,3616,2024-09-08T11:48:04,,H2,glazen binnendeur,,,"H2","HH_door_receiver",0.0,"HH2_door_1","closed"
3220,3626,2024-09-08T11:51:34,,H3,,,,"H3","HH_door_receiver",1.0,"HH3_door_2","open"
3221,3625,2024-09-08T11:56:54,,H3,,,,"H3","HH_door_receiver",1.0,"HH3_door_1","open"
3222,3616,2024-09-08T11:58:03,,H2,glazen binnendeur,,,"H2","HH_door_receiver",0.0,"HH2_door_1","closed"
3223,3626,2024-09-08T12:01:29,,H3,,,,"H3","HH_door_receiver",1.0,"HH3_door_2","open"
3224,3625,2024-09-08T12:06:50,,H3,,,,"H3","HH_door_receiver",1.0,"HH3_door_1","open"
3225,3626,2024-09-08T12:11:27,,H3,,,,"H3","HH_door_receiver",1.0,"HH3_door_2","open"
3226,3625,2024-09-08T12:16:45,,H3,,,,"H3","HH_door_receiver",1.0,"HH3_door_1","open"
3227,3616,2024-09-08T12:17:55,,H2,glazen binnendeur,,,"H2","HH_door_receiver",0.0,"HH2_door_1","closed"
3228,3626,2024-09-08T12:21:23,,H3,,,,"H3","HH_door_receiver",1.0,"HH3_door_2","open"
3229,3625,2024-09-08T12:26:40,,H3,,,,"H3","HH_door_receiver",1.0,"HH3_door_1","open"
3230,3616,2024-09-08T12:27:53,,H2,glazen binnendeur,,,"H2","HH_door_receiver",0.0,"HH2_door_1","closed"
3231,3626,2024-09-08T12:31:19,,H3,,,,"H3","HH_door_receiver",1.0,"HH3_door_2","open"
3232,3625,2024-09-08T12:36:35,,H3,,,,"H3","HH_door_receiver",1.0,"HH3_door_1","open"
3233,3626,2024-09-08T12:41:14,,H3,,,,"H3","HH_door_receiver",1.0,"HH3_door_2","open"
3234,3625,2024-09-08T12:46:34,,H3,,,,"H3","HH_door_receiver",1.0,"HH3_door_1","open"
3235,3616,2024-09-08T12:47:42,,H2,glazen binnendeur,,,"H2","HH_door_receiver",0.0,"HH2_door_1","closed"
3236,3626,2024-09-08T12:51:09,,H3,,,,"H3","HH_door_receiver",1.0,"HH3_door_2","open"
3237,3625,2024-09-08T12:56:32,,H3,,,,"H3","HH_door_receiver",1.0,"HH3_door_1","open"
3238,3616,2024-09-08T12:57:40,,H2,glazen binnendeur,,,"H2","HH_door_receiver",0.0,"HH2_door_1","closed"
3239,3626,2024-09-08T13:01:04,,H3,,,,"H3","HH_door_receiver",1.0,"HH3_door_2","open"
3240,3625,2024-09-08T13:06:27,,H3,,,,"H3","HH_door_receiver",1.0,"HH3_door_1","open"
3241,3616,2024-09-08T13:07:38,,H2,glazen binnendeur,,,"H2","HH_door_receiver",0.0,"HH2_door_1","closed"
3242,3626,2024-09-08T13:11:00,,H3,,,,"H3","HH_door_receiver",1.0,"HH3_door_2","open"
3243,3616,2024-09-08T13:17:36,,H2,glazen binnendeur,,,"H2","HH_door_receiver",0.0,"HH2_door_1","closed"
3244,3626,2024-09-08T13:20:56,,H3,,,,"H3","HH_door_receiver",1.0,"HH3_door_2","open"
3245,3625,2024-09-08T13:26:17,,H3,,,,"H3","HH_door_receiver",1.0,"HH3_door_1","open"
3246,3616,2024-09-08T13:27:32,,H2,glazen binnendeur,,,"H2","HH_door_receiver",0.0,"HH2_door_1","closed"
3247,3626,2024-09-08T13:30:51,,H3,,,,"H3","HH_door_receiver",1.0,"HH3_door_2","open"
3248,3625,2024-09-08T13:36:11,,H3,,,,"H3","HH_door_receiver",1.0,"HH3_door_1","open"
3249,3616,2024-09-08T13:37:29,,H2,glazen binnendeur,,,"H2","HH_door_receiver",0.0,"HH2_door_1","closed"
3250,3626,2024-09-08T13:40:47,,H3,,,,"H3","HH_door_receiver",1.0,"HH3_door_2","open"
3251,3625,2024-09-08T13:46:05,,H3,,,,"H3","HH_door_receiver",1.0,"HH3_door_1","open"
3252,3616,2024-09-08T13:47:25,,H2,glazen binnendeur,,,"H2","HH_door_receiver",1.0,"HH2_door_1","open"
3253,3626,2024-09-08T13:50:45,,H3,,,,"H3","HH_door_receiver",1.0,"HH3_door_2","open"
3254,3616,2024-09-08T13:57:22,,H2,glazen binnendeur,,,"H2","HH_door_receiver",1.0,"HH2_door_1","open"
3255,3626,2024-09-08T14:00:38,,H3,,,,"H3","HH_door_receiver",1.0,"HH3_door_2","open"
3256,3625,2024-09-08T14:05:54,,H3,,,,"H3","HH_door_receiver",1.0,"HH3_door_1","open"
3257,3616,2024-09-08T14:07:17,,H2,glazen binnendeur,,,"H2","HH_door_receiver",1.0,"HH2_door_1","open"
3258,3626,2024-09-08T14:10:34,,H3,,,,"H3","HH_door_receiver",1.0,"HH3_door_2","open"
3259,3625,2024-09-08T14:15:49,,H3,,,,"H3","HH_door_receiver",1.0,"HH3_door_1","open"
3260,3616,2024-09-08T14:17:12,,H2,glazen binnendeur,,,"H2","HH_door_receiver",1.0,"HH2_door_1","open"
3261,3626,2024-09-08T14:20:30,,H3,,,,"H3","HH_door_receiver",1.0,"HH3_door_2","open"
3262,3625,2024-09-08T14:25:44,,H3,,,,"H3","HH_door_receiver",1.0,"HH3_door_1","open"
3263,3616,2024-09-08T14:27:09,,H2,glazen binnendeur,,,"H2","HH_door_receiver",1.0,"HH2_door_1","open"
3264,3626,2024-09-08T14:30:26,,H3,,,,"H3","HH_door_receiver",1.0,"HH3_door_2","open"
3265,3625,2024-09-08T14:35:39,,H3,,,,"H3","HH_door_receiver",1.0,"HH3_door_1","open"
3266,3616,2024-09-08T14:37:05,,H2,glazen binnendeur,,,"H2","HH_door_receiver",1.0,"HH2_door_1","open"
3267,3626,2024-09-08T14:40:21,,H3,,,,"H3","HH_door_receiver",1.0,"HH3_door_2","open"
3268,3616,2024-09-08T14:47:02,,H2,glazen binnendeur,,,"H2","HH_door_receiver",1.0,"HH2_door_1","open"
3269,3626,2024-09-08T14:50:17,,H3,,,,"H3","HH_door_receiver",1.0,"HH3_door_2","open"
3270,3625,2024-09-08T14:55:30,,H3,,,,"H3","HH_door_receiver",1.0,"HH3_door_1","open"
3271,3616,2024-09-08T14:57:00,,H2,glazen binnendeur,,,"H2","HH_door_receiver",1.0,"HH2_door_1","open"
3272,3626,2024-09-08T15:00:14,,H3,,,,"H3","HH_door_receiver",1.0,"HH3_door_2","open"
3273,3625,2024-09-08T15:05:25,,H3,,,,"H3","HH_door_receiver",1.0,"HH3_door_1","open"
3274,3616,2024-09-08T15:06:54,,H2,glazen binnendeur,,,"H2","HH_door_receiver",1.0,"HH2_door_1","open"
3275,3625,2024-09-08T15:15:19,,H3,,,,"H3","HH_door_receiver",1.0,"HH3_door_1","open"
3276,3616,2024-09-08T15:16:52,,H2,glazen binnendeur,,,"H2","HH_door_receiver",1.0,"HH2_door_1","open"
3277,3626,2024-09-08T15:20:05,,H3,,,,"H3","HH_door_receiver",1.0,"HH3_door_2","open"
3278,3625,2024-09-08T15:25:15,,H3,,,,"H3","HH_door_receiver",1.0,"HH3_door_1","open"
3279,3616,2024-09-08T15:26:46,,H2,glazen binnendeur,,,"H2","HH_door_receiver",1.0,"HH2_door_1","open"
3280,3625,2024-09-08T15:35:11,,H3,,,,"H3","HH_door_receiver",1.0,"HH3_door_1","open"
3281,3616,2024-09-08T15:36:43,,H2,glazen binnendeur,,,"H2","HH_door_receiver",1.0,"HH2_door_1","open"
3282,3626,2024-09-08T15:39:58,,H3,,,,"H3","HH_door_receiver",1.0,"HH3_door_2","open"
3283,3625,2024-09-08T15:45:06,,H3,,,,"H3","HH_door_receiver",1.0,"HH3_door_1","open"
3284,3616,2024-09-08T15:46:37,,H2,glazen binnendeur,,,"H2","HH_door_receiver",1.0,"HH2_door_1","open"
3285,3626,2024-09-08T15:49:53,,H3,,,,"H3","HH_door_receiver",1.0,"HH3_door_2","open"
3286,3625,2024-09-08T15:55:01,,H3,,,,"H3","HH_door_receiver",1.0,"HH3_door_1","open"
3287,3616,2024-09-08T15:56:33,,H2,glazen binnendeur,,,"H2","HH_door_receiver",1.0,"HH2_door_1","open"
3288,3626,2024-09-08T15:59:47,,H3,,,,"H3","HH_door_receiver",1.0,"HH3_door_2","open"
3289,3625,2024-09-08T16:04:54,,H3,,,,"H3","HH_door_receiver",1.0,"HH3_door_1","open"
3290,3616,2024-09-08T16:06:29,,H2,glazen binnendeur,,,"H2","HH_door_receiver",1.0,"HH2_door_1","open"
3291,3626,2024-09-08T16:09:42,,H3,,,,"H3","HH_door_receiver",1.0,"HH3_door_2","open"
3292,3625,2024-09-08T16:14:50,,H3,,,,"H3","HH_door_receiver",1.0,"HH3_door_1","open"
3293,3616,2024-09-08T16:16:26,,H2,glazen binnendeur,,,"H2","HH_door_receiver",1.0,"HH2_door_1","open"
3294,3626,2024-09-08T16:19:37,,H3,,,,"H3","HH_door_receiver",1.0,"HH3_door_2","open"
3295,3625,2024-09-08T16:24:45,,H3,,,,"H3","HH_door_receiver",1.0,"HH3_door_1","open"
3296,3616,2024-09-08T16:26:22,,H2,glazen binnendeur,,,"H2","HH_door_receiver",1.0,"HH2_door_1","open"
3297,3626,2024-09-08T16:29:33,,H3,,,,"H3","HH_door_receiver",1.0,"HH3_door_2","open"
3298,3625,2024-09-08T16:34:39,,H3,,,,"H3","HH_door_receiver",1.0,"HH3_door_1","open"
3299,3616,2024-09-08T16:36:19,,H2,glazen binnendeur,,,"H2","HH_door_receiver",1.0,"HH2_door_1","open"
3300,3626,2024-09-08T16:39:28,,H3,,,,"H3","HH_door_receiver",1.0,"HH3_door_2","open"
3301,3616,2024-09-08T16:46:15,,H2,glazen binnendeur,,,"H2","HH_door_receiver",1.0,"HH2_door_1","open"
3302,3626,2024-09-08T16:49:24,,H3,,,,"H3","HH_door_receiver",1.0,"HH3_door_2","open"
3303,3625,2024-09-08T16:54:30,,H3,,,,"H3","HH_door_receiver",1.0,"HH3_door_1","open"
3304,3616,2024-09-08T16:56:12,,H2,glazen binnendeur,,,"H2","HH_door_receiver",1.0,"HH2_door_1","open"
3305,3626,2024-09-08T16:59:20,,H3,,,,"H3","HH_door_receiver",1.0,"HH3_door_2","open"
3306,3625,2024-09-08T17:04:26,,H3,,,,"H3","HH_door_receiver",1.0,"HH3_door_1","open"
3307,3616,2024-09-08T17:06:11,,H2,glazen binnendeur,,,"H2","HH_door_receiver",1.0,"HH2_door_1","open"
3308,3626,2024-09-08T17:09:15,,H3,,,,"H3","HH_door_receiver",1.0,"HH3_door_2","open"
3309,3625,2024-09-08T17:14:21,,H3,,,,"H3","HH_door_receiver",1.0,"HH3_door_1","open"
3310,3616,2024-09-08T17:16:08,,H2,glazen binnendeur,,,"H2","HH_door_receiver",0.0,"HH2_door_1","closed"
3311,3626,2024-09-08T17:19:10,,H3,,,,"H3","HH_door_receiver",1.0,"HH3_door_2","open"
3312,3625,2024-09-08T17:24:17,,H3,,,,"H3","HH_door_receiver",1.0,"HH3_door_1","open"
3313,3616,2024-09-08T17:26:04,,H2,glazen binnendeur,,,"H2","HH_door_receiver",0.0,"HH2_door_1","closed"
3314,3626,2024-09-08T17:29:06,,H3,,,,"H3","HH_door_receiver",1.0,"HH3_door_2","open"
3315,3625,2024-09-08T17:34:11,,H3,,,,"H3","HH_door_receiver",1.0,"HH3_door_1","open"
3316,3616,2024-09-08T17:36:00,,H2,glazen binnendeur,,,"H2","HH_door_receiver",0.0,"HH2_door_1","closed"
3317,3626,2024-09-08T17:39:02,,H3,,,,"H3","HH_door_receiver",1.0,"HH3_door_2","open"
3318,3625,2024-09-08T17:44:06,,H3,,,,"H3","HH_door_receiver",1.0,"HH3_door_1","open"
3319,3616,2024-09-08T17:45:57,,H2,glazen binnendeur,,,"H2","HH_door_receiver",0.0,"HH2_door_1","closed"
3320,3626,2024-09-08T17:48:57,,H3,,,,"H3","HH_door_receiver",1.0,"HH3_door_2","open"
3321,3625,2024-09-08T17:54:02,,H3,,,,"H3","HH_door_receiver",1.0,"HH3_door_1","open"
3322,3616,2024-09-08T17:55:51,,H2,glazen binnendeur,,,"H2","HH_door_receiver",0.0,"HH2_door_1","closed"
3323,3625,2024-09-08T18:03:58,,H3,,,,"H3","HH_door_receiver",1.0,"HH3_door_1","open"
3324,3616,2024-09-08T18:05:46,,H2,glazen binnendeur,,,"H2","HH_door_receiver",0.0,"HH2_door_1","closed"
3325,3626,2024-09-08T18:08:49,,H3,,,,"H3","HH_door_receiver",1.0,"HH3_door_2","open"
3326,3625,2024-09-08T18:13:53,,H3,,,,"H3","HH_door_receiver",1.0,"HH3_door_1","open"
3327,3616,2024-09-08T18:15:42,,H2,glazen binnendeur,,,"H2","HH_door_receiver",0.0,"HH2_door_1","closed"
3328,3626,2024-09-08T18:18:45,,H3,,,,"H3","HH_door_receiver",1.0,"HH3_door_2","open"
3329,3625,2024-09-08T18:23:48,,H3,,,,"H3","HH_door_receiver",1.0,"HH3_door_1","open"
3330,3616,2024-09-08T18:25:41,,H2,glazen binnendeur,,,"H2","HH_door_receiver",0.0,"HH2_door_1","closed"
3331,3626,2024-09-08T18:28:40,,H3,,,,"H3","HH_door_receiver",1.0,"HH3_door_2","open"
3332,3625,2024-09-08T18:33:43,,H3,,,,"H3","HH_door_receiver",1.0,"HH3_door_1","open"
3333,3616,2024-09-08T18:35:37,,H2,glazen binnendeur,,,"H2","HH_door_receiver",0.0,"HH2_door_1","closed"
3334,3626,2024-09-08T18:38:36,,H3,,,,"H3","HH_door_receiver",1.0,"HH3_door_2","open"
3335,3625,2024-09-08T18:43:37,,H3,,,,"H3","HH_door_receiver",1.0,"HH3_door_1","open"
3336,3616,2024-09-08T18:45:34,,H2,glazen binnendeur,,,"H2","HH_door_receiver",0.0,"HH2_door_1","closed"
3337,3626,2024-09-08T18:48:31,,H3,,,,"H3","HH_door_receiver",1.0,"HH3_door_2","open"
3338,3625,2024-09-08T18:53:32,,H3,,,,"H3","HH_door_receiver",1.0,"HH3_door_1","open"
3339,3616,2024-09-08T18:55:33,,H2,glazen binnendeur,,,"H2","HH_door_receiver",1.0,"HH2_door_1","open"
3340,3625,2024-09-08T19:03:28,,H3,,,,"H3","HH_door_receiver",1.0,"HH3_door_1","open"
3341,3616,2024-09-08T19:05:29,,H2,glazen binnendeur,,,"H2","HH_door_receiver",0.0,"HH2_door_1","closed"
3342,3626,2024-09-08T19:08:22,,H3,,,,"H3","HH_door_receiver",1.0,"HH3_door_2","open"
3343,3625,2024-09-08T19:13:23,,H3,,,,"H3","HH_door_receiver",1.0,"HH3_door_1","open"
3344,3616,2024-09-08T19:15:26,,H2,glazen binnendeur,,,"H2","HH_door_receiver",0.0,"HH2_door_1","closed"
3345,3626,2024-09-08T19:18:17,,H3,,,,"H3","HH_door_receiver",1.0,"HH3_door_2","open"
3346,3625,2024-09-08T19:23:18,,H3,,,,"H3","HH_door_receiver",1.0,"HH3_door_1","open"
3347,3616,2024-09-08T19:25:25,,H2,glazen binnendeur,,,"H2","HH_door_receiver",0.0,"HH2_door_1","closed"
3348,3626,2024-09-08T19:28:22,,H3,,,,"H3","HH_door_receiver",1.0,"HH3_door_2","open"
3349,3625,2024-09-08T19:33:13,,H3,,,,"H3","HH_door_receiver",1.0,"HH3_door_1","open"
3350,3626,2024-09-08T19:38:15,,H3,,,,"H3","HH_door_receiver",1.0,"HH3_door_2","open"
3351,3625,2024-09-08T19:43:08,,H3,,,,"H3","HH_door_receiver",1.0,"HH3_door_1","open"
3352,3616,2024-09-08T19:45:16,,H2,glazen binnendeur,,,"H2","HH_door_receiver",0.0,"HH2_door_1","closed"
3353,3626,2024-09-08T19:48:09,,H3,,,,"H3","HH_door_receiver",1.0,"HH3_door_2","open"
3354,3625,2024-09-08T19:53:03,,H3,,,,"H3","HH_door_receiver",1.0,"HH3_door_1","open"
3355,3626,2024-09-08T19:58:06,,H3,,,,"H3","HH_door_receiver",1.0,"HH3_door_2","open"
3356,3625,2024-09-08T20:02:57,,H3,,,,"H3","HH_door_receiver",1.0,"HH3_door_1","open"
3357,3616,2024-09-08T20:05:11,,H2,glazen binnendeur,,,"H2","HH_door_receiver",0.0,"HH2_door_1","closed"
3358,3626,2024-09-08T20:08:01,,H3,,,,"H3","HH_door_receiver",1.0,"HH3_door_2","open"
3359,3625,2024-09-08T20:12:52,,H3,,,,"H3","HH_door_receiver",1.0,"HH3_door_1","open"
3360,3616,2024-09-08T20:15:07,,H2,glazen binnendeur,,,"H2","HH_door_receiver",0.0,"HH2_door_1","closed"
3361,3626,2024-09-08T20:17:56,,H3,,,,"H3","HH_door_receiver",1.0,"HH3_door_2","open"
3362,3625,2024-09-08T20:22:46,,H3,,,,"H3","HH_door_receiver",1.0,"HH3_door_1","open"
3363,3616,2024-09-08T20:25:03,,H2,glazen binnendeur,,,"H2","HH_door_receiver",0.0,"HH2_door_1","closed"
3364,3626,2024-09-08T20:27:51,,H3,,,,"H3","HH_door_receiver",1.0,"HH3_door_2","open"
3365,3625,2024-09-08T20:32:40,,H3,,,,"H3","HH_door_receiver",1.0,"HH3_door_1","open"
3366,3626,2024-09-08T20:37:48,,H3,,,,"H3","HH_door_receiver",1.0,"HH3_door_2","open"
3367,3625,2024-09-08T20:42:36,,H3,,,,"H3","HH_door_receiver",1.0,"HH3_door_1","open"
3368,3616,2024-09-08T20:44:56,,H2,glazen binnendeur,,,"H2","HH_door_receiver",0.0,"HH2_door_1","closed"
3369,3626,2024-09-08T20:47:43,,H3,,,,"H3","HH_door_receiver",1.0,"HH3_door_2","open"
3370,3616,2024-09-08T20:54:50,,H2,glazen binnendeur,,,"H2","HH_door_receiver",0.0,"HH2_door_1","closed"
3371,3626,2024-09-08T20:57:39,,H3,,,,"H3","HH_door_receiver",1.0,"HH3_door_2","open"
3372,3625,2024-09-08T21:02:26,,H3,,,,"H3","HH_door_receiver",1.0,"HH3_door_1","open"
3373,3616,2024-09-08T21:04:46,,H2,glazen binnendeur,,,"H2","HH_door_receiver",0.0,"HH2_door_1","closed"
3374,3626,2024-09-08T21:07:34,,H3,,,,"H3","HH_door_receiver",1.0,"HH3_door_2","open"
3375,3616,2024-09-08T21:14:43,,H2,glazen binnendeur,,,"H2","HH_door_receiver",0.0,"HH2_door_1","closed"
3376,3626,2024-09-08T21:17:29,,H3,,,,"H3","HH_door_receiver",1.0,"HH3_door_2","open"
3377,3625,2024-09-08T21:22:17,,H3,,,,"H3","HH_door_receiver",1.0,"HH3_door_1","open"
3378,3616,2024-09-08T21:24:39,,H2,glazen binnendeur,,,"H2","HH_door_receiver",0.0,"HH2_door_1","closed"
3379,3626,2024-09-08T21:27:24,,H3,,,,"H3","HH_door_receiver",1.0,"HH3_door_2","open"
3380,3625,2024-09-08T21:32:12,,H3,,,,"H3","HH_door_receiver",1.0,"HH3_door_1","open"
3381,3616,2024-09-08T21:34:34,,H2,glazen binnendeur,,,"H2","HH_door_receiver",0.0,"HH2_door_1","closed"
3382,3626,2024-09-08T21:37:19,,H3,,,,"H3","HH_door_receiver",1.0,"HH3_door_2","open"
3383,3625,2024-09-08T21:42:09,,H3,,,,"H3","HH_door_receiver",1.0,"HH3_door_1","open"
3384,3616,2024-09-08T21:44:31,,H2,glazen binnendeur,,,"H2","HH_door_receiver",0.0,"HH2_door_1","closed"
3385,3626,2024-09-08T21:47:16,,H3,,,,"H3","HH_door_receiver",1.0,"HH3_door_2","open"
3386,3625,2024-09-08T21:52:04,,H3,,,,"H3","HH_door_receiver",1.0,"HH3_door_1","open"
3387,3616,2024-09-08T21:54:25,,H2,glazen binnendeur,,,"H2","HH_door_receiver",0.0,"HH2_door_1","closed"
3388,3626,2024-09-08T21:57:11,,H3,,,,"H3","HH_door_receiver",1.0,"HH3_door_2","open"
3389,3625,2024-09-08T22:01:59,,H3,,,,"H3","HH_door_receiver",1.0,"HH3_door_1","open"
3390,3616,2024-09-08T22:04:22,,H2,glazen binnendeur,,,"H2","HH_door_receiver",0.0,"HH2_door_1","closed"
3391,3626,2024-09-08T22:07:06,,H3,,,,"H3","HH_door_receiver",1.0,"HH3_door_2","open"
3392,3625,2024-09-08T22:11:54,,H3,,,,"H3","HH_door_receiver",1.0,"HH3_door_1","open"
3393,3616,2024-09-08T22:14:21,,H2,glazen binnendeur,,,"H2","HH_door_receiver",0.0,"HH2_door_1","closed"
3394,3626,2024-09-08T22:17:07,,H3,,,,"H3","HH_door_receiver",1.0,"HH3_door_2","open"
3395,3625,2024-09-08T22:21:48,,H3,,,,"H3","HH_door_receiver",1.0,"HH3_door_1","open"
3396,3616,2024-09-08T22:24:17,,H2,glazen binnendeur,,,"H2","HH_door_receiver",0.0,"HH2_door_1","closed"
3397,3626,2024-09-08T22:27:00,,H3,,,,"H3","HH_door_receiver",1.0,"HH3_door_2","open"
3398,3625,2024-09-08T22:31:43,,H3,,,,"H3","HH_door_receiver",1.0,"HH3_door_1","open"
3399,3616,2024-09-08T22:34:12,,H2,glazen binnendeur,,,"H2","HH_door_receiver",0.0,"HH2_door_1","closed"
3400,3625,2024-09-08T22:41:38,,H3,,,,"H3","HH_door_receiver",1.0,"HH3_door_1","open"
3401,3616,2024-09-08T22:44:07,,H2,glazen binnendeur,,,"H2","HH_door_receiver",0.0,"HH2_door_1","closed"
3402,3626,2024-09-08T22:46:52,,H3,,,,"H3","HH_door_receiver",1.0,"HH3_door_2","open"
3403,3625,2024-09-08T22:51:33,,H3,,,,"H3","HH_door_receiver",1.0,"HH3_door_1","open"
3404,3626,2024-09-08T22:56:48,,H3,,,,"H3","HH_door_receiver",1.0,"HH3_door_2","open"
3405,3625,2024-09-08T23:01:27,,H3,,,,"H3","HH_door_receiver",1.0,"HH3_door_1","open"
3406,3616,2024-09-08T23:04:01,,H2,glazen binnendeur,,,"H2","HH_door_receiver",0.0,"HH2_door_1","closed"
3407,3626,2024-09-08T23:06:43,,H3,,,,"H3","HH_door_receiver",1.0,"HH3_door_2","open"
3408,3625,2024-09-08T23:11:22,,H3,,,,"H3","HH_door_receiver",1.0,"HH3_door_1","open"
3409,3616,2024-09-08T23:13:58,,H2,glazen binnendeur,,,"H2","HH_door_receiver",0.0,"HH2_door_1","closed"
3410,3626,2024-09-08T23:16:38,,H3,,,,"H3","HH_door_receiver",1.0,"HH3_door_2","open"
3411,3625,2024-09-08T23:21:17,,H3,,,,"H3","HH_door_receiver",1.0,"HH3_door_1","open"
3412,3616,2024-09-08T23:23:54,,H2,glazen binnendeur,,,"H2","HH_door_receiver",0.0,"HH2_door_1","closed"
3413,3626,2024-09-08T23:26:34,,H3,,,,"H3","HH_door_receiver",1.0,"HH3_door_2","open"
3414,3625,2024-09-08T23:31:12,,H3,,,,"H3","HH_door_receiver",1.0,"HH3_door_1","open"
3415,3616,2024-09-08T23:33:50,,H2,glazen binnendeur,,,"H2","HH_door_receiver",0.0,"HH2_door_1","closed"
3416,3625,2024-09-08T23:41:10,,H3,,,,"H3","HH_door_receiver",1.0,"HH3_door_1","open"
3417,3616,2024-09-08T23:43:45,,H2,glazen binnendeur,,,"H2","HH_door_receiver",0.0,"HH2_door_1","closed"
3418,3626,2024-09-08T23:46:26,,H3,,,,"H3","HH_door_receiver",1.0,"HH3_door_2","open"
3419,3625,2024-09-08T23:51:04,,H3,,,,"H3","HH_door_receiver",1.0,"HH3_door_1","open"
3420,3616,2024-09-08T23:53:42,,H2,glazen binnendeur,,,"H2","HH_door_receiver",0.0,"HH2_door_1","closed"
3421,3626,2024-09-08T23:56:22,,H3,,,,"H3","HH_door_receiver",1.0,"HH3_door_2","open"
3422,3625,2024-09-09T00:00:59,,H3,,,,"H3","HH_door_receiver",1.0,"HH3_door_1","open"
3423,3616,2024-09-09T00:03:38,,H2,glazen binnendeur,,,"H2","HH_door_receiver",0.0,"HH2_door_1","closed"
3424,3625,2024-09-09T00:10:55,,H3,,,,"H3","HH_door_receiver",1.0,"HH3_door_1","open"
3425,3616,2024-09-09T00:13:35,,H2,glazen binnendeur,,,"H2","HH_door_receiver",0.0,"HH2_door_1","closed"
3426,3626,2024-09-09T00:16:13,,H3,,,,"H3","HH_door_receiver",1.0,"HH3_door_2","open"
3427,3616,2024-09-09T00:23:30,,H2,glazen binnendeur,,,"H2","HH_door_receiver",0.0,"HH2_door_1","closed"
3428,3626,2024-09-09T00:26:15,,H3,,,,"H3","HH_door_receiver",1.0,"HH3_door_2","open"
3429,3625,2024-09-09T00:30:46,,H3,,,,"H3","HH_door_receiver",1.0,"HH3_door_1","open"
3430,3626,2024-09-09T00:36:09,,H3,,,,"H3","HH_door_receiver",1.0,"HH3_door_2","open"
3431,3625,2024-09-09T00:40:41,,H3,,,,"H3","HH_door_receiver",1.0,"HH3_door_1","open"
3432,3616,2024-09-09T00:43:25,,H2,glazen binnendeur,,,"H2","HH_door_receiver",0.0,"HH2_door_1","closed"
3433,3626,2024-09-09T00:46:06,,H3,,,,"H3","HH_door_receiver",1.0,"HH3_door_2","open"
3434,3625,2024-09-09T00:50:36,,H3,,,,"H3","HH_door_receiver",1.0,"HH3_door_1","open"
3435,3616,2024-09-09T00:53:20,,H2,glazen binnendeur,,,"H2","HH_door_receiver",0.0,"HH2_door_1","closed"
3436,3625,2024-09-09T01:00:30,,H3,,,,"H3","HH_door_receiver",1.0,"HH3_door_1","open"
3437,3626,2024-09-09T01:05:57,,H3,,,,"H3","HH_door_receiver",1.0,"HH3_door_2","open"
3438,3625,2024-09-09T01:10:26,,H3,,,,"H3","HH_door_receiver",1.0,"HH3_door_1","open"
3439,3616,2024-09-09T01:13:13,,H2,glazen binnendeur,,,"H2","HH_door_receiver",0.0,"HH2_door_1","closed"
3440,3626,2024-09-09T01:15:53,,H3,,,,"H3","HH_door_receiver",1.0,"HH3_door_2","open"
3441,3625,2024-09-09T01:20:21,,H3,,,,"H3","HH_door_receiver",1.0,"HH3_door_1","open"
3442,3626,2024-09-09T01:25:49,,H3,,,,"H3","HH_door_receiver",1.0,"HH3_door_2","open"
3443,3625,2024-09-09T01:30:19,,H3,,,,"H3","HH_door_receiver",1.0,"HH3_door_1","open"
3444,3616,2024-09-09T01:33:05,,H2,glazen binnendeur,,,"H2","HH_door_receiver",0.0,"HH2_door_1","closed"
3445,3626,2024-09-09T01:35:45,,H3,,,,"H3","HH_door_receiver",1.0,"HH3_door_2","open"
3446,3625,2024-09-09T01:40:23,,H3,,,,"H3","HH_door_receiver",1.0,"HH3_door_1","open"
3447,3616,2024-09-09T01:43:00,,H2,glazen binnendeur,,,"H2","HH_door_receiver",0.0,"HH2_door_1","closed"
3448,3626,2024-09-09T01:45:40,,H3,,,,"H3","HH_door_receiver",1.0,"HH3_door_2","open"
3449,3625,2024-09-09T01:50:15,,H3,,,,"H3","HH_door_receiver",1.0,"HH3_door_1","open"
3450,3616,2024-09-09T01:52:56,,H2,glazen binnendeur,,,"H2","HH_door_receiver",0.0,"HH2_door_1","closed"
3451,3626,2024-09-09T01:55:36,,H3,,,,"H3","HH_door_receiver",1.0,"HH3_door_2","open"
3452,3616,2024-09-09T02:02:53,,H2,glazen binnendeur,,,"H2","HH_door_receiver",0.0,"HH2_door_1","closed"
3453,3626,2024-09-09T02:05:32,,H3,,,,"H3","HH_door_receiver",1.0,"HH3_door_2","open"
3454,3625,2024-09-09T02:10:06,,H3,,,,"H3","HH_door_receiver",1.0,"HH3_door_1","open"
3455,3616,2024-09-09T02:12:52,,H2,glazen binnendeur,,,"H2","HH_door_receiver",0.0,"HH2_door_1","closed"
3456,3626,2024-09-09T02:15:28,,H3,,,,"H3","HH_door_receiver",1.0,"HH3_door_2","open"
3457,3616,2024-09-09T02:22:48,,H2,glazen binnendeur,,,"H2","HH_door_receiver",0.0,"HH2_door_1","closed"
3458,3626,2024-09-09T02:25:25,,H3,,,,"H3","HH_door_receiver",1.0,"HH3_door_2","open"
3459,3616,2024-09-09T02:32:45,,H2,glazen binnendeur,,,"H2","HH_door_receiver",0.0,"HH2_door_1","closed"
3460,3626,2024-09-09T02:35:21,,H3,,,,"H3","HH_door_receiver",1.0,"HH3_door_2","open"
3461,3616,2024-09-09T02:42:41,,H2,glazen binnendeur,,,"H2","HH_door_receiver",0.0,"HH2_door_1","closed"
3462,3626,2024-09-09T02:45:17,,H3,,,,"H3","HH_door_receiver",1.0,"HH3_door_2","open"
3463,3625,2024-09-09T02:49:48,,H3,,,,"H3","HH_door_receiver",1.0,"HH3_door_1","open"
3464,3626,2024-09-09T02:55:13,,H3,,,,"H3","HH_door_receiver",1.0,"HH3_door_2","open"
3465,3625,2024-09-09T02:59:43,,H3,,,,"H3","HH_door_receiver",1.0,"HH3_door_1","open"
3466,3616,2024-09-09T03:02:35,,H2,glazen binnendeur,,,"H2","HH_door_receiver",0.0,"HH2_door_1","closed"
3467,3626,2024-09-09T03:05:09,,H3,,,,"H3","HH_door_receiver",1.0,"HH3_door_2","open"
3468,3616,2024-09-09T03:12:32,,H2,glazen binnendeur,,,"H2","HH_door_receiver",0.0,"HH2_door_1","closed"
3469,3626,2024-09-09T03:15:04,,H3,,,,"H3","HH_door_receiver",1.0,"HH3_door_2","open"
3470,3625,2024-09-09T03:19:34,,H3,,,,"H3","HH_door_receiver",1.0,"HH3_door_1","open"
3471,3616,2024-09-09T03:22:27,,H2,glazen binnendeur,,,"H2","HH_door_receiver",0.0,"HH2_door_1","closed"
3472,3626,2024-09-09T03:24:59,,H3,,,,"H3","HH_door_receiver",1.0,"HH3_door_2","open"
3473,3625,2024-09-09T03:29:29,,H3,,,,"H3","HH_door_receiver",1.0,"HH3_door_1","open"
3474,3616,2024-09-09T03:32:22,,H2,glazen binnendeur,,,"H2","HH_door_receiver",0.0,"HH2_door_1","closed"
3475,3626,2024-09-09T03:34:54,,H3,,,,"H3","HH_door_receiver",1.0,"HH3_door_2","open"
3476,3616,2024-09-09T03:42:23,,H2,glazen binnendeur,,,"H2","HH_door_receiver",0.0,"HH2_door_1","closed"
3477,3625,2024-09-09T03:49:22,,H3,,,,"H3","HH_door_receiver",1.0,"HH3_door_1","open"
3478,3616,2024-09-09T03:52:18,,H2,glazen binnendeur,,,"H2","HH_door_receiver",0.0,"HH2_door_1","closed"
3479,3625,2024-09-09T03:59:16,,H3,,,,"H3","HH_door_receiver",1.0,"HH3_door_1","open"
3480,3616,2024-09-09T04:02:16,,H2,glazen binnendeur,,,"H2","HH_door_receiver",0.0,"HH2_door_1","closed"
3481,3626,2024-09-09T04:04:45,,H3,,,,"H3","HH_door_receiver",1.0,"HH3_door_2","open"
3482,3625,2024-09-09T04:09:12,,H3,,,,"H3","HH_door_receiver",1.0,"HH3_door_1","open"
3483,3616,2024-09-09T04:12:10,,H2,glazen binnendeur,,,"H2","HH_door_receiver",0.0,"HH2_door_1","closed"
3484,3626,2024-09-09T04:14:40,,H3,,,,"H3","HH_door_receiver",1.0,"HH3_door_2","open"
3485,3625,2024-09-09T04:19:07,,H3,,,,"H3","HH_door_receiver",1.0,"HH3_door_1","open"
3486,3616,2024-09-09T04:22:08,,H2,glazen binnendeur,,,"H2","HH_door_receiver",0.0,"HH2_door_1","closed"
3487,3626,2024-09-09T04:24:36,,H3,,,,"H3","HH_door_receiver",1.0,"HH3_door_2","open"
3488,3625,2024-09-09T04:29:02,,H3,,,,"H3","HH_door_receiver",1.0,"HH3_door_1","open"
3489,3616,2024-09-09T04:32:07,,H2,glazen binnendeur,,,"H2","HH_door_receiver",0.0,"HH2_door_1","closed"
3490,3625,2024-09-09T04:38:57,,H3,,,,"H3","HH_door_receiver",1.0,"HH3_door_1","open"
3491,3616,2024-09-09T04:42:01,,H2,glazen binnendeur,,,"H2","HH_door_receiver",0.0,"HH2_door_1","closed"
3492,3626,2024-09-09T04:44:27,,H3,,,,"H3","HH_door_receiver",1.0,"HH3_door_2","open"
3493,3625,2024-09-09T04:48:52,,H3,,,,"H3","HH_door_receiver",1.0,"HH3_door_1","open"
3494,3616,2024-09-09T04:51:58,,H2,glazen binnendeur,,,"H2","HH_door_receiver",0.0,"HH2_door_1","closed"
3495,3626,2024-09-09T04:54:22,,H3,,,,"H3","HH_door_receiver",1.0,"HH3_door_2","open"
3496,3625,2024-09-09T04:58:46,,H3,,,,"H3","HH_door_receiver",1.0,"HH3_door_1","open"
3497,3616,2024-09-09T05:01:55,,H2,glazen binnendeur,,,"H2","HH_door_receiver",0.0,"HH2_door_1","closed"
3498,3626,2024-09-09T05:04:18,,H3,,,,"H3","HH_door_receiver",1.0,"HH3_door_2","open"
3499,3625,2024-09-09T05:08:41,,H3,,,,"H3","HH_door_receiver",1.0,"HH3_door_1","open"
3500,3616,2024-09-09T05:11:53,,H2,glazen binnendeur,,,"H2","HH_door_receiver",0.0,"HH2_door_1","closed"
3501,3626,2024-09-09T05:14:13,,H3,,,,"H3","HH_door_receiver",1.0,"HH3_door_2","open"
3502,3625,2024-09-09T05:18:35,,H3,,,,"H3","HH_door_receiver",1.0,"HH3_door_1","open"
3503,3616,2024-09-09T05:21:47,,H2,glazen binnendeur,,,"H2","HH_door_receiver",0.0,"HH2_door_1","closed"
3504,3626,2024-09-09T05:24:09,,H3,,,,"H3","HH_door_receiver",1.0,"HH3_door_2","open"
3505,3625,2024-09-09T05:28:31,,H3,,,,"H3","HH_door_receiver",1.0,"HH3_door_1","open"
3506,3626,2024-09-09T05:34:05,,H3,,,,"H3","HH_door_receiver",1.0,"HH3_door_2","open"
3507,3625,2024-09-09T05:38:26,,H3,,,,"H3","HH_door_receiver",1.0,"HH3_door_1","open"
3508,3616,2024-09-09T05:41:39,,H2,glazen binnendeur,,,"H2","HH_door_receiver",0.0,"HH2_door_1","closed"
3509,3626,2024-09-09T05:44:00,,H3,,,,"H3","HH_door_receiver",1.0,"HH3_door_2","open"
3510,3625,2024-09-09T05:48:21,,H3,,,,"H3","HH_door_receiver",1.0,"HH3_door_1","open"
3511,3616,2024-09-09T05:51:36,,H2,glazen binnendeur,,,"H2","HH_door_receiver",0.0,"HH2_door_1","closed"
3512,3626,2024-09-09T05:53:56,,H3,,,,"H3","HH_door_receiver",1.0,"HH3_door_2","open"
3513,3616,2024-09-09T06:01:32,,H2,glazen binnendeur,,,"H2","HH_door_receiver",0.0,"HH2_door_1","closed"
3514,3616,2024-09-09T06:11:28,,H2,glazen binnendeur,,,"H2","HH_door_receiver",0.0,"HH2_door_1","closed"
3515,3626,2024-09-09T06:13:48,,H3,,,,"H3","HH_door_receiver",1.0,"HH3_door_2","open"
3516,3625,2024-09-09T06:18:07,,H3,,,,"H3","HH_door_receiver",1.0,"HH3_door_1","open"
3517,3616,2024-09-09T06:21:23,,H2,glazen binnendeur,,,"H2","HH_door_receiver",0.0,"HH2_door_1","closed"
3518,3626,2024-09-09T06:23:43,,H3,,,,"H3","HH_door_receiver",1.0,"HH3_door_2","open"
3519,3625,2024-09-09T06:28:02,,H3,,,,"H3","HH_door_receiver",1.0,"HH3_door_1","open"
3520,3616,2024-09-09T06:31:21,,H2,glazen binnendeur,,,"H2","HH_door_receiver",0.0,"HH2_door_1","closed"
3521,3626,2024-09-09T06:33:38,,H3,,,,"H3","HH_door_receiver",1.0,"HH3_door_2","open"
3522,3625,2024-09-09T06:37:58,,H3,,,,"H3","HH_door_receiver",1.0,"HH3_door_1","open"
3523,3616,2024-09-09T06:41:17,,H2,glazen binnendeur,,,"H2","HH_door_receiver",0.0,"HH2_door_1","closed"
3524,3626,2024-09-09T06:43:32,,H3,,,,"H3","HH_door_receiver",1.0,"HH3_door_2","open"
3525,3625,2024-09-09T06:47:52,,H3,,,,"H3","HH_door_receiver",1.0,"HH3_door_1","open"
3526,3616,2024-09-09T06:51:16,,H2,glazen binnendeur,,,"H2","HH_door_receiver",0.0,"HH2_door_1","closed"
3527,3626,2024-09-09T06:53:28,,H3,,,,"H3","HH_door_receiver",1.0,"HH3_door_2","open"
3528,3616,2024-09-09T07:01:11,,H2,glazen binnendeur,,,"H2","HH_door_receiver",0.0,"HH2_door_1","closed"
3529,3626,2024-09-09T07:03:23,,H3,,,,"H3","HH_door_receiver",0.0,"HH3_door_2","closed"
3530,3625,2024-09-09T07:07:42,,H3,,,,"H3","HH_door_receiver",1.0,"HH3_door_1","open"
3531,3616,2024-09-09T07:11:18,,H2,glazen binnendeur,,,"H2","HH_door_receiver",0.0,"HH2_door_1","closed"
3532,3626,2024-09-09T07:13:20,,H3,,,,"H3","HH_door_receiver",1.0,"HH3_door_2","open"
3533,3616,2024-09-09T07:21:12,,H2,glazen binnendeur,,,"H2","HH_door_receiver",1.0,"HH2_door_1","open"
3534,3626,2024-09-09T07:23:15,,H3,,,,"H3","HH_door_receiver",1.0,"HH3_door_2","open"
3535,3625,2024-09-09T07:27:31,,H3,,,,"H3","HH_door_receiver",1.0,"HH3_door_1","open"
3536,3616,2024-09-09T07:31:08,,H2,glazen binnendeur,,,"H2","HH_door_receiver",1.0,"HH2_door_1","open"
3537,3626,2024-09-09T07:33:11,,H3,,,,"H3","HH_door_receiver",1.0,"HH3_door_2","open"
3538,3625,2024-09-09T07:37:26,,H3,,,,"H3","HH_door_receiver",1.0,"HH3_door_1","open"
3539,3616,2024-09-09T07:41:04,,H2,glazen binnendeur,,,"H2","HH_door_receiver",1.0,"HH2_door_1","open"
3540,3625,2024-09-09T07:47:21,,H3,,,,"H3","HH_door_receiver",1.0,"HH3_door_1","open"
3541,3616,2024-09-09T07:51:00,,H2,glazen binnendeur,,,"H2","HH_door_receiver",1.0,"HH2_door_1","open"
3542,3626,2024-09-09T07:53:03,,H3,,,,"H3","HH_door_receiver",1.0,"HH3_door_2","open"
3543,3625,2024-09-09T07:57:17,,H3,,,,"H3","HH_door_receiver",1.0,"HH3_door_1","open"
3544,3616,2024-09-09T08:00:54,,H2,glazen binnendeur,,,"H2","HH_door_receiver",1.0,"HH2_door_1","open"
3545,3626,2024-09-09T08:02:58,,H3,,,,"H3","HH_door_receiver",1.0,"HH3_door_2","open"
3546,3625,2024-09-09T08:07:11,,H3,,,,"H3","HH_door_receiver",1.0,"HH3_door_1","open"
3547,3616,2024-09-09T08:10:54,,H2,glazen binnendeur,,,"H2","HH_door_receiver",1.0,"HH2_door_1","open"
3548,3626,2024-09-09T08:12:52,,H3,,,,"H3","HH_door_receiver",1.0,"HH3_door_2","open"
3549,3616,2024-09-09T08:20:49,,H2,glazen binnendeur,,,"H2","HH_door_receiver",0.0,"HH2_door_1","closed"
3550,3626,2024-09-09T08:22:48,,H3,,,,"H3","HH_door_receiver",1.0,"HH3_door_2","open"
3551,3625,2024-09-09T08:27:03,,H3,,,,"H3","HH_door_receiver",1.0,"HH3_door_1","open"
3552,3616,2024-09-09T08:30:48,,H2,glazen binnendeur,,,"H2","HH_door_receiver",0.0,"HH2_door_1","closed"
3553,3626,2024-09-09T08:32:44,,H3,,,,"H3","HH_door_receiver",1.0,"HH3_door_2","open"
3554,3625,2024-09-09T08:36:59,,H3,,,,"H3","HH_door_receiver",1.0,"HH3_door_1","open"
3555,3616,2024-09-09T08:40:45,,H2,glazen binnendeur,,,"H2","HH_door_receiver",0.0,"HH2_door_1","closed"
3556,3626,2024-09-09T08:42:40,,H3,,,,"H3","HH_door_receiver",1.0,"HH3_door_2","open"
3557,3625,2024-09-09T08:46:57,,H3,,,,"H3","HH_door_receiver",1.0,"HH3_door_1","open"
3558,3616,2024-09-09T08:50:40,,H2,glazen binnendeur,,,"H2","HH_door_receiver",0.0,"HH2_door_1","closed"
3559,3626,2024-09-09T08:52:36,,H3,,,,"H3","HH_door_receiver",1.0,"HH3_door_2","open"
3560,3616,2024-09-09T09:00:39,,H2,glazen binnendeur,,,"H2","HH_door_receiver",0.0,"HH2_door_1","closed"
3561,3626,2024-09-09T09:02:32,,H3,,,,"H3","HH_door_receiver",1.0,"HH3_door_2","open"
3562,3625,2024-09-09T09:06:48,,H3,,,,"H3","HH_door_receiver",1.0,"HH3_door_1","open"
3563,3616,2024-09-09T09:10:44,,H2,glazen binnendeur,,,"H2","HH_door_receiver",0.0,"HH2_door_1","closed"
3564,3626,2024-09-09T09:12:28,,H3,,,,"H3","HH_door_receiver",1.0,"HH3_door_2","open"
3565,3625,2024-09-09T09:16:43,,H3,,,,"H3","HH_door_receiver",1.0,"HH3_door_1","open"
3566,3616,2024-09-09T09:20:42,,H2,glazen binnendeur,,,"H2","HH_door_receiver",0.0,"HH2_door_1","closed"
3567,3626,2024-09-09T09:22:23,,H3,,,,"H3","HH_door_receiver",1.0,"HH3_door_2","open"
3568,3625,2024-09-09T09:26:37,,H3,,,,"H3","HH_door_receiver",1.0,"HH3_door_1","open"
3569,3616,2024-09-09T09:30:38,,H2,glazen binnendeur,,,"H2","HH_door_receiver",0.0,"HH2_door_1","closed"
3570,3626,2024-09-09T09:32:19,,H3,,,,"H3","HH_door_receiver",1.0,"HH3_door_2","open"
3571,3625,2024-09-09T09:36:33,,H3,,,,"H3","HH_door_receiver",1.0,"HH3_door_1","open"
3572,3616,2024-09-09T09:40:33,,H2,glazen binnendeur,,,"H2","HH_door_receiver",0.0,"HH2_door_1","closed"
3573,3626,2024-09-09T09:42:15,,H3,,,,"H3","HH_door_receiver",1.0,"HH3_door_2","open"
3574,3625,2024-09-09T09:46:27,,H3,,,,"H3","HH_door_receiver",1.0,"HH3_door_1","open"
3575,3616,2024-09-09T09:50:28,,H2,glazen binnendeur,,,"H2","HH_door_receiver",0.0,"HH2_door_1","closed"
3576,3626,2024-09-09T09:52:11,,H3,,,,"H3","HH_door_receiver",1.0,"HH3_door_2","open"
3577,3625,2024-09-09T09:56:22,,H3,,,,"H3","HH_door_receiver",1.0,"HH3_door_1","open"
3578,3616,2024-09-09T10:00:26,,H2,glazen binnendeur,,,"H2","HH_door_receiver",0.0,"HH2_door_1","closed"
3579,3626,2024-09-09T10:02:06,,H3,,,,"H3","HH_door_receiver",1.0,"HH3_door_2","open"
3580,3625,2024-09-09T10:06:16,,H3,,,,"H3","HH_door_receiver",1.0,"HH3_door_1","open"
3581,3616,2024-09-09T10:10:23,,H2,glazen binnendeur,,,"H2","HH_door_receiver",0.0,"HH2_door_1","closed"
3582,3626,2024-09-09T10:12:04,,H3,,,,"H3","HH_door_receiver",1.0,"HH3_door_2","open"
3583,3625,2024-09-09T10:16:11,,H3,,,,"H3","HH_door_receiver",1.0,"HH3_door_1","open"
3584,3616,2024-09-09T10:20:19,,H2,glazen binnendeur,,,"H2","HH_door_receiver",0.0,"HH2_door_1","closed"
3585,3626,2024-09-09T10:21:57,,H3,,,,"H3","HH_door_receiver",1.0,"HH3_door_2","open"
3586,3625,2024-09-09T10:26:06,,H3,,,,"H3","HH_door_receiver",1.0,"HH3_door_1","open"
3587,3616,2024-09-09T10:30:15,,H2,glazen binnendeur,,,"H2","HH_door_receiver",0.0,"HH2_door_1","closed"
3588,3626,2024-09-09T10:31:52,,H3,,,,"H3","HH_door_receiver",1.0,"HH3_door_2","open"
3589,3625,2024-09-09T10:36:05,,H3,,,,"H3","HH_door_receiver",1.0,"HH3_door_1","open"
3590,3616,2024-09-09T10:40:09,,H2,glazen binnendeur,,,"H2","HH_door_receiver",0.0,"HH2_door_1","closed"
3591,3626,2024-09-09T10:41:48,,H3,,,,"H3","HH_door_receiver",1.0,"HH3_door_2","open"
3592,3625,2024-09-09T10:46:00,,H3,,,,"H3","HH_door_receiver",1.0,"HH3_door_1","open"
3593,3616,2024-09-09T10:50:04,,H2,glazen binnendeur,,,"H2","HH_door_receiver",0.0,"HH2_door_1","closed"
3594,3626,2024-09-09T10:51:44,,H3,,,,"H3","HH_door_receiver",1.0,"HH3_door_2","open"
3595,3625,2024-09-09T10:55:55,,H3,,,,"H3","HH_door_receiver",1.0,"HH3_door_1","open"
3596,3616,2024-09-09T10:59:59,,H2,glazen binnendeur,,,"H2","HH_door_receiver",0.0,"HH2_door_1","closed"
3597,3626,2024-09-09T11:01:40,,H3,,,,"H3","HH_door_receiver",1.0,"HH3_door_2","open"
3598,3625,2024-09-09T11:05:51,,H3,,,,"H3","HH_door_receiver",1.0,"HH3_door_1","open"
3599,3616,2024-09-09T11:09:58,,H2,glazen binnendeur,,,"H2","HH_door_receiver",0.0,"HH2_door_1","closed"
3600,3626,2024-09-09T11:11:36,,H3,,,,"H3","HH_door_receiver",1.0,"HH3_door_2","open"
3601,3625,2024-09-09T11:15:46,,H3,,,,"H3","HH_door_receiver",1.0,"HH3_door_1","open"
3602,3616,2024-09-09T11:19:52,,H2,glazen binnendeur,,,"H2","HH_door_receiver",0.0,"HH2_door_1","closed"
3603,3626,2024-09-09T11:21:32,,H3,,,,"H3","HH_door_receiver",1.0,"HH3_door_2","open"
3604,3625,2024-09-09T11:25:42,,H3,,,,"H3","HH_door_receiver",1.0,"HH3_door_1","open"
3605,3616,2024-09-09T11:29:47,,H2,glazen binnendeur,,,"H2","HH_door_receiver",0.0,"HH2_door_1","closed"
3606,3626,2024-09-09T11:31:31,,H3,,,,"H3","HH_door_receiver",1.0,"HH3_door_2","open"
3607,3625,2024-09-09T11:35:37,,H3,,,,"H3","HH_door_receiver",1.0,"HH3_door_1","open"
3608,3616,2024-09-09T11:39:44,,H2,glazen binnendeur,,,"H2","HH_door_receiver",0.0,"HH2_door_1","closed"
3609,3625,2024-09-09T11:45:32,,H3,,,,"H3","HH_door_receiver",1.0,"HH3_door_1","open"
3610,3616,2024-09-09T11:49:41,,H2,glazen binnendeur,,,"H2","HH_door_receiver",0.0,"HH2_door_1","closed"
3611,3626,2024-09-09T11:51:23,,H3,,,,"H3","HH_door_receiver",1.0,"HH3_door_2","open"
3612,3625,2024-09-09T11:55:27,,H3,,,,"H3","HH_door_receiver",1.0,"HH3_door_1","open"
3613,3616,2024-09-09T11:59:39,,H2,glazen binnendeur,,,"H2","HH_door_receiver",0.0,"HH2_door_1","closed"
3614,3626,2024-09-09T12:01:18,,H3,,,,"H3","HH_door_receiver",1.0,"HH3_door_2","open"
3615,3625,2024-09-09T12:05:23,,H3,,,,"H3","HH_door_receiver",1.0,"HH3_door_1","open"
3616,3616,2024-09-09T12:09:36,,H2,glazen binnendeur,,,"H2","HH_door_receiver",0.0,"HH2_door_1","closed"
3617,3626,2024-09-09T12:11:15,,H3,,,,"H3","HH_door_receiver",1.0,"HH3_door_2","open"
3618,3625,2024-09-09T12:15:17,,H3,,,,"H3","HH_door_receiver",1.0,"HH3_door_1","open"
3619,3616,2024-09-09T12:19:30,,H2,glazen binnendeur,,,"H2","HH_door_receiver",0.0,"HH2_door_1","closed"
3620,3626,2024-09-09T12:21:10,,H3,,,,"H3","HH_door_receiver",1.0,"HH3_door_2","open"
3621,3625,2024-09-09T12:25:12,,H3,,,,"H3","HH_door_receiver",1.0,"HH3_door_1","open"
3622,3616,2024-09-09T12:29:29,,H2,glazen binnendeur,,,"H2","HH_door_receiver",0.0,"HH2_door_1","closed"
3623,3626,2024-09-09T12:31:06,,H3,,,,"H3","HH_door_receiver",1.0,"HH3_door_2","open"
3624,3625,2024-09-09T12:35:06,,H3,,,,"H3","HH_door_receiver",1.0,"HH3_door_1","open"
3625,3616,2024-09-09T12:39:24,,H2,glazen binnendeur,,,"H2","HH_door_receiver",0.0,"HH2_door_1","closed"
3626,3626,2024-09-09T12:41:01,,H3,,,,"H3","HH_door_receiver",1.0,"HH3_door_2","open"
3627,3625,2024-09-09T12:45:00,,H3,,,,"H3","HH_door_receiver",1.0,"HH3_door_1","open"
3628,3616,2024-09-09T12:49:22,,H2,glazen binnendeur,,,"H2","HH_door_receiver",0.0,"HH2_door_1","closed"
3629,3626,2024-09-09T12:50:57,,H3,,,,"H3","HH_door_receiver",1.0,"HH3_door_2","open"
3630,3625,2024-09-09T12:54:54,,H3,,,,"H3","HH_door_receiver",1.0,"HH3_door_1","open"
3631,3616,2024-09-09T12:59:18,,H2,glazen binnendeur,,,"H2","HH_door_receiver",0.0,"HH2_door_1","closed"
3632,3626,2024-09-09T13:00:52,,H3,,,,"H3","HH_door_receiver",1.0,"HH3_door_2","open"
3633,3625,2024-09-09T13:04:49,,H3,,,,"H3","HH_door_receiver",1.0,"HH3_door_1","open"
3634,3626,2024-09-09T13:10:48,,H3,,,,"H3","HH_door_receiver",1.0,"HH3_door_2","open"
3635,3625,2024-09-09T13:14:44,,H3,,,,"H3","HH_door_receiver",1.0,"HH3_door_1","open"
3636,3616,2024-09-09T13:19:10,,H2,glazen binnendeur,,,"H2","HH_door_receiver",0.0,"HH2_door_1","closed"
3637,3616,2024-09-09T13:19:22,,H2,glazen binnendeur,,,"H2","HH_door_receiver",0.0,"HH2_door_1","closed"
3638,3626,2024-09-09T13:20:43,,H3,,,,"H3","HH_door_receiver",1.0,"HH3_door_2","open"
3639,3625,2024-09-09T13:24:39,,H3,,,,"H3","HH_door_receiver",1.0,"HH3_door_1","open"
3640,3616,2024-09-09T13:29:17,,H2,glazen binnendeur,,,"H2","HH_door_receiver",0.0,"HH2_door_1","closed"
3641,3626,2024-09-09T13:30:39,,H3,,,,"H3","HH_door_receiver",1.0,"HH3_door_2","open"
3642,3625,2024-09-09T13:34:34,,H3,,,,"H3","HH_door_receiver",1.0,"HH3_door_1","open"
3643,3616,2024-09-09T13:39:11,,H2,glazen binnendeur,,,"H2","HH_door_receiver",0.0,"HH2_door_1","closed"
3644,3625,2024-09-09T13:44:30,,H3,,,,"H3","HH_door_receiver",1.0,"HH3_door_1","open"
3645,3616,2024-09-09T13:49:08,,H2,glazen binnendeur,,,"H2","HH_door_receiver",0.0,"HH2_door_1","closed"
3646,3626,2024-09-09T13:50:29,,H3,,,,"H3","HH_door_receiver",1.0,"HH3_door_2","open"
3647,3625,2024-09-09T13:54:25,,H3,,,,"H3","HH_door_receiver",1.0,"HH3_door_1","open"
3648,3616,2024-09-09T13:59:05,,H2,glazen binnendeur,,,"H2","HH_door_receiver",0.0,"HH2_door_1","closed"
3649,3625,2024-09-09T14:04:20,,H3,,,,"H3","HH_door_receiver",1.0,"HH3_door_1","open"
3650,3616,2024-09-09T14:09:01,,H2,glazen binnendeur,,,"H2","HH_door_receiver",0.0,"HH2_door_1","closed"
3651,3626,2024-09-09T14:10:22,,H3,,,,"H3","HH_door_receiver",1.0,"HH3_door_2","open"
3652,3625,2024-09-09T14:14:15,,H3,,,,"H3","HH_door_receiver",1.0,"HH3_door_1","open"
3653,3616,2024-09-09T14:18:56,,H2,glazen binnendeur,,,"H2","HH_door_receiver",0.0,"HH2_door_1","closed"
3654,3626,2024-09-09T14:20:18,,H3,,,,"H3","HH_door_receiver",1.0,"HH3_door_2","open"
3655,3625,2024-09-09T14:24:12,,H3,,,,"H3","HH_door_receiver",1.0,"HH3_door_1","open"
3656,3616,2024-09-09T15:28:30,,H2,glazen binnendeur,,,"H2","HH_door_receiver",0.0,"HH2_door_1","closed"
3657,3625,2024-09-09T15:43:39,,H3,,,,"H3","HH_door_receiver",1.0,"HH3_door_1","open"
3658,3616,2024-09-09T15:48:27,,H2,glazen binnendeur,,,"H2","HH_door_receiver",0.0,"HH2_door_1","closed"
3659,3626,2024-09-09T15:49:44,,H3,,,,"H3","HH_door_receiver",1.0,"HH3_door_2","open"
3660,3625,2024-09-09T15:53:33,,H3,,,,"H3","HH_door_receiver",1.0,"HH3_door_1","open"
3661,3616,2024-09-09T15:58:23,,H2,glazen binnendeur,,,"H2","HH_door_receiver",0.0,"HH2_door_1","closed"
3662,3626,2024-09-09T15:59:40,,H3,,,,"H3","HH_door_receiver",1.0,"HH3_door_2","open"
3663,3625,2024-09-09T16:03:27,,H3,,,,"H3","HH_door_receiver",1.0,"HH3_door_1","open"
3664,3616,2024-09-09T16:08:20,,H2,glazen binnendeur,,,"H2","HH_door_receiver",0.0,"HH2_door_1","closed"
3665,3626,2024-09-09T16:09:35,,H3,,,,"H3","HH_door_receiver",1.0,"HH3_door_2","open"
3666,3625,2024-09-09T16:13:21,,H3,,,,"H3","HH_door_receiver",1.0,"HH3_door_1","open"
3667,3616,2024-09-09T16:18:17,,H2,glazen binnendeur,,,"H2","HH_door_receiver",0.0,"HH2_door_1","closed"
3668,3626,2024-09-09T16:19:30,,H3,,,,"H3","HH_door_receiver",1.0,"HH3_door_2","open"
3669,3625,2024-09-09T16:23:19,,H3,,,,"H3","HH_door_receiver",1.0,"HH3_door_1","open"
3670,3616,2024-09-09T16:28:14,,H2,glazen binnendeur,,,"H2","HH_door_receiver",0.0,"HH2_door_1","closed"
3671,3626,2024-09-09T16:29:26,,H3,,,,"H3","HH_door_receiver",1.0,"HH3_door_2","open"
3672,3625,2024-09-09T16:33:14,,H3,,,,"H3","HH_door_receiver",1.0,"HH3_door_1","open"
3673,3616,2024-09-09T16:38:12,,H2,glazen binnendeur,,,"H2","HH_door_receiver",0.0,"HH2_door_1","closed"
3674,3626,2024-09-09T16:39:22,,H3,,,,"H3","HH_door_receiver",1.0,"HH3_door_2","open"
3675,3625,2024-09-09T16:43:09,,H3,,,,"H3","HH_door_receiver",1.0,"HH3_door_1","open"
3676,3616,2024-09-09T16:48:11,,H2,glazen binnendeur,,,"H2","HH_door_receiver",0.0,"HH2_door_1","closed"
3677,3626,2024-09-09T16:49:18,,H3,,,,"H3","HH_door_receiver",1.0,"HH3_door_2","open"
3678,3625,2024-09-09T16:53:03,,H3,,,,"H3","HH_door_receiver",1.0,"HH3_door_1","open"
3679,3616,2024-09-09T16:58:05,,H2,glazen binnendeur,,,"H2","HH_door_receiver",0.0,"HH2_door_1","closed"
3680,3626,2024-09-09T16:59:13,,H3,,,,"H3","HH_door_receiver",1.0,"HH3_door_2","open"
3681,3625,2024-09-09T17:02:59,,H3,,,,"H3","HH_door_receiver",1.0,"HH3_door_1","open"
3682,3616,2024-09-09T17:08:02,,H2,glazen binnendeur,,,"H2","HH_door_receiver",0.0,"HH2_door_1","closed"
3683,3626,2024-09-09T17:09:08,,H3,,,,"H3","HH_door_receiver",1.0,"HH3_door_2","open"
3684,3616,2024-09-09T17:18:00,,H2,glazen binnendeur,,,"H2","HH_door_receiver",0.0,"HH2_door_1","closed"
3685,3626,2024-09-09T17:19:04,,H3,,,,"H3","HH_door_receiver",1.0,"HH3_door_2","open"
3686,3625,2024-09-09T17:22:49,,H3,,,,"H3","HH_door_receiver",1.0,"HH3_door_1","open"
3687,3616,2024-09-09T17:27:54,,H2,glazen binnendeur,,,"H2","HH_door_receiver",1.0,"HH2_door_1","open"
3688,3626,2024-09-09T17:29:00,,H3,,,,"H3","HH_door_receiver",1.0,"HH3_door_2","open"
3689,3625,2024-09-09T17:32:44,,H3,,,,"H3","HH_door_receiver",1.0,"HH3_door_1","open"
3690,3616,2024-09-09T17:37:51,,H2,glazen binnendeur,,,"H2","HH_door_receiver",1.0,"HH2_door_1","open"
3691,3626,2024-09-09T17:38:56,,H3,,,,"H3","HH_door_receiver",1.0,"HH3_door_2","open"
3692,3625,2024-09-09T17:42:39,,H3,,,,"H3","HH_door_receiver",1.0,"HH3_door_1","open"
3693,3616,2024-09-09T17:47:46,,H2,glazen binnendeur,,,"H2","HH_door_receiver",1.0,"HH2_door_1","open"
3694,3626,2024-09-09T17:48:52,,H3,,,,"H3","HH_door_receiver",1.0,"HH3_door_2","open"
3695,3625,2024-09-09T17:52:34,,H3,,,,"H3","HH_door_receiver",1.0,"HH3_door_1","open"
3696,3616,2024-09-09T17:57:41,,H2,glazen binnendeur,,,"H2","HH_door_receiver",0.0,"HH2_door_1","closed"
3697,3626,2024-09-09T17:58:48,,H3,,,,"H3","HH_door_receiver",1.0,"HH3_door_2","open"
3698,3625,2024-09-09T18:02:30,,H3,,,,"H3","HH_door_receiver",1.0,"HH3_door_1","open"
3699,3616,2024-09-09T18:07:36,,H2,glazen binnendeur,,,"H2","HH_door_receiver",0.0,"HH2_door_1","closed"
3700,3626,2024-09-09T18:08:44,,H3,,,,"H3","HH_door_receiver",1.0,"HH3_door_2","open"
3701,3625,2024-09-09T18:12:24,,H3,,,,"H3","HH_door_receiver",1.0,"HH3_door_1","open"
3702,3616,2024-09-09T18:17:31,,H2,glazen binnendeur,,,"H2","HH_door_receiver",0.0,"HH2_door_1","closed"
3703,3626,2024-09-09T18:18:40,,H3,,,,"H3","HH_door_receiver",1.0,"HH3_door_2","open"
3704,3625,2024-09-09T18:22:19,,H3,,,,"H3","HH_door_receiver",1.0,"HH3_door_1","open"
3705,3616,2024-09-09T18:27:28,,H2,glazen binnendeur,,,"H2","HH_door_receiver",0.0,"HH2_door_1","closed"
3706,3626,2024-09-09T18:28:36,,H3,,,,"H3","HH_door_receiver",1.0,"HH3_door_2","open"
3707,3625,2024-09-09T18:32:13,,H3,,,,"H3","HH_door_receiver",1.0,"HH3_door_1","open"
3708,3616,2024-09-09T18:37:25,,H2,glazen binnendeur,,,"H2","HH_door_receiver",0.0,"HH2_door_1","closed"
3709,3626,2024-09-09T18:38:32,,H3,,,,"H3","HH_door_receiver",1.0,"HH3_door_2","open"
3710,3625,2024-09-09T18:42:09,,H3,,,,"H3","HH_door_receiver",1.0,"HH3_door_1","open"
3711,3616,2024-09-09T18:47:26,,H2,glazen binnendeur,,,"H2","HH_door_receiver",0.0,"HH2_door_1","closed"
3712,3626,2024-09-09T18:48:28,,H3,,,,"H3","HH_door_receiver",1.0,"HH3_door_2","open"
3713,3625,2024-09-09T18:52:04,,H3,,,,"H3","HH_door_receiver",1.0,"HH3_door_1","open"
3714,3626,2024-09-09T18:58:23,,H3,,,,"H3","HH_door_receiver",1.0,"HH3_door_2","open"
3715,3625,2024-09-09T19:02:00,,H3,,,,"H3","HH_door_receiver",1.0,"HH3_door_1","open"
3716,3616,2024-09-09T19:07:19,,H2,glazen binnendeur,,,"H2","HH_door_receiver",0.0,"HH2_door_1","closed"
3717,3626,2024-09-09T19:08:18,,H3,,,,"H3","HH_door_receiver",1.0,"HH3_door_2","open"
3718,3616,2024-09-09T19:17:15,,H2,glazen binnendeur,,,"H2","HH_door_receiver",0.0,"HH2_door_1","closed"
3719,3626,2024-09-09T19:18:13,,H3,,,,"H3","HH_door_receiver",1.0,"HH3_door_2","open"
3720,3625,2024-09-09T19:21:51,,H3,,,,"H3","HH_door_receiver",1.0,"HH3_door_1","open"
3721,3616,2024-09-09T19:27:12,,H2,glazen binnendeur,,,"H2","HH_door_receiver",0.0,"HH2_door_1","closed"
3722,3626,2024-09-09T19:28:09,,H3,,,,"H3","HH_door_receiver",1.0,"HH3_door_2","open"
3723,3625,2024-09-09T19:31:47,,H3,,,,"H3","HH_door_receiver",1.0,"HH3_door_1","open"
3724,3616,2024-09-09T19:37:08,,H2,glazen binnendeur,,,"H2","HH_door_receiver",1.0,"HH2_door_1","open"
3725,3626,2024-09-09T19:38:04,,H3,,,,"H3","HH_door_receiver",1.0,"HH3_door_2","open"
3726,3625,2024-09-09T19:41:42,,H3,,,,"H3","HH_door_receiver",1.0,"HH3_door_1","open"
3727,3616,2024-09-09T19:47:03,,H2,glazen binnendeur,,,"H2","HH_door_receiver",0.0,"HH2_door_1","closed"
3728,3626,2024-09-09T19:48:00,,H3,,,,"H3","HH_door_receiver",1.0,"HH3_door_2","open"
3729,3625,2024-09-09T19:51:37,,H3,,,,"H3","HH_door_receiver",1.0,"HH3_door_1","open"
3730,3616,2024-09-09T19:57:00,,H2,glazen binnendeur,,,"H2","HH_door_receiver",0.0,"HH2_door_1","closed"
3731,3626,2024-09-09T19:57:55,,H3,,,,"H3","HH_door_receiver",1.0,"HH3_door_2","open"
3732,3625,2024-09-09T20:01:32,,H3,,,,"H3","HH_door_receiver",1.0,"HH3_door_1","open"
3733,3616,2024-09-09T20:06:59,,H2,glazen binnendeur,,,"H2","HH_door_receiver",0.0,"HH2_door_1","closed"
3734,3626,2024-09-09T20:07:52,,H3,,,,"H3","HH_door_receiver",1.0,"HH3_door_2","open"
3735,3625,2024-09-09T20:11:27,,H3,,,,"H3","HH_door_receiver",1.0,"HH3_door_1","open"
3736,3616,2024-09-09T20:16:55,,H2,glazen binnendeur,,,"H2","HH_door_receiver",0.0,"HH2_door_1","closed"
3737,3626,2024-09-09T20:17:47,,H3,,,,"H3","HH_door_receiver",1.0,"HH3_door_2","open"
3738,3625,2024-09-09T20:21:23,,H3,,,,"H3","HH_door_receiver",1.0,"HH3_door_1","open"
3739,3626,2024-09-09T20:27:42,,H3,,,,"H3","HH_door_receiver",1.0,"HH3_door_2","open"
3740,3616,2024-09-09T20:36:48,,H2,glazen binnendeur,,,"H2","HH_door_receiver",0.0,"HH2_door_1","closed"
3741,3626,2024-09-09T20:37:38,,H3,,,,"H3","HH_door_receiver",1.0,"HH3_door_2","open"
3742,3625,2024-09-09T20:41:14,,H3,,,,"H3","HH_door_receiver",1.0,"HH3_door_1","open"
3743,3616,2024-09-09T20:46:44,,H2,glazen binnendeur,,,"H2","HH_door_receiver",0.0,"HH2_door_1","closed"
3744,3626,2024-09-09T20:47:34,,H3,,,,"H3","HH_door_receiver",1.0,"HH3_door_2","open"
3745,3625,2024-09-09T20:51:09,,H3,,,,"H3","HH_door_receiver",1.0,"HH3_door_1","open"
3746,3616,2024-09-09T20:56:41,,H2,glazen binnendeur,,,"H2","HH_door_receiver",0.0,"HH2_door_1","closed"
3747,3626,2024-09-09T20:57:29,,H3,,,,"H3","HH_door_receiver",1.0,"HH3_door_2","open"
3748,3626,2024-09-09T21:07:33,,H3,,,,"H3","HH_door_receiver",1.0,"HH3_door_2","open"
3749,3625,2024-09-09T21:10:59,,H3,,,,"H3","HH_door_receiver",1.0,"HH3_door_1","open"
3750,3616,2024-09-09T21:16:38,,H2,glazen binnendeur,,,"H2","HH_door_receiver",0.0,"HH2_door_1","closed"
3751,3626,2024-09-09T21:17:28,,H3,,,,"H3","HH_door_receiver",1.0,"HH3_door_2","open"
3752,3625,2024-09-09T21:20:54,,H3,,,,"H3","HH_door_receiver",1.0,"HH3_door_1","open"
3753,3626,2024-09-09T21:27:24,,H3,,,,"H3","HH_door_receiver",1.0,"HH3_door_2","open"
3754,3625,2024-09-09T21:30:48,,H3,,,,"H3","HH_door_receiver",1.0,"HH3_door_1","open"
3755,3616,2024-09-09T21:36:30,,H2,glazen binnendeur,,,"H2","HH_door_receiver",0.0,"HH2_door_1","closed"
3756,3626,2024-09-09T21:37:19,,H3,,,,"H3","HH_door_receiver",1.0,"HH3_door_2","open"
3757,3625,2024-09-09T21:40:43,,H3,,,,"H3","HH_door_receiver",1.0,"HH3_door_1","open"
3758,3616,2024-09-09T21:46:25,,H2,glazen binnendeur,,,"H2","HH_door_receiver",0.0,"HH2_door_1","closed"
3759,3626,2024-09-09T21:47:15,,H3,,,,"H3","HH_door_receiver",1.0,"HH3_door_2","open"
3760,3625,2024-09-09T21:50:38,,H3,,,,"H3","HH_door_receiver",1.0,"HH3_door_1","open"
3761,3616,2024-09-09T21:56:21,,H2,glazen binnendeur,,,"H2","HH_door_receiver",0.0,"HH2_door_1","closed"
3762,3616,2024-09-09T22:06:17,,H2,glazen binnendeur,,,"H2","HH_door_receiver",0.0,"HH2_door_1","closed"
3763,3626,2024-09-09T22:07:07,,H3,,,,"H3","HH_door_receiver",1.0,"HH3_door_2","open"
3764,3626,2024-09-09T22:17:02,,H3,,,,"H3","HH_door_receiver",1.0,"HH3_door_2","open"
3765,3625,2024-09-09T22:20:25,,H3,,,,"H3","HH_door_receiver",1.0,"HH3_door_1","open"
3766,3616,2024-09-09T22:26:10,,H2,glazen binnendeur,,,"H2","HH_door_receiver",0.0,"HH2_door_1","closed"
3767,3626,2024-09-09T22:26:58,,H3,,,,"H3","HH_door_receiver",1.0,"HH3_door_2","open"
3768,3625,2024-09-09T22:30:20,,H3,,,,"H3","HH_door_receiver",1.0,"HH3_door_1","open"
3769,3626,2024-09-09T22:36:54,,H3,,,,"H3","HH_door_receiver",1.0,"HH3_door_2","open"
3770,3616,2024-09-09T22:46:04,,H2,glazen binnendeur,,,"H2","HH_door_receiver",0.0,"HH2_door_1","closed"
3771,3626,2024-09-09T22:46:49,,H3,,,,"H3","HH_door_receiver",1.0,"HH3_door_2","open"
3772,3625,2024-09-09T22:50:09,,H3,,,,"H3","HH_door_receiver",1.0,"HH3_door_1","open"
3773,3616,2024-09-09T22:55:59,,H2,glazen binnendeur,,,"H2","HH_door_receiver",0.0,"HH2_door_1","closed"
3774,3625,2024-09-09T23:00:04,,H3,,,,"H3","HH_door_receiver",1.0,"HH3_door_1","open"
3775,3616,2024-09-09T23:05:55,,H2,glazen binnendeur,,,"H2","HH_door_receiver",0.0,"HH2_door_1","closed"
3776,3626,2024-09-09T23:06:41,,H3,,,,"H3","HH_door_receiver",1.0,"HH3_door_2","open"
3777,3625,2024-09-09T23:10:00,,H3,,,,"H3","HH_door_receiver",1.0,"HH3_door_1","open"
3778,3616,2024-09-09T23:15:51,,H2,glazen binnendeur,,,"H2","HH_door_receiver",0.0,"HH2_door_1","closed"
3779,3626,2024-09-09T23:16:37,,H3,,,,"H3","HH_door_receiver",1.0,"HH3_door_2","open"
3780,3625,2024-09-09T23:19:55,,H3,,,,"H3","HH_door_receiver",1.0,"HH3_door_1","open"
3781,3616,2024-09-09T23:25:48,,H2,glazen binnendeur,,,"H2","HH_door_receiver",0.0,"HH2_door_1","closed"
3782,3626,2024-09-09T23:26:33,,H3,,,,"H3","HH_door_receiver",1.0,"HH3_door_2","open"
3783,3625,2024-09-09T23:29:51,,H3,,,,"H3","HH_door_receiver",1.0,"HH3_door_1","open"
3784,3616,2024-09-09T23:35:44,,H2,glazen binnendeur,,,"H2","HH_door_receiver",0.0,"HH2_door_1","closed"
3785,3626,2024-09-09T23:36:30,,H3,,,,"H3","HH_door_receiver",1.0,"HH3_door_2","open"
3786,3625,2024-09-09T23:39:46,,H3,,,,"H3","HH_door_receiver",1.0,"HH3_door_1","open"
3787,3626,2024-09-09T23:46:25,,H3,,,,"H3","HH_door_receiver",1.0,"HH3_door_2","open"
3788,3625,2024-09-09T23:49:41,,H3,,,,"H3","HH_door_receiver",1.0,"HH3_door_1","open"
3789,3625,2024-09-09T23:49:51,,H3,,,,"H3","HH_door_receiver",1.0,"HH3_door_1","open"
3790,3626,2024-09-09T23:56:21,,H3,,,,"H3","HH_door_receiver",1.0,"HH3_door_2","open"
3791,3625,2024-09-09T23:59:45,,H3,,,,"H3","HH_door_receiver",1.0,"HH3_door_1","open"
3792,3616,2024-09-10T00:05:31,,H2,glazen binnendeur,,,"H2","HH_door_receiver",0.0,"HH2_door_1","closed"
3793,3626,2024-09-10T00:06:16,,H3,,,,"H3","HH_door_receiver",1.0,"HH3_door_2","open"
3794,3625,2024-09-10T00:09:44,,H3,,,,"H3","HH_door_receiver",1.0,"HH3_door_1","open"
3795,3616,2024-09-10T00:15:28,,H2,glazen binnendeur,,,"H2","HH_door_receiver",0.0,"HH2_door_1","closed"
3796,3626,2024-09-10T00:16:12,,H3,,,,"H3","HH_door_receiver",1.0,"HH3_door_2","open"
3797,3616,2024-09-10T00:25:25,,H2,glazen binnendeur,,,"H2","HH_door_receiver",0.0,"HH2_door_1","closed"
3798,3625,2024-09-10T00:29:33,,H3,,,,"H3","HH_door_receiver",1.0,"HH3_door_1","open"
3799,3616,2024-09-10T00:35:20,,H2,glazen binnendeur,,,"H2","HH_door_receiver",0.0,"HH2_door_1","closed"
3800,3626,2024-09-10T00:36:04,,H3,,,,"H3","HH_door_receiver",1.0,"HH3_door_2","open"
3801,3625,2024-09-10T00:39:30,,H3,,,,"H3","HH_door_receiver",1.0,"HH3_door_1","open"
3802,3616,2024-09-10T00:45:18,,H2,glazen binnendeur,,,"H2","HH_door_receiver",0.0,"HH2_door_1","closed"
3803,3625,2024-09-10T00:49:26,,H3,,,,"H3","HH_door_receiver",1.0,"HH3_door_1","open"
3804,3616,2024-09-10T00:55:13,,H2,glazen binnendeur,,,"H2","HH_door_receiver",0.0,"HH2_door_1","closed"
3805,3626,2024-09-10T00:55:55,,H3,,,,"H3","HH_door_receiver",1.0,"HH3_door_2","open"
3806,3625,2024-09-10T00:59:20,,H3,,,,"H3","HH_door_receiver",1.0,"HH3_door_1","open"
3807,3616,2024-09-10T01:05:09,,H2,glazen binnendeur,,,"H2","HH_door_receiver",0.0,"HH2_door_1","closed"
3808,3626,2024-09-10T01:05:51,,H3,,,,"H3","HH_door_receiver",1.0,"HH3_door_2","open"
3809,3625,2024-09-10T01:09:15,,H3,,,,"H3","HH_door_receiver",1.0,"HH3_door_1","open"
3810,3616,2024-09-10T01:15:05,,H2,glazen binnendeur,,,"H2","HH_door_receiver",0.0,"HH2_door_1","closed"
3811,3625,2024-09-10T01:19:10,,H3,,,,"H3","HH_door_receiver",1.0,"HH3_door_1","open"
3812,3616,2024-09-10T01:25:00,,H2,glazen binnendeur,,,"H2","HH_door_receiver",0.0,"HH2_door_1","closed"
3813,3626,2024-09-10T01:25:44,,H3,,,,"H3","HH_door_receiver",1.0,"HH3_door_2","open"
3814,3625,2024-09-10T01:29:05,,H3,,,,"H3","HH_door_receiver",1.0,"HH3_door_1","open"
3815,3616,2024-09-10T01:34:55,,H2,glazen binnendeur,,,"H2","HH_door_receiver",0.0,"HH2_door_1","closed"
3816,3626,2024-09-10T01:35:43,,H3,,,,"H3","HH_door_receiver",1.0,"HH3_door_2","open"
3817,3625,2024-09-10T01:38:59,,H3,,,,"H3","HH_door_receiver",1.0,"HH3_door_1","open"
3818,3616,2024-09-10T01:44:50,,H2,glazen binnendeur,,,"H2","HH_door_receiver",0.0,"HH2_door_1","closed"
3819,3626,2024-09-10T01:45:38,,H3,,,,"H3","HH_door_receiver",1.0,"HH3_door_2","open"
3820,3625,2024-09-10T01:48:54,,H3,,,,"H3","HH_door_receiver",1.0,"HH3_door_1","open"
3821,3616,2024-09-10T01:54:47,,H2,glazen binnendeur,,,"H2","HH_door_receiver",0.0,"HH2_door_1","closed"
3822,3626,2024-09-10T01:55:34,,H3,,,,"H3","HH_door_receiver",1.0,"HH3_door_2","open"
3823,3625,2024-09-10T01:58:50,,H3,,,,"H3","HH_door_receiver",1.0,"HH3_door_1","open"
3824,3616,2024-09-10T02:04:45,,H2,glazen binnendeur,,,"H2","HH_door_receiver",0.0,"HH2_door_1","closed"
3825,3626,2024-09-10T02:05:30,,H3,,,,"H3","HH_door_receiver",1.0,"HH3_door_2","open"
3826,3616,2024-09-10T02:14:43,,H2,glazen binnendeur,,,"H2","HH_door_receiver",0.0,"HH2_door_1","closed"
3827,3626,2024-09-10T02:15:25,,H3,,,,"H3","HH_door_receiver",1.0,"HH3_door_2","open"
3828,3616,2024-09-10T02:24:39,,H2,glazen binnendeur,,,"H2","HH_door_receiver",0.0,"HH2_door_1","closed"
3829,3626,2024-09-10T02:25:21,,H3,,,,"H3","HH_door_receiver",1.0,"HH3_door_2","open"
3830,3625,2024-09-10T02:28:37,,H3,,,,"H3","HH_door_receiver",1.0,"HH3_door_1","open"
3831,3616,2024-09-10T02:34:34,,H2,glazen binnendeur,,,"H2","HH_door_receiver",0.0,"HH2_door_1","closed"
3832,3626,2024-09-10T02:35:17,,H3,,,,"H3","HH_door_receiver",1.0,"HH3_door_2","open"
3833,3625,2024-09-10T02:38:33,,H3,,,,"H3","HH_door_receiver",1.0,"HH3_door_1","open"
3834,3616,2024-09-10T02:44:31,,H2,glazen binnendeur,,,"H2","HH_door_receiver",0.0,"HH2_door_1","closed"
3835,3626,2024-09-10T02:45:14,,H3,,,,"H3","HH_door_receiver",1.0,"HH3_door_2","open"
3836,3625,2024-09-10T02:48:28,,H3,,,,"H3","HH_door_receiver",1.0,"HH3_door_1","open"
3837,3616,2024-09-10T02:54:25,,H2,glazen binnendeur,,,"H2","HH_door_receiver",0.0,"HH2_door_1","closed"
3838,3625,2024-09-10T02:58:24,,H3,,,,"H3","HH_door_receiver",1.0,"HH3_door_1","open"
3839,3616,2024-09-10T03:04:20,,H2,glazen binnendeur,,,"H2","HH_door_receiver",0.0,"HH2_door_1","closed"
3840,3626,2024-09-10T03:05:06,,H3,,,,"H3","HH_door_receiver",1.0,"HH3_door_2","open"
3841,3625,2024-09-10T03:08:18,,H3,,,,"H3","HH_door_receiver",1.0,"HH3_door_1","open"
3842,3616,2024-09-10T03:14:21,,H2,glazen binnendeur,,,"H2","HH_door_receiver",0.0,"HH2_door_1","closed"
3843,3626,2024-09-10T03:15:02,,H3,,,,"H3","HH_door_receiver",1.0,"HH3_door_2","open"
3844,3625,2024-09-10T03:18:14,,H3,,,,"H3","HH_door_receiver",1.0,"HH3_door_1","open"
3845,3616,2024-09-10T03:24:17,,H2,glazen binnendeur,,,"H2","HH_door_receiver",0.0,"HH2_door_1","closed"
3846,3626,2024-09-10T03:24:58,,H3,,,,"H3","HH_door_receiver",1.0,"HH3_door_2","open"
3847,3625,2024-09-10T03:28:10,,H3,,,,"H3","HH_door_receiver",1.0,"HH3_door_1","open"
3848,3616,2024-09-10T03:34:14,,H2,glazen binnendeur,,,"H2","HH_door_receiver",0.0,"HH2_door_1","closed"
3849,3626,2024-09-10T03:34:54,,H3,,,,"H3","HH_door_receiver",1.0,"HH3_door_2","open"
3850,3625,2024-09-10T03:38:04,,H3,,,,"H3","HH_door_receiver",1.0,"HH3_door_1","open"
3851,3616,2024-09-10T03:44:09,,H2,glazen binnendeur,,,"H2","HH_door_receiver",0.0,"HH2_door_1","closed"
3852,3625,2024-09-10T03:47:59,,H3,,,,"H3","HH_door_receiver",1.0,"HH3_door_1","open"
3853,3616,2024-09-10T03:54:04,,H2,glazen binnendeur,,,"H2","HH_door_receiver",0.0,"HH2_door_1","closed"
3854,3626,2024-09-10T03:54:46,,H3,,,,"H3","HH_door_receiver",1.0,"HH3_door_2","open"
3855,3625,2024-09-10T03:57:55,,H3,,,,"H3","HH_door_receiver",1.0,"HH3_door_1","open"
3856,3616,2024-09-10T04:03:59,,H2,glazen binnendeur,,,"H2","HH_door_receiver",0.0,"HH2_door_1","closed"
3857,3626,2024-09-10T04:04:41,,H3,,,,"H3","HH_door_receiver",1.0,"HH3_door_2","open"
3858,3625,2024-09-10T04:07:50,,H3,,,,"H3","HH_door_receiver",1.0,"HH3_door_1","open"
3859,3616,2024-09-10T04:13:56,,H2,glazen binnendeur,,,"H2","HH_door_receiver",0.0,"HH2_door_1","closed"
3860,3626,2024-09-10T04:14:37,,H3,,,,"H3","HH_door_receiver",1.0,"HH3_door_2","open"
3861,3625,2024-09-10T04:17:48,,H3,,,,"H3","HH_door_receiver",1.0,"HH3_door_1","open"
3862,3616,2024-09-10T04:23:52,,H2,glazen binnendeur,,,"H2","HH_door_receiver",0.0,"HH2_door_1","closed"
3863,3626,2024-09-10T04:24:33,,H3,,,,"H3","HH_door_receiver",1.0,"HH3_door_2","open"
3864,3625,2024-09-10T04:27:42,,H3,,,,"H3","HH_door_receiver",1.0,"HH3_door_1","open"
3865,3616,2024-09-10T04:33:49,,H2,glazen binnendeur,,,"H2","HH_door_receiver",0.0,"HH2_door_1","closed"
3866,3626,2024-09-10T04:34:29,,H3,,,,"H3","HH_door_receiver",1.0,"HH3_door_2","open"
3867,3625,2024-09-10T04:37:37,,H3,,,,"H3","HH_door_receiver",1.0,"HH3_door_1","open"
3868,3616,2024-09-10T04:43:46,,H2,glazen binnendeur,,,"H2","HH_door_receiver",0.0,"HH2_door_1","closed"
3869,3626,2024-09-10T04:44:25,,H3,,,,"H3","HH_door_receiver",1.0,"HH3_door_2","open"
3870,3625,2024-09-10T04:47:34,,H3,,,,"H3","HH_door_receiver",1.0,"HH3_door_1","open"
3871,3616,2024-09-10T04:53:45,,H2,glazen binnendeur,,,"H2","HH_door_receiver",0.0,"HH2_door_1","closed"
3872,3626,2024-09-10T04:54:21,,H3,,,,"H3","HH_door_receiver",1.0,"HH3_door_2","open"
3873,3616,2024-09-10T05:03:41,,H2,glazen binnendeur,,,"H2","HH_door_receiver",0.0,"HH2_door_1","closed"
3874,3626,2024-09-10T05:04:16,,H3,,,,"H3","HH_door_receiver",1.0,"HH3_door_2","open"
3875,3625,2024-09-10T05:07:25,,H3,,,,"H3","HH_door_receiver",1.0,"HH3_door_1","open"
3876,3616,2024-09-10T05:13:38,,H2,glazen binnendeur,,,"H2","HH_door_receiver",0.0,"HH2_door_1","closed"
3877,3626,2024-09-10T05:14:11,,H3,,,,"H3","HH_door_receiver",1.0,"HH3_door_2","open"
3878,3625,2024-09-10T05:17:20,,H3,,,,"H3","HH_door_receiver",1.0,"HH3_door_1","open"
3879,3616,2024-09-10T05:23:32,,H2,glazen binnendeur,,,"H2","HH_door_receiver",0.0,"HH2_door_1","closed"
3880,3625,2024-09-10T05:27:16,,H3,,,,"H3","HH_door_receiver",1.0,"HH3_door_1","open"
3881,3616,2024-09-10T05:33:29,,H2,glazen binnendeur,,,"H2","HH_door_receiver",0.0,"HH2_door_1","closed"
3882,3625,2024-09-10T05:37:13,,H3,,,,"H3","HH_door_receiver",1.0,"HH3_door_1","open"
3883,3616,2024-09-10T05:43:26,,H2,glazen binnendeur,,,"H2","HH_door_receiver",0.0,"HH2_door_1","closed"
3884,3626,2024-09-10T05:43:59,,H3,,,,"H3","HH_door_receiver",1.0,"HH3_door_2","open"
3885,3625,2024-09-10T05:47:05,,H3,,,,"H3","HH_door_receiver",1.0,"HH3_door_1","open"
3886,3616,2024-09-10T05:53:24,,H2,glazen binnendeur,,,"H2","HH_door_receiver",0.0,"HH2_door_1","closed"
3887,3626,2024-09-10T05:53:54,,H3,,,,"H3","HH_door_receiver",1.0,"HH3_door_2","open"
3888,3625,2024-09-10T05:57:00,,H3,,,,"H3","HH_door_receiver",1.0,"HH3_door_1","open"
3889,3616,2024-09-10T06:03:20,,H2,glazen binnendeur,,,"H2","HH_door_receiver",0.0,"HH2_door_1","closed"
3890,3626,2024-09-10T06:03:51,,H3,,,,"H3","HH_door_receiver",1.0,"HH3_door_2","open"
3891,3625,2024-09-10T06:06:54,,H3,,,,"H3","HH_door_receiver",1.0,"HH3_door_1","open"
3892,3616,2024-09-10T06:13:18,,H2,glazen binnendeur,,,"H2","HH_door_receiver",0.0,"HH2_door_1","closed"
3893,3626,2024-09-10T06:13:47,,H3,,,,"H3","HH_door_receiver",1.0,"HH3_door_2","open"
3894,3625,2024-09-10T06:16:49,,H3,,,,"H3","HH_door_receiver",1.0,"HH3_door_1","open"
3895,3616,2024-09-10T06:23:12,,H2,glazen binnendeur,,,"H2","HH_door_receiver",0.0,"HH2_door_1","closed"
3896,3626,2024-09-10T06:23:42,,H3,,,,"H3","HH_door_receiver",1.0,"HH3_door_2","open"
3897,3625,2024-09-10T06:26:45,,H3,,,,"H3","HH_door_receiver",1.0,"HH3_door_1","open"
3898,3616,2024-09-10T06:33:09,,H2,glazen binnendeur,,,"H2","HH_door_receiver",0.0,"HH2_door_1","closed"
3899,3626,2024-09-10T06:33:38,,H3,,,,"H3","HH_door_receiver",1.0,"HH3_door_2","open"
3900,3625,2024-09-10T06:36:40,,H3,,,,"H3","HH_door_receiver",1.0,"HH3_door_1","open"
3901,3616,2024-09-10T06:43:07,,H2,glazen binnendeur,,,"H2","HH_door_receiver",0.0,"HH2_door_1","closed"
3902,3626,2024-09-10T06:43:33,,H3,,,,"H3","HH_door_receiver",1.0,"HH3_door_2","open"
3903,3625,2024-09-10T06:46:34,,H3,,,,"H3","HH_door_receiver",1.0,"HH3_door_1","open"
3904,3616,2024-09-10T06:53:05,,H2,glazen binnendeur,,,"H2","HH_door_receiver",0.0,"HH2_door_1","closed"
3905,3626,2024-09-10T06:53:28,,H3,,,,"H3","HH_door_receiver",1.0,"HH3_door_2","open"
3906,3625,2024-09-10T06:56:29,,H3,,,,"H3","HH_door_receiver",1.0,"HH3_door_1","open"
3907,3616,2024-09-10T07:03:02,,H2,glazen binnendeur,,,"H2","HH_door_receiver",0.0,"HH2_door_1","closed"
3908,3626,2024-09-10T07:03:24,,H3,,,,"H3","HH_door_receiver",1.0,"HH3_door_2","open"
3909,3626,2024-09-10T07:03:32,,H3,,,,"H3","HH_door_receiver",1.0,"HH3_door_2","open"
3910,3625,2024-09-10T07:06:24,,H3,,,,"H3","HH_door_receiver",1.0,"HH3_door_1","open"
3911,3616,2024-09-10T07:12:58,,H2,glazen binnendeur,,,"H2","HH_door_receiver",1.0,"HH2_door_1","open"
3912,3626,2024-09-10T07:13:24,,H3,,,,"H3","HH_door_receiver",1.0,"HH3_door_2","open"
3913,3625,2024-09-10T07:16:18,,H3,,,,"H3","HH_door_receiver",1.0,"HH3_door_1","open"
3914,3616,2024-09-10T07:22:55,,H2,glazen binnendeur,,,"H2","HH_door_receiver",1.0,"HH2_door_1","open"
3915,3626,2024-09-10T07:23:20,,H3,,,,"H3","HH_door_receiver",1.0,"HH3_door_2","open"
3916,3625,2024-09-10T07:26:13,,H3,,,,"H3","HH_door_receiver",1.0,"HH3_door_1","open"
3917,3616,2024-09-10T07:32:49,,H2,glazen binnendeur,,,"H2","HH_door_receiver",0.0,"HH2_door_1","closed"
3918,3626,2024-09-10T07:33:16,,H3,,,,"H3","HH_door_receiver",1.0,"HH3_door_2","open"
3919,3625,2024-09-10T07:36:09,,H3,,,,"H3","HH_door_receiver",1.0,"HH3_door_1","open"
3920,3626,2024-09-10T07:43:12,,H3,,,,"H3","HH_door_receiver",1.0,"HH3_door_2","open"
3921,3625,2024-09-10T07:46:04,,H3,,,,"H3","HH_door_receiver",1.0,"HH3_door_1","open"
3922,3616,2024-09-10T07:52:46,,H2,glazen binnendeur,,,"H2","HH_door_receiver",0.0,"HH2_door_1","closed"
3923,3626,2024-09-10T07:53:08,,H3,,,,"H3","HH_door_receiver",1.0,"HH3_door_2","open"
3924,3625,2024-09-10T07:55:59,,H3,,,,"H3","HH_door_receiver",1.0,"HH3_door_1","open"
3925,3616,2024-09-10T08:02:43,,H2,glazen binnendeur,,,"H2","HH_door_receiver",0.0,"HH2_door_1","closed"
3926,3626,2024-09-10T08:03:04,,H3,,,,"H3","HH_door_receiver",1.0,"HH3_door_2","open"
3927,3625,2024-09-10T08:05:56,,H3,,,,"H3","HH_door_receiver",1.0,"HH3_door_1","open"
3928,3616,2024-09-10T08:12:37,,H2,glazen binnendeur,,,"H2","HH_door_receiver",0.0,"HH2_door_1","closed"
3929,3626,2024-09-10T08:13:00,,H3,,,,"H3","HH_door_receiver",1.0,"HH3_door_2","open"
3930,3616,2024-09-10T08:22:34,,H2,glazen binnendeur,,,"H2","HH_door_receiver",1.0,"HH2_door_1","open"
3931,3626,2024-09-10T08:22:55,,H3,,,,"H3","HH_door_receiver",1.0,"HH3_door_2","open"
3932,3625,2024-09-10T08:25:43,,H3,,,,"H3","HH_door_receiver",1.0,"HH3_door_1","open"
3933,3616,2024-09-10T08:32:29,,H2,glazen binnendeur,,,"H2","HH_door_receiver",0.0,"HH2_door_1","closed"
3934,3626,2024-09-10T08:32:51,,H3,,,,"H3","HH_door_receiver",1.0,"HH3_door_2","open"
3935,3625,2024-09-10T08:35:39,,H3,,,,"H3","HH_door_receiver",1.0,"HH3_door_1","open"
3936,3616,2024-09-10T08:42:24,,H2,glazen binnendeur,,,"H2","HH_door_receiver",0.0,"HH2_door_1","closed"
3937,3626,2024-09-10T08:42:48,,H3,,,,"H3","HH_door_receiver",1.0,"HH3_door_2","open"
3938,3625,2024-09-10T08:45:34,,H3,,,,"H3","HH_door_receiver",1.0,"HH3_door_1","open"
3939,3616,2024-09-10T08:52:23,,H2,glazen binnendeur,,,"H2","HH_door_receiver",0.0,"HH2_door_1","closed"
3940,3625,2024-09-10T08:55:30,,H3,,,,"H3","HH_door_receiver",1.0,"HH3_door_1","open"
3941,3625,2024-09-10T09:55:05,,H3,,,,"H3","HH_door_receiver",1.0,"HH3_door_1","open"
3942,3616,2024-09-10T10:01:57,,H2,glazen binnendeur,,,"H2","HH_door_receiver",1.0,"HH2_door_1","open"
3943,3626,2024-09-10T10:02:30,,H3,,,,"H3","HH_door_receiver",1.0,"HH3_door_2","open"
3944,3625,2024-09-10T10:05:00,,H3,,,,"H3","HH_door_receiver",1.0,"HH3_door_1","open"
3945,3616,2024-09-10T10:11:52,,H2,glazen binnendeur,,,"H2","HH_door_receiver",1.0,"HH2_door_1","open"
3946,3626,2024-09-10T10:12:25,,H3,,,,"H3","HH_door_receiver",1.0,"HH3_door_2","open"
3947,3625,2024-09-10T10:14:55,,H3,,,,"H3","HH_door_receiver",1.0,"HH3_door_1","open"
3948,3616,2024-09-10T10:21:47,,H2,glazen binnendeur,,,"H2","HH_door_receiver",0.0,"HH2_door_1","closed"
3949,3626,2024-09-10T10:22:21,,H3,,,,"H3","HH_door_receiver",1.0,"HH3_door_2","open"
3950,3625,2024-09-10T10:24:50,,H3,,,,"H3","HH_door_receiver",1.0,"HH3_door_1","open"
3951,3616,2024-09-10T10:31:44,,H2,glazen binnendeur,,,"H2","HH_door_receiver",0.0,"HH2_door_1","closed"
3952,3626,2024-09-10T10:32:16,,H3,,,,"H3","HH_door_receiver",1.0,"HH3_door_2","open"
3953,3625,2024-09-10T10:34:46,,H3,,,,"H3","HH_door_receiver",1.0,"HH3_door_1","open"
3954,3616,2024-09-10T10:41:40,,H2,glazen binnendeur,,,"H2","HH_door_receiver",0.0,"HH2_door_1","closed"
3955,3626,2024-09-10T10:42:15,,H3,,,,"H3","HH_door_receiver",1.0,"HH3_door_2","open"
3956,3625,2024-09-10T10:44:41,,H3,,,,"H3","HH_door_receiver",1.0,"HH3_door_1","open"
3957,3616,2024-09-10T10:51:35,,H2,glazen binnendeur,,,"H2","HH_door_receiver",0.0,"HH2_door_1","closed"
3958,3626,2024-09-10T10:52:11,,H3,,,,"H3","HH_door_receiver",1.0,"HH3_door_2","open"
3959,3625,2024-09-10T10:54:35,,H3,,,,"H3","HH_door_receiver",1.0,"HH3_door_1","open"
3960,3616,2024-09-10T11:01:30,,H2,glazen binnendeur,,,"H2","HH_door_receiver",0.0,"HH2_door_1","closed"
3961,3626,2024-09-10T11:02:10,,H3,,,,"H3","HH_door_receiver",1.0,"HH3_door_2","open"
3962,3616,2024-09-10T11:11:28,,H2,glazen binnendeur,,,"H2","HH_door_receiver",0.0,"HH2_door_1","closed"
3963,3626,2024-09-10T11:12:06,,H3,,,,"H3","HH_door_receiver",1.0,"HH3_door_2","open"
3964,3625,2024-09-10T11:14:26,,H3,,,,"H3","HH_door_receiver",1.0,"HH3_door_1","open"
3965,3616,2024-09-10T11:21:24,,H2,glazen binnendeur,,,"H2","HH_door_receiver",0.0,"HH2_door_1","closed"
3966,3626,2024-09-10T11:22:02,,H3,,,,"H3","HH_door_receiver",1.0,"HH3_door_2","open"
3967,3625,2024-09-10T11:24:21,,H3,,,,"H3","HH_door_receiver",1.0,"HH3_door_1","open"
3968,3616,2024-09-10T11:31:21,,H2,glazen binnendeur,,,"H2","HH_door_receiver",0.0,"HH2_door_1","closed"
3969,3626,2024-09-10T11:31:59,,H3,,,,"H3","HH_door_receiver",1.0,"HH3_door_2","open"
3970,3625,2024-09-10T11:34:17,,H3,,,,"H3","HH_door_receiver",1.0,"HH3_door_1","open"
3971,3616,2024-09-10T11:41:16,,H2,glazen binnendeur,,,"H2","HH_door_receiver",1.0,"HH2_door_1","open"
3972,3626,2024-09-10T11:41:54,,H3,,,,"H3","HH_door_receiver",1.0,"HH3_door_2","open"
3973,3625,2024-09-10T11:44:12,,H3,,,,"H3","HH_door_receiver",1.0,"HH3_door_1","open"
3974,3616,2024-09-10T11:51:13,,H2,glazen binnendeur,,,"H2","HH_door_receiver",1.0,"HH2_door_1","open"
3975,3626,2024-09-10T11:51:50,,H3,,,,"H3","HH_door_receiver",1.0,"HH3_door_2","open"
3976,3625,2024-09-10T11:54:06,,H3,,,,"H3","HH_door_receiver",1.0,"HH3_door_1","open"
3977,3625,2024-09-10T12:04:02,,H3,,,,"H3","HH_door_receiver",1.0,"HH3_door_1","open"
3978,3616,2024-09-10T12:11:08,,H2,glazen binnendeur,,,"H2","HH_door_receiver",1.0,"HH2_door_1","open"
3979,3626,2024-09-10T12:11:40,,H3,,,,"H3","HH_door_receiver",1.0,"HH3_door_2","open"
3980,3616,2024-09-10T12:21:04,,H2,glazen binnendeur,,,"H2","HH_door_receiver",1.0,"HH2_door_1","open"
3981,3626,2024-09-10T12:21:35,,H3,,,,"H3","HH_door_receiver",1.0,"HH3_door_2","open"
3982,3625,2024-09-10T12:23:52,,H3,,,,"H3","HH_door_receiver",1.0,"HH3_door_1","open"
3983,3616,2024-09-10T12:31:01,,H2,glazen binnendeur,,,"H2","HH_door_receiver",0.0,"HH2_door_1","closed"
3984,3626,2024-09-10T12:31:30,,H3,,,,"H3","HH_door_receiver",1.0,"HH3_door_2","open"
3985,3616,2024-09-10T12:40:58,,H2,glazen binnendeur,,,"H2","HH_door_receiver",0.0,"HH2_door_1","closed"
3986,3626,2024-09-10T12:41:27,,H3,,,,"H3","HH_door_receiver",1.0,"HH3_door_2","open"
3987,3625,2024-09-10T12:43:43,,H3,,,,"H3","HH_door_receiver",1.0,"HH3_door_1","open"
3988,3616,2024-09-10T12:50:55,,H2,glazen binnendeur,,,"H2","HH_door_receiver",0.0,"HH2_door_1","closed"
3989,3626,2024-09-10T12:51:22,,H3,,,,"H3","HH_door_receiver",1.0,"HH3_door_2","open"
3990,3625,2024-09-10T12:53:38,,H3,,,,"H3","HH_door_receiver",1.0,"HH3_door_1","open"
3991,3616,2024-09-10T13:00:51,,H2,glazen binnendeur,,,"H2","HH_door_receiver",0.0,"HH2_door_1","closed"
3992,3626,2024-09-10T13:01:18,,H3,,,,"H3","HH_door_receiver",1.0,"HH3_door_2","open"
3993,3625,2024-09-10T13:03:33,,H3,,,,"H3","HH_door_receiver",1.0,"HH3_door_1","open"
3994,3616,2024-09-10T13:10:46,,H2,glazen binnendeur,,,"H2","HH_door_receiver",0.0,"HH2_door_1","closed"
3995,3626,2024-09-10T13:11:14,,H3,,,,"H3","HH_door_receiver",1.0,"HH3_door_2","open"
3996,3625,2024-09-10T13:13:30,,H3,,,,"H3","HH_door_receiver",1.0,"HH3_door_1","open"
3997,3616,2024-09-10T13:20:45,,H2,glazen binnendeur,,,"H2","HH_door_receiver",0.0,"HH2_door_1","closed"
3998,3626,2024-09-10T13:21:10,,H3,,,,"H3","HH_door_receiver",1.0,"HH3_door_2","open"
3999,3625,2024-09-10T13:23:24,,H3,,,,"H3","HH_door_receiver",1.0,"HH3_door_1","open"
4000,3616,2024-09-10T13:30:41,,H2,glazen binnendeur,,,"H2","HH_door_receiver",0.0,"HH2_door_1","closed"
4001,3626,2024-09-10T13:31:06,,H3,,,,"H3","HH_door_receiver",1.0,"HH3_door_2","open"
4002,3625,2024-09-10T13:33:19,,H3,,,,"H3","HH_door_receiver",1.0,"HH3_door_1","open"
4003,3616,2024-09-10T13:40:38,,H2,glazen binnendeur,,,"H2","HH_door_receiver",0.0,"HH2_door_1","closed"
4004,3626,2024-09-10T13:41:02,,H3,,,,"H3","HH_door_receiver",1.0,"HH3_door_2","open"
4005,3625,2024-09-10T13:43:15,,H3,,,,"H3","HH_door_receiver",1.0,"HH3_door_1","open"
4006,3616,2024-09-10T13:50:34,,H2,glazen binnendeur,,,"H2","HH_door_receiver",1.0,"HH2_door_1","open"
4007,3626,2024-09-10T13:50:58,,H3,,,,"H3","HH_door_receiver",1.0,"HH3_door_2","open"
4008,3625,2024-09-10T13:53:10,,H3,,,,"H3","HH_door_receiver",1.0,"HH3_door_1","open"
4009,3616,2024-09-10T14:00:31,,H2,glazen binnendeur,,,"H2","HH_door_receiver",1.0,"HH2_door_1","open"
4010,3626,2024-09-10T14:00:53,,H3,,,,"H3","HH_door_receiver",1.0,"HH3_door_2","open"
4011,3625,2024-09-10T14:03:06,,H3,,,,"H3","HH_door_receiver",1.0,"HH3_door_1","open"
4012,3616,2024-09-10T14:10:25,,H2,glazen binnendeur,,,"H2","HH_door_receiver",1.0,"HH2_door_1","open"
4013,3626,2024-09-10T14:10:48,,H3,,,,"H3","HH_door_receiver",1.0,"HH3_door_2","open"
4014,3625,2024-09-10T14:13:01,,H3,,,,"H3","HH_door_receiver",1.0,"HH3_door_1","open"
4015,3616,2024-09-10T14:20:20,,H2,glazen binnendeur,,,"H2","HH_door_receiver",1.0,"HH2_door_1","open"
4016,3626,2024-09-10T14:20:44,,H3,,,,"H3","HH_door_receiver",1.0,"HH3_door_2","open"
4017,3616,2024-09-10T14:30:18,,H2,glazen binnendeur,,,"H2","HH_door_receiver",1.0,"HH2_door_1","open"
4018,3626,2024-09-10T14:30:41,,H3,,,,"H3","HH_door_receiver",1.0,"HH3_door_2","open"
4019,3625,2024-09-10T14:32:52,,H3,,,,"H3","HH_door_receiver",1.0,"HH3_door_1","open"
4020,3616,2024-09-10T14:40:15,,H2,glazen binnendeur,,,"H2","HH_door_receiver",1.0,"HH2_door_1","open"
4021,3626,2024-09-10T14:40:37,,H3,,,,"H3","HH_door_receiver",1.0,"HH3_door_2","open"
4022,3625,2024-09-10T14:42:47,,H3,,,,"H3","HH_door_receiver",1.0,"HH3_door_1","open"
4023,3616,2024-09-10T14:50:11,,H2,glazen binnendeur,,,"H2","HH_door_receiver",1.0,"HH2_door_1","open"
4024,3626,2024-09-10T14:50:32,,H3,,,,"H3","HH_door_receiver",1.0,"HH3_door_2","open"
4025,3625,2024-09-10T14:52:41,,H3,,,,"H3","HH_door_receiver",1.0,"HH3_door_1","open"
4026,3616,2024-09-10T15:00:08,,H2,glazen binnendeur,,,"H2","HH_door_receiver",1.0,"HH2_door_1","open"
4027,3626,2024-09-10T15:00:28,,H3,,,,"H3","HH_door_receiver",1.0,"HH3_door_2","open"
4028,3625,2024-09-10T15:02:37,,H3,,,,"H3","HH_door_receiver",1.0,"HH3_door_1","open"
4029,3616,2024-09-10T15:10:06,,H2,glazen binnendeur,,,"H2","HH_door_receiver",1.0,"HH2_door_1","open"
4030,3626,2024-09-10T15:10:22,,H3,,,,"H3","HH_door_receiver",1.0,"HH3_door_2","open"
4031,3625,2024-09-10T15:12:32,,H3,,,,"H3","HH_door_receiver",1.0,"HH3_door_1","open"
4032,3616,2024-09-10T15:20:01,,H2,glazen binnendeur,,,"H2","HH_door_receiver",1.0,"HH2_door_1","open"
4033,3626,2024-09-10T15:20:18,,H3,,,,"H3","HH_door_receiver",1.0,"HH3_door_2","open"
4034,3625,2024-09-10T15:22:27,,H3,,,,"H3","HH_door_receiver",1.0,"HH3_door_1","open"
4035,3616,2024-09-10T15:29:58,,H2,glazen binnendeur,,,"H2","HH_door_receiver",1.0,"HH2_door_1","open"
4036,3626,2024-09-10T15:30:14,,H3,,,,"H3","HH_door_receiver",1.0,"HH3_door_2","open"
4037,3625,2024-09-10T15:32:22,,H3,,,,"H3","HH_door_receiver",1.0,"HH3_door_1","open"
4038,3616,2024-09-10T15:39:52,,H2,glazen binnendeur,,,"H2","HH_door_receiver",1.0,"HH2_door_1","open"
4039,3626,2024-09-10T15:40:10,,H3,,,,"H3","HH_door_receiver",1.0,"HH3_door_2","open"
4040,3625,2024-09-10T15:42:16,,H3,,,,"H3","HH_door_receiver",1.0,"HH3_door_1","open"
4041,3616,2024-09-10T15:49:50,,H2,glazen binnendeur,,,"H2","HH_door_receiver",1.0,"HH2_door_1","open"
4042,3626,2024-09-10T15:50:07,,H3,,,,"H3","HH_door_receiver",1.0,"HH3_door_2","open"
4043,3625,2024-09-10T15:52:14,,H3,,,,"H3","HH_door_receiver",1.0,"HH3_door_1","open"
4044,3616,2024-09-10T15:59:48,,H2,glazen binnendeur,,,"H2","HH_door_receiver",1.0,"HH2_door_1","open"
4045,3626,2024-09-10T16:00:01,,H3,,,,"H3","HH_door_receiver",1.0,"HH3_door_2","open"
4046,3616,2024-09-10T16:09:44,,H2,glazen binnendeur,,,"H2","HH_door_receiver",1.0,"HH2_door_1","open"
4047,3626,2024-09-10T16:09:57,,H3,,,,"H3","HH_door_receiver",1.0,"HH3_door_2","open"
4048,3625,2024-09-10T16:12:05,,H3,,,,"H3","HH_door_receiver",1.0,"HH3_door_1","open"
4049,3616,2024-09-10T16:19:39,,H2,glazen binnendeur,,,"H2","HH_door_receiver",1.0,"HH2_door_1","open"
4050,3625,2024-09-10T16:22:01,,H3,,,,"H3","HH_door_receiver",1.0,"HH3_door_1","open"
4051,3616,2024-09-10T16:29:35,,H2,glazen binnendeur,,,"H2","HH_door_receiver",1.0,"HH2_door_1","open"
4052,3626,2024-09-10T16:29:49,,H3,,,,"H3","HH_door_receiver",1.0,"HH3_door_2","open"
4053,3625,2024-09-10T16:31:56,,H3,,,,"H3","HH_door_receiver",1.0,"HH3_door_1","open"
4054,3625,2024-09-10T16:32:06,,H3,,,,"H3","HH_door_receiver",1.0,"HH3_door_1","open"
4055,3616,2024-09-10T16:39:32,,H2,glazen binnendeur,,,"H2","HH_door_receiver",1.0,"HH2_door_1","open"
4056,3626,2024-09-10T16:39:45,,H3,,,,"H3","HH_door_receiver",1.0,"HH3_door_2","open"
4057,3625,2024-09-10T16:42:00,,H3,,,,"H3","HH_door_receiver",1.0,"HH3_door_1","open"
4058,3616,2024-09-10T16:49:27,,H2,glazen binnendeur,,,"H2","HH_door_receiver",1.0,"HH2_door_1","open"
4059,3626,2024-09-10T16:49:41,,H3,,,,"H3","HH_door_receiver",1.0,"HH3_door_2","open"
4060,3625,2024-09-10T16:51:55,,H3,,,,"H3","HH_door_receiver",1.0,"HH3_door_1","open"
4061,3616,2024-09-10T16:59:22,,H2,glazen binnendeur,,,"H2","HH_door_receiver",1.0,"HH2_door_1","open"
4062,3626,2024-09-10T16:59:37,,H3,,,,"H3","HH_door_receiver",1.0,"HH3_door_2","open"
4063,3625,2024-09-10T17:01:50,,H3,,,,"H3","HH_door_receiver",1.0,"HH3_door_1","open"
4064,3616,2024-09-10T17:09:21,,H2,glazen binnendeur,,,"H2","HH_door_receiver",1.0,"HH2_door_1","open"
4065,3626,2024-09-10T17:09:32,,H3,,,,"H3","HH_door_receiver",1.0,"HH3_door_2","open"
4066,3625,2024-09-10T17:11:45,,H3,,,,"H3","HH_door_receiver",1.0,"HH3_door_1","open"
4067,3616,2024-09-10T17:19:17,,H2,glazen binnendeur,,,"H2","HH_door_receiver",1.0,"HH2_door_1","open"
4068,3626,2024-09-10T17:19:28,,H3,,,,"H3","HH_door_receiver",1.0,"HH3_door_2","open"
4069,3625,2024-09-10T17:21:40,,H3,,,,"H3","HH_door_receiver",1.0,"HH3_door_1","open"
4070,3616,2024-09-10T17:29:14,,H2,glazen binnendeur,,,"H2","HH_door_receiver",1.0,"HH2_door_1","open"
4071,3626,2024-09-10T17:29:24,,H3,,,,"H3","HH_door_receiver",1.0,"HH3_door_2","open"
4072,3625,2024-09-10T17:31:34,,H3,,,,"H3","HH_door_receiver",1.0,"HH3_door_1","open"
4073,3616,2024-09-10T17:39:10,,H2,glazen binnendeur,,,"H2","HH_door_receiver",1.0,"HH2_door_1","open"
4074,3626,2024-09-10T17:39:19,,H3,,,,"H3","HH_door_receiver",1.0,"HH3_door_2","open"
4075,3625,2024-09-10T17:41:28,,H3,,,,"H3","HH_door_receiver",1.0,"HH3_door_1","open"
4076,3616,2024-09-10T17:49:07,,H2,glazen binnendeur,,,"H2","HH_door_receiver",1.0,"HH2_door_1","open"
4077,3626,2024-09-10T17:49:15,,H3,,,,"H3","HH_door_receiver",1.0,"HH3_door_2","open"
4078,3625,2024-09-10T17:51:24,,H3,,,,"H3","HH_door_receiver",1.0,"HH3_door_1","open"
4079,3616,2024-09-10T17:59:02,,H2,glazen binnendeur,,,"H2","HH_door_receiver",0.0,"HH2_door_1","closed"
4080,3626,2024-09-10T17:59:11,,H3,,,,"H3","HH_door_receiver",1.0,"HH3_door_2","open"
4081,3625,2024-09-10T18:01:20,,H3,,,,"H3","HH_door_receiver",1.0,"HH3_door_1","open"
4082,3616,2024-09-10T18:09:00,,H2,glazen binnendeur,,,"H2","HH_door_receiver",0.0,"HH2_door_1","closed"
4083,3626,2024-09-10T18:09:07,,H3,,,,"H3","HH_door_receiver",1.0,"HH3_door_2","open"
4084,3625,2024-09-10T18:11:15,,H3,,,,"H3","HH_door_receiver",1.0,"HH3_door_1","open"
4085,3616,2024-09-10T18:18:54,,H2,glazen binnendeur,,,"H2","HH_door_receiver",1.0,"HH2_door_1","open"
4086,3626,2024-09-10T18:19:03,,H3,,,,"H3","HH_door_receiver",1.0,"HH3_door_2","open"
4087,3625,2024-09-10T18:21:11,,H3,,,,"H3","HH_door_receiver",1.0,"HH3_door_1","open"
4088,3626,2024-09-10T18:28:58,,H3,,,,"H3","HH_door_receiver",1.0,"HH3_door_2","open"
4089,3625,2024-09-10T18:31:06,,H3,,,,"H3","HH_door_receiver",1.0,"HH3_door_1","open"
4090,3616,2024-09-10T18:38:46,,H2,glazen binnendeur,,,"H2","HH_door_receiver",0.0,"HH2_door_1","closed"
4091,3625,2024-09-10T18:41:01,,H3,,,,"H3","HH_door_receiver",1.0,"HH3_door_1","open"
4092,3616,2024-09-10T18:48:41,,H2,glazen binnendeur,,,"H2","HH_door_receiver",0.0,"HH2_door_1","closed"
4093,3626,2024-09-10T18:48:50,,H3,,,,"H3","HH_door_receiver",1.0,"HH3_door_2","open"
4094,3625,2024-09-10T18:50:56,,H3,,,,"H3","HH_door_receiver",1.0,"HH3_door_1","open"
4095,3616,2024-09-10T18:58:38,,H2,glazen binnendeur,,,"H2","HH_door_receiver",0.0,"HH2_door_1","closed"
4096,3626,2024-09-10T18:58:45,,H3,,,,"H3","HH_door_receiver",1.0,"HH3_door_2","open"
4097,3625,2024-09-10T19:00:51,,H3,,,,"H3","HH_door_receiver",1.0,"HH3_door_1","open"
4098,3616,2024-09-10T19:08:34,,H2,glazen binnendeur,,,"H2","HH_door_receiver",0.0,"HH2_door_1","closed"
4099,3626,2024-09-10T19:08:41,,H3,,,,"H3","HH_door_receiver",1.0,"HH3_door_2","open"
4100,3625,2024-09-10T19:10:46,,H3,,,,"H3","HH_door_receiver",1.0,"HH3_door_1","open"
4101,3616,2024-09-10T19:18:30,,H2,glazen binnendeur,,,"H2","HH_door_receiver",1.0,"HH2_door_1","open"
4102,3626,2024-09-10T19:18:37,,H3,,,,"H3","HH_door_receiver",1.0,"HH3_door_2","open"
4103,3625,2024-09-10T19:20:41,,H3,,,,"H3","HH_door_receiver",1.0,"HH3_door_1","open"
4104,3616,2024-09-10T19:28:25,,H2,glazen binnendeur,,,"H2","HH_door_receiver",0.0,"HH2_door_1","closed"
4105,3626,2024-09-10T19:28:33,,H3,,,,"H3","HH_door_receiver",1.0,"HH3_door_2","open"
4106,3625,2024-09-10T19:30:37,,H3,,,,"H3","HH_door_receiver",1.0,"HH3_door_1","open"
4107,3626,2024-09-10T19:38:27,,H3,,,,"H3","HH_door_receiver",1.0,"HH3_door_2","open"
4108,3625,2024-09-10T19:40:32,,H3,,,,"H3","HH_door_receiver",1.0,"HH3_door_1","open"
4109,3616,2024-09-10T19:48:19,,H2,glazen binnendeur,,,"H2","HH_door_receiver",0.0,"HH2_door_1","closed"
4110,3626,2024-09-10T19:48:23,,H3,,,,"H3","HH_door_receiver",1.0,"HH3_door_2","open"
4111,3625,2024-09-10T19:50:28,,H3,,,,"H3","HH_door_receiver",1.0,"HH3_door_1","open"
4112,3616,2024-09-10T19:58:15,,H2,glazen binnendeur,,,"H2","HH_door_receiver",0.0,"HH2_door_1","closed"
4113,3626,2024-09-10T19:58:19,,H3,,,,"H3","HH_door_receiver",1.0,"HH3_door_2","open"
4114,3625,2024-09-10T20:00:24,,H3,,,,"H3","HH_door_receiver",1.0,"HH3_door_1","open"
4115,3626,2024-09-10T20:08:14,,H3,,,,"H3","HH_door_receiver",1.0,"HH3_door_2","open"
4116,3625,2024-09-10T20:10:19,,H3,,,,"H3","HH_door_receiver",1.0,"HH3_door_1","open"
4117,3616,2024-09-10T20:18:09,,H2,glazen binnendeur,,,"H2","HH_door_receiver",0.0,"HH2_door_1","closed"
4118,3625,2024-09-10T20:20:13,,H3,,,,"H3","HH_door_receiver",1.0,"HH3_door_1","open"
4119,3626,2024-09-10T20:28:07,,H3,,,,"H3","HH_door_receiver",1.0,"HH3_door_2","open"
4120,3616,2024-09-10T20:28:09,,H2,glazen binnendeur,,,"H2","HH_door_receiver",0.0,"HH2_door_1","closed"
4121,3625,2024-09-10T20:30:08,,H3,,,,"H3","HH_door_receiver",1.0,"HH3_door_1","open"
4122,3626,2024-09-10T20:38:01,,H3,,,,"H3","HH_door_receiver",1.0,"HH3_door_2","open"
4123,3616,2024-09-10T20:38:05,,H2,glazen binnendeur,,,"H2","HH_door_receiver",0.0,"HH2_door_1","closed"
4124,3625,2024-09-10T20:40:03,,H3,,,,"H3","HH_door_receiver",1.0,"HH3_door_1","open"
4125,3626,2024-09-10T20:47:57,,H3,,,,"H3","HH_door_receiver",1.0,"HH3_door_2","open"
4126,3625,2024-09-10T20:49:56,,H3,,,,"H3","HH_door_receiver",1.0,"HH3_door_1","open"
4127,3626,2024-09-10T20:57:53,,H3,,,,"H3","HH_door_receiver",1.0,"HH3_door_2","open"
4128,3616,2024-09-10T20:57:57,,H2,glazen binnendeur,,,"H2","HH_door_receiver",1.0,"HH2_door_1","open"
4129,3625,2024-09-10T20:59:52,,H3,,,,"H3","HH_door_receiver",1.0,"HH3_door_1","open"
4130,3626,2024-09-10T21:07:48,,H3,,,,"H3","HH_door_receiver",1.0,"HH3_door_2","open"
4131,3616,2024-09-10T21:07:51,,H2,glazen binnendeur,,,"H2","HH_door_receiver",0.0,"HH2_door_1","closed"
4132,3625,2024-09-10T21:09:47,,H3,,,,"H3","HH_door_receiver",1.0,"HH3_door_1","open"
4133,3626,2024-09-10T21:17:44,,H3,,,,"H3","HH_door_receiver",1.0,"HH3_door_2","open"
4134,3616,2024-09-10T21:17:49,,H2,glazen binnendeur,,,"H2","HH_door_receiver",0.0,"HH2_door_1","closed"
4135,3626,2024-09-10T21:27:40,,H3,,,,"H3","HH_door_receiver",1.0,"HH3_door_2","open"
4136,3616,2024-09-10T21:27:45,,H2,glazen binnendeur,,,"H2","HH_door_receiver",0.0,"HH2_door_1","closed"
4137,3625,2024-09-10T21:29:38,,H3,,,,"H3","HH_door_receiver",1.0,"HH3_door_1","open"
4138,3626,2024-09-10T21:37:35,,H3,,,,"H3","HH_door_receiver",1.0,"HH3_door_2","open"
4139,3625,2024-09-10T21:39:36,,H3,,,,"H3","HH_door_receiver",1.0,"HH3_door_1","open"
4140,3626,2024-09-10T21:47:31,,H3,,,,"H3","HH_door_receiver",1.0,"HH3_door_2","open"
4141,3616,2024-09-10T21:47:40,,H2,glazen binnendeur,,,"H2","HH_door_receiver",0.0,"HH2_door_1","closed"
4142,3625,2024-09-10T21:49:30,,H3,,,,"H3","HH_door_receiver",1.0,"HH3_door_1","open"
4143,3626,2024-09-10T21:57:27,,H3,,,,"H3","HH_door_receiver",1.0,"HH3_door_2","open"
4144,3616,2024-09-10T21:57:34,,H2,glazen binnendeur,,,"H2","HH_door_receiver",0.0,"HH2_door_1","closed"
4145,3625,2024-09-10T21:59:26,,H3,,,,"H3","HH_door_receiver",1.0,"HH3_door_1","open"
4146,3626,2024-09-10T22:07:23,,H3,,,,"H3","HH_door_receiver",1.0,"HH3_door_2","open"
4147,3616,2024-09-10T22:07:31,,H2,glazen binnendeur,,,"H2","HH_door_receiver",0.0,"HH2_door_1","closed"
4148,3626,2024-09-10T22:17:18,,H3,,,,"H3","HH_door_receiver",1.0,"HH3_door_2","open"
4149,3616,2024-09-10T22:17:26,,H2,glazen binnendeur,,,"H2","HH_door_receiver",0.0,"HH2_door_1","closed"
4150,3625,2024-09-10T22:19:26,,H3,,,,"H3","HH_door_receiver",1.0,"HH3_door_1","open"
4151,3626,2024-09-10T22:27:14,,H3,,,,"H3","HH_door_receiver",1.0,"HH3_door_2","open"
4152,3625,2024-09-10T22:29:22,,H3,,,,"H3","HH_door_receiver",1.0,"HH3_door_1","open"
4153,3626,2024-09-10T22:37:10,,H3,,,,"H3","HH_door_receiver",1.0,"HH3_door_2","open"
4154,3616,2024-09-10T22:37:22,,H2,glazen binnendeur,,,"H2","HH_door_receiver",0.0,"HH2_door_1","closed"
4155,3625,2024-09-10T22:39:17,,H3,,,,"H3","HH_door_receiver",1.0,"HH3_door_1","open"
4156,3626,2024-09-10T22:47:07,,H3,,,,"H3","HH_door_receiver",1.0,"HH3_door_2","open"
4157,3616,2024-09-10T22:47:17,,H2,glazen binnendeur,,,"H2","HH_door_receiver",0.0,"HH2_door_1","closed"
4158,3625,2024-09-10T22:49:13,,H3,,,,"H3","HH_door_receiver",1.0,"HH3_door_1","open"
4159,3626,2024-09-10T22:57:02,,H3,,,,"H3","HH_door_receiver",1.0,"HH3_door_2","open"
4160,3616,2024-09-10T22:57:16,,H2,glazen binnendeur,,,"H2","HH_door_receiver",0.0,"HH2_door_1","closed"
4161,3625,2024-09-10T22:59:08,,H3,,,,"H3","HH_door_receiver",1.0,"HH3_door_1","open"
4162,3626,2024-09-10T23:06:57,,H3,,,,"H3","HH_door_receiver",1.0,"HH3_door_2","open"
4163,3616,2024-09-10T23:07:12,,H2,glazen binnendeur,,,"H2","HH_door_receiver",0.0,"HH2_door_1","closed"
4164,3625,2024-09-10T23:09:04,,H3,,,,"H3","HH_door_receiver",1.0,"HH3_door_1","open"
4165,3626,2024-09-10T23:16:53,,H3,,,,"H3","HH_door_receiver",1.0,"HH3_door_2","open"
4166,3616,2024-09-10T23:17:09,,H2,glazen binnendeur,,,"H2","HH_door_receiver",0.0,"HH2_door_1","closed"
4167,3625,2024-09-10T23:18:59,,H3,,,,"H3","HH_door_receiver",1.0,"HH3_door_1","open"
4168,3626,2024-09-10T23:26:49,,H3,,,,"H3","HH_door_receiver",1.0,"HH3_door_2","open"
4169,3616,2024-09-10T23:27:06,,H2,glazen binnendeur,,,"H2","HH_door_receiver",0.0,"HH2_door_1","closed"
4170,3625,2024-09-10T23:28:55,,H3,,,,"H3","HH_door_receiver",1.0,"HH3_door_1","open"
4171,3616,2024-09-10T23:37:03,,H2,glazen binnendeur,,,"H2","HH_door_receiver",0.0,"HH2_door_1","closed"
4172,3625,2024-09-10T23:38:49,,H3,,,,"H3","HH_door_receiver",1.0,"HH3_door_1","open"
4173,3626,2024-09-10T23:46:40,,H3,,,,"H3","HH_door_receiver",1.0,"HH3_door_2","open"
4174,3616,2024-09-10T23:47:01,,H2,glazen binnendeur,,,"H2","HH_door_receiver",0.0,"HH2_door_1","closed"
4175,3625,2024-09-10T23:48:43,,H3,,,,"H3","HH_door_receiver",1.0,"HH3_door_1","open"
4176,3626,2024-09-10T23:56:36,,H3,,,,"H3","HH_door_receiver",1.0,"HH3_door_2","open"
4177,3616,2024-09-10T23:56:56,,H2,glazen binnendeur,,,"H2","HH_door_receiver",0.0,"HH2_door_1","closed"
4178,3625,2024-09-10T23:58:39,,H3,,,,"H3","HH_door_receiver",1.0,"HH3_door_1","open"
4179,3626,2024-09-11T00:06:31,,H3,,,,"H3","HH_door_receiver",1.0,"HH3_door_2","open"
4180,3616,2024-09-11T00:06:53,,H2,glazen binnendeur,,,"H2","HH_door_receiver",0.0,"HH2_door_1","closed"
4181,3625,2024-09-11T00:08:37,,H3,,,,"H3","HH_door_receiver",1.0,"HH3_door_1","open"
4182,3616,2024-09-11T00:16:50,,H2,glazen binnendeur,,,"H2","HH_door_receiver",0.0,"HH2_door_1","closed"
4183,3625,2024-09-11T00:18:31,,H3,,,,"H3","HH_door_receiver",1.0,"HH3_door_1","open"
4184,3626,2024-09-11T00:26:22,,H3,,,,"H3","HH_door_receiver",1.0,"HH3_door_2","open"
4185,3616,2024-09-11T00:26:45,,H2,glazen binnendeur,,,"H2","HH_door_receiver",0.0,"HH2_door_1","closed"
4186,3626,2024-09-11T00:36:18,,H3,,,,"H3","HH_door_receiver",1.0,"HH3_door_2","open"
4187,3616,2024-09-11T00:36:42,,H2,glazen binnendeur,,,"H2","HH_door_receiver",0.0,"HH2_door_1","closed"
4188,3625,2024-09-11T00:38:20,,H3,,,,"H3","HH_door_receiver",1.0,"HH3_door_1","open"
4189,3626,2024-09-11T00:46:14,,H3,,,,"H3","HH_door_receiver",1.0,"HH3_door_2","open"
4190,3616,2024-09-11T00:46:46,,H2,glazen binnendeur,,,"H2","HH_door_receiver",0.0,"HH2_door_1","closed"
4191,3625,2024-09-11T00:48:15,,H3,,,,"H3","HH_door_receiver",1.0,"HH3_door_1","open"
4192,3626,2024-09-11T00:56:10,,H3,,,,"H3","HH_door_receiver",1.0,"HH3_door_2","open"
4193,3616,2024-09-11T00:56:42,,H2,glazen binnendeur,,,"H2","HH_door_receiver",0.0,"HH2_door_1","closed"
4194,3625,2024-09-11T00:58:10,,H3,,,,"H3","HH_door_receiver",1.0,"HH3_door_1","open"
4195,3626,2024-09-11T01:06:06,,H3,,,,"H3","HH_door_receiver",1.0,"HH3_door_2","open"
4196,3626,2024-09-11T01:16:01,,H3,,,,"H3","HH_door_receiver",1.0,"HH3_door_2","open"
4197,3616,2024-09-11T01:16:35,,H2,glazen binnendeur,,,"H2","HH_door_receiver",0.0,"HH2_door_1","closed"
4198,3625,2024-09-11T01:18:01,,H3,,,,"H3","HH_door_receiver",1.0,"HH3_door_1","open"
4199,3626,2024-09-11T01:25:57,,H3,,,,"H3","HH_door_receiver",1.0,"HH3_door_2","open"
4200,3616,2024-09-11T01:26:33,,H2,glazen binnendeur,,,"H2","HH_door_receiver",0.0,"HH2_door_1","closed"
4201,3625,2024-09-11T01:27:56,,H3,,,,"H3","HH_door_receiver",1.0,"HH3_door_1","open"
4202,3626,2024-09-11T01:35:53,,H3,,,,"H3","HH_door_receiver",1.0,"HH3_door_2","open"
4203,3616,2024-09-11T01:36:29,,H2,glazen binnendeur,,,"H2","HH_door_receiver",0.0,"HH2_door_1","closed"
4204,3626,2024-09-11T01:45:48,,H3,,,,"H3","HH_door_receiver",1.0,"HH3_door_2","open"
4205,3616,2024-09-11T01:46:30,,H2,glazen binnendeur,,,"H2","HH_door_receiver",0.0,"HH2_door_1","closed"
4206,3625,2024-09-11T01:47:47,,H3,,,,"H3","HH_door_receiver",1.0,"HH3_door_1","open"
4207,3626,2024-09-11T01:55:44,,H3,,,,"H3","HH_door_receiver",1.0,"HH3_door_2","open"
4208,3616,2024-09-11T01:56:26,,H2,glazen binnendeur,,,"H2","HH_door_receiver",0.0,"HH2_door_1","closed"
4209,3625,2024-09-11T01:57:42,,H3,,,,"H3","HH_door_receiver",1.0,"HH3_door_1","open"
4210,3626,2024-09-11T02:05:40,,H3,,,,"H3","HH_door_receiver",1.0,"HH3_door_2","open"
4211,3616,2024-09-11T02:06:21,,H2,glazen binnendeur,,,"H2","HH_door_receiver",0.0,"HH2_door_1","closed"
4212,3625,2024-09-11T02:07:40,,H3,,,,"H3","HH_door_receiver",1.0,"HH3_door_1","open"
4213,3616,2024-09-11T02:16:17,,H2,glazen binnendeur,,,"H2","HH_door_receiver",0.0,"HH2_door_1","closed"
4214,3625,2024-09-11T02:17:35,,H3,,,,"H3","HH_door_receiver",1.0,"HH3_door_1","open"
4215,3626,2024-09-11T02:25:32,,H3,,,,"H3","HH_door_receiver",1.0,"HH3_door_2","open"
4216,3616,2024-09-11T02:26:12,,H2,glazen binnendeur,,,"H2","HH_door_receiver",0.0,"HH2_door_1","closed"
4217,3625,2024-09-11T02:27:31,,H3,,,,"H3","HH_door_receiver",1.0,"HH3_door_1","open"
4218,3626,2024-09-11T02:35:28,,H3,,,,"H3","HH_door_receiver",1.0,"HH3_door_2","open"
4219,3616,2024-09-11T02:36:09,,H2,glazen binnendeur,,,"H2","HH_door_receiver",0.0,"HH2_door_1","closed"
4220,3625,2024-09-11T02:37:24,,H3,,,,"H3","HH_door_receiver",1.0,"HH3_door_1","open"
4221,3626,2024-09-11T02:45:22,,H3,,,,"H3","HH_door_receiver",1.0,"HH3_door_2","open"
4222,3626,2024-09-11T02:55:17,,H3,,,,"H3","HH_door_receiver",1.0,"HH3_door_2","open"
4223,3616,2024-09-11T02:56:02,,H2,glazen binnendeur,,,"H2","HH_door_receiver",0.0,"HH2_door_1","closed"
4224,3625,2024-09-11T02:57:14,,H3,,,,"H3","HH_door_receiver",1.0,"HH3_door_1","open"
4225,3626,2024-09-11T03:05:12,,H3,,,,"H3","HH_door_receiver",1.0,"HH3_door_2","open"
4226,3616,2024-09-11T03:06:01,,H2,glazen binnendeur,,,"H2","HH_door_receiver",0.0,"HH2_door_1","closed"
4227,3616,2024-09-11T03:15:56,,H2,glazen binnendeur,,,"H2","HH_door_receiver",0.0,"HH2_door_1","closed"
4228,3625,2024-09-11T03:17:03,,H3,,,,"H3","HH_door_receiver",1.0,"HH3_door_1","open"
4229,3626,2024-09-11T03:25:02,,H3,,,,"H3","HH_door_receiver",1.0,"HH3_door_2","open"
4230,3625,2024-09-11T03:26:59,,H3,,,,"H3","HH_door_receiver",1.0,"HH3_door_1","open"
4231,3626,2024-09-11T03:34:57,,H3,,,,"H3","HH_door_receiver",1.0,"HH3_door_2","open"
4232,3625,2024-09-11T03:36:54,,H3,,,,"H3","HH_door_receiver",1.0,"HH3_door_1","open"
4233,3626,2024-09-11T03:44:53,,H3,,,,"H3","HH_door_receiver",1.0,"HH3_door_2","open"
4234,3616,2024-09-11T03:45:56,,H2,glazen binnendeur,,,"H2","HH_door_receiver",0.0,"HH2_door_1","closed"
4235,3625,2024-09-11T03:46:52,,H3,,,,"H3","HH_door_receiver",1.0,"HH3_door_1","open"
4236,3626,2024-09-11T03:54:52,,H3,,,,"H3","HH_door_receiver",1.0,"HH3_door_2","open"
4237,3616,2024-09-11T03:55:53,,H2,glazen binnendeur,,,"H2","HH_door_receiver",0.0,"HH2_door_1","closed"
4238,3625,2024-09-11T03:56:47,,H3,,,,"H3","HH_door_receiver",1.0,"HH3_door_1","open"
4239,3626,2024-09-11T04:04:47,,H3,,,,"H3","HH_door_receiver",1.0,"HH3_door_2","open"
4240,3616,2024-09-11T04:05:50,,H2,glazen binnendeur,,,"H2","HH_door_receiver",0.0,"HH2_door_1","closed"
4241,3625,2024-09-11T04:06:42,,H3,,,,"H3","HH_door_receiver",1.0,"HH3_door_1","open"
4242,3626,2024-09-11T04:14:42,,H3,,,,"H3","HH_door_receiver",1.0,"HH3_door_2","open"
4243,3616,2024-09-11T04:15:48,,H2,glazen binnendeur,,,"H2","HH_door_receiver",0.0,"HH2_door_1","closed"
4244,3625,2024-09-11T04:16:37,,H3,,,,"H3","HH_door_receiver",1.0,"HH3_door_1","open"
4245,3616,2024-09-11T04:25:43,,H2,glazen binnendeur,,,"H2","HH_door_receiver",0.0,"HH2_door_1","closed"
4246,3625,2024-09-11T04:26:31,,H3,,,,"H3","HH_door_receiver",1.0,"HH3_door_1","open"
4247,3626,2024-09-11T04:34:33,,H3,,,,"H3","HH_door_receiver",1.0,"HH3_door_2","open"
4248,3625,2024-09-11T04:36:27,,H3,,,,"H3","HH_door_receiver",1.0,"HH3_door_1","open"
4249,3626,2024-09-11T04:44:29,,H3,,,,"H3","HH_door_receiver",1.0,"HH3_door_2","open"
4250,3616,2024-09-11T04:45:35,,H2,glazen binnendeur,,,"H2","HH_door_receiver",0.0,"HH2_door_1","closed"
4251,3625,2024-09-11T04:46:22,,H3,,,,"H3","HH_door_receiver",1.0,"HH3_door_1","open"
4252,3626,2024-09-11T04:54:25,,H3,,,,"H3","HH_door_receiver",1.0,"HH3_door_2","open"
4253,3616,2024-09-11T04:55:31,,H2,glazen binnendeur,,,"H2","HH_door_receiver",0.0,"HH2_door_1","closed"
4254,3626,2024-09-11T05:04:20,,H3,,,,"H3","HH_door_receiver",1.0,"HH3_door_2","open"
4255,3616,2024-09-11T05:05:26,,H2,glazen binnendeur,,,"H2","HH_door_receiver",0.0,"HH2_door_1","closed"
4256,3625,2024-09-11T05:06:14,,H3,,,,"H3","HH_door_receiver",1.0,"HH3_door_1","open"
4257,3626,2024-09-11T05:14:16,,H3,,,,"H3","HH_door_receiver",1.0,"HH3_door_2","open"
4258,3616,2024-09-11T05:15:23,,H2,glazen binnendeur,,,"H2","HH_door_receiver",0.0,"HH2_door_1","closed"
4259,3625,2024-09-11T05:16:09,,H3,,,,"H3","HH_door_receiver",1.0,"HH3_door_1","open"
4260,3626,2024-09-11T05:24:12,,H3,,,,"H3","HH_door_receiver",1.0,"HH3_door_2","open"
4261,3616,2024-09-11T05:25:20,,H2,glazen binnendeur,,,"H2","HH_door_receiver",0.0,"HH2_door_1","closed"
4262,3625,2024-09-11T05:26:04,,H3,,,,"H3","HH_door_receiver",1.0,"HH3_door_1","open"
4263,3626,2024-09-11T05:34:08,,H3,,,,"H3","HH_door_receiver",1.0,"HH3_door_2","open"
4264,3616,2024-09-11T05:35:18,,H2,glazen binnendeur,,,"H2","HH_door_receiver",0.0,"HH2_door_1","closed"
4265,3626,2024-09-11T05:44:04,,H3,,,,"H3","HH_door_receiver",1.0,"HH3_door_2","open"
4266,3616,2024-09-11T05:45:13,,H2,glazen binnendeur,,,"H2","HH_door_receiver",0.0,"HH2_door_1","closed"
4267,3625,2024-09-11T05:45:53,,H3,,,,"H3","HH_door_receiver",1.0,"HH3_door_1","open"
4268,3626,2024-09-11T05:53:59,,H3,,,,"H3","HH_door_receiver",1.0,"HH3_door_2","open"
4269,3616,2024-09-11T05:55:14,,H2,glazen binnendeur,,,"H2","HH_door_receiver",0.0,"HH2_door_1","closed"
4270,3625,2024-09-11T05:55:48,,H3,,,,"H3","HH_door_receiver",1.0,"HH3_door_1","open"
4271,3626,2024-09-11T06:03:54,,H3,,,,"H3","HH_door_receiver",1.0,"HH3_door_2","open"
4272,3616,2024-09-11T06:05:09,,H2,glazen binnendeur,,,"H2","HH_door_receiver",0.0,"HH2_door_1","closed"
4273,3625,2024-09-11T06:05:44,,H3,,,,"H3","HH_door_receiver",1.0,"HH3_door_1","open"
4274,3626,2024-09-11T06:13:49,,H3,,,,"H3","HH_door_receiver",1.0,"HH3_door_2","open"
4275,3616,2024-09-11T06:15:07,,H2,glazen binnendeur,,,"H2","HH_door_receiver",0.0,"HH2_door_1","closed"
4276,3625,2024-09-11T06:15:39,,H3,,,,"H3","HH_door_receiver",1.0,"HH3_door_1","open"
4277,3626,2024-09-11T06:23:45,,H3,,,,"H3","HH_door_receiver",1.0,"HH3_door_2","open"
4278,3616,2024-09-11T06:25:01,,H2,glazen binnendeur,,,"H2","HH_door_receiver",0.0,"HH2_door_1","closed"
4279,3625,2024-09-11T06:25:34,,H3,,,,"H3","HH_door_receiver",1.0,"HH3_door_1","open"
4280,3626,2024-09-11T06:33:41,,H3,,,,"H3","HH_door_receiver",1.0,"HH3_door_2","open"
4281,3616,2024-09-11T06:34:56,,H2,glazen binnendeur,,,"H2","HH_door_receiver",0.0,"HH2_door_1","closed"
4282,3625,2024-09-11T06:35:29,,H3,,,,"H3","HH_door_receiver",1.0,"HH3_door_1","open"
4283,3626,2024-09-11T06:43:37,,H3,,,,"H3","HH_door_receiver",1.0,"HH3_door_2","open"
4284,3616,2024-09-11T06:44:53,,H2,glazen binnendeur,,,"H2","HH_door_receiver",0.0,"HH2_door_1","closed"
4285,3625,2024-09-11T06:45:25,,H3,,,,"H3","HH_door_receiver",1.0,"HH3_door_1","open"
4286,3626,2024-09-11T06:53:32,,H3,,,,"H3","HH_door_receiver",1.0,"HH3_door_2","open"
4287,3616,2024-09-11T06:54:50,,H2,glazen binnendeur,,,"H2","HH_door_receiver",0.0,"HH2_door_1","closed"
4288,3625,2024-09-11T06:55:20,,H3,,,,"H3","HH_door_receiver",1.0,"HH3_door_1","open"
4289,3626,2024-09-11T07:03:28,,H3,,,,"H3","HH_door_receiver",1.0,"HH3_door_2","open"
4290,3616,2024-09-11T07:04:47,,H2,glazen binnendeur,,,"H2","HH_door_receiver",0.0,"HH2_door_1","closed"
4291,3625,2024-09-11T07:05:16,,H3,,,,"H3","HH_door_receiver",1.0,"HH3_door_1","open"
4292,3626,2024-09-11T07:13:23,,H3,,,,"H3","HH_door_receiver",1.0,"HH3_door_2","open"
4293,3616,2024-09-11T07:14:44,,H2,glazen binnendeur,,,"H2","HH_door_receiver",0.0,"HH2_door_1","closed"
4294,3625,2024-09-11T07:15:10,,H3,,,,"H3","HH_door_receiver",1.0,"HH3_door_1","open"
4295,3626,2024-09-11T07:23:18,,H3,,,,"H3","HH_door_receiver",1.0,"HH3_door_2","open"
4296,3616,2024-09-11T07:24:39,,H2,glazen binnendeur,,,"H2","HH_door_receiver",0.0,"HH2_door_1","closed"
4297,3625,2024-09-11T07:25:06,,H3,,,,"H3","HH_door_receiver",1.0,"HH3_door_1","open"
4298,3626,2024-09-11T07:33:14,,H3,,,,"H3","HH_door_receiver",1.0,"HH3_door_2","open"
4299,3616,2024-09-11T07:34:36,,H2,glazen binnendeur,,,"H2","HH_door_receiver",1.0,"HH2_door_1","open"
4300,3625,2024-09-11T07:35:01,,H3,,,,"H3","HH_door_receiver",1.0,"HH3_door_1","open"
4301,3626,2024-09-11T07:43:13,,H3,,,,"H3","HH_door_receiver",1.0,"HH3_door_2","open"
4302,3616,2024-09-11T07:44:31,,H2,glazen binnendeur,,,"H2","HH_door_receiver",0.0,"HH2_door_1","closed"
4303,3625,2024-09-11T07:44:56,,H3,,,,"H3","HH_door_receiver",1.0,"HH3_door_1","open"
4304,3616,2024-09-11T07:54:29,,H2,glazen binnendeur,,,"H2","HH_door_receiver",0.0,"HH2_door_1","closed"
4305,3625,2024-09-11T07:54:51,,H3,,,,"H3","HH_door_receiver",1.0,"HH3_door_1","open"
4306,3626,2024-09-11T08:03:04,,H3,,,,"H3","HH_door_receiver",1.0,"HH3_door_2","open"
4307,3625,2024-09-11T08:04:47,,H3,,,,"H3","HH_door_receiver",1.0,"HH3_door_1","open"
4308,3626,2024-09-11T08:12:59,,H3,,,,"H3","HH_door_receiver",1.0,"HH3_door_2","open"
4309,3616,2024-09-11T08:14:20,,H2,glazen binnendeur,,,"H2","HH_door_receiver",0.0,"HH2_door_1","closed"
4310,3626,2024-09-11T08:22:55,,H3,,,,"H3","HH_door_receiver",1.0,"HH3_door_2","open"
4311,3616,2024-09-11T08:24:17,,H2,glazen binnendeur,,,"H2","HH_door_receiver",1.0,"HH2_door_1","open"
4312,3626,2024-09-11T08:32:51,,H3,,,,"H3","HH_door_receiver",1.0,"HH3_door_2","open"
4313,3616,2024-09-11T08:34:16,,H2,glazen binnendeur,,,"H2","HH_door_receiver",0.0,"HH2_door_1","closed"
4314,3625,2024-09-11T08:34:31,,H3,,,,"H3","HH_door_receiver",1.0,"HH3_door_1","open"
4315,3626,2024-09-11T08:42:47,,H3,,,,"H3","HH_door_receiver",1.0,"HH3_door_2","open"
4316,3616,2024-09-11T08:44:12,,H2,glazen binnendeur,,,"H2","HH_door_receiver",0.0,"HH2_door_1","closed"
4317,3625,2024-09-11T08:44:27,,H3,,,,"H3","HH_door_receiver",1.0,"HH3_door_1","open"
4318,3626,2024-09-11T08:52:42,,H3,,,,"H3","HH_door_receiver",1.0,"HH3_door_2","open"
4319,3616,2024-09-11T08:54:09,,H2,glazen binnendeur,,,"H2","HH_door_receiver",1.0,"HH2_door_1","open"
4320,3625,2024-09-11T08:54:22,,H3,,,,"H3","HH_door_receiver",1.0,"HH3_door_1","open"
4321,3626,2024-09-11T09:02:36,,H3,,,,"H3","HH_door_receiver",1.0,"HH3_door_2","open"
4322,3625,2024-09-11T09:04:18,,H3,,,,"H3","HH_door_receiver",1.0,"HH3_door_1","open"
4323,3626,2024-09-11T09:12:33,,H3,,,,"H3","HH_door_receiver",1.0,"HH3_door_2","open"
4324,3616,2024-09-11T09:14:01,,H2,glazen binnendeur,,,"H2","HH_door_receiver",0.0,"HH2_door_1","closed"
4325,3625,2024-09-11T09:14:13,,H3,,,,"H3","HH_door_receiver",1.0,"HH3_door_1","open"
4326,3626,2024-09-11T09:22:28,,H3,,,,"H3","HH_door_receiver",1.0,"HH3_door_2","open"
4327,3616,2024-09-11T09:23:57,,H2,glazen binnendeur,,,"H2","HH_door_receiver",0.0,"HH2_door_1","closed"
4328,3625,2024-09-11T09:24:09,,H3,,,,"H3","HH_door_receiver",1.0,"HH3_door_1","open"
4329,3626,2024-09-11T09:32:24,,H3,,,,"H3","HH_door_receiver",1.0,"HH3_door_2","open"
4330,3626,2024-09-11T09:42:19,,H3,,,,"H3","HH_door_receiver",1.0,"HH3_door_2","open"
4331,3616,2024-09-11T09:43:49,,H2,glazen binnendeur,,,"H2","HH_door_receiver",0.0,"HH2_door_1","closed"
4332,3625,2024-09-11T09:44:01,,H3,,,,"H3","HH_door_receiver",1.0,"HH3_door_1","open"
4333,3626,2024-09-11T09:52:18,,H3,,,,"H3","HH_door_receiver",1.0,"HH3_door_2","open"
4334,3616,2024-09-11T09:53:47,,H2,glazen binnendeur,,,"H2","HH_door_receiver",0.0,"HH2_door_1","closed"
4335,3625,2024-09-11T09:53:56,,H3,,,,"H3","HH_door_receiver",1.0,"HH3_door_1","open"
4336,3616,2024-09-11T10:03:43,,H2,glazen binnendeur,,,"H2","HH_door_receiver",0.0,"HH2_door_1","closed"
4337,3625,2024-09-11T10:03:51,,H3,,,,"H3","HH_door_receiver",1.0,"HH3_door_1","open"
4338,3626,2024-09-11T10:12:11,,H3,,,,"H3","HH_door_receiver",1.0,"HH3_door_2","open"
4339,3616,2024-09-11T10:13:42,,H2,glazen binnendeur,,,"H2","HH_door_receiver",0.0,"HH2_door_1","closed"
4340,3625,2024-09-11T10:13:46,,H3,,,,"H3","HH_door_receiver",1.0,"HH3_door_1","open"
4341,3626,2024-09-11T10:22:06,,H3,,,,"H3","HH_door_receiver",1.0,"HH3_door_2","open"
4342,3616,2024-09-11T10:23:37,,H2,glazen binnendeur,,,"H2","HH_door_receiver",0.0,"HH2_door_1","closed"
4343,3625,2024-09-11T10:23:42,,H3,,,,"H3","HH_door_receiver",1.0,"HH3_door_1","open"
4344,3626,2024-09-11T10:32:02,,H3,,,,"H3","HH_door_receiver",1.0,"HH3_door_2","open"
4345,3616,2024-09-11T10:33:36,,H2,glazen binnendeur,,,"H2","HH_door_receiver",0.0,"HH2_door_1","closed"
4346,3625,2024-09-11T10:33:38,,H3,,,,"H3","HH_door_receiver",1.0,"HH3_door_1","open"
4347,3616,2024-09-11T10:43:32,,H2,glazen binnendeur,,,"H2","HH_door_receiver",0.0,"HH2_door_1","closed"
4348,3625,2024-09-11T10:43:32,,H3,,,,"H3","HH_door_receiver",1.0,"HH3_door_1","open"
4349,3626,2024-09-11T10:51:52,,H3,,,,"H3","HH_door_receiver",1.0,"HH3_door_2","open"
4350,3616,2024-09-11T10:53:29,,H2,glazen binnendeur,,,"H2","HH_door_receiver",0.0,"HH2_door_1","closed"
4351,3625,2024-09-11T10:53:31,,H3,,,,"H3","HH_door_receiver",1.0,"HH3_door_1","open"
4352,3626,2024-09-11T11:01:47,,H3,,,,"H3","HH_door_receiver",1.0,"HH3_door_2","open"
4353,3625,2024-09-11T11:03:25,,H3,,,,"H3","HH_door_receiver",1.0,"HH3_door_1","open"
4354,3616,2024-09-11T11:03:33,,H2,glazen binnendeur,,,"H2","HH_door_receiver",1.0,"HH2_door_1","open"
4355,3626,2024-09-11T11:11:43,,H3,,,,"H3","HH_door_receiver",1.0,"HH3_door_2","open"
4356,3625,2024-09-11T11:13:19,,H3,,,,"H3","HH_door_receiver",1.0,"HH3_door_1","open"
4357,3616,2024-09-11T11:13:31,,H2,glazen binnendeur,,,"H2","HH_door_receiver",0.0,"HH2_door_1","closed"
4358,3626,2024-09-11T11:21:39,,H3,,,,"H3","HH_door_receiver",1.0,"HH3_door_2","open"
4359,3625,2024-09-11T11:23:15,,H3,,,,"H3","HH_door_receiver",1.0,"HH3_door_1","open"
4360,3616,2024-09-11T11:23:27,,H2,glazen binnendeur,,,"H2","HH_door_receiver",0.0,"HH2_door_1","closed"
4361,3616,2024-09-11T11:33:25,,H2,glazen binnendeur,,,"H2","HH_door_receiver",0.0,"HH2_door_1","closed"
4362,3626,2024-09-11T11:41:31,,H3,,,,"H3","HH_door_receiver",1.0,"HH3_door_2","open"
4363,3625,2024-09-11T11:43:06,,H3,,,,"H3","HH_door_receiver",1.0,"HH3_door_1","open"
4364,3616,2024-09-11T11:43:20,,H2,glazen binnendeur,,,"H2","HH_door_receiver",0.0,"HH2_door_1","closed"
4365,3626,2024-09-11T11:51:27,,H3,,,,"H3","HH_door_receiver",1.0,"HH3_door_2","open"
4366,3625,2024-09-11T11:53:01,,H3,,,,"H3","HH_door_receiver",1.0,"HH3_door_1","open"
4367,3616,2024-09-11T11:53:15,,H2,glazen binnendeur,,,"H2","HH_door_receiver",0.0,"HH2_door_1","closed"
4368,3626,2024-09-11T12:01:23,,H3,,,,"H3","HH_door_receiver",1.0,"HH3_door_2","open"
4369,3625,2024-09-11T12:02:55,,H3,,,,"H3","HH_door_receiver",1.0,"HH3_door_1","open"
4370,3616,2024-09-11T12:03:10,,H2,glazen binnendeur,,,"H2","HH_door_receiver",1.0,"HH2_door_1","open"
4371,3626,2024-09-11T12:11:19,,H3,,,,"H3","HH_door_receiver",1.0,"HH3_door_2","open"
4372,3616,2024-09-11T12:13:08,,H2,glazen binnendeur,,,"H2","HH_door_receiver",1.0,"HH2_door_1","open"
4373,3626,2024-09-11T12:21:15,,H3,,,,"H3","HH_door_receiver",1.0,"HH3_door_2","open"
4374,3616,2024-09-11T12:23:07,,H2,glazen binnendeur,,,"H2","HH_door_receiver",0.0,"HH2_door_1","closed"
4375,3626,2024-09-11T12:31:11,,H3,,,,"H3","HH_door_receiver",1.0,"HH3_door_2","open"
4376,3625,2024-09-11T12:32:43,,H3,,,,"H3","HH_door_receiver",1.0,"HH3_door_1","open"
4377,3616,2024-09-11T12:33:04,,H2,glazen binnendeur,,,"H2","HH_door_receiver",0.0,"HH2_door_1","closed"
4378,3626,2024-09-11T12:41:07,,H3,,,,"H3","HH_door_receiver",1.0,"HH3_door_2","open"
4379,3625,2024-09-11T12:42:37,,H3,,,,"H3","HH_door_receiver",1.0,"HH3_door_1","open"
4380,3616,2024-09-11T12:43:01,,H2,glazen binnendeur,,,"H2","HH_door_receiver",1.0,"HH2_door_1","open"
4381,3626,2024-09-11T12:51:03,,H3,,,,"H3","HH_door_receiver",1.0,"HH3_door_2","open"
4382,3625,2024-09-11T12:52:33,,H3,,,,"H3","HH_door_receiver",1.0,"HH3_door_1","open"
4383,3616,2024-09-11T12:52:58,,H2,glazen binnendeur,,,"H2","HH_door_receiver",0.0,"HH2_door_1","closed"
4384,3626,2024-09-11T13:01:02,,H3,,,,"H3","HH_door_receiver",1.0,"HH3_door_2","open"
4385,3625,2024-09-11T13:02:28,,H3,,,,"H3","HH_door_receiver",1.0,"HH3_door_1","open"
4386,3616,2024-09-11T13:02:53,,H2,glazen binnendeur,,,"H2","HH_door_receiver",0.0,"HH2_door_1","closed"
4387,3625,2024-09-11T13:12:42,,H3,,,,"H3","HH_door_receiver",1.0,"HH3_door_1","open"
4388,3616,2024-09-11T13:12:50,,H2,glazen binnendeur,,,"H2","HH_door_receiver",0.0,"HH2_door_1","closed"
4389,3626,2024-09-11T13:20:51,,H3,,,,"H3","HH_door_receiver",1.0,"HH3_door_2","open"
4390,3625,2024-09-11T13:22:35,,H3,,,,"H3","HH_door_receiver",1.0,"HH3_door_1","open"
4391,3616,2024-09-11T13:22:45,,H2,glazen binnendeur,,,"H2","HH_door_receiver",0.0,"HH2_door_1","closed"
4392,3626,2024-09-11T13:30:48,,H3,,,,"H3","HH_door_receiver",1.0,"HH3_door_2","open"
4393,3616,2024-09-11T13:32:40,,H2,glazen binnendeur,,,"H2","HH_door_receiver",0.0,"HH2_door_1","closed"
4394,3616,2024-09-11T13:42:38,,H2,glazen binnendeur,,,"H2","HH_door_receiver",1.0,"HH2_door_1","open"
4395,3616,2024-09-11T13:52:37,,H2,glazen binnendeur,,,"H2","HH_door_receiver",1.0,"HH2_door_1","open"
4396,3616,2024-09-11T14:02:33,,H2,glazen binnendeur,,,"H2","HH_door_receiver",1.0,"HH2_door_1","open"
4397,3616,2024-09-11T14:12:29,,H2,glazen binnendeur,,,"H2","HH_door_receiver",0.0,"HH2_door_1","closed"
4398,3616,2024-09-11T14:22:24,,H2,glazen binnendeur,,,"H2","HH_door_receiver",0.0,"HH2_door_1","closed"
4399,3616,2024-09-11T14:32:19,,H2,glazen binnendeur,,,"H2","HH_door_receiver",0.0,"HH2_door_1","closed"
4400,3616,2024-09-11T14:42:18,,H2,glazen binnendeur,,,"H2","HH_door_receiver",0.0,"HH2_door_1","closed"
4401,3616,2024-09-11T14:52:13,,H2,glazen binnendeur,,,"H2","HH_door_receiver",0.0,"HH2_door_1","closed"
4402,3616,2024-09-11T15:02:12,,H2,glazen binnendeur,,,"H2","HH_door_receiver",0.0,"HH2_door_1","closed"
4403,3616,2024-09-11T15:12:07,,H2,glazen binnendeur,,,"H2","HH_door_receiver",0.0,"HH2_door_1","closed"
4404,3616,2024-09-11T15:22:03,,H2,glazen binnendeur,,,"H2","HH_door_receiver",0.0,"HH2_door_1","closed"
4405,3616,2024-09-11T15:32:00,,H2,glazen binnendeur,,,"H2","HH_door_receiver",0.0,"HH2_door_1","closed"
4406,3616,2024-09-11T15:41:56,,H2,glazen binnendeur,,,"H2","HH_door_receiver",0.0,"HH2_door_1","closed"
4407,3616,2024-09-11T15:51:55,,H2,glazen binnendeur,,,"H2","HH_door_receiver",0.0,"HH2_door_1","closed"
4408,3616,2024-09-11T16:01:51,,H2,glazen binnendeur,,,"H2","HH_door_receiver",0.0,"HH2_door_1","closed"
4409,3616,2024-09-11T16:21:44,,H2,glazen binnendeur,,,"H2","HH_door_receiver",1.0,"HH2_door_1","open"
4410,3616,2024-09-11T16:31:39,,H2,glazen binnendeur,,,"H2","HH_door_receiver",1.0,"HH2_door_1","open"
4411,3616,2024-09-11T16:41:36,,H2,glazen binnendeur,,,"H2","HH_door_receiver",1.0,"HH2_door_1","open"
4412,3616,2024-09-11T16:51:33,,H2,glazen binnendeur,,,"H2","HH_door_receiver",0.0,"HH2_door_1","closed"
4413,3616,2024-09-11T17:01:27,,H2,glazen binnendeur,,,"H2","HH_door_receiver",0.0,"HH2_door_1","closed"
4414,3616,2024-09-11T17:11:23,,H2,glazen binnendeur,,,"H2","HH_door_receiver",0.0,"HH2_door_1","closed"
4415,3616,2024-09-11T17:21:21,,H2,glazen binnendeur,,,"H2","HH_door_receiver",1.0,"HH2_door_1","open"
4416,3616,2024-09-11T17:31:21,,H2,glazen binnendeur,,,"H2","HH_door_receiver",1.0,"HH2_door_1","open"
4417,3616,2024-09-11T17:41:19,,H2,glazen binnendeur,,,"H2","HH_door_receiver",1.0,"HH2_door_1","open"
4418,3616,2024-09-11T17:51:15,,H2,glazen binnendeur,,,"H2","HH_door_receiver",1.0,"HH2_door_1","open"
4419,3616,2024-09-11T18:01:12,,H2,glazen binnendeur,,,"H2","HH_door_receiver",1.0,"HH2_door_1","open"
4420,3616,2024-09-11T18:11:10,,H2,glazen binnendeur,,,"H2","HH_door_receiver",0.0,"HH2_door_1","closed"
4421,3616,2024-09-11T18:21:05,,H2,glazen binnendeur,,,"H2","HH_door_receiver",0.0,"HH2_door_1","closed"
4422,3616,2024-09-11T18:31:02,,H2,glazen binnendeur,,,"H2","HH_door_receiver",0.0,"HH2_door_1","closed"
4423,3616,2024-09-11T18:40:57,,H2,glazen binnendeur,,,"H2","HH_door_receiver",0.0,"HH2_door_1","closed"
4424,3616,2024-09-11T18:50:55,,H2,glazen binnendeur,,,"H2","HH_door_receiver",0.0,"HH2_door_1","closed"
4425,3616,2024-09-11T19:00:52,,H2,glazen binnendeur,,,"H2","HH_door_receiver",0.0,"HH2_door_1","closed"
4426,3616,2024-09-11T19:10:47,,H2,glazen binnendeur,,,"H2","HH_door_receiver",0.0,"HH2_door_1","closed"
4427,3616,2024-09-11T19:20:44,,H2,glazen binnendeur,,,"H2","HH_door_receiver",0.0,"HH2_door_1","closed"
4428,3616,2024-09-11T19:30:41,,H2,glazen binnendeur,,,"H2","HH_door_receiver",0.0,"HH2_door_1","closed"
4429,3616,2024-09-11T19:40:38,,H2,glazen binnendeur,,,"H2","HH_door_receiver",1.0,"HH2_door_1","open"
4430,3616,2024-09-11T19:50:35,,H2,glazen binnendeur,,,"H2","HH_door_receiver",1.0,"HH2_door_1","open"
4431,3616,2024-09-11T20:10:25,,H2,glazen binnendeur,,,"H2","HH_door_receiver",0.0,"HH2_door_1","closed"
4432,3616,2024-09-11T20:20:20,,H2,glazen binnendeur,,,"H2","HH_door_receiver",0.0,"HH2_door_1","closed"
4433,3616,2024-09-11T20:30:17,,H2,glazen binnendeur,,,"H2","HH_door_receiver",0.0,"HH2_door_1","closed"
4434,3616,2024-09-11T20:40:14,,H2,glazen binnendeur,,,"H2","HH_door_receiver",0.0,"HH2_door_1","closed"
4435,3616,2024-09-11T20:50:10,,H2,glazen binnendeur,,,"H2","HH_door_receiver",0.0,"HH2_door_1","closed"
4436,3616,2024-09-11T21:00:07,,H2,glazen binnendeur,,,"H2","HH_door_receiver",0.0,"HH2_door_1","closed"
4437,3616,2024-09-11T21:19:59,,H2,glazen binnendeur,,,"H2","HH_door_receiver",0.0,"HH2_door_1","closed"
4438,3616,2024-09-11T21:29:54,,H2,glazen binnendeur,,,"H2","HH_door_receiver",1.0,"HH2_door_1","open"
4439,3616,2024-09-11T21:39:50,,H2,glazen binnendeur,,,"H2","HH_door_receiver",0.0,"HH2_door_1","closed"
4440,3616,2024-09-11T21:59:41,,H2,glazen binnendeur,,,"H2","HH_door_receiver",0.0,"HH2_door_1","closed"
4441,3616,2024-09-11T22:09:38,,H2,glazen binnendeur,,,"H2","HH_door_receiver",0.0,"HH2_door_1","closed"
4442,3616,2024-09-11T22:19:35,,H2,glazen binnendeur,,,"H2","HH_door_receiver",0.0,"HH2_door_1","closed"
4443,3616,2024-09-11T22:29:30,,H2,glazen binnendeur,,,"H2","HH_door_receiver",0.0,"HH2_door_1","closed"
4444,3616,2024-09-11T22:39:25,,H2,glazen binnendeur,,,"H2","HH_door_receiver",0.0,"HH2_door_1","closed"
4445,3616,2024-09-11T22:49:20,,H2,glazen binnendeur,,,"H2","HH_door_receiver",0.0,"HH2_door_1","closed"
4446,3616,2024-09-11T22:59:17,,H2,glazen binnendeur,,,"H2","HH_door_receiver",0.0,"HH2_door_1","closed"
4447,3616,2024-09-11T23:19:07,,H2,glazen binnendeur,,,"H2","HH_door_receiver",0.0,"HH2_door_1","closed"
4448,3616,2024-09-11T23:29:06,,H2,glazen binnendeur,,,"H2","HH_door_receiver",0.0,"HH2_door_1","closed"
4449,3616,2024-09-11T23:39:02,,H2,glazen binnendeur,,,"H2","HH_door_receiver",0.0,"HH2_door_1","closed"
4450,3616,2024-09-11T23:48:59,,H2,glazen binnendeur,,,"H2","HH_door_receiver",0.0,"HH2_door_1","closed"
4451,3616,2024-09-11T23:58:56,,H2,glazen binnendeur,,,"H2","HH_door_receiver",0.0,"HH2_door_1","closed"
4452,3616,2024-09-12T00:08:53,,H2,glazen binnendeur,,,"H2","HH_door_receiver",0.0,"HH2_door_1","closed"
4453,3616,2024-09-12T00:18:52,,H2,glazen binnendeur,,,"H2","HH_door_receiver",0.0,"HH2_door_1","closed"
4454,3616,2024-09-12T00:28:47,,H2,glazen binnendeur,,,"H2","HH_door_receiver",0.0,"HH2_door_1","closed"
4455,3616,2024-09-12T00:38:44,,H2,glazen binnendeur,,,"H2","HH_door_receiver",0.0,"HH2_door_1","closed"
4456,3616,2024-09-12T00:48:38,,H2,glazen binnendeur,,,"H2","HH_door_receiver",0.0,"HH2_door_1","closed"
4457,3616,2024-09-12T00:58:34,,H2,glazen binnendeur,,,"H2","HH_door_receiver",0.0,"HH2_door_1","closed"
4458,3616,2024-09-12T01:08:32,,H2,glazen binnendeur,,,"H2","HH_door_receiver",0.0,"HH2_door_1","closed"
4459,3616,2024-09-12T01:18:30,,H2,glazen binnendeur,,,"H2","HH_door_receiver",0.0,"HH2_door_1","closed"
4460,3616,2024-09-12T01:28:24,,H2,glazen binnendeur,,,"H2","HH_door_receiver",0.0,"HH2_door_1","closed"
4461,3616,2024-09-12T01:38:19,,H2,glazen binnendeur,,,"H2","HH_door_receiver",0.0,"HH2_door_1","closed"
4462,3616,2024-09-12T01:48:18,,H2,glazen binnendeur,,,"H2","HH_door_receiver",0.0,"HH2_door_1","closed"
4463,3616,2024-09-12T01:58:14,,H2,glazen binnendeur,,,"H2","HH_door_receiver",0.0,"HH2_door_1","closed"
4464,3616,2024-09-12T02:18:08,,H2,glazen binnendeur,,,"H2","HH_door_receiver",0.0,"HH2_door_1","closed"
4465,3616,2024-09-12T02:28:03,,H2,glazen binnendeur,,,"H2","HH_door_receiver",0.0,"HH2_door_1","closed"
4466,3616,2024-09-12T02:47:56,,H2,glazen binnendeur,,,"H2","HH_door_receiver",0.0,"HH2_door_1","closed"
4467,3616,2024-09-12T02:57:51,,H2,glazen binnendeur,,,"H2","HH_door_receiver",0.0,"HH2_door_1","closed"
4468,3616,2024-09-12T03:07:51,,H2,glazen binnendeur,,,"H2","HH_door_receiver",0.0,"HH2_door_1","closed"
4469,3616,2024-09-12T03:17:45,,H2,glazen binnendeur,,,"H2","HH_door_receiver",0.0,"HH2_door_1","closed"
4470,3616,2024-09-12T03:27:42,,H2,glazen binnendeur,,,"H2","HH_door_receiver",0.0,"HH2_door_1","closed"
4471,3616,2024-09-12T03:37:37,,H2,glazen binnendeur,,,"H2","HH_door_receiver",0.0,"HH2_door_1","closed"
4472,3616,2024-09-12T03:47:34,,H2,glazen binnendeur,,,"H2","HH_door_receiver",0.0,"HH2_door_1","closed"
4473,3616,2024-09-12T03:57:29,,H2,glazen binnendeur,,,"H2","HH_door_receiver",0.0,"HH2_door_1","closed"
4474,3616,2024-09-12T04:07:24,,H2,glazen binnendeur,,,"H2","HH_door_receiver",0.0,"HH2_door_1","closed"
4475,3616,2024-09-12T04:17:19,,H2,glazen binnendeur,,,"H2","HH_door_receiver",0.0,"HH2_door_1","closed"
4476,3616,2024-09-12T04:27:16,,H2,glazen binnendeur,,,"H2","HH_door_receiver",0.0,"HH2_door_1","closed"
4477,3616,2024-09-12T04:37:13,,H2,glazen binnendeur,,,"H2","HH_door_receiver",0.0,"HH2_door_1","closed"
4478,3616,2024-09-12T04:47:08,,H2,glazen binnendeur,,,"H2","HH_door_receiver",0.0,"HH2_door_1","closed"
4479,3616,2024-09-12T04:57:05,,H2,glazen binnendeur,,,"H2","HH_door_receiver",0.0,"HH2_door_1","closed"
4480,3616,2024-09-12T05:07:02,,H2,glazen binnendeur,,,"H2","HH_door_receiver",0.0,"HH2_door_1","closed"
4481,3616,2024-09-12T05:16:59,,H2,glazen binnendeur,,,"H2","HH_door_receiver",0.0,"HH2_door_1","closed"
4482,3616,2024-09-12T05:26:57,,H2,glazen binnendeur,,,"H2","HH_door_receiver",0.0,"HH2_door_1","closed"
4483,3616,2024-09-12T05:36:53,,H2,glazen binnendeur,,,"H2","HH_door_receiver",0.0,"HH2_door_1","closed"
4484,3616,2024-09-12T05:46:48,,H2,glazen binnendeur,,,"H2","HH_door_receiver",0.0,"HH2_door_1","closed"
4485,3616,2024-09-12T05:56:45,,H2,glazen binnendeur,,,"H2","HH_door_receiver",0.0,"HH2_door_1","closed"
4486,3616,2024-09-12T06:06:44,,H2,glazen binnendeur,,,"H2","HH_door_receiver",0.0,"HH2_door_1","closed"
4487,3616,2024-09-12T06:16:40,,H2,glazen binnendeur,,,"H2","HH_door_receiver",0.0,"HH2_door_1","closed"
4488,3616,2024-09-12T06:26:36,,H2,glazen binnendeur,,,"H2","HH_door_receiver",0.0,"HH2_door_1","closed"
4489,3616,2024-09-12T06:36:35,,H2,glazen binnendeur,,,"H2","HH_door_receiver",0.0,"HH2_door_1","closed"
4490,3616,2024-09-12T06:46:33,,H2,glazen binnendeur,,,"H2","HH_door_receiver",0.0,"HH2_door_1","closed"
4491,3616,2024-09-12T06:56:31,,H2,glazen binnendeur,,,"H2","HH_door_receiver",0.0,"HH2_door_1","closed"
4492,3616,2024-09-12T07:06:26,,H2,glazen binnendeur,,,"H2","HH_door_receiver",1.0,"HH2_door_1","open"
4493,3616,2024-09-12T07:16:25,,H2,glazen binnendeur,,,"H2","HH_door_receiver",1.0,"HH2_door_1","open"
4494,3616,2024-09-12T07:26:23,,H2,glazen binnendeur,,,"H2","HH_door_receiver",1.0,"HH2_door_1","open"
4495,3616,2024-09-12T07:36:18,,H2,glazen binnendeur,,,"H2","HH_door_receiver",1.0,"HH2_door_1","open"
4496,3616,2024-09-12T07:46:16,,H2,glazen binnendeur,,,"H2","HH_door_receiver",0.0,"HH2_door_1","closed"
4497,3616,2024-09-12T07:56:11,,H2,glazen binnendeur,,,"H2","HH_door_receiver",0.0,"HH2_door_1","closed"
4498,3616,2024-09-12T08:06:08,,H2,glazen binnendeur,,,"H2","HH_door_receiver",1.0,"HH2_door_1","open"
4499,3616,2024-09-12T08:16:04,,H2,glazen binnendeur,,,"H2","HH_door_receiver",1.0,"HH2_door_1","open"
4500,3616,2024-09-12T08:26:02,,H2,glazen binnendeur,,,"H2","HH_door_receiver",0.0,"HH2_door_1","closed"
4501,3616,2024-09-12T08:36:01,,H2,glazen binnendeur,,,"H2","HH_door_receiver",0.0,"HH2_door_1","closed"
4502,3616,2024-09-12T08:45:57,,H2,glazen binnendeur,,,"H2","HH_door_receiver",0.0,"HH2_door_1","closed"
4503,3616,2024-09-12T08:55:52,,H2,glazen binnendeur,,,"H2","HH_door_receiver",0.0,"HH2_door_1","closed"
4504,3616,2024-09-12T09:05:48,,H2,glazen binnendeur,,,"H2","HH_door_receiver",0.0,"HH2_door_1","closed"
4505,3616,2024-09-12T09:15:43,,H2,glazen binnendeur,,,"H2","HH_door_receiver",0.0,"HH2_door_1","closed"
4506,3616,2024-09-12T09:25:39,,H2,glazen binnendeur,,,"H2","HH_door_receiver",0.0,"HH2_door_1","closed"
4507,3616,2024-09-12T09:35:36,,H2,glazen binnendeur,,,"H2","HH_door_receiver",0.0,"HH2_door_1","closed"
4508,3616,2024-09-12T09:45:33,,H2,glazen binnendeur,,,"H2","HH_door_receiver",0.0,"HH2_door_1","closed"
4509,3616,2024-09-12T09:55:29,,H2,glazen binnendeur,,,"H2","HH_door_receiver",0.0,"HH2_door_1","closed"
4510,3616,2024-09-12T10:05:28,,H2,glazen binnendeur,,,"H2","HH_door_receiver",0.0,"HH2_door_1","closed"
4511,3616,2024-09-12T10:15:24,,H2,glazen binnendeur,,,"H2","HH_door_receiver",0.0,"HH2_door_1","closed"
4512,3616,2024-09-12T10:25:20,,H2,glazen binnendeur,,,"H2","HH_door_receiver",0.0,"HH2_door_1","closed"
4513,3616,2024-09-12T10:35:17,,H2,glazen binnendeur,,,"H2","HH_door_receiver",0.0,"HH2_door_1","closed"
4514,3616,2024-09-12T10:45:14,,H2,glazen binnendeur,,,"H2","HH_door_receiver",1.0,"HH2_door_1","open"
4515,3616,2024-09-12T10:55:13,,H2,glazen binnendeur,,,"H2","HH_door_receiver",1.0,"HH2_door_1","open"
4516,3616,2024-09-12T11:05:08,,H2,glazen binnendeur,,,"H2","HH_door_receiver",1.0,"HH2_door_1","open"
4517,3616,2024-09-12T11:15:05,,H2,glazen binnendeur,,,"H2","HH_door_receiver",1.0,"HH2_door_1","open"
4518,3616,2024-09-12T11:25:04,,H2,glazen binnendeur,,,"H2","HH_door_receiver",1.0,"HH2_door_1","open"
4519,3616,2024-09-12T11:35:03,,H2,glazen binnendeur,,,"H2","HH_door_receiver",1.0,"HH2_door_1","open"
4520,3616,2024-09-12T11:44:58,,H2,glazen binnendeur,,,"H2","HH_door_receiver",1.0,"HH2_door_1","open"
4521,3616,2024-09-12T11:54:55,,H2,glazen binnendeur,,,"H2","HH_door_receiver",1.0,"HH2_door_1","open"
4522,3616,2024-09-12T12:04:50,,H2,glazen binnendeur,,,"H2","HH_door_receiver",1.0,"HH2_door_1","open"
4523,3616,2024-09-12T12:14:45,,H2,glazen binnendeur,,,"H2","HH_door_receiver",1.0,"HH2_door_1","open"
4524,3616,2024-09-12T12:24:42,,H2,glazen binnendeur,,,"H2","HH_door_receiver",0.0,"HH2_door_1","closed"
4525,3616,2024-09-12T12:34:39,,H2,glazen binnendeur,,,"H2","HH_door_receiver",1.0,"HH2_door_1","open"
4526,3616,2024-09-12T12:44:34,,H2,glazen binnendeur,,,"H2","HH_door_receiver",1.0,"HH2_door_1","open"
4527,3616,2024-09-12T12:54:31,,H2,glazen binnendeur,,,"H2","HH_door_receiver",1.0,"HH2_door_1","open"
4528,3616,2024-09-12T13:04:27,,H2,glazen binnendeur,,,"H2","HH_door_receiver",0.0,"HH2_door_1","closed"
4529,3616,2024-09-12T13:14:24,,H2,glazen binnendeur,,,"H2","HH_door_receiver",1.0,"HH2_door_1","open"
4530,3616,2024-09-12T13:24:21,,H2,glazen binnendeur,,,"H2","HH_door_receiver",1.0,"HH2_door_1","open"
4531,3616,2024-09-12T13:34:17,,H2,glazen binnendeur,,,"H2","HH_door_receiver",1.0,"HH2_door_1","open"
4532,3616,2024-09-12T13:54:08,,H2,glazen binnendeur,,,"H2","HH_door_receiver",0.0,"HH2_door_1","closed"
4533,3616,2024-09-12T14:04:08,,H2,glazen binnendeur,,,"H2","HH_door_receiver",1.0,"HH2_door_1","open"
4534,3616,2024-09-12T14:14:04,,H2,glazen binnendeur,,,"H2","HH_door_receiver",1.0,"HH2_door_1","open"
4535,3616,2024-09-12T14:43:51,,H2,glazen binnendeur,,,"H2","HH_door_receiver",0.0,"HH2_door_1","closed"
4536,3616,2024-09-12T14:53:49,,H2,glazen binnendeur,,,"H2","HH_door_receiver",0.0,"HH2_door_1","closed"
4537,3616,2024-09-12T15:03:44,,H2,glazen binnendeur,,,"H2","HH_door_receiver",0.0,"HH2_door_1","closed"
4538,3616,2024-09-12T15:13:41,,H2,glazen binnendeur,,,"H2","HH_door_receiver",0.0,"HH2_door_1","closed"
4539,3616,2024-09-12T15:23:37,,H2,glazen binnendeur,,,"H2","HH_door_receiver",0.0,"HH2_door_1","closed"
4540,3616,2024-09-12T15:33:34,,H2,glazen binnendeur,,,"H2","HH_door_receiver",0.0,"HH2_door_1","closed"
4541,3616,2024-09-12T15:43:30,,H2,glazen binnendeur,,,"H2","HH_door_receiver",0.0,"HH2_door_1","closed"
4542,3616,2024-09-12T15:53:25,,H2,glazen binnendeur,,,"H2","HH_door_receiver",0.0,"HH2_door_1","closed"
4543,3616,2024-09-12T16:03:22,,H2,glazen binnendeur,,,"H2","HH_door_receiver",0.0,"HH2_door_1","closed"
4544,3616,2024-09-12T16:13:18,,H2,glazen binnendeur,,,"H2","HH_door_receiver",0.0,"HH2_door_1","closed"
4545,3616,2024-09-12T16:23:15,,H2,glazen binnendeur,,,"H2","HH_door_receiver",0.0,"HH2_door_1","closed"
4546,3616,2024-09-12T16:33:14,,H2,glazen binnendeur,,,"H2","HH_door_receiver",0.0,"HH2_door_1","closed"
4547,3616,2024-09-12T16:53:06,,H2,glazen binnendeur,,,"H2","HH_door_receiver",1.0,"HH2_door_1","open"
4548,3616,2024-09-12T17:12:59,,H2,glazen binnendeur,,,"H2","HH_door_receiver",1.0,"HH2_door_1","open"
4549,3616,2024-09-12T17:22:58,,H2,glazen binnendeur,,,"H2","HH_door_receiver",1.0,"HH2_door_1","open"
4550,3616,2024-09-12T17:42:50,,H2,glazen binnendeur,,,"H2","HH_door_receiver",0.0,"HH2_door_1","closed"
4551,3616,2024-09-12T17:52:46,,H2,glazen binnendeur,,,"H2","HH_door_receiver",1.0,"HH2_door_1","open"
4552,3616,2024-09-12T18:02:43,,H2,glazen binnendeur,,,"H2","HH_door_receiver",0.0,"HH2_door_1","closed"
4553,3616,2024-09-12T18:12:40,,H2,glazen binnendeur,,,"H2","HH_door_receiver",0.0,"HH2_door_1","closed"
4554,3616,2024-09-12T18:22:37,,H2,glazen binnendeur,,,"H2","HH_door_receiver",0.0,"HH2_door_1","closed"
4555,3616,2024-09-12T18:42:29,,H2,glazen binnendeur,,,"H2","HH_door_receiver",1.0,"HH2_door_1","open"
4556,3616,2024-09-12T18:52:24,,H2,glazen binnendeur,,,"H2","HH_door_receiver",0.0,"HH2_door_1","closed"
4557,3616,2024-09-12T19:02:20,,H2,glazen binnendeur,,,"H2","HH_door_receiver",0.0,"HH2_door_1","closed"
4558,3616,2024-09-12T19:12:17,,H2,glazen binnendeur,,,"H2","HH_door_receiver",0.0,"HH2_door_1","closed"
4559,3616,2024-09-12T19:22:16,,H2,glazen binnendeur,,,"H2","HH_door_receiver",0.0,"HH2_door_1","closed"
4560,3616,2024-09-12T19:42:07,,H2,glazen binnendeur,,,"H2","HH_door_receiver",0.0,"HH2_door_1","closed"
4561,3616,2024-09-12T19:52:03,,H2,glazen binnendeur,,,"H2","HH_door_receiver",0.0,"HH2_door_1","closed"
4562,3616,2024-09-12T20:02:02,,H2,glazen binnendeur,,,"H2","HH_door_receiver",0.0,"HH2_door_1","closed"
4563,3616,2024-09-12T20:11:58,,H2,glazen binnendeur,,,"H2","HH_door_receiver",0.0,"HH2_door_1","closed"
4564,3616,2024-09-12T20:21:55,,H2,glazen binnendeur,,,"H2","HH_door_receiver",0.0,"HH2_door_1","closed"
4565,3616,2024-09-12T20:31:50,,H2,glazen binnendeur,,,"H2","HH_door_receiver",0.0,"HH2_door_1","closed"
4566,3616,2024-09-12T20:41:49,,H2,glazen binnendeur,,,"H2","HH_door_receiver",1.0,"HH2_door_1","open"
4567,3616,2024-09-12T20:51:45,,H2,glazen binnendeur,,,"H2","HH_door_receiver",0.0,"HH2_door_1","closed"
4568,3616,2024-09-12T21:01:39,,H2,glazen binnendeur,,,"H2","HH_door_receiver",0.0,"HH2_door_1","closed"
4569,3616,2024-09-12T21:11:35,,H2,glazen binnendeur,,,"H2","HH_door_receiver",0.0,"HH2_door_1","closed"
4570,3616,2024-09-12T21:21:32,,H2,glazen binnendeur,,,"H2","HH_door_receiver",0.0,"HH2_door_1","closed"
4571,3616,2024-09-12T21:31:29,,H2,glazen binnendeur,,,"H2","HH_door_receiver",0.0,"HH2_door_1","closed"
4572,3616,2024-09-12T21:51:23,,H2,glazen binnendeur,,,"H2","HH_door_receiver",0.0,"HH2_door_1","closed"
4573,3616,2024-09-12T22:01:17,,H2,glazen binnendeur,,,"H2","HH_door_receiver",0.0,"HH2_door_1","closed"
4574,3616,2024-09-12T22:21:12,,H2,glazen binnendeur,,,"H2","HH_door_receiver",0.0,"HH2_door_1","closed"
4575,3616,2024-09-12T22:31:08,,H2,glazen binnendeur,,,"H2","HH_door_receiver",0.0,"HH2_door_1","closed"
4576,3616,2024-09-12T22:41:05,,H2,glazen binnendeur,,,"H2","HH_door_receiver",0.0,"HH2_door_1","closed"
4577,3616,2024-09-12T22:51:03,,H2,glazen binnendeur,,,"H2","HH_door_receiver",0.0,"HH2_door_1","closed"
4578,3616,2024-09-12T23:00:59,,H2,glazen binnendeur,,,"H2","HH_door_receiver",0.0,"HH2_door_1","closed"
4579,3616,2024-09-12T23:10:55,,H2,glazen binnendeur,,,"H2","HH_door_receiver",0.0,"HH2_door_1","closed"
4580,3616,2024-09-12T23:20:52,,H2,glazen binnendeur,,,"H2","HH_door_receiver",0.0,"HH2_door_1","closed"
4581,3616,2024-09-12T23:30:48,,H2,glazen binnendeur,,,"H2","HH_door_receiver",0.0,"HH2_door_1","closed"
4582,3616,2024-09-12T23:50:46,,H2,glazen binnendeur,,,"H2","HH_door_receiver",0.0,"HH2_door_1","closed"
4583,3616,2024-09-13T00:00:43,,H2,glazen binnendeur,,,"H2","HH_door_receiver",0.0,"HH2_door_1","closed"
4584,3616,2024-09-13T00:10:39,,H2,glazen binnendeur,,,"H2","HH_door_receiver",0.0,"HH2_door_1","closed"
4585,3616,2024-09-13T00:20:34,,H2,glazen binnendeur,,,"H2","HH_door_receiver",0.0,"HH2_door_1","closed"
4586,3616,2024-09-13T00:30:30,,H2,glazen binnendeur,,,"H2","HH_door_receiver",0.0,"HH2_door_1","closed"
4587,3616,2024-09-13T00:40:26,,H2,glazen binnendeur,,,"H2","HH_door_receiver",0.0,"HH2_door_1","closed"
4588,3616,2024-09-13T00:50:23,,H2,glazen binnendeur,,,"H2","HH_door_receiver",0.0,"HH2_door_1","closed"
4589,3616,2024-09-13T01:00:18,,H2,glazen binnendeur,,,"H2","HH_door_receiver",0.0,"HH2_door_1","closed"
4590,3616,2024-09-13T01:10:15,,H2,glazen binnendeur,,,"H2","HH_door_receiver",0.0,"HH2_door_1","closed"
4591,3616,2024-09-13T01:20:10,,H2,glazen binnendeur,,,"H2","HH_door_receiver",0.0,"HH2_door_1","closed"
4592,3616,2024-09-13T01:30:05,,H2,glazen binnendeur,,,"H2","HH_door_receiver",0.0,"HH2_door_1","closed"
4593,3616,2024-09-13T01:40:01,,H2,glazen binnendeur,,,"H2","HH_door_receiver",0.0,"HH2_door_1","closed"
4594,3616,2024-09-13T01:49:59,,H2,glazen binnendeur,,,"H2","HH_door_receiver",0.0,"HH2_door_1","closed"
4595,3616,2024-09-13T01:59:54,,H2,glazen binnendeur,,,"H2","HH_door_receiver",0.0,"HH2_door_1","closed"
4596,3616,2024-09-13T02:09:50,,H2,glazen binnendeur,,,"H2","HH_door_receiver",0.0,"HH2_door_1","closed"
4597,3616,2024-09-13T02:19:47,,H2,glazen binnendeur,,,"H2","HH_door_receiver",0.0,"HH2_door_1","closed"
4598,3616,2024-09-13T02:29:44,,H2,glazen binnendeur,,,"H2","HH_door_receiver",0.0,"HH2_door_1","closed"
4599,3616,2024-09-13T02:49:44,,H2,glazen binnendeur,,,"H2","HH_door_receiver",0.0,"HH2_door_1","closed"
4600,3616,2024-09-13T02:59:42,,H2,glazen binnendeur,,,"H2","HH_door_receiver",0.0,"HH2_door_1","closed"
4601,3616,2024-09-13T03:09:36,,H2,glazen binnendeur,,,"H2","HH_door_receiver",0.0,"HH2_door_1","closed"
4602,3616,2024-09-13T03:19:33,,H2,glazen binnendeur,,,"H2","HH_door_receiver",0.0,"HH2_door_1","closed"
4603,3616,2024-09-13T03:29:29,,H2,glazen binnendeur,,,"H2","HH_door_receiver",0.0,"HH2_door_1","closed"
4604,3616,2024-09-13T03:39:25,,H2,glazen binnendeur,,,"H2","HH_door_receiver",0.0,"HH2_door_1","closed"
4605,3616,2024-09-13T03:49:20,,H2,glazen binnendeur,,,"H2","HH_door_receiver",0.0,"HH2_door_1","closed"
4606,3616,2024-09-13T03:59:17,,H2,glazen binnendeur,,,"H2","HH_door_receiver",0.0,"HH2_door_1","closed"
4607,3616,2024-09-13T04:09:11,,H2,glazen binnendeur,,,"H2","HH_door_receiver",0.0,"HH2_door_1","closed"
4608,3616,2024-09-13T04:19:09,,H2,glazen binnendeur,,,"H2","HH_door_receiver",0.0,"HH2_door_1","closed"
4609,3616,2024-09-13T04:29:05,,H2,glazen binnendeur,,,"H2","HH_door_receiver",0.0,"HH2_door_1","closed"
4610,3616,2024-09-13T04:39:04,,H2,glazen binnendeur,,,"H2","HH_door_receiver",0.0,"HH2_door_1","closed"
4611,3616,2024-09-13T04:49:02,,H2,glazen binnendeur,,,"H2","HH_door_receiver",0.0,"HH2_door_1","closed"
4612,3616,2024-09-13T04:59:01,,H2,glazen binnendeur,,,"H2","HH_door_receiver",0.0,"HH2_door_1","closed"
4613,3616,2024-09-13T05:08:57,,H2,glazen binnendeur,,,"H2","HH_door_receiver",0.0,"HH2_door_1","closed"
4614,3616,2024-09-13T05:18:53,,H2,glazen binnendeur,,,"H2","HH_door_receiver",0.0,"HH2_door_1","closed"
4615,3616,2024-09-13T05:28:50,,H2,glazen binnendeur,,,"H2","HH_door_receiver",0.0,"HH2_door_1","closed"
4616,3616,2024-09-13T05:38:45,,H2,glazen binnendeur,,,"H2","HH_door_receiver",0.0,"HH2_door_1","closed"
4617,3616,2024-09-13T05:48:44,,H2,glazen binnendeur,,,"H2","HH_door_receiver",0.0,"HH2_door_1","closed"
4618,3616,2024-09-13T05:58:40,,H2,glazen binnendeur,,,"H2","HH_door_receiver",0.0,"HH2_door_1","closed"
4619,3616,2024-09-13T06:08:37,,H2,glazen binnendeur,,,"H2","HH_door_receiver",0.0,"HH2_door_1","closed"
4620,3616,2024-09-13T06:18:34,,H2,glazen binnendeur,,,"H2","HH_door_receiver",0.0,"HH2_door_1","closed"
4621,3616,2024-09-13T06:28:31,,H2,glazen binnendeur,,,"H2","HH_door_receiver",0.0,"HH2_door_1","closed"
4622,3616,2024-09-13T06:38:28,,H2,glazen binnendeur,,,"H2","HH_door_receiver",1.0,"HH2_door_1","open"
4623,3616,2024-09-13T06:48:27,,H2,glazen binnendeur,,,"H2","HH_door_receiver",1.0,"HH2_door_1","open"
4624,3616,2024-09-13T06:58:22,,H2,glazen binnendeur,,,"H2","HH_door_receiver",1.0,"HH2_door_1","open"
4625,3616,2024-09-13T07:08:18,,H2,glazen binnendeur,,,"H2","HH_door_receiver",1.0,"HH2_door_1","open"
4626,3616,2024-09-13T07:18:15,,H2,glazen binnendeur,,,"H2","HH_door_receiver",0.0,"HH2_door_1","closed"
4627,3616,2024-09-13T07:28:11,,H2,glazen binnendeur,,,"H2","HH_door_receiver",0.0,"HH2_door_1","closed"
4628,3616,2024-09-13T07:38:06,,H2,glazen binnendeur,,,"H2","HH_door_receiver",0.0,"HH2_door_1","closed"
4629,3616,2024-09-13T07:48:02,,H2,glazen binnendeur,,,"H2","HH_door_receiver",0.0,"HH2_door_1","closed"
4630,3616,2024-09-13T07:58:01,,H2,glazen binnendeur,,,"H2","HH_door_receiver",0.0,"HH2_door_1","closed"
4631,3616,2024-09-13T08:07:57,,H2,glazen binnendeur,,,"H2","HH_door_receiver",0.0,"HH2_door_1","closed"
4632,3616,2024-09-13T08:17:52,,H2,glazen binnendeur,,,"H2","HH_door_receiver",0.0,"HH2_door_1","closed"
4633,3616,2024-09-13T08:37:45,,H2,glazen binnendeur,,,"H2","HH_door_receiver",1.0,"HH2_door_1","open"
4634,3616,2024-09-13T08:47:40,,H2,glazen binnendeur,,,"H2","HH_door_receiver",1.0,"HH2_door_1","open"
4635,3616,2024-09-13T08:57:39,,H2,glazen binnendeur,,,"H2","HH_door_receiver",0.0,"HH2_door_1","closed"
4636,3616,2024-09-13T09:07:35,,H2,glazen binnendeur,,,"H2","HH_door_receiver",1.0,"HH2_door_1","open"
4637,3616,2024-09-13T09:17:33,,H2,glazen binnendeur,,,"H2","HH_door_receiver",0.0,"HH2_door_1","closed"
4638,3616,2024-09-13T09:27:30,,H2,glazen binnendeur,,,"H2","HH_door_receiver",0.0,"HH2_door_1","closed"
4639,3616,2024-09-13T09:37:27,,H2,glazen binnendeur,,,"H2","HH_door_receiver",0.0,"HH2_door_1","closed"
4640,3616,2024-09-13T09:47:21,,H2,glazen binnendeur,,,"H2","HH_door_receiver",0.0,"HH2_door_1","closed"
4641,3616,2024-09-13T09:57:16,,H2,glazen binnendeur,,,"H2","HH_door_receiver",1.0,"HH2_door_1","open"
4642,3616,2024-09-13T10:07:14,,H2,glazen binnendeur,,,"H2","HH_door_receiver",0.0,"HH2_door_1","closed"
4643,3616,2024-09-13T10:17:12,,H2,glazen binnendeur,,,"H2","HH_door_receiver",0.0,"HH2_door_1","closed"
4644,3616,2024-09-13T10:27:09,,H2,glazen binnendeur,,,"H2","HH_door_receiver",0.0,"HH2_door_1","closed"
4645,3616,2024-09-13T10:47:05,,H2,glazen binnendeur,,,"H2","HH_door_receiver",0.0,"HH2_door_1","closed"
4646,3616,2024-09-13T10:57:01,,H2,glazen binnendeur,,,"H2","HH_door_receiver",0.0,"HH2_door_1","closed"
4647,3616,2024-09-13T11:06:58,,H2,glazen binnendeur,,,"H2","HH_door_receiver",0.0,"HH2_door_1","closed"
4648,3616,2024-09-13T11:16:55,,H2,glazen binnendeur,,,"H2","HH_door_receiver",0.0,"HH2_door_1","closed"
4649,3616,2024-09-13T11:26:54,,H2,glazen binnendeur,,,"H2","HH_door_receiver",1.0,"HH2_door_1","open"
4650,3616,2024-09-13T11:36:50,,H2,glazen binnendeur,,,"H2","HH_door_receiver",0.0,"HH2_door_1","closed"
4651,3616,2024-09-13T11:56:44,,H2,glazen binnendeur,,,"H2","HH_door_receiver",0.0,"HH2_door_1","closed"
4652,3616,2024-09-13T12:06:40,,H2,glazen binnendeur,,,"H2","HH_door_receiver",0.0,"HH2_door_1","closed"
4653,3616,2024-09-13T12:16:36,,H2,glazen binnendeur,,,"H2","HH_door_receiver",0.0,"HH2_door_1","closed"
4654,3616,2024-09-13T12:26:31,,H2,glazen binnendeur,,,"H2","HH_door_receiver",0.0,"HH2_door_1","closed"
4655,3616,2024-09-13T12:36:26,,H2,glazen binnendeur,,,"H2","HH_door_receiver",0.0,"HH2_door_1","closed"
4656,3616,2024-09-13T12:46:26,,H2,glazen binnendeur,,,"H2","HH_door_receiver",0.0,"HH2_door_1","closed"
4657,3616,2024-09-13T12:56:24,,H2,glazen binnendeur,,,"H2","HH_door_receiver",0.0,"HH2_door_1","closed"
4658,3616,2024-09-13T13:06:20,,H2,glazen binnendeur,,,"H2","HH_door_receiver",0.0,"HH2_door_1","closed"
4659,3616,2024-09-13T13:16:17,,H2,glazen binnendeur,,,"H2","HH_door_receiver",1.0,"HH2_door_1","open"
4660,3616,2024-09-13T13:26:11,,H2,glazen binnendeur,,,"H2","HH_door_receiver",0.0,"HH2_door_1","closed"
4661,3616,2024-09-13T13:36:07,,H2,glazen binnendeur,,,"H2","HH_door_receiver",0.0,"HH2_door_1","closed"
4662,3616,2024-09-13T13:56:00,,H2,glazen binnendeur,,,"H2","HH_door_receiver",1.0,"HH2_door_1","open"
4663,3616,2024-09-13T14:05:59,,H2,glazen binnendeur,,,"H2","HH_door_receiver",1.0,"HH2_door_1","open"
4664,3616,2024-09-13T14:15:54,,H2,glazen binnendeur,,,"H2","HH_door_receiver",1.0,"HH2_door_1","open"
4665,3616,2024-09-13T14:25:50,,H2,glazen binnendeur,,,"H2","HH_door_receiver",1.0,"HH2_door_1","open"
4666,3616,2024-09-13T14:35:47,,H2,glazen binnendeur,,,"H2","HH_door_receiver",1.0,"HH2_door_1","open"
4667,3616,2024-09-13T14:45:42,,H2,glazen binnendeur,,,"H2","HH_door_receiver",1.0,"HH2_door_1","open"
4668,3616,2024-09-13T14:55:37,,H2,glazen binnendeur,,,"H2","HH_door_receiver",1.0,"HH2_door_1","open"
4669,3616,2024-09-13T15:05:34,,H2,glazen binnendeur,,,"H2","HH_door_receiver",0.0,"HH2_door_1","closed"
4670,3616,2024-09-13T15:15:31,,H2,glazen binnendeur,,,"H2","HH_door_receiver",0.0,"HH2_door_1","closed"
4671,3616,2024-09-13T15:25:31,,H2,glazen binnendeur,,,"H2","HH_door_receiver",0.0,"HH2_door_1","closed"
4672,3616,2024-09-13T15:35:28,,H2,glazen binnendeur,,,"H2","HH_door_receiver",1.0,"HH2_door_1","open"
4673,3616,2024-09-13T15:45:24,,H2,glazen binnendeur,,,"H2","HH_door_receiver",0.0,"HH2_door_1","closed"
4674,3616,2024-09-13T15:55:21,,H2,glazen binnendeur,,,"H2","HH_door_receiver",0.0,"HH2_door_1","closed"
4675,3616,2024-09-13T16:05:18,,H2,glazen binnendeur,,,"H2","HH_door_receiver",0.0,"HH2_door_1","closed"
4676,3616,2024-09-13T16:15:14,,H2,glazen binnendeur,,,"H2","HH_door_receiver",0.0,"HH2_door_1","closed"
4677,3616,2024-09-13T16:35:08,,H2,glazen binnendeur,,,"H2","HH_door_receiver",0.0,"HH2_door_1","closed"
4678,3616,2024-09-13T16:55:01,,H2,glazen binnendeur,,,"H2","HH_door_receiver",0.0,"HH2_door_1","closed"
4679,3616,2024-09-13T17:04:59,,H2,glazen binnendeur,,,"H2","HH_door_receiver",0.0,"HH2_door_1","closed"
4680,3616,2024-09-13T17:14:55,,H2,glazen binnendeur,,,"H2","HH_door_receiver",1.0,"HH2_door_1","open"
4681,3616,2024-09-13T17:24:52,,H2,glazen binnendeur,,,"H2","HH_door_receiver",0.0,"HH2_door_1","closed"
4682,3616,2024-09-13T17:34:49,,H2,glazen binnendeur,,,"H2","HH_door_receiver",0.0,"HH2_door_1","closed"
4683,3616,2024-09-13T17:54:42,,H2,glazen binnendeur,,,"H2","HH_door_receiver",0.0,"HH2_door_1","closed"
4684,3616,2024-09-13T18:04:38,,H2,glazen binnendeur,,,"H2","HH_door_receiver",0.0,"HH2_door_1","closed"
4685,3616,2024-09-13T18:14:38,,H2,glazen binnendeur,,,"H2","HH_door_receiver",0.0,"HH2_door_1","closed"
4686,3616,2024-09-13T18:24:33,,H2,glazen binnendeur,,,"H2","HH_door_receiver",0.0,"HH2_door_1","closed"
4687,3616,2024-09-13T18:34:32,,H2,glazen binnendeur,,,"H2","HH_door_receiver",0.0,"HH2_door_1","closed"
4688,3616,2024-09-13T18:44:30,,H2,glazen binnendeur,,,"H2","HH_door_receiver",1.0,"HH2_door_1","open"
4689,3616,2024-09-13T18:54:26,,H2,glazen binnendeur,,,"H2","HH_door_receiver",0.0,"HH2_door_1","closed"
4690,3616,2024-09-13T19:04:22,,H2,glazen binnendeur,,,"H2","HH_door_receiver",0.0,"HH2_door_1","closed"
4691,3616,2024-09-13T19:14:22,,H2,glazen binnendeur,,,"H2","HH_door_receiver",0.0,"HH2_door_1","closed"
4692,3616,2024-09-13T19:24:16,,H2,glazen binnendeur,,,"H2","HH_door_receiver",0.0,"HH2_door_1","closed"
4693,3616,2024-09-13T19:44:09,,H2,glazen binnendeur,,,"H2","HH_door_receiver",0.0,"HH2_door_1","closed"
4694,3616,2024-09-13T19:54:04,,H2,glazen binnendeur,,,"H2","HH_door_receiver",1.0,"HH2_door_1","open"
4695,3616,2024-09-13T20:04:01,,H2,glazen binnendeur,,,"H2","HH_door_receiver",0.0,"HH2_door_1","closed"
4696,3616,2024-09-13T20:13:57,,H2,glazen binnendeur,,,"H2","HH_door_receiver",0.0,"HH2_door_1","closed"
4697,3616,2024-09-13T20:23:53,,H2,glazen binnendeur,,,"H2","HH_door_receiver",0.0,"HH2_door_1","closed"
4698,3616,2024-09-13T20:33:48,,H2,glazen binnendeur,,,"H2","HH_door_receiver",0.0,"HH2_door_1","closed"
4699,3616,2024-09-13T20:43:45,,H2,glazen binnendeur,,,"H2","HH_door_receiver",0.0,"HH2_door_1","closed"
4700,3616,2024-09-13T20:53:43,,H2,glazen binnendeur,,,"H2","HH_door_receiver",0.0,"HH2_door_1","closed"
4701,3616,2024-09-13T21:03:39,,H2,glazen binnendeur,,,"H2","HH_door_receiver",0.0,"HH2_door_1","closed"
4702,3616,2024-09-13T21:13:36,,H2,glazen binnendeur,,,"H2","HH_door_receiver",0.0,"HH2_door_1","closed"
4703,3616,2024-09-13T21:23:30,,H2,glazen binnendeur,,,"H2","HH_door_receiver",0.0,"HH2_door_1","closed"
4704,3616,2024-09-13T21:33:30,,H2,glazen binnendeur,,,"H2","HH_door_receiver",0.0,"HH2_door_1","closed"
4705,3616,2024-09-13T21:53:23,,H2,glazen binnendeur,,,"H2","HH_door_receiver",0.0,"HH2_door_1","closed"
4706,3616,2024-09-13T22:03:19,,H2,glazen binnendeur,,,"H2","HH_door_receiver",0.0,"HH2_door_1","closed"
4707,3616,2024-09-13T22:13:15,,H2,glazen binnendeur,,,"H2","HH_door_receiver",0.0,"HH2_door_1","closed"
4708,3616,2024-09-13T22:23:13,,H2,glazen binnendeur,,,"H2","HH_door_receiver",0.0,"HH2_door_1","closed"
4709,3616,2024-09-13T22:33:08,,H2,glazen binnendeur,,,"H2","HH_door_receiver",0.0,"HH2_door_1","closed"
4710,3616,2024-09-13T22:43:03,,H2,glazen binnendeur,,,"H2","HH_door_receiver",0.0,"HH2_door_1","closed"
4711,3616,2024-09-13T22:53:00,,H2,glazen binnendeur,,,"H2","HH_door_receiver",0.0,"HH2_door_1","closed"
4712,3616,2024-09-13T23:22:48,,H2,glazen binnendeur,,,"H2","HH_door_receiver",0.0,"HH2_door_1","closed"
4713,3616,2024-09-13T23:32:46,,H2,glazen binnendeur,,,"H2","HH_door_receiver",0.0,"HH2_door_1","closed"
4714,3616,2024-09-13T23:42:41,,H2,glazen binnendeur,,,"H2","HH_door_receiver",0.0,"HH2_door_1","closed"
4715,3616,2024-09-13T23:52:38,,H2,glazen binnendeur,,,"H2","HH_door_receiver",0.0,"HH2_door_1","closed"
4716,3616,2024-09-14T00:02:33,,H2,glazen binnendeur,,,"H2","HH_door_receiver",0.0,"HH2_door_1","closed"
4717,3616,2024-09-14T00:12:30,,H2,glazen binnendeur,,,"H2","HH_door_receiver",0.0,"HH2_door_1","closed"
4718,3616,2024-09-14T00:32:21,,H2,glazen binnendeur,,,"H2","HH_door_receiver",0.0,"HH2_door_1","closed"
4719,3616,2024-09-14T00:52:13,,H2,glazen binnendeur,,,"H2","HH_door_receiver",0.0,"HH2_door_1","closed"
4720,3616,2024-09-14T01:02:08,,H2,glazen binnendeur,,,"H2","HH_door_receiver",0.0,"HH2_door_1","closed"
4721,3616,2024-09-14T01:12:05,,H2,glazen binnendeur,,,"H2","HH_door_receiver",0.0,"HH2_door_1","closed"
4722,3616,2024-09-14T01:22:03,,H2,glazen binnendeur,,,"H2","HH_door_receiver",0.0,"HH2_door_1","closed"
4723,3616,2024-09-14T01:31:59,,H2,glazen binnendeur,,,"H2","HH_door_receiver",0.0,"HH2_door_1","closed"
4724,3616,2024-09-14T01:41:54,,H2,glazen binnendeur,,,"H2","HH_door_receiver",0.0,"HH2_door_1","closed"
4725,3616,2024-09-14T01:51:49,,H2,glazen binnendeur,,,"H2","HH_door_receiver",0.0,"HH2_door_1","closed"
4726,3616,2024-09-14T02:01:45,,H2,glazen binnendeur,,,"H2","HH_door_receiver",0.0,"HH2_door_1","closed"
4727,3616,2024-09-14T02:11:42,,H2,glazen binnendeur,,,"H2","HH_door_receiver",0.0,"HH2_door_1","closed"
4728,3616,2024-09-14T02:21:44,,H2,glazen binnendeur,,,"H2","HH_door_receiver",0.0,"HH2_door_1","closed"
4729,3616,2024-09-14T02:31:38,,H2,glazen binnendeur,,,"H2","HH_door_receiver",0.0,"HH2_door_1","closed"
4730,3616,2024-09-14T02:41:35,,H2,glazen binnendeur,,,"H2","HH_door_receiver",0.0,"HH2_door_1","closed"
4731,3616,2024-09-14T02:51:30,,H2,glazen binnendeur,,,"H2","HH_door_receiver",0.0,"HH2_door_1","closed"
4732,3616,2024-09-14T03:11:24,,H2,glazen binnendeur,,,"H2","HH_door_receiver",0.0,"HH2_door_1","closed"
4733,3616,2024-09-14T03:21:22,,H2,glazen binnendeur,,,"H2","HH_door_receiver",0.0,"HH2_door_1","closed"
4734,3616,2024-09-14T03:31:19,,H2,glazen binnendeur,,,"H2","HH_door_receiver",0.0,"HH2_door_1","closed"
4735,3616,2024-09-14T03:41:16,,H2,glazen binnendeur,,,"H2","HH_door_receiver",0.0,"HH2_door_1","closed"
4736,3616,2024-09-14T03:51:16,,H2,glazen binnendeur,,,"H2","HH_door_receiver",0.0,"HH2_door_1","closed"
4737,3616,2024-09-14T04:01:12,,H2,glazen binnendeur,,,"H2","HH_door_receiver",0.0,"HH2_door_1","closed"
4738,3616,2024-09-14T04:11:12,,H2,glazen binnendeur,,,"H2","HH_door_receiver",0.0,"HH2_door_1","closed"
4739,3616,2024-09-14T04:21:09,,H2,glazen binnendeur,,,"H2","HH_door_receiver",0.0,"HH2_door_1","closed"
4740,3616,2024-09-14T04:31:07,,H2,glazen binnendeur,,,"H2","HH_door_receiver",0.0,"HH2_door_1","closed"
4741,3616,2024-09-14T04:41:05,,H2,glazen binnendeur,,,"H2","HH_door_receiver",0.0,"HH2_door_1","closed"
4742,3616,2024-09-14T04:51:01,,H2,glazen binnendeur,,,"H2","HH_door_receiver",0.0,"HH2_door_1","closed"
4743,3616,2024-09-14T05:01:00,,H2,glazen binnendeur,,,"H2","HH_door_receiver",0.0,"HH2_door_1","closed"
4744,3616,2024-09-14T05:10:54,,H2,glazen binnendeur,,,"H2","HH_door_receiver",0.0,"HH2_door_1","closed"
4745,3616,2024-09-14T05:20:51,,H2,glazen binnendeur,,,"H2","HH_door_receiver",0.0,"HH2_door_1","closed"
4746,3616,2024-09-14T05:30:48,,H2,glazen binnendeur,,,"H2","HH_door_receiver",0.0,"HH2_door_1","closed"
4747,3616,2024-09-14T05:40:44,,H2,glazen binnendeur,,,"H2","HH_door_receiver",0.0,"HH2_door_1","closed"
4748,3616,2024-09-14T05:50:43,,H2,glazen binnendeur,,,"H2","HH_door_receiver",0.0,"HH2_door_1","closed"
4749,3616,2024-09-14T06:00:39,,H2,glazen binnendeur,,,"H2","HH_door_receiver",0.0,"HH2_door_1","closed"
4750,3616,2024-09-14T06:10:38,,H2,glazen binnendeur,,,"H2","HH_door_receiver",0.0,"HH2_door_1","closed"
4751,3616,2024-09-14T06:20:36,,H2,glazen binnendeur,,,"H2","HH_door_receiver",0.0,"HH2_door_1","closed"
4752,3616,2024-09-14T06:30:32,,H2,glazen binnendeur,,,"H2","HH_door_receiver",0.0,"HH2_door_1","closed"
4753,3616,2024-09-14T06:40:27,,H2,glazen binnendeur,,,"H2","HH_door_receiver",0.0,"HH2_door_1","closed"
4754,3616,2024-09-14T07:00:23,,H2,glazen binnendeur,,,"H2","HH_door_receiver",0.0,"HH2_door_1","closed"
4755,3616,2024-09-14T07:10:21,,H2,glazen binnendeur,,,"H2","HH_door_receiver",0.0,"HH2_door_1","closed"
4756,3616,2024-09-14T07:20:20,,H2,glazen binnendeur,,,"H2","HH_door_receiver",0.0,"HH2_door_1","closed"
4757,3616,2024-09-14T07:30:14,,H2,glazen binnendeur,,,"H2","HH_door_receiver",0.0,"HH2_door_1","closed"
4758,3616,2024-09-14T07:40:09,,H2,glazen binnendeur,,,"H2","HH_door_receiver",0.0,"HH2_door_1","closed"
4759,3616,2024-09-14T07:50:06,,H2,glazen binnendeur,,,"H2","HH_door_receiver",0.0,"HH2_door_1","closed"
4760,3616,2024-09-14T08:00:01,,H2,glazen binnendeur,,,"H2","HH_door_receiver",0.0,"HH2_door_1","closed"
4761,3616,2024-09-14T08:09:56,,H2,glazen binnendeur,,,"H2","HH_door_receiver",0.0,"HH2_door_1","closed"
4762,3616,2024-09-14T08:19:52,,H2,glazen binnendeur,,,"H2","HH_door_receiver",0.0,"HH2_door_1","closed"
4763,3616,2024-09-14T08:29:48,,H2,glazen binnendeur,,,"H2","HH_door_receiver",0.0,"HH2_door_1","closed"
4764,3616,2024-09-14T08:39:43,,H2,glazen binnendeur,,,"H2","HH_door_receiver",1.0,"HH2_door_1","open"
4765,3616,2024-09-14T08:49:40,,H2,glazen binnendeur,,,"H2","HH_door_receiver",0.0,"HH2_door_1","closed"
4766,3616,2024-09-14T09:19:28,,H2,glazen binnendeur,,,"H2","HH_door_receiver",1.0,"HH2_door_1","open"
4767,3616,2024-09-14T09:29:26,,H2,glazen binnendeur,,,"H2","HH_door_receiver",1.0,"HH2_door_1","open"
4768,3616,2024-09-14T09:39:20,,H2,glazen binnendeur,,,"H2","HH_door_receiver",1.0,"HH2_door_1","open"
4769,3616,2024-09-14T09:49:18,,H2,glazen binnendeur,,,"H2","HH_door_receiver",1.0,"HH2_door_1","open"
4770,3616,2024-09-14T09:59:13,,H2,glazen binnendeur,,,"H2","HH_door_receiver",1.0,"HH2_door_1","open"
4771,3616,2024-09-14T10:09:08,,H2,glazen binnendeur,,,"H2","HH_door_receiver",0.0,"HH2_door_1","closed"
4772,3616,2024-09-14T10:19:06,,H2,glazen binnendeur,,,"H2","HH_door_receiver",1.0,"HH2_door_1","open"
4773,3616,2024-09-14T10:29:04,,H2,glazen binnendeur,,,"H2","HH_door_receiver",0.0,"HH2_door_1","closed"
4774,3616,2024-09-14T10:39:02,,H2,glazen binnendeur,,,"H2","HH_door_receiver",0.0,"HH2_door_1","closed"
4775,3616,2024-09-14T10:48:58,,H2,glazen binnendeur,,,"H2","HH_door_receiver",0.0,"HH2_door_1","closed"
4776,3616,2024-09-14T10:58:53,,H2,glazen binnendeur,,,"H2","HH_door_receiver",0.0,"HH2_door_1","closed"
4777,3616,2024-09-14T11:08:49,,H2,glazen binnendeur,,,"H2","HH_door_receiver",0.0,"HH2_door_1","closed"
4778,3616,2024-09-14T11:18:44,,H2,glazen binnendeur,,,"H2","HH_door_receiver",1.0,"HH2_door_1","open"
4779,3616,2024-09-14T11:28:39,,H2,glazen binnendeur,,,"H2","HH_door_receiver",0.0,"HH2_door_1","closed"
4780,3616,2024-09-14T11:38:36,,H2,glazen binnendeur,,,"H2","HH_door_receiver",0.0,"HH2_door_1","closed"
4781,3616,2024-09-14T11:48:32,,H2,glazen binnendeur,,,"H2","HH_door_receiver",1.0,"HH2_door_1","open"
4782,3616,2024-09-14T11:58:29,,H2,glazen binnendeur,,,"H2","HH_door_receiver",0.0,"HH2_door_1","closed"
4783,3616,2024-09-14T12:08:26,,H2,glazen binnendeur,,,"H2","HH_door_receiver",0.0,"HH2_door_1","closed"
4784,3616,2024-09-14T12:18:23,,H2,glazen binnendeur,,,"H2","HH_door_receiver",0.0,"HH2_door_1","closed"
4785,3616,2024-09-14T12:28:19,,H2,glazen binnendeur,,,"H2","HH_door_receiver",0.0,"HH2_door_1","closed"
4786,3616,2024-09-14T12:38:18,,H2,glazen binnendeur,,,"H2","HH_door_receiver",0.0,"HH2_door_1","closed"
4787,3616,2024-09-14T12:48:14,,H2,glazen binnendeur,,,"H2","HH_door_receiver",0.0,"HH2_door_1","closed"
4788,3616,2024-09-14T13:08:08,,H2,glazen binnendeur,,,"H2","HH_door_receiver",1.0,"HH2_door_1","open"
4789,3616,2024-09-14T13:18:05,,H2,glazen binnendeur,,,"H2","HH_door_receiver",1.0,"HH2_door_1","open"
4790,3616,2024-09-14T13:27:59,,H2,glazen binnendeur,,,"H2","HH_door_receiver",1.0,"HH2_door_1","open"
4791,3616,2024-09-14T13:37:58,,H2,glazen binnendeur,,,"H2","HH_door_receiver",0.0,"HH2_door_1","closed"
4792,3616,2024-09-14T13:47:54,,H2,glazen binnendeur,,,"H2","HH_door_receiver",1.0,"HH2_door_1","open"
4793,3616,2024-09-14T13:57:48,,H2,glazen binnendeur,,,"H2","HH_door_receiver",0.0,"HH2_door_1","closed"
4794,3616,2024-09-14T14:17:42,,H2,glazen binnendeur,,,"H2","HH_door_receiver",0.0,"HH2_door_1","closed"
4795,3616,2024-09-14T14:27:37,,H2,glazen binnendeur,,,"H2","HH_door_receiver",0.0,"HH2_door_1","closed"
4796,3616,2024-09-14T14:37:36,,H2,glazen binnendeur,,,"H2","HH_door_receiver",0.0,"HH2_door_1","closed"
4797,3616,2024-09-14T14:47:29,,H2,glazen binnendeur,,,"H2","HH_door_receiver",0.0,"HH2_door_1","closed"
4798,3616,2024-09-14T14:57:26,,H2,glazen binnendeur,,,"H2","HH_door_receiver",0.0,"HH2_door_1","closed"
4799,3616,2024-09-14T15:07:23,,H2,glazen binnendeur,,,"H2","HH_door_receiver",0.0,"HH2_door_1","closed"
4800,3616,2024-09-14T15:27:15,,H2,glazen binnendeur,,,"H2","HH_door_receiver",0.0,"HH2_door_1","closed"
4801,3616,2024-09-14T15:37:11,,H2,glazen binnendeur,,,"H2","HH_door_receiver",0.0,"HH2_door_1","closed"
4802,3616,2024-09-14T15:47:06,,H2,glazen binnendeur,,,"H2","HH_door_receiver",0.0,"HH2_door_1","closed"
4803,3616,2024-09-14T15:57:03,,H2,glazen binnendeur,,,"H2","HH_door_receiver",0.0,"HH2_door_1","closed"
4804,3616,2024-09-14T16:06:59,,H2,glazen binnendeur,,,"H2","HH_door_receiver",0.0,"HH2_door_1","closed"
4805,3616,2024-09-14T16:16:59,,H2,glazen binnendeur,,,"H2","HH_door_receiver",0.0,"HH2_door_1","closed"
4806,3616,2024-09-14T16:26:55,,H2,glazen binnendeur,,,"H2","HH_door_receiver",0.0,"HH2_door_1","closed"
4807,3616,2024-09-14T16:36:50,,H2,glazen binnendeur,,,"H2","HH_door_receiver",0.0,"HH2_door_1","closed"
4808,3616,2024-09-14T16:46:47,,H2,glazen binnendeur,,,"H2","HH_door_receiver",1.0,"HH2_door_1","open"
4809,3616,2024-09-14T17:06:38,,H2,glazen binnendeur,,,"H2","HH_door_receiver",0.0,"HH2_door_1","closed"
4810,3616,2024-09-14T17:16:35,,H2,glazen binnendeur,,,"H2","HH_door_receiver",0.0,"HH2_door_1","closed"
4811,3616,2024-09-14T17:26:31,,H2,glazen binnendeur,,,"H2","HH_door_receiver",0.0,"HH2_door_1","closed"
4812,3616,2024-09-14T17:36:29,,H2,glazen binnendeur,,,"H2","HH_door_receiver",0.0,"HH2_door_1","closed"
4813,3616,2024-09-14T17:46:25,,H2,glazen binnendeur,,,"H2","HH_door_receiver",1.0,"HH2_door_1","open"
4814,3616,2024-09-14T17:56:21,,H2,glazen binnendeur,,,"H2","HH_door_receiver",0.0,"HH2_door_1","closed"
4815,3616,2024-09-14T18:16:15,,H2,glazen binnendeur,,,"H2","HH_door_receiver",0.0,"HH2_door_1","closed"
4816,3616,2024-09-14T18:26:10,,H2,glazen binnendeur,,,"H2","HH_door_receiver",0.0,"HH2_door_1","closed"
4817,3616,2024-09-14T18:36:07,,H2,glazen binnendeur,,,"H2","HH_door_receiver",0.0,"HH2_door_1","closed"
4818,3616,2024-09-14T18:46:06,,H2,glazen binnendeur,,,"H2","HH_door_receiver",0.0,"HH2_door_1","closed"
4819,3616,2024-09-14T18:56:03,,H2,glazen binnendeur,,,"H2","HH_door_receiver",0.0,"HH2_door_1","closed"
4820,3616,2024-09-14T19:06:03,,H2,glazen binnendeur,,,"H2","HH_door_receiver",0.0,"HH2_door_1","closed"
4821,3616,2024-09-14T19:15:58,,H2,glazen binnendeur,,,"H2","HH_door_receiver",0.0,"HH2_door_1","closed"
4822,3616,2024-09-14T19:25:56,,H2,glazen binnendeur,,,"H2","HH_door_receiver",0.0,"HH2_door_1","closed"
4823,3616,2024-09-14T19:35:53,,H2,glazen binnendeur,,,"H2","HH_door_receiver",0.0,"HH2_door_1","closed"
4824,3616,2024-09-14T19:45:49,,H2,glazen binnendeur,,,"H2","HH_door_receiver",0.0,"HH2_door_1","closed"
4825,3616,2024-09-14T19:55:46,,H2,glazen binnendeur,,,"H2","HH_door_receiver",1.0,"HH2_door_1","open"
4826,3616,2024-09-14T20:15:38,,H2,glazen binnendeur,,,"H2","HH_door_receiver",0.0,"HH2_door_1","closed"
4827,3616,2024-09-14T20:25:33,,H2,glazen binnendeur,,,"H2","HH_door_receiver",0.0,"HH2_door_1","closed"
4828,3616,2024-09-14T20:35:30,,H2,glazen binnendeur,,,"H2","HH_door_receiver",0.0,"HH2_door_1","closed"
4829,3616,2024-09-14T20:45:29,,H2,glazen binnendeur,,,"H2","HH_door_receiver",0.0,"HH2_door_1","closed"
4830,3616,2024-09-14T20:55:26,,H2,glazen binnendeur,,,"H2","HH_door_receiver",0.0,"HH2_door_1","closed"
4831,3616,2024-09-14T21:15:20,,H2,glazen binnendeur,,,"H2","HH_door_receiver",1.0,"HH2_door_1","open"
4832,3616,2024-09-14T21:25:15,,H2,glazen binnendeur,,,"H2","HH_door_receiver",0.0,"HH2_door_1","closed"
4833,3616,2024-09-14T21:35:12,,H2,glazen binnendeur,,,"H2","HH_door_receiver",0.0,"HH2_door_1","closed"
4834,3616,2024-09-14T21:45:11,,H2,glazen binnendeur,,,"H2","HH_door_receiver",0.0,"HH2_door_1","closed"
4835,3616,2024-09-14T21:55:09,,H2,glazen binnendeur,,,"H2","HH_door_receiver",0.0,"HH2_door_1","closed"
4836,3616,2024-09-14T22:05:03,,H2,glazen binnendeur,,,"H2","HH_door_receiver",0.0,"HH2_door_1","closed"
4837,3616,2024-09-14T22:15:00,,H2,glazen binnendeur,,,"H2","HH_door_receiver",0.0,"HH2_door_1","closed"
4838,3616,2024-09-14T22:24:59,,H2,glazen binnendeur,,,"H2","HH_door_receiver",0.0,"HH2_door_1","closed"
4839,3616,2024-09-14T22:34:55,,H2,glazen binnendeur,,,"H2","HH_door_receiver",0.0,"HH2_door_1","closed"
4840,3616,2024-09-14T22:44:52,,H2,glazen binnendeur,,,"H2","HH_door_receiver",0.0,"HH2_door_1","closed"
4841,3616,2024-09-14T22:54:51,,H2,glazen binnendeur,,,"H2","HH_door_receiver",0.0,"HH2_door_1","closed"
4842,3616,2024-09-14T23:04:46,,H2,glazen binnendeur,,,"H2","HH_door_receiver",0.0,"HH2_door_1","closed"
4843,3616,2024-09-14T23:14:40,,H2,glazen binnendeur,,,"H2","HH_door_receiver",0.0,"HH2_door_1","closed"
4844,3616,2024-09-14T23:24:39,,H2,glazen binnendeur,,,"H2","HH_door_receiver",0.0,"HH2_door_1","closed"
4845,3616,2024-09-14T23:34:36,,H2,glazen binnendeur,,,"H2","HH_door_receiver",0.0,"HH2_door_1","closed"
4846,3616,2024-09-14T23:44:31,,H2,glazen binnendeur,,,"H2","HH_door_receiver",0.0,"HH2_door_1","closed"
4847,3616,2024-09-14T23:54:30,,H2,glazen binnendeur,,,"H2","HH_door_receiver",0.0,"HH2_door_1","closed"
4848,3616,2024-09-15T00:04:25,,H2,glazen binnendeur,,,"H2","HH_door_receiver",0.0,"HH2_door_1","closed"
4849,3616,2024-09-15T00:14:22,,H2,glazen binnendeur,,,"H2","HH_door_receiver",0.0,"HH2_door_1","closed"
4850,3616,2024-09-15T00:24:17,,H2,glazen binnendeur,,,"H2","HH_door_receiver",0.0,"HH2_door_1","closed"
4851,3616,2024-09-15T00:34:14,,H2,glazen binnendeur,,,"H2","HH_door_receiver",0.0,"HH2_door_1","closed"
4852,3616,2024-09-15T00:44:10,,H2,glazen binnendeur,,,"H2","HH_door_receiver",0.0,"HH2_door_1","closed"
4853,3616,2024-09-15T00:54:05,,H2,glazen binnendeur,,,"H2","HH_door_receiver",0.0,"HH2_door_1","closed"
4854,3616,2024-09-15T01:04:01,,H2,glazen binnendeur,,,"H2","HH_door_receiver",0.0,"HH2_door_1","closed"
4855,3616,2024-09-15T01:14:00,,H2,glazen binnendeur,,,"H2","HH_door_receiver",0.0,"HH2_door_1","closed"
4856,3616,2024-09-15T01:23:55,,H2,glazen binnendeur,,,"H2","HH_door_receiver",0.0,"HH2_door_1","closed"
4857,3616,2024-09-15T01:33:50,,H2,glazen binnendeur,,,"H2","HH_door_receiver",0.0,"HH2_door_1","closed"
4858,3616,2024-09-15T01:43:47,,H2,glazen binnendeur,,,"H2","HH_door_receiver",0.0,"HH2_door_1","closed"
4859,3616,2024-09-15T01:53:54,,H2,glazen binnendeur,,,"H2","HH_door_receiver",0.0,"HH2_door_1","closed"
4860,3616,2024-09-15T02:03:50,,H2,glazen binnendeur,,,"H2","HH_door_receiver",0.0,"HH2_door_1","closed"
4861,3616,2024-09-15T02:13:49,,H2,glazen binnendeur,,,"H2","HH_door_receiver",0.0,"HH2_door_1","closed"
4862,3616,2024-09-15T02:23:43,,H2,glazen binnendeur,,,"H2","HH_door_receiver",0.0,"HH2_door_1","closed"
4863,3616,2024-09-15T02:33:39,,H2,glazen binnendeur,,,"H2","HH_door_receiver",0.0,"HH2_door_1","closed"
4864,3616,2024-09-15T02:43:36,,H2,glazen binnendeur,,,"H2","HH_door_receiver",0.0,"HH2_door_1","closed"
4865,3616,2024-09-15T02:53:33,,H2,glazen binnendeur,,,"H2","HH_door_receiver",0.0,"HH2_door_1","closed"
4866,3616,2024-09-15T03:03:29,,H2,glazen binnendeur,,,"H2","HH_door_receiver",0.0,"HH2_door_1","closed"
4867,3616,2024-09-15T03:13:24,,H2,glazen binnendeur,,,"H2","HH_door_receiver",0.0,"HH2_door_1","closed"
4868,3616,2024-09-15T03:23:20,,H2,glazen binnendeur,,,"H2","HH_door_receiver",0.0,"HH2_door_1","closed"
4869,3616,2024-09-15T03:33:15,,H2,glazen binnendeur,,,"H2","HH_door_receiver",0.0,"HH2_door_1","closed"
4870,3616,2024-09-15T03:43:09,,H2,glazen binnendeur,,,"H2","HH_door_receiver",0.0,"HH2_door_1","closed"
4871,3616,2024-09-15T03:53:04,,H2,glazen binnendeur,,,"H2","HH_door_receiver",0.0,"HH2_door_1","closed"
4872,3616,2024-09-15T04:03:00,,H2,glazen binnendeur,,,"H2","HH_door_receiver",0.0,"HH2_door_1","closed"
4873,3616,2024-09-15T04:12:56,,H2,glazen binnendeur,,,"H2","HH_door_receiver",0.0,"HH2_door_1","closed"
4874,3616,2024-09-15T04:22:57,,H2,glazen binnendeur,,,"H2","HH_door_receiver",0.0,"HH2_door_1","closed"
4875,3616,2024-09-15T04:32:53,,H2,glazen binnendeur,,,"H2","HH_door_receiver",0.0,"HH2_door_1","closed"
4876,3616,2024-09-15T04:42:49,,H2,glazen binnendeur,,,"H2","HH_door_receiver",0.0,"HH2_door_1","closed"
4877,3616,2024-09-15T05:02:42,,H2,glazen binnendeur,,,"H2","HH_door_receiver",0.0,"HH2_door_1","closed"
4878,3616,2024-09-15T05:12:39,,H2,glazen binnendeur,,,"H2","HH_door_receiver",0.0,"HH2_door_1","closed"
4879,3616,2024-09-15T05:22:33,,H2,glazen binnendeur,,,"H2","HH_door_receiver",0.0,"HH2_door_1","closed"
4880,3616,2024-09-15T05:32:29,,H2,glazen binnendeur,,,"H2","HH_door_receiver",0.0,"HH2_door_1","closed"
4881,3616,2024-09-15T05:42:26,,H2,glazen binnendeur,,,"H2","HH_door_receiver",0.0,"HH2_door_1","closed"
4882,3616,2024-09-15T05:52:22,,H2,glazen binnendeur,,,"H2","HH_door_receiver",0.0,"HH2_door_1","closed"
4883,3616,2024-09-15T06:02:18,,H2,glazen binnendeur,,,"H2","HH_door_receiver",0.0,"HH2_door_1","closed"
4884,3616,2024-09-15T06:12:12,,H2,glazen binnendeur,,,"H2","HH_door_receiver",0.0,"HH2_door_1","closed"
4885,3616,2024-09-15T06:22:11,,H2,glazen binnendeur,,,"H2","HH_door_receiver",0.0,"HH2_door_1","closed"
4886,3616,2024-09-15T06:32:03,,H2,glazen binnendeur,,,"H2","HH_door_receiver",0.0,"HH2_door_1","closed"
4887,3616,2024-09-15T06:41:59,,H2,glazen binnendeur,,,"H2","HH_door_receiver",0.0,"HH2_door_1","closed"
4888,3616,2024-09-15T06:51:55,,H2,glazen binnendeur,,,"H2","HH_door_receiver",0.0,"HH2_door_1","closed"
4889,3616,2024-09-15T07:11:46,,H2,glazen binnendeur,,,"H2","HH_door_receiver",0.0,"HH2_door_1","closed"
4890,3616,2024-09-15T07:21:45,,H2,glazen binnendeur,,,"H2","HH_door_receiver",0.0,"HH2_door_1","closed"
4891,3616,2024-09-15T07:41:38,,H2,glazen binnendeur,,,"H2","HH_door_receiver",0.0,"HH2_door_1","closed"
4892,3616,2024-09-15T08:01:41,,H2,glazen binnendeur,,,"H2","HH_door_receiver",0.0,"HH2_door_1","closed"
4893,3616,2024-09-15T08:11:37,,H2,glazen binnendeur,,,"H2","HH_door_receiver",0.0,"HH2_door_1","closed"
4894,3616,2024-09-15T08:21:34,,H2,glazen binnendeur,,,"H2","HH_door_receiver",0.0,"HH2_door_1","closed"
4895,3616,2024-09-15T08:31:32,,H2,glazen binnendeur,,,"H2","HH_door_receiver",0.0,"HH2_door_1","closed"
4896,3616,2024-09-15T08:41:26,,H2,glazen binnendeur,,,"H2","HH_door_receiver",0.0,"HH2_door_1","closed"
4897,3616,2024-09-15T08:51:22,,H2,glazen binnendeur,,,"H2","HH_door_receiver",0.0,"HH2_door_1","closed"
4898,3616,2024-09-15T09:01:19,,H2,glazen binnendeur,,,"H2","HH_door_receiver",0.0,"HH2_door_1","closed"
4899,3616,2024-09-15T09:11:13,,H2,glazen binnendeur,,,"H2","HH_door_receiver",0.0,"HH2_door_1","closed"
4900,3616,2024-09-15T09:31:05,,H2,glazen binnendeur,,,"H2","HH_door_receiver",0.0,"HH2_door_1","closed"
4901,3616,2024-09-15T09:41:02,,H2,glazen binnendeur,,,"H2","HH_door_receiver",0.0,"HH2_door_1","closed"
4902,3616,2024-09-15T09:50:59,,H2,glazen binnendeur,,,"H2","HH_door_receiver",0.0,"HH2_door_1","closed"
4903,3616,2024-09-15T10:00:57,,H2,glazen binnendeur,,,"H2","HH_door_receiver",0.0,"HH2_door_1","closed"
4904,3616,2024-09-15T10:20:50,,H2,glazen binnendeur,,,"H2","HH_door_receiver",0.0,"HH2_door_1","closed"
4905,3616,2024-09-15T10:30:49,,H2,glazen binnendeur,,,"H2","HH_door_receiver",0.0,"HH2_door_1","closed"
4906,3616,2024-09-15T10:40:44,,H2,glazen binnendeur,,,"H2","HH_door_receiver",0.0,"HH2_door_1","closed"
4907,3616,2024-09-15T10:50:40,,H2,glazen binnendeur,,,"H2","HH_door_receiver",0.0,"HH2_door_1","closed"
4908,3616,2024-09-15T11:10:34,,H2,glazen binnendeur,,,"H2","HH_door_receiver",0.0,"HH2_door_1","closed"
4909,3616,2024-09-15T11:20:31,,H2,glazen binnendeur,,,"H2","HH_door_receiver",1.0,"HH2_door_1","open"
4910,3616,2024-09-15T11:30:31,,H2,glazen binnendeur,,,"H2","HH_door_receiver",1.0,"HH2_door_1","open"
4911,3616,2024-09-15T11:40:28,,H2,glazen binnendeur,,,"H2","HH_door_receiver",1.0,"HH2_door_1","open"
4912,3616,2024-09-15T11:50:24,,H2,glazen binnendeur,,,"H2","HH_door_receiver",1.0,"HH2_door_1","open"
4913,3616,2024-09-15T12:00:18,,H2,glazen binnendeur,,,"H2","HH_door_receiver",0.0,"HH2_door_1","closed"
4914,3616,2024-09-15T12:10:14,,H2,glazen binnendeur,,,"H2","HH_door_receiver",0.0,"HH2_door_1","closed"
4915,3616,2024-09-15T12:20:13,,H2,glazen binnendeur,,,"H2","HH_door_receiver",0.0,"HH2_door_1","closed"
4916,3616,2024-09-15T12:30:10,,H2,glazen binnendeur,,,"H2","HH_door_receiver",0.0,"HH2_door_1","closed"
4917,3616,2024-09-15T12:40:08,,H2,glazen binnendeur,,,"H2","HH_door_receiver",0.0,"HH2_door_1","closed"
4918,3616,2024-09-15T12:50:07,,H2,glazen binnendeur,,,"H2","HH_door_receiver",0.0,"HH2_door_1","closed"
4919,3616,2024-09-15T13:00:03,,H2,glazen binnendeur,,,"H2","HH_door_receiver",0.0,"HH2_door_1","closed"
4920,3616,2024-09-15T13:09:57,,H2,glazen binnendeur,,,"H2","HH_door_receiver",0.0,"HH2_door_1","closed"
4921,3616,2024-09-15T13:19:54,,H2,glazen binnendeur,,,"H2","HH_door_receiver",0.0,"HH2_door_1","closed"
4922,3616,2024-09-15T13:29:51,,H2,glazen binnendeur,,,"H2","HH_door_receiver",0.0,"HH2_door_1","closed"
4923,3616,2024-09-15T13:39:48,,H2,glazen binnendeur,,,"H2","HH_door_receiver",0.0,"HH2_door_1","closed"
4924,3616,2024-09-15T13:49:47,,H2,glazen binnendeur,,,"H2","HH_door_receiver",1.0,"HH2_door_1","open"
4925,3616,2024-09-15T13:59:41,,H2,glazen binnendeur,,,"H2","HH_door_receiver",1.0,"HH2_door_1","open"
4926,3616,2024-09-15T14:09:38,,H2,glazen binnendeur,,,"H2","HH_door_receiver",1.0,"HH2_door_1","open"
4927,3616,2024-09-15T14:19:33,,H2,glazen binnendeur,,,"H2","HH_door_receiver",1.0,"HH2_door_1","open"
4928,3616,2024-09-15T14:29:28,,H2,glazen binnendeur,,,"H2","HH_door_receiver",1.0,"HH2_door_1","open"
4929,3616,2024-09-15T14:39:24,,H2,glazen binnendeur,,,"H2","HH_door_receiver",1.0,"HH2_door_1","open"
4930,3616,2024-09-15T14:49:19,,H2,glazen binnendeur,,,"H2","HH_door_receiver",1.0,"HH2_door_1","open"
4931,3616,2024-09-15T14:59:16,,H2,glazen binnendeur,,,"H2","HH_door_receiver",1.0,"HH2_door_1","open"
4932,3616,2024-09-15T15:09:13,,H2,glazen binnendeur,,,"H2","HH_door_receiver",1.0,"HH2_door_1","open"
4933,3616,2024-09-15T15:19:08,,H2,glazen binnendeur,,,"H2","HH_door_receiver",1.0,"HH2_door_1","open"
4934,3616,2024-09-15T15:29:03,,H2,glazen binnendeur,,,"H2","HH_door_receiver",1.0,"HH2_door_1","open"
4935,3616,2024-09-15T15:39:00,,H2,glazen binnendeur,,,"H2","HH_door_receiver",0.0,"HH2_door_1","closed"
4936,3616,2024-09-15T15:48:57,,H2,glazen binnendeur,,,"H2","HH_door_receiver",0.0,"HH2_door_1","closed"
4937,3616,2024-09-15T16:08:49,,H2,glazen binnendeur,,,"H2","HH_door_receiver",0.0,"HH2_door_1","closed"
4938,3616,2024-09-15T16:18:55,,H2,glazen binnendeur,,,"H2","HH_door_receiver",0.0,"HH2_door_1","closed"
4939,3616,2024-09-15T16:28:53,,H2,glazen binnendeur,,,"H2","HH_door_receiver",0.0,"HH2_door_1","closed"
4940,3616,2024-09-15T16:38:47,,H2,glazen binnendeur,,,"H2","HH_door_receiver",0.0,"HH2_door_1","closed"
4941,3616,2024-09-15T16:48:42,,H2,glazen binnendeur,,,"H2","HH_door_receiver",0.0,"HH2_door_1","closed"
4942,3616,2024-09-15T16:58:39,,H2,glazen binnendeur,,,"H2","HH_door_receiver",0.0,"HH2_door_1","closed"
4943,3616,2024-09-15T17:08:34,,H2,glazen binnendeur,,,"H2","HH_door_receiver",0.0,"HH2_door_1","closed"
4944,3616,2024-09-15T17:18:31,,H2,glazen binnendeur,,,"H2","HH_door_receiver",0.0,"HH2_door_1","closed"
4945,3616,2024-09-15T17:28:26,,H2,glazen binnendeur,,,"H2","HH_door_receiver",0.0,"HH2_door_1","closed"
4946,3616,2024-09-15T17:38:23,,H2,glazen binnendeur,,,"H2","HH_door_receiver",0.0,"HH2_door_1","closed"
4947,3616,2024-09-15T17:48:20,,H2,glazen binnendeur,,,"H2","HH_door_receiver",0.0,"HH2_door_1","closed"
4948,3616,2024-09-15T17:58:18,,H2,glazen binnendeur,,,"H2","HH_door_receiver",0.0,"HH2_door_1","closed"
4949,3616,2024-09-15T18:08:15,,H2,glazen binnendeur,,,"H2","HH_door_receiver",0.0,"HH2_door_1","closed"
4950,3616,2024-09-15T18:18:10,,H2,glazen binnendeur,,,"H2","HH_door_receiver",0.0,"HH2_door_1","closed"
4951,3616,2024-09-15T18:28:07,,H2,glazen binnendeur,,,"H2","HH_door_receiver",0.0,"HH2_door_1","closed"
4952,3616,2024-09-15T18:38:06,,H2,glazen binnendeur,,,"H2","HH_door_receiver",0.0,"HH2_door_1","closed"
4953,3616,2024-09-15T18:48:01,,H2,glazen binnendeur,,,"H2","HH_door_receiver",0.0,"HH2_door_1","closed"
4954,3616,2024-09-15T19:07:53,,H2,glazen binnendeur,,,"H2","HH_door_receiver",0.0,"HH2_door_1","closed"
4955,3616,2024-09-15T19:17:51,,H2,glazen binnendeur,,,"H2","HH_door_receiver",0.0,"HH2_door_1","closed"
4956,3616,2024-09-15T19:27:46,,H2,glazen binnendeur,,,"H2","HH_door_receiver",0.0,"HH2_door_1","closed"
4957,3616,2024-09-15T19:37:41,,H2,glazen binnendeur,,,"H2","HH_door_receiver",0.0,"HH2_door_1","closed"
4958,3616,2024-09-15T19:47:37,,H2,glazen binnendeur,,,"H2","HH_door_receiver",0.0,"HH2_door_1","closed"
4959,3616,2024-09-15T19:57:34,,H2,glazen binnendeur,,,"H2","HH_door_receiver",0.0,"HH2_door_1","closed"
4960,3616,2024-09-15T20:07:31,,H2,glazen binnendeur,,,"H2","HH_door_receiver",0.0,"HH2_door_1","closed"
4961,3616,2024-09-15T20:17:30,,H2,glazen binnendeur,,,"H2","HH_door_receiver",0.0,"HH2_door_1","closed"
4962,3616,2024-09-15T20:27:27,,H2,glazen binnendeur,,,"H2","HH_door_receiver",0.0,"HH2_door_1","closed"
4963,3616,2024-09-15T20:37:23,,H2,glazen binnendeur,,,"H2","HH_door_receiver",0.0,"HH2_door_1","closed"
4964,3616,2024-09-15T20:47:18,,H2,glazen binnendeur,,,"H2","HH_door_receiver",0.0,"HH2_door_1","closed"
4965,3616,2024-09-15T20:57:15,,H2,glazen binnendeur,,,"H2","HH_door_receiver",0.0,"HH2_door_1","closed"
4966,3616,2024-09-15T21:07:11,,H2,glazen binnendeur,,,"H2","HH_door_receiver",0.0,"HH2_door_1","closed"
4967,3616,2024-09-15T21:17:06,,H2,glazen binnendeur,,,"H2","HH_door_receiver",0.0,"HH2_door_1","closed"
4968,3616,2024-09-15T21:27:05,,H2,glazen binnendeur,,,"H2","HH_door_receiver",1.0,"HH2_door_1","open"
4969,3616,2024-09-15T21:37:00,,H2,glazen binnendeur,,,"H2","HH_door_receiver",0.0,"HH2_door_1","closed"
4970,3616,2024-09-15T21:46:57,,H2,glazen binnendeur,,,"H2","HH_door_receiver",0.0,"HH2_door_1","closed"
4971,3616,2024-09-15T22:06:48,,H2,glazen binnendeur,,,"H2","HH_door_receiver",0.0,"HH2_door_1","closed"
4972,3616,2024-09-15T22:16:45,,H2,glazen binnendeur,,,"H2","HH_door_receiver",0.0,"HH2_door_1","closed"
4973,3616,2024-09-15T22:26:42,,H2,glazen binnendeur,,,"H2","HH_door_receiver",0.0,"HH2_door_1","closed"
4974,3616,2024-09-15T22:36:37,,H2,glazen binnendeur,,,"H2","HH_door_receiver",0.0,"HH2_door_1","closed"
4975,3616,2024-09-15T22:46:34,,H2,glazen binnendeur,,,"H2","HH_door_receiver",0.0,"HH2_door_1","closed"
4976,3616,2024-09-15T22:56:29,,H2,glazen binnendeur,,,"H2","HH_door_receiver",0.0,"HH2_door_1","closed"
4977,3616,2024-09-15T23:06:25,,H2,glazen binnendeur,,,"H2","HH_door_receiver",0.0,"HH2_door_1","closed"
4978,3616,2024-09-15T23:26:19,,H2,glazen binnendeur,,,"H2","HH_door_receiver",0.0,"HH2_door_1","closed"
4979,3616,2024-09-15T23:36:14,,H2,glazen binnendeur,,,"H2","HH_door_receiver",0.0,"HH2_door_1","closed"
4980,3616,2024-09-15T23:46:10,,H2,glazen binnendeur,,,"H2","HH_door_receiver",0.0,"HH2_door_1","closed"
4981,3616,2024-09-15T23:56:05,,H2,glazen binnendeur,,,"H2","HH_door_receiver",0.0,"HH2_door_1","closed"
4982,3616,2024-09-16T00:06:02,,H2,glazen binnendeur,,,"H2","HH_door_receiver",0.0,"HH2_door_1","closed"
4983,3616,2024-09-16T00:15:56,,H2,glazen binnendeur,,,"H2","HH_door_receiver",0.0,"HH2_door_1","closed"
4984,3616,2024-09-16T00:25:53,,H2,glazen binnendeur,,,"H2","HH_door_receiver",0.0,"HH2_door_1","closed"
4985,3616,2024-09-16T00:35:52,,H2,glazen binnendeur,,,"H2","HH_door_receiver",0.0,"HH2_door_1","closed"
4986,3616,2024-09-16T00:45:49,,H2,glazen binnendeur,,,"H2","HH_door_receiver",0.0,"HH2_door_1","closed"
4987,3616,2024-09-16T00:55:46,,H2,glazen binnendeur,,,"H2","HH_door_receiver",0.0,"HH2_door_1","closed"
4988,3616,2024-09-16T01:05:43,,H2,glazen binnendeur,,,"H2","HH_door_receiver",0.0,"HH2_door_1","closed"
4989,3616,2024-09-16T01:15:41,,H2,glazen binnendeur,,,"H2","HH_door_receiver",0.0,"HH2_door_1","closed"
4990,3616,2024-09-16T01:25:38,,H2,glazen binnendeur,,,"H2","HH_door_receiver",0.0,"HH2_door_1","closed"
4991,3616,2024-09-16T01:35:31,,H2,glazen binnendeur,,,"H2","HH_door_receiver",0.0,"HH2_door_1","closed"
4992,3616,2024-09-16T01:45:29,,H2,glazen binnendeur,,,"H2","HH_door_receiver",0.0,"HH2_door_1","closed"
4993,3616,2024-09-16T01:55:24,,H2,glazen binnendeur,,,"H2","HH_door_receiver",0.0,"HH2_door_1","closed"
4994,3616,2024-09-16T02:05:23,,H2,glazen binnendeur,,,"H2","HH_door_receiver",0.0,"HH2_door_1","closed"
4995,3616,2024-09-16T02:15:18,,H2,glazen binnendeur,,,"H2","HH_door_receiver",0.0,"HH2_door_1","closed"
4996,3616,2024-09-16T02:25:16,,H2,glazen binnendeur,,,"H2","HH_door_receiver",0.0,"HH2_door_1","closed"
4997,3616,2024-09-16T02:35:12,,H2,glazen binnendeur,,,"H2","HH_door_receiver",0.0,"HH2_door_1","closed"
4998,3616,2024-09-16T02:45:07,,H2,glazen binnendeur,,,"H2","HH_door_receiver",0.0,"HH2_door_1","closed"
4999,3616,2024-09-16T02:55:02,,H2,glazen binnendeur,,,"H2","HH_door_receiver",0.0,"HH2_door_1","closed"
5000,3616,2024-09-16T03:04:59,,H2,glazen binnendeur,,,"H2","HH_door_receiver",0.0,"HH2_door_1","closed"
5001,3616,2024-09-16T03:14:55,,H2,glazen binnendeur,,,"H2","HH_door_receiver",0.0,"HH2_door_1","closed"
5002,3616,2024-09-16T03:24:52,,H2,glazen binnendeur,,,"H2","HH_door_receiver",0.0,"HH2_door_1","closed"
5003,3616,2024-09-16T03:34:49,,H2,glazen binnendeur,,,"H2","HH_door_receiver",0.0,"HH2_door_1","closed"
5004,3616,2024-09-16T03:44:45,,H2,glazen binnendeur,,,"H2","HH_door_receiver",0.0,"HH2_door_1","closed"
5005,3616,2024-09-16T03:44:52,,H2,glazen binnendeur,,,"H2","HH_door_receiver",0.0,"HH2_door_1","closed"
5006,3616,2024-09-16T03:54:47,,H2,glazen binnendeur,,,"H2","HH_door_receiver",0.0,"HH2_door_1","closed"
5007,3616,2024-09-16T04:04:45,,H2,glazen binnendeur,,,"H2","HH_door_receiver",0.0,"HH2_door_1","closed"
5008,3616,2024-09-16T04:14:42,,H2,glazen binnendeur,,,"H2","HH_door_receiver",0.0,"HH2_door_1","closed"
5009,3616,2024-09-16T04:24:39,,H2,glazen binnendeur,,,"H2","HH_door_receiver",0.0,"HH2_door_1","closed"
5010,3616,2024-09-16T04:34:33,,H2,glazen binnendeur,,,"H2","HH_door_receiver",0.0,"HH2_door_1","closed"
5011,3616,2024-09-16T04:44:30,,H2,glazen binnendeur,,,"H2","HH_door_receiver",0.0,"HH2_door_1","closed"
5012,3616,2024-09-16T04:54:26,,H2,glazen binnendeur,,,"H2","HH_door_receiver",0.0,"HH2_door_1","closed"
5013,3616,2024-09-16T05:04:22,,H2,glazen binnendeur,,,"H2","HH_door_receiver",0.0,"HH2_door_1","closed"
5014,3616,2024-09-16T05:14:21,,H2,glazen binnendeur,,,"H2","HH_door_receiver",0.0,"HH2_door_1","closed"
5015,3616,2024-09-16T05:24:17,,H2,glazen binnendeur,,,"H2","HH_door_receiver",0.0,"HH2_door_1","closed"
5016,3616,2024-09-16T05:34:14,,H2,glazen binnendeur,,,"H2","HH_door_receiver",0.0,"HH2_door_1","closed"
5017,3616,2024-09-16T05:44:10,,H2,glazen binnendeur,,,"H2","HH_door_receiver",0.0,"HH2_door_1","closed"
5018,3616,2024-09-16T05:54:08,,H2,glazen binnendeur,,,"H2","HH_door_receiver",0.0,"HH2_door_1","closed"
5019,3616,2024-09-16T06:04:06,,H2,glazen binnendeur,,,"H2","HH_door_receiver",0.0,"HH2_door_1","closed"
5020,3616,2024-09-16T06:14:00,,H2,glazen binnendeur,,,"H2","HH_door_receiver",0.0,"HH2_door_1","closed"
5021,3616,2024-09-16T06:23:56,,H2,glazen binnendeur,,,"H2","HH_door_receiver",0.0,"HH2_door_1","closed"
5022,3616,2024-09-16T06:33:52,,H2,glazen binnendeur,,,"H2","HH_door_receiver",0.0,"HH2_door_1","closed"
5023,3616,2024-09-16T06:43:48,,H2,glazen binnendeur,,,"H2","HH_door_receiver",0.0,"HH2_door_1","closed"
5024,3616,2024-09-16T06:53:44,,H2,glazen binnendeur,,,"H2","HH_door_receiver",0.0,"HH2_door_1","closed"
5025,3616,2024-09-16T07:03:40,,H2,glazen binnendeur,,,"H2","HH_door_receiver",1.0,"HH2_door_1","open"
5026,3616,2024-09-16T07:13:37,,H2,glazen binnendeur,,,"H2","HH_door_receiver",0.0,"HH2_door_1","closed"
5027,3616,2024-09-16T07:23:32,,H2,glazen binnendeur,,,"H2","HH_door_receiver",0.0,"HH2_door_1","closed"
5028,3616,2024-09-16T07:33:30,,H2,glazen binnendeur,,,"H2","HH_door_receiver",0.0,"HH2_door_1","closed"
5029,3616,2024-09-16T07:43:24,,H2,glazen binnendeur,,,"H2","HH_door_receiver",1.0,"HH2_door_1","open"
5030,3616,2024-09-16T07:53:19,,H2,glazen binnendeur,,,"H2","HH_door_receiver",1.0,"HH2_door_1","open"
5031,3616,2024-09-16T08:03:15,,H2,glazen binnendeur,,,"H2","HH_door_receiver",1.0,"HH2_door_1","open"
5032,3616,2024-09-16T08:13:11,,H2,glazen binnendeur,,,"H2","HH_door_receiver",1.0,"HH2_door_1","open"
5033,3616,2024-09-16T08:23:09,,H2,glazen binnendeur,,,"H2","HH_door_receiver",1.0,"HH2_door_1","open"
5034,3616,2024-09-16T08:33:04,,H2,glazen binnendeur,,,"H2","HH_door_receiver",0.0,"HH2_door_1","closed"
5035,3616,2024-09-16T08:42:59,,H2,glazen binnendeur,,,"H2","HH_door_receiver",0.0,"HH2_door_1","closed"
5036,3616,2024-09-16T08:52:56,,H2,glazen binnendeur,,,"H2","HH_door_receiver",0.0,"HH2_door_1","closed"
5037,3616,2024-09-16T09:12:50,,H2,glazen binnendeur,,,"H2","HH_door_receiver",0.0,"HH2_door_1","closed"
5038,3616,2024-09-16T09:22:46,,H2,glazen binnendeur,,,"H2","HH_door_receiver",0.0,"HH2_door_1","closed"
5039,3616,2024-09-16T09:32:41,,H2,glazen binnendeur,,,"H2","HH_door_receiver",0.0,"HH2_door_1","closed"
5040,3616,2024-09-16T09:42:36,,H2,glazen binnendeur,,,"H2","HH_door_receiver",0.0,"HH2_door_1","closed"
5041,3616,2024-09-16T09:52:35,,H2,glazen binnendeur,,,"H2","HH_door_receiver",0.0,"HH2_door_1","closed"
5042,3616,2024-09-16T10:02:34,,H2,glazen binnendeur,,,"H2","HH_door_receiver",0.0,"HH2_door_1","closed"
5043,3616,2024-09-16T10:12:30,,H2,glazen binnendeur,,,"H2","HH_door_receiver",0.0,"HH2_door_1","closed"
5044,3616,2024-09-16T10:22:26,,H2,glazen binnendeur,,,"H2","HH_door_receiver",0.0,"HH2_door_1","closed"
5045,3616,2024-09-16T10:32:24,,H2,glazen binnendeur,,,"H2","HH_door_receiver",0.0,"HH2_door_1","closed"
5046,3616,2024-09-16T10:42:20,,H2,glazen binnendeur,,,"H2","HH_door_receiver",0.0,"HH2_door_1","closed"
5047,3616,2024-09-16T10:52:18,,H2,glazen binnendeur,,,"H2","HH_door_receiver",0.0,"HH2_door_1","closed"
5048,3616,2024-09-16T11:02:18,,H2,glazen binnendeur,,,"H2","HH_door_receiver",0.0,"HH2_door_1","closed"
5049,3616,2024-09-16T11:12:17,,H2,glazen binnendeur,,,"H2","HH_door_receiver",0.0,"HH2_door_1","closed"
5050,3616,2024-09-16T11:22:10,,H2,glazen binnendeur,,,"H2","HH_door_receiver",0.0,"HH2_door_1","closed"
5051,3616,2024-09-16T11:32:07,,H2,glazen binnendeur,,,"H2","HH_door_receiver",0.0,"HH2_door_1","closed"
5052,3616,2024-09-16T11:42:03,,H2,glazen binnendeur,,,"H2","HH_door_receiver",0.0,"HH2_door_1","closed"
5053,3616,2024-09-16T11:51:57,,H2,glazen binnendeur,,,"H2","HH_door_receiver",0.0,"HH2_door_1","closed"
5054,3616,2024-09-16T12:11:53,,H2,glazen binnendeur,,,"H2","HH_door_receiver",0.0,"HH2_door_1","closed"
5055,3616,2024-09-16T12:21:47,,H2,glazen binnendeur,,,"H2","HH_door_receiver",0.0,"HH2_door_1","closed"
5056,3616,2024-09-16T12:31:42,,H2,glazen binnendeur,,,"H2","HH_door_receiver",0.0,"HH2_door_1","closed"
5057,3616,2024-09-16T12:41:37,,H2,glazen binnendeur,,,"H2","HH_door_receiver",0.0,"HH2_door_1","closed"
5058,3616,2024-09-16T12:51:33,,H2,glazen binnendeur,,,"H2","HH_door_receiver",0.0,"HH2_door_1","closed"
5059,3616,2024-09-16T13:01:28,,H2,glazen binnendeur,,,"H2","HH_door_receiver",0.0,"HH2_door_1","closed"
5060,3616,2024-09-16T13:11:25,,H2,glazen binnendeur,,,"H2","HH_door_receiver",0.0,"HH2_door_1","closed"
5061,3616,2024-09-16T13:21:22,,H2,glazen binnendeur,,,"H2","HH_door_receiver",0.0,"HH2_door_1","closed"
5062,3616,2024-09-16T13:31:18,,H2,glazen binnendeur,,,"H2","HH_door_receiver",0.0,"HH2_door_1","closed"
5063,3616,2024-09-16T13:41:15,,H2,glazen binnendeur,,,"H2","HH_door_receiver",0.0,"HH2_door_1","closed"
5064,3616,2024-09-16T13:51:12,,H2,glazen binnendeur,,,"H2","HH_door_receiver",0.0,"HH2_door_1","closed"
5065,3616,2024-09-16T14:01:11,,H2,glazen binnendeur,,,"H2","HH_door_receiver",0.0,"HH2_door_1","closed"
5066,3616,2024-09-16T14:11:06,,H2,glazen binnendeur,,,"H2","HH_door_receiver",0.0,"HH2_door_1","closed"
5067,3616,2024-09-16T14:21:01,,H2,glazen binnendeur,,,"H2","HH_door_receiver",0.0,"HH2_door_1","closed"
5068,3616,2024-09-16T14:30:59,,H2,glazen binnendeur,,,"H2","HH_door_receiver",0.0,"HH2_door_1","closed"
5069,3616,2024-09-16T14:40:54,,H2,glazen binnendeur,,,"H2","HH_door_receiver",0.0,"HH2_door_1","closed"
5070,3616,2024-09-16T14:50:53,,H2,glazen binnendeur,,,"H2","HH_door_receiver",0.0,"HH2_door_1","closed"
5071,3616,2024-09-16T15:00:50,,H2,glazen binnendeur,,,"H2","HH_door_receiver",0.0,"HH2_door_1","closed"
5072,3616,2024-09-16T15:10:49,,H2,glazen binnendeur,,,"H2","HH_door_receiver",0.0,"HH2_door_1","closed"
5073,3616,2024-09-16T15:20:47,,H2,glazen binnendeur,,,"H2","HH_door_receiver",0.0,"HH2_door_1","closed"
5074,3616,2024-09-16T15:30:41,,H2,glazen binnendeur,,,"H2","HH_door_receiver",0.0,"HH2_door_1","closed"
5075,3616,2024-09-16T15:40:37,,H2,glazen binnendeur,,,"H2","HH_door_receiver",0.0,"HH2_door_1","closed"
5076,3616,2024-09-16T15:50:36,,H2,glazen binnendeur,,,"H2","HH_door_receiver",0.0,"HH2_door_1","closed"
5077,3616,2024-09-16T16:00:30,,H2,glazen binnendeur,,,"H2","HH_door_receiver",1.0,"HH2_door_1","open"
5078,3616,2024-09-16T16:20:24,,H2,glazen binnendeur,,,"H2","HH_door_receiver",1.0,"HH2_door_1","open"
5079,3616,2024-09-16T16:30:20,,H2,glazen binnendeur,,,"H2","HH_door_receiver",1.0,"HH2_door_1","open"
5080,3616,2024-09-16T16:40:16,,H2,glazen binnendeur,,,"H2","HH_door_receiver",0.0,"HH2_door_1","closed"
5081,3616,2024-09-16T16:50:11,,H2,glazen binnendeur,,,"H2","HH_door_receiver",0.0,"HH2_door_1","closed"
5082,3616,2024-09-16T17:00:08,,H2,glazen binnendeur,,,"H2","HH_door_receiver",0.0,"HH2_door_1","closed"
5083,3616,2024-09-16T17:10:03,,H2,glazen binnendeur,,,"H2","HH_door_receiver",0.0,"HH2_door_1","closed"
5084,3616,2024-09-16T17:19:58,,H2,glazen binnendeur,,,"H2","HH_door_receiver",0.0,"HH2_door_1","closed"
5085,3616,2024-09-16T17:29:53,,H2,glazen binnendeur,,,"H2","HH_door_receiver",0.0,"HH2_door_1","closed"
5086,3616,2024-09-16T17:39:49,,H2,glazen binnendeur,,,"H2","HH_door_receiver",0.0,"HH2_door_1","closed"
5087,3616,2024-09-16T17:49:44,,H2,glazen binnendeur,,,"H2","HH_door_receiver",0.0,"HH2_door_1","closed"
5088,3616,2024-09-16T17:59:40,,H2,glazen binnendeur,,,"H2","HH_door_receiver",0.0,"HH2_door_1","closed"
5089,3616,2024-09-16T18:09:38,,H2,glazen binnendeur,,,"H2","HH_door_receiver",1.0,"HH2_door_1","open"
5090,3616,2024-09-16T18:19:35,,H2,glazen binnendeur,,,"H2","HH_door_receiver",0.0,"HH2_door_1","closed"
5091,3616,2024-09-16T18:29:30,,H2,glazen binnendeur,,,"H2","HH_door_receiver",0.0,"HH2_door_1","closed"
5092,3616,2024-09-16T18:39:27,,H2,glazen binnendeur,,,"H2","HH_door_receiver",0.0,"HH2_door_1","closed"
5093,3616,2024-09-16T18:49:26,,H2,glazen binnendeur,,,"H2","HH_door_receiver",0.0,"HH2_door_1","closed"
5094,3616,2024-09-16T18:59:20,,H2,glazen binnendeur,,,"H2","HH_door_receiver",0.0,"HH2_door_1","closed"
5095,3616,2024-09-16T19:09:16,,H2,glazen binnendeur,,,"H2","HH_door_receiver",0.0,"HH2_door_1","closed"
5096,3616,2024-09-16T19:19:12,,H2,glazen binnendeur,,,"H2","HH_door_receiver",0.0,"HH2_door_1","closed"
5097,3616,2024-09-16T19:29:07,,H2,glazen binnendeur,,,"H2","HH_door_receiver",0.0,"HH2_door_1","closed"
5098,3616,2024-09-16T19:39:04,,H2,glazen binnendeur,,,"H2","HH_door_receiver",0.0,"HH2_door_1","closed"
5099,3616,2024-09-16T19:49:00,,H2,glazen binnendeur,,,"H2","HH_door_receiver",0.0,"HH2_door_1","closed"
5100,3616,2024-09-16T19:58:56,,H2,glazen binnendeur,,,"H2","HH_door_receiver",0.0,"HH2_door_1","closed"
5101,3616,2024-09-16T20:08:53,,H2,glazen binnendeur,,,"H2","HH_door_receiver",0.0,"HH2_door_1","closed"
5102,3616,2024-09-16T20:18:52,,H2,glazen binnendeur,,,"H2","HH_door_receiver",0.0,"HH2_door_1","closed"
5103,3616,2024-09-16T20:28:47,,H2,glazen binnendeur,,,"H2","HH_door_receiver",0.0,"HH2_door_1","closed"
5104,3616,2024-09-16T20:38:42,,H2,glazen binnendeur,,,"H2","HH_door_receiver",0.0,"HH2_door_1","closed"
5105,3616,2024-09-16T20:48:37,,H2,glazen binnendeur,,,"H2","HH_door_receiver",0.0,"HH2_door_1","closed"
5106,3616,2024-09-16T21:08:29,,H2,glazen binnendeur,,,"H2","HH_door_receiver",0.0,"HH2_door_1","closed"
5107,3616,2024-09-16T21:18:26,,H2,glazen binnendeur,,,"H2","HH_door_receiver",0.0,"HH2_door_1","closed"
5108,3616,2024-09-16T21:28:21,,H2,glazen binnendeur,,,"H2","HH_door_receiver",0.0,"HH2_door_1","closed"
5109,3616,2024-09-16T21:38:18,,H2,glazen binnendeur,,,"H2","HH_door_receiver",0.0,"HH2_door_1","closed"
5110,3616,2024-09-16T21:48:14,,H2,glazen binnendeur,,,"H2","HH_door_receiver",0.0,"HH2_door_1","closed"
5111,3616,2024-09-16T21:58:11,,H2,glazen binnendeur,,,"H2","HH_door_receiver",0.0,"HH2_door_1","closed"
5112,3616,2024-09-16T22:08:08,,H2,glazen binnendeur,,,"H2","HH_door_receiver",0.0,"HH2_door_1","closed"
5113,3616,2024-09-16T22:18:04,,H2,glazen binnendeur,,,"H2","HH_door_receiver",0.0,"HH2_door_1","closed"
5114,3616,2024-09-16T22:28:01,,H2,glazen binnendeur,,,"H2","HH_door_receiver",0.0,"HH2_door_1","closed"
5115,3616,2024-09-16T22:37:58,,H2,glazen binnendeur,,,"H2","HH_door_receiver",0.0,"HH2_door_1","closed"
5116,3616,2024-09-16T22:47:54,,H2,glazen binnendeur,,,"H2","HH_door_receiver",0.0,"HH2_door_1","closed"
5117,3616,2024-09-16T22:57:52,,H2,glazen binnendeur,,,"H2","HH_door_receiver",0.0,"HH2_door_1","closed"
5118,3616,2024-09-16T23:07:46,,H2,glazen binnendeur,,,"H2","HH_door_receiver",0.0,"HH2_door_1","closed"
5119,3616,2024-09-16T23:27:37,,H2,glazen binnendeur,,,"H2","HH_door_receiver",0.0,"HH2_door_1","closed"
5120,3616,2024-09-16T23:37:36,,H2,glazen binnendeur,,,"H2","HH_door_receiver",0.0,"HH2_door_1","closed"
5121,3616,2024-09-16T23:47:32,,H2,glazen binnendeur,,,"H2","HH_door_receiver",0.0,"HH2_door_1","closed"
5122,3616,2024-09-16T23:57:28,,H2,glazen binnendeur,,,"H2","HH_door_receiver",0.0,"HH2_door_1","closed"
5123,3616,2024-09-17T00:07:26,,H2,glazen binnendeur,,,"H2","HH_door_receiver",0.0,"HH2_door_1","closed"
5124,3616,2024-09-17T00:17:22,,H2,glazen binnendeur,,,"H2","HH_door_receiver",0.0,"HH2_door_1","closed"
5125,3616,2024-09-17T00:27:17,,H2,glazen binnendeur,,,"H2","HH_door_receiver",0.0,"HH2_door_1","closed"
5126,3616,2024-09-17T00:37:14,,H2,glazen binnendeur,,,"H2","HH_door_receiver",0.0,"HH2_door_1","closed"
5127,3616,2024-09-17T00:47:10,,H2,glazen binnendeur,,,"H2","HH_door_receiver",0.0,"HH2_door_1","closed"
5128,3616,2024-09-17T00:57:06,,H2,glazen binnendeur,,,"H2","HH_door_receiver",0.0,"HH2_door_1","closed"
5129,3616,2024-09-17T01:07:03,,H2,glazen binnendeur,,,"H2","HH_door_receiver",0.0,"HH2_door_1","closed"
5130,3616,2024-09-17T01:17:00,,H2,glazen binnendeur,,,"H2","HH_door_receiver",0.0,"HH2_door_1","closed"
5131,3616,2024-09-17T01:26:58,,H2,glazen binnendeur,,,"H2","HH_door_receiver",0.0,"HH2_door_1","closed"
5132,3616,2024-09-17T01:36:55,,H2,glazen binnendeur,,,"H2","HH_door_receiver",0.0,"HH2_door_1","closed"
5133,3616,2024-09-17T01:46:55,,H2,glazen binnendeur,,,"H2","HH_door_receiver",0.0,"HH2_door_1","closed"
5134,3616,2024-09-17T02:06:44,,H2,glazen binnendeur,,,"H2","HH_door_receiver",0.0,"HH2_door_1","closed"
5135,3616,2024-09-17T02:16:43,,H2,glazen binnendeur,,,"H2","HH_door_receiver",0.0,"HH2_door_1","closed"
5136,3616,2024-09-17T02:36:37,,H2,glazen binnendeur,,,"H2","HH_door_receiver",0.0,"HH2_door_1","closed"
5137,3616,2024-09-17T02:46:34,,H2,glazen binnendeur,,,"H2","HH_door_receiver",0.0,"HH2_door_1","closed"
5138,3616,2024-09-17T02:56:31,,H2,glazen binnendeur,,,"H2","HH_door_receiver",0.0,"HH2_door_1","closed"
5139,3616,2024-09-17T03:06:28,,H2,glazen binnendeur,,,"H2","HH_door_receiver",0.0,"HH2_door_1","closed"
5140,3616,2024-09-17T03:16:24,,H2,glazen binnendeur,,,"H2","HH_door_receiver",0.0,"HH2_door_1","closed"
5141,3616,2024-09-17T03:36:19,,H2,glazen binnendeur,,,"H2","HH_door_receiver",0.0,"HH2_door_1","closed"
5142,3616,2024-09-17T03:46:14,,H2,glazen binnendeur,,,"H2","HH_door_receiver",0.0,"HH2_door_1","closed"
5143,3616,2024-09-17T03:56:11,,H2,glazen binnendeur,,,"H2","HH_door_receiver",0.0,"HH2_door_1","closed"
5144,3616,2024-09-17T04:06:10,,H2,glazen binnendeur,,,"H2","HH_door_receiver",0.0,"HH2_door_1","closed"
5145,3616,2024-09-17T04:16:06,,H2,glazen binnendeur,,,"H2","HH_door_receiver",0.0,"HH2_door_1","closed"
5146,3616,2024-09-17T04:26:04,,H2,glazen binnendeur,,,"H2","HH_door_receiver",0.0,"HH2_door_1","closed"
5147,3616,2024-09-17T04:36:00,,H2,glazen binnendeur,,,"H2","HH_door_receiver",0.0,"HH2_door_1","closed"
5148,3616,2024-09-17T04:45:57,,H2,glazen binnendeur,,,"H2","HH_door_receiver",0.0,"HH2_door_1","closed"
5149,3616,2024-09-17T04:55:53,,H2,glazen binnendeur,,,"H2","HH_door_receiver",0.0,"HH2_door_1","closed"
5150,3616,2024-09-17T05:05:51,,H2,glazen binnendeur,,,"H2","HH_door_receiver",0.0,"HH2_door_1","closed"
5151,3616,2024-09-17T05:15:46,,H2,glazen binnendeur,,,"H2","HH_door_receiver",0.0,"HH2_door_1","closed"
5152,3616,2024-09-17T05:25:41,,H2,glazen binnendeur,,,"H2","HH_door_receiver",0.0,"HH2_door_1","closed"
5153,3616,2024-09-17T05:35:40,,H2,glazen binnendeur,,,"H2","HH_door_receiver",0.0,"HH2_door_1","closed"
5154,3616,2024-09-17T05:45:36,,H2,glazen binnendeur,,,"H2","HH_door_receiver",0.0,"HH2_door_1","closed"
5155,3616,2024-09-17T06:25:23,,H2,glazen binnendeur,,,"H2","HH_door_receiver",0.0,"HH2_door_1","closed"
5156,3616,2024-09-17T06:35:20,,H2,glazen binnendeur,,,"H2","HH_door_receiver",0.0,"HH2_door_1","closed"
5157,3616,2024-09-17T06:45:16,,H2,glazen binnendeur,,,"H2","HH_door_receiver",0.0,"HH2_door_1","closed"
5158,3616,2024-09-17T06:55:13,,H2,glazen binnendeur,,,"H2","HH_door_receiver",0.0,"HH2_door_1","closed"
5159,3616,2024-09-17T07:05:12,,H2,glazen binnendeur,,,"H2","HH_door_receiver",0.0,"HH2_door_1","closed"
5160,3616,2024-09-17T07:25:08,,H2,glazen binnendeur,,,"H2","HH_door_receiver",1.0,"HH2_door_1","open"
5161,3616,2024-09-17T07:35:03,,H2,glazen binnendeur,,,"H2","HH_door_receiver",1.0,"HH2_door_1","open"
5162,3616,2024-09-17T07:45:00,,H2,glazen binnendeur,,,"H2","HH_door_receiver",1.0,"HH2_door_1","open"
5163,3616,2024-09-17T07:54:57,,H2,glazen binnendeur,,,"H2","HH_door_receiver",1.0,"HH2_door_1","open"
5164,3616,2024-09-17T08:04:54,,H2,glazen binnendeur,,,"H2","HH_door_receiver",1.0,"HH2_door_1","open"
5165,3616,2024-09-17T08:14:49,,H2,glazen binnendeur,,,"H2","HH_door_receiver",1.0,"HH2_door_1","open"
5166,3616,2024-09-17T08:24:47,,H2,glazen binnendeur,,,"H2","HH_door_receiver",1.0,"HH2_door_1","open"
5167,3616,2024-09-17T08:34:41,,H2,glazen binnendeur,,,"H2","HH_door_receiver",1.0,"HH2_door_1","open"
5168,3616,2024-09-17T08:44:38,,H2,glazen binnendeur,,,"H2","HH_door_receiver",1.0,"HH2_door_1","open"
5169,3616,2024-09-17T08:54:35,,H2,glazen binnendeur,,,"H2","HH_door_receiver",1.0,"HH2_door_1","open"
5170,3616,2024-09-17T09:04:32,,H2,glazen binnendeur,,,"H2","HH_door_receiver",1.0,"HH2_door_1","open"
5171,3616,2024-09-17T09:14:29,,H2,glazen binnendeur,,,"H2","HH_door_receiver",1.0,"HH2_door_1","open"
5172,3616,2024-09-17T09:24:26,,H2,glazen binnendeur,,,"H2","HH_door_receiver",1.0,"HH2_door_1","open"
5173,3616,2024-09-17T09:34:24,,H2,glazen binnendeur,,,"H2","HH_door_receiver",1.0,"HH2_door_1","open"
5174,3616,2024-09-17T09:44:20,,H2,glazen binnendeur,,,"H2","HH_door_receiver",1.0,"HH2_door_1","open"
5175,3616,2024-09-17T09:54:18,,H2,glazen binnendeur,,,"H2","HH_door_receiver",1.0,"HH2_door_1","open"
5176,3616,2024-09-17T10:04:13,,H2,glazen binnendeur,,,"H2","HH_door_receiver",1.0,"HH2_door_1","open"
5177,3616,2024-09-17T10:14:10,,H2,glazen binnendeur,,,"H2","HH_door_receiver",1.0,"HH2_door_1","open"
5178,3616,2024-09-17T10:24:07,,H2,glazen binnendeur,,,"H2","HH_door_receiver",0.0,"HH2_door_1","closed"
5179,3616,2024-09-17T10:34:04,,H2,glazen binnendeur,,,"H2","HH_door_receiver",0.0,"HH2_door_1","closed"
5180,3616,2024-09-17T10:43:59,,H2,glazen binnendeur,,,"H2","HH_door_receiver",0.0,"HH2_door_1","closed"
5181,3616,2024-09-17T10:53:56,,H2,glazen binnendeur,,,"H2","HH_door_receiver",0.0,"HH2_door_1","closed"
5182,3616,2024-09-17T11:03:53,,H2,glazen binnendeur,,,"H2","HH_door_receiver",0.0,"HH2_door_1","closed"
5183,3616,2024-09-17T11:13:52,,H2,glazen binnendeur,,,"H2","HH_door_receiver",0.0,"HH2_door_1","closed"
5184,3616,2024-09-17T11:23:48,,H2,glazen binnendeur,,,"H2","HH_door_receiver",0.0,"HH2_door_1","closed"
5185,3616,2024-09-17T11:33:43,,H2,glazen binnendeur,,,"H2","HH_door_receiver",0.0,"HH2_door_1","closed"
5186,3616,2024-09-17T11:43:41,,H2,glazen binnendeur,,,"H2","HH_door_receiver",0.0,"HH2_door_1","closed"
5187,3616,2024-09-17T11:53:37,,H2,glazen binnendeur,,,"H2","HH_door_receiver",0.0,"HH2_door_1","closed"
5188,3616,2024-09-17T12:03:35,,H2,glazen binnendeur,,,"H2","HH_door_receiver",0.0,"HH2_door_1","closed"
5189,3616,2024-09-17T12:23:27,,H2,glazen binnendeur,,,"H2","HH_door_receiver",0.0,"HH2_door_1","closed"
5190,3616,2024-09-17T12:33:25,,H2,glazen binnendeur,,,"H2","HH_door_receiver",0.0,"HH2_door_1","closed"
5191,3616,2024-09-17T12:53:17,,H2,glazen binnendeur,,,"H2","HH_door_receiver",0.0,"HH2_door_1","closed"
5192,3616,2024-09-17T13:13:09,,H2,glazen binnendeur,,,"H2","HH_door_receiver",0.0,"HH2_door_1","closed"
5193,3616,2024-09-17T13:23:04,,H2,glazen binnendeur,,,"H2","HH_door_receiver",0.0,"HH2_door_1","closed"
5194,3616,2024-09-17T13:33:01,,H2,glazen binnendeur,,,"H2","HH_door_receiver",0.0,"HH2_door_1","closed"
5195,3616,2024-09-17T13:42:57,,H2,glazen binnendeur,,,"H2","HH_door_receiver",0.0,"HH2_door_1","closed"
5196,3616,2024-09-17T13:52:54,,H2,glazen binnendeur,,,"H2","HH_door_receiver",0.0,"HH2_door_1","closed"
5197,3616,2024-09-17T14:02:50,,H2,glazen binnendeur,,,"H2","HH_door_receiver",0.0,"HH2_door_1","closed"
5198,3616,2024-09-17T14:12:47,,H2,glazen binnendeur,,,"H2","HH_door_receiver",0.0,"HH2_door_1","closed"
5199,3616,2024-09-17T14:22:43,,H2,glazen binnendeur,,,"H2","HH_door_receiver",0.0,"HH2_door_1","closed"
5200,3616,2024-09-17T14:32:40,,H2,glazen binnendeur,,,"H2","HH_door_receiver",0.0,"HH2_door_1","closed"
5201,3616,2024-09-17T14:42:35,,H2,glazen binnendeur,,,"H2","HH_door_receiver",0.0,"HH2_door_1","closed"
5202,3616,2024-09-17T14:52:34,,H2,glazen binnendeur,,,"H2","HH_door_receiver",0.0,"HH2_door_1","closed"
5203,3616,2024-09-17T15:02:30,,H2,glazen binnendeur,,,"H2","HH_door_receiver",0.0,"HH2_door_1","closed"
5204,3616,2024-09-17T15:12:26,,H2,glazen binnendeur,,,"H2","HH_door_receiver",0.0,"HH2_door_1","closed"
5205,3616,2024-09-17T15:22:23,,H2,glazen binnendeur,,,"H2","HH_door_receiver",0.0,"HH2_door_1","closed"
5206,3616,2024-09-17T15:32:20,,H2,glazen binnendeur,,,"H2","HH_door_receiver",0.0,"HH2_door_1","closed"
5207,3616,2024-09-17T15:42:18,,H2,glazen binnendeur,,,"H2","HH_door_receiver",0.0,"HH2_door_1","closed"
5208,3616,2024-09-17T15:52:14,,H2,glazen binnendeur,,,"H2","HH_door_receiver",0.0,"HH2_door_1","closed"
5209,3616,2024-09-17T16:02:10,,H2,glazen binnendeur,,,"H2","HH_door_receiver",0.0,"HH2_door_1","closed"
5210,3616,2024-09-17T16:12:06,,H2,glazen binnendeur,,,"H2","HH_door_receiver",0.0,"HH2_door_1","closed"
5211,3616,2024-09-17T16:22:04,,H2,glazen binnendeur,,,"H2","HH_door_receiver",0.0,"HH2_door_1","closed"
5212,3616,2024-09-17T16:31:59,,H2,glazen binnendeur,,,"H2","HH_door_receiver",0.0,"HH2_door_1","closed"
5213,3616,2024-09-17T16:41:54,,H2,glazen binnendeur,,,"H2","HH_door_receiver",0.0,"HH2_door_1","closed"
5214,3616,2024-09-17T16:51:49,,H2,glazen binnendeur,,,"H2","HH_door_receiver",0.0,"HH2_door_1","closed"
5215,3616,2024-09-17T17:01:46,,H2,glazen binnendeur,,,"H2","HH_door_receiver",0.0,"HH2_door_1","closed"
5216,3616,2024-09-17T17:11:42,,H2,glazen binnendeur,,,"H2","HH_door_receiver",0.0,"HH2_door_1","closed"
5217,3616,2024-09-17T17:21:39,,H2,glazen binnendeur,,,"H2","HH_door_receiver",0.0,"HH2_door_1","closed"
5218,3616,2024-09-17T17:31:34,,H2,glazen binnendeur,,,"H2","HH_door_receiver",0.0,"HH2_door_1","closed"
5219,3616,2024-09-17T17:41:31,,H2,glazen binnendeur,,,"H2","HH_door_receiver",0.0,"HH2_door_1","closed"
5220,3616,2024-09-17T18:01:23,,H2,glazen binnendeur,,,"H2","HH_door_receiver",1.0,"HH2_door_1","open"
5221,3616,2024-09-17T18:11:20,,H2,glazen binnendeur,,,"H2","HH_door_receiver",0.0,"HH2_door_1","closed"
5222,3616,2024-09-17T18:21:17,,H2,glazen binnendeur,,,"H2","HH_door_receiver",0.0,"HH2_door_1","closed"
5223,3616,2024-09-17T18:31:12,,H2,glazen binnendeur,,,"H2","HH_door_receiver",0.0,"HH2_door_1","closed"
5224,3616,2024-09-17T18:41:07,,H2,glazen binnendeur,,,"H2","HH_door_receiver",0.0,"HH2_door_1","closed"
5225,3616,2024-09-17T18:51:05,,H2,glazen binnendeur,,,"H2","HH_door_receiver",0.0,"HH2_door_1","closed"
5226,3616,2024-09-17T19:00:58,,H2,glazen binnendeur,,,"H2","HH_door_receiver",0.0,"HH2_door_1","closed"
5227,3616,2024-09-17T19:10:55,,H2,glazen binnendeur,,,"H2","HH_door_receiver",0.0,"HH2_door_1","closed"
5228,3616,2024-09-17T19:20:50,,H2,glazen binnendeur,,,"H2","HH_door_receiver",0.0,"HH2_door_1","closed"
5229,3616,2024-09-17T19:30:45,,H2,glazen binnendeur,,,"H2","HH_door_receiver",0.0,"HH2_door_1","closed"
5230,3616,2024-09-17T19:40:44,,H2,glazen binnendeur,,,"H2","HH_door_receiver",0.0,"HH2_door_1","closed"
5231,3616,2024-09-17T19:50:38,,H2,glazen binnendeur,,,"H2","HH_door_receiver",0.0,"HH2_door_1","closed"
5232,3616,2024-09-17T20:00:38,,H2,glazen binnendeur,,,"H2","HH_door_receiver",0.0,"HH2_door_1","closed"
5233,3616,2024-09-17T20:10:33,,H2,glazen binnendeur,,,"H2","HH_door_receiver",0.0,"HH2_door_1","closed"
5234,3616,2024-09-17T20:20:28,,H2,glazen binnendeur,,,"H2","HH_door_receiver",0.0,"HH2_door_1","closed"
5235,3616,2024-09-17T20:30:23,,H2,glazen binnendeur,,,"H2","HH_door_receiver",0.0,"HH2_door_1","closed"
5236,3616,2024-09-17T20:40:20,,H2,glazen binnendeur,,,"H2","HH_door_receiver",0.0,"HH2_door_1","closed"
5237,3616,2024-09-17T20:50:17,,H2,glazen binnendeur,,,"H2","HH_door_receiver",0.0,"HH2_door_1","closed"
5238,3616,2024-09-17T21:00:12,,H2,glazen binnendeur,,,"H2","HH_door_receiver",0.0,"HH2_door_1","closed"
5239,3616,2024-09-17T21:10:09,,H2,glazen binnendeur,,,"H2","HH_door_receiver",0.0,"HH2_door_1","closed"
5240,3616,2024-09-17T21:20:06,,H2,glazen binnendeur,,,"H2","HH_door_receiver",0.0,"HH2_door_1","closed"
5241,3616,2024-09-17T21:30:03,,H2,glazen binnendeur,,,"H2","HH_door_receiver",0.0,"HH2_door_1","closed"
5242,3616,2024-09-17T21:40:04,,H2,glazen binnendeur,,,"H2","HH_door_receiver",0.0,"HH2_door_1","closed"
5243,3616,2024-09-17T21:49:59,,H2,glazen binnendeur,,,"H2","HH_door_receiver",0.0,"HH2_door_1","closed"
5244,3616,2024-09-17T21:59:55,,H2,glazen binnendeur,,,"H2","HH_door_receiver",0.0,"HH2_door_1","closed"
5245,3616,2024-09-17T22:09:53,,H2,glazen binnendeur,,,"H2","HH_door_receiver",0.0,"HH2_door_1","closed"
5246,3616,2024-09-17T22:19:48,,H2,glazen binnendeur,,,"H2","HH_door_receiver",0.0,"HH2_door_1","closed"
5247,3616,2024-09-17T22:29:46,,H2,glazen binnendeur,,,"H2","HH_door_receiver",0.0,"HH2_door_1","closed"
5248,3616,2024-09-17T22:39:41,,H2,glazen binnendeur,,,"H2","HH_door_receiver",0.0,"HH2_door_1","closed"
5249,3616,2024-09-17T22:49:35,,H2,glazen binnendeur,,,"H2","HH_door_receiver",0.0,"HH2_door_1","closed"
5250,3616,2024-09-17T22:59:31,,H2,glazen binnendeur,,,"H2","HH_door_receiver",0.0,"HH2_door_1","closed"
5251,3616,2024-09-17T23:09:26,,H2,glazen binnendeur,,,"H2","HH_door_receiver",0.0,"HH2_door_1","closed"
5252,3616,2024-09-17T23:19:21,,H2,glazen binnendeur,,,"H2","HH_door_receiver",0.0,"HH2_door_1","closed"
5253,3616,2024-09-17T23:29:19,,H2,glazen binnendeur,,,"H2","HH_door_receiver",0.0,"HH2_door_1","closed"
5254,3616,2024-09-17T23:39:14,,H2,glazen binnendeur,,,"H2","HH_door_receiver",0.0,"HH2_door_1","closed"
5255,3616,2024-09-17T23:49:13,,H2,glazen binnendeur,,,"H2","HH_door_receiver",0.0,"HH2_door_1","closed"
5256,3616,2024-09-17T23:59:09,,H2,glazen binnendeur,,,"H2","HH_door_receiver",0.0,"HH2_door_1","closed"
5257,3616,2024-09-18T00:09:06,,H2,glazen binnendeur,,,"H2","HH_door_receiver",0.0,"HH2_door_1","closed"
5258,3616,2024-09-18T00:19:01,,H2,glazen binnendeur,,,"H2","HH_door_receiver",0.0,"HH2_door_1","closed"
5259,3616,2024-09-18T00:28:59,,H2,glazen binnendeur,,,"H2","HH_door_receiver",0.0,"HH2_door_1","closed"
5260,3616,2024-09-18T00:38:53,,H2,glazen binnendeur,,,"H2","HH_door_receiver",0.0,"HH2_door_1","closed"
5261,3616,2024-09-18T00:48:49,,H2,glazen binnendeur,,,"H2","HH_door_receiver",0.0,"HH2_door_1","closed"
5262,3616,2024-09-18T00:58:45,,H2,glazen binnendeur,,,"H2","HH_door_receiver",0.0,"HH2_door_1","closed"
5263,3616,2024-09-18T01:08:42,,H2,glazen binnendeur,,,"H2","HH_door_receiver",0.0,"HH2_door_1","closed"
5264,3616,2024-09-18T01:18:39,,H2,glazen binnendeur,,,"H2","HH_door_receiver",0.0,"HH2_door_1","closed"
5265,3616,2024-09-18T01:28:36,,H2,glazen binnendeur,,,"H2","HH_door_receiver",0.0,"HH2_door_1","closed"
5266,3616,2024-09-18T01:38:32,,H2,glazen binnendeur,,,"H2","HH_door_receiver",0.0,"HH2_door_1","closed"
5267,3616,2024-09-18T01:58:26,,H2,glazen binnendeur,,,"H2","HH_door_receiver",0.0,"HH2_door_1","closed"
5268,3616,2024-09-18T02:08:23,,H2,glazen binnendeur,,,"H2","HH_door_receiver",0.0,"HH2_door_1","closed"
5269,3616,2024-09-18T02:18:18,,H2,glazen binnendeur,,,"H2","HH_door_receiver",0.0,"HH2_door_1","closed"
5270,3616,2024-09-18T02:28:13,,H2,glazen binnendeur,,,"H2","HH_door_receiver",0.0,"HH2_door_1","closed"
5271,3616,2024-09-18T02:38:09,,H2,glazen binnendeur,,,"H2","HH_door_receiver",0.0,"HH2_door_1","closed"
5272,3616,2024-09-18T02:48:05,,H2,glazen binnendeur,,,"H2","HH_door_receiver",0.0,"HH2_door_1","closed"
5273,3616,2024-09-18T02:58:03,,H2,glazen binnendeur,,,"H2","HH_door_receiver",0.0,"HH2_door_1","closed"
5274,3616,2024-09-18T03:07:59,,H2,glazen binnendeur,,,"H2","HH_door_receiver",0.0,"HH2_door_1","closed"
5275,3616,2024-09-18T03:17:54,,H2,glazen binnendeur,,,"H2","HH_door_receiver",0.0,"HH2_door_1","closed"
5276,3616,2024-09-18T03:27:51,,H2,glazen binnendeur,,,"H2","HH_door_receiver",0.0,"HH2_door_1","closed"
5277,3616,2024-09-18T03:37:46,,H2,glazen binnendeur,,,"H2","HH_door_receiver",0.0,"HH2_door_1","closed"
5278,3616,2024-09-18T03:47:41,,H2,glazen binnendeur,,,"H2","HH_door_receiver",0.0,"HH2_door_1","closed"
5279,3616,2024-09-18T03:57:38,,H2,glazen binnendeur,,,"H2","HH_door_receiver",0.0,"HH2_door_1","closed"
5280,3616,2024-09-18T04:07:33,,H2,glazen binnendeur,,,"H2","HH_door_receiver",0.0,"HH2_door_1","closed"
5281,3616,2024-09-18T04:17:31,,H2,glazen binnendeur,,,"H2","HH_door_receiver",0.0,"HH2_door_1","closed"
5282,3616,2024-09-18T04:27:28,,H2,glazen binnendeur,,,"H2","HH_door_receiver",0.0,"HH2_door_1","closed"
5283,3616,2024-09-18T04:37:26,,H2,glazen binnendeur,,,"H2","HH_door_receiver",0.0,"HH2_door_1","closed"
5284,3616,2024-09-18T04:47:22,,H2,glazen binnendeur,,,"H2","HH_door_receiver",0.0,"HH2_door_1","closed"
5285,3616,2024-09-18T04:57:19,,H2,glazen binnendeur,,,"H2","HH_door_receiver",0.0,"HH2_door_1","closed"
5286,3616,2024-09-18T05:07:17,,H2,glazen binnendeur,,,"H2","HH_door_receiver",0.0,"HH2_door_1","closed"
5287,3616,2024-09-18T05:17:12,,H2,glazen binnendeur,,,"H2","HH_door_receiver",0.0,"HH2_door_1","closed"
5288,3616,2024-09-18T05:27:09,,H2,glazen binnendeur,,,"H2","HH_door_receiver",0.0,"HH2_door_1","closed"
5289,3616,2024-09-18T05:37:05,,H2,glazen binnendeur,,,"H2","HH_door_receiver",0.0,"HH2_door_1","closed"
5290,3616,2024-09-18T05:47:02,,H2,glazen binnendeur,,,"H2","HH_door_receiver",0.0,"HH2_door_1","closed"
5291,3616,2024-09-18T05:56:58,,H2,glazen binnendeur,,,"H2","HH_door_receiver",0.0,"HH2_door_1","closed"
5292,3616,2024-09-18T06:06:54,,H2,glazen binnendeur,,,"H2","HH_door_receiver",0.0,"HH2_door_1","closed"
5293,3616,2024-09-18T06:16:49,,H2,glazen binnendeur,,,"H2","HH_door_receiver",0.0,"HH2_door_1","closed"
5294,3616,2024-09-18T06:26:46,,H2,glazen binnendeur,,,"H2","HH_door_receiver",0.0,"HH2_door_1","closed"
5295,3616,2024-09-18T06:36:43,,H2,glazen binnendeur,,,"H2","HH_door_receiver",0.0,"HH2_door_1","closed"
5296,3616,2024-09-18T06:46:39,,H2,glazen binnendeur,,,"H2","HH_door_receiver",0.0,"HH2_door_1","closed"
5297,3616,2024-09-18T06:56:37,,H2,glazen binnendeur,,,"H2","HH_door_receiver",0.0,"HH2_door_1","closed"
5298,3616,2024-09-18T07:06:31,,H2,glazen binnendeur,,,"H2","HH_door_receiver",1.0,"HH2_door_1","open"
5299,3616,2024-09-18T07:16:26,,H2,glazen binnendeur,,,"H2","HH_door_receiver",1.0,"HH2_door_1","open"
5300,3616,2024-09-18T07:26:21,,H2,glazen binnendeur,,,"H2","HH_door_receiver",1.0,"HH2_door_1","open"
5301,3616,2024-09-18T07:36:19,,H2,glazen binnendeur,,,"H2","HH_door_receiver",1.0,"HH2_door_1","open"
5302,3616,2024-09-18T07:46:17,,H2,glazen binnendeur,,,"H2","HH_door_receiver",1.0,"HH2_door_1","open"
5303,3616,2024-09-18T07:56:13,,H2,glazen binnendeur,,,"H2","HH_door_receiver",1.0,"HH2_door_1","open"
5304,3616,2024-09-18T08:06:11,,H2,glazen binnendeur,,,"H2","HH_door_receiver",0.0,"HH2_door_1","closed"
5305,3616,2024-09-18T08:16:07,,H2,glazen binnendeur,,,"H2","HH_door_receiver",0.0,"HH2_door_1","closed"
5306,3616,2024-09-18T08:26:06,,H2,glazen binnendeur,,,"H2","HH_door_receiver",1.0,"HH2_door_1","open"
5307,3616,2024-09-18T08:36:02,,H2,glazen binnendeur,,,"H2","HH_door_receiver",0.0,"HH2_door_1","closed"
5308,3616,2024-09-18T08:45:56,,H2,glazen binnendeur,,,"H2","HH_door_receiver",1.0,"HH2_door_1","open"
5309,3616,2024-09-18T08:55:52,,H2,glazen binnendeur,,,"H2","HH_door_receiver",1.0,"HH2_door_1","open"
5310,3616,2024-09-18T09:05:51,,H2,glazen binnendeur,,,"H2","HH_door_receiver",1.0,"HH2_door_1","open"
5311,3616,2024-09-18T09:15:47,,H2,glazen binnendeur,,,"H2","HH_door_receiver",1.0,"HH2_door_1","open"
5312,3616,2024-09-18T09:25:44,,H2,glazen binnendeur,,,"H2","HH_door_receiver",1.0,"HH2_door_1","open"
5313,3616,2024-09-18T09:35:39,,H2,glazen binnendeur,,,"H2","HH_door_receiver",1.0,"HH2_door_1","open"
5314,3616,2024-09-18T09:45:36,,H2,glazen binnendeur,,,"H2","HH_door_receiver",1.0,"HH2_door_1","open"
5315,3616,2024-09-18T09:55:32,,H2,glazen binnendeur,,,"H2","HH_door_receiver",1.0,"HH2_door_1","open"
5316,3616,2024-09-18T10:05:27,,H2,glazen binnendeur,,,"H2","HH_door_receiver",1.0,"HH2_door_1","open"
5317,3616,2024-09-18T10:15:23,,H2,glazen binnendeur,,,"H2","HH_door_receiver",1.0,"HH2_door_1","open"
5318,3616,2024-09-18T10:25:19,,H2,glazen binnendeur,,,"H2","HH_door_receiver",1.0,"HH2_door_1","open"
5319,3616,2024-09-18T10:35:16,,H2,glazen binnendeur,,,"H2","HH_door_receiver",0.0,"HH2_door_1","closed"
5320,3616,2024-09-18T10:45:12,,H2,glazen binnendeur,,,"H2","HH_door_receiver",0.0,"HH2_door_1","closed"
5321,3616,2024-09-18T10:55:08,,H2,glazen binnendeur,,,"H2","HH_door_receiver",0.0,"HH2_door_1","closed"
5322,3616,2024-09-18T11:05:05,,H2,glazen binnendeur,,,"H2","HH_door_receiver",0.0,"HH2_door_1","closed"
5323,3616,2024-09-18T11:15:02,,H2,glazen binnendeur,,,"H2","HH_door_receiver",0.0,"HH2_door_1","closed"
5324,3616,2024-09-18T11:25:01,,H2,glazen binnendeur,,,"H2","HH_door_receiver",0.0,"HH2_door_1","closed"
5325,3616,2024-09-18T11:34:57,,H2,glazen binnendeur,,,"H2","HH_door_receiver",0.0,"HH2_door_1","closed"
5326,3616,2024-09-18T11:44:54,,H2,glazen binnendeur,,,"H2","HH_door_receiver",0.0,"HH2_door_1","closed"
5327,3616,2024-09-18T11:54:51,,H2,glazen binnendeur,,,"H2","HH_door_receiver",0.0,"HH2_door_1","closed"
5328,3616,2024-09-18T12:04:45,,H2,glazen binnendeur,,,"H2","HH_door_receiver",0.0,"HH2_door_1","closed"
5329,3616,2024-09-18T12:14:41,,H2,glazen binnendeur,,,"H2","HH_door_receiver",0.0,"HH2_door_1","closed"
5330,3616,2024-09-18T12:24:38,,H2,glazen binnendeur,,,"H2","HH_door_receiver",0.0,"HH2_door_1","closed"
5331,3616,2024-09-18T12:34:35,,H2,glazen binnendeur,,,"H2","HH_door_receiver",0.0,"HH2_door_1","closed"
5332,3616,2024-09-18T12:44:32,,H2,glazen binnendeur,,,"H2","HH_door_receiver",0.0,"HH2_door_1","closed"
5333,3616,2024-09-18T12:54:29,,H2,glazen binnendeur,,,"H2","HH_door_receiver",0.0,"HH2_door_1","closed"
5334,3616,2024-09-18T13:04:23,,H2,glazen binnendeur,,,"H2","HH_door_receiver",0.0,"HH2_door_1","closed"
5335,3616,2024-09-18T13:14:19,,H2,glazen binnendeur,,,"H2","HH_door_receiver",0.0,"HH2_door_1","closed"
5336,3616,2024-09-18T13:24:13,,H2,glazen binnendeur,,,"H2","HH_door_receiver",0.0,"HH2_door_1","closed"
5337,3616,2024-09-18T13:34:10,,H2,glazen binnendeur,,,"H2","HH_door_receiver",0.0,"HH2_door_1","closed"
5338,3616,2024-09-18T13:44:10,,H2,glazen binnendeur,,,"H2","HH_door_receiver",0.0,"HH2_door_1","closed"
5339,3616,2024-09-18T13:54:05,,H2,glazen binnendeur,,,"H2","HH_door_receiver",0.0,"HH2_door_1","closed"
5340,3616,2024-09-18T14:04:02,,H2,glazen binnendeur,,,"H2","HH_door_receiver",0.0,"HH2_door_1","closed"
5341,3616,2024-09-18T14:13:58,,H2,glazen binnendeur,,,"H2","HH_door_receiver",0.0,"HH2_door_1","closed"
5342,3616,2024-09-18T14:23:56,,H2,glazen binnendeur,,,"H2","HH_door_receiver",0.0,"HH2_door_1","closed"
5343,3616,2024-09-18T14:33:52,,H2,glazen binnendeur,,,"H2","HH_door_receiver",0.0,"HH2_door_1","closed"
5344,3616,2024-09-18T14:43:49,,H2,glazen binnendeur,,,"H2","HH_door_receiver",0.0,"HH2_door_1","closed"
5345,3616,2024-09-18T14:53:48,,H2,glazen binnendeur,,,"H2","HH_door_receiver",0.0,"HH2_door_1","closed"
5346,3616,2024-09-18T15:03:43,,H2,glazen binnendeur,,,"H2","HH_door_receiver",0.0,"HH2_door_1","closed"
5347,3616,2024-09-18T15:13:41,,H2,glazen binnendeur,,,"H2","HH_door_receiver",0.0,"HH2_door_1","closed"
5348,3616,2024-09-18T15:23:36,,H2,glazen binnendeur,,,"H2","HH_door_receiver",0.0,"HH2_door_1","closed"
5349,3616,2024-09-18T15:33:33,,H2,glazen binnendeur,,,"H2","HH_door_receiver",1.0,"HH2_door_1","open"
5350,3616,2024-09-18T15:43:31,,H2,glazen binnendeur,,,"H2","HH_door_receiver",1.0,"HH2_door_1","open"
5351,3616,2024-09-18T15:53:29,,H2,glazen binnendeur,,,"H2","HH_door_receiver",1.0,"HH2_door_1","open"
5352,3616,2024-09-18T16:03:25,,H2,glazen binnendeur,,,"H2","HH_door_receiver",1.0,"HH2_door_1","open"
5353,3616,2024-09-18T16:13:22,,H2,glazen binnendeur,,,"H2","HH_door_receiver",1.0,"HH2_door_1","open"
5354,3616,2024-09-18T16:23:17,,H2,glazen binnendeur,,,"H2","HH_door_receiver",0.0,"HH2_door_1","closed"
5355,3616,2024-09-18T16:33:16,,H2,glazen binnendeur,,,"H2","HH_door_receiver",0.0,"HH2_door_1","closed"
5356,3616,2024-09-18T16:43:12,,H2,glazen binnendeur,,,"H2","HH_door_receiver",0.0,"HH2_door_1","closed"
5357,3616,2024-09-18T16:53:09,,H2,glazen binnendeur,,,"H2","HH_door_receiver",0.0,"HH2_door_1","closed"
5358,3616,2024-09-18T17:03:08,,H2,glazen binnendeur,,,"H2","HH_door_receiver",0.0,"HH2_door_1","closed"
5359,3616,2024-09-18T17:13:03,,H2,glazen binnendeur,,,"H2","HH_door_receiver",0.0,"HH2_door_1","closed"
5360,3616,2024-09-18T17:23:00,,H2,glazen binnendeur,,,"H2","HH_door_receiver",1.0,"HH2_door_1","open"
5361,3616,2024-09-18T17:32:56,,H2,glazen binnendeur,,,"H2","HH_door_receiver",1.0,"HH2_door_1","open"
5362,3616,2024-09-18T17:42:52,,H2,glazen binnendeur,,,"H2","HH_door_receiver",1.0,"HH2_door_1","open"
5363,3616,2024-09-18T17:52:49,,H2,glazen binnendeur,,,"H2","HH_door_receiver",1.0,"HH2_door_1","open"
5364,3616,2024-09-18T18:02:44,,H2,glazen binnendeur,,,"H2","HH_door_receiver",0.0,"HH2_door_1","closed"
5365,3616,2024-09-18T18:12:41,,H2,glazen binnendeur,,,"H2","HH_door_receiver",1.0,"HH2_door_1","open"
5366,3616,2024-09-18T18:22:40,,H2,glazen binnendeur,,,"H2","HH_door_receiver",0.0,"HH2_door_1","closed"
5367,3616,2024-09-18T18:22:47,,H2,glazen binnendeur,,,"H2","HH_door_receiver",0.0,"HH2_door_1","closed"
5368,3616,2024-09-18T18:32:43,,H2,glazen binnendeur,,,"H2","HH_door_receiver",0.0,"HH2_door_1","closed"
5369,3616,2024-09-18T18:42:38,,H2,glazen binnendeur,,,"H2","HH_door_receiver",0.0,"HH2_door_1","closed"
5370,3616,2024-09-18T18:52:37,,H2,glazen binnendeur,,,"H2","HH_door_receiver",0.0,"HH2_door_1","closed"
5371,3616,2024-09-18T19:02:32,,H2,glazen binnendeur,,,"H2","HH_door_receiver",0.0,"HH2_door_1","closed"
5372,3616,2024-09-18T19:12:29,,H2,glazen binnendeur,,,"H2","HH_door_receiver",0.0,"HH2_door_1","closed"
5373,3616,2024-09-18T19:22:25,,H2,glazen binnendeur,,,"H2","HH_door_receiver",1.0,"HH2_door_1","open"
5374,3616,2024-09-18T19:32:21,,H2,glazen binnendeur,,,"H2","HH_door_receiver",0.0,"HH2_door_1","closed"
5375,3616,2024-09-18T19:42:18,,H2,glazen binnendeur,,,"H2","HH_door_receiver",0.0,"HH2_door_1","closed"
5376,3616,2024-09-18T19:52:14,,H2,glazen binnendeur,,,"H2","HH_door_receiver",0.0,"HH2_door_1","closed"
5377,3616,2024-09-18T20:02:13,,H2,glazen binnendeur,,,"H2","HH_door_receiver",0.0,"HH2_door_1","closed"
5378,3616,2024-09-18T20:12:10,,H2,glazen binnendeur,,,"H2","HH_door_receiver",0.0,"HH2_door_1","closed"
5379,3616,2024-09-18T20:22:03,,H2,glazen binnendeur,,,"H2","HH_door_receiver",0.0,"HH2_door_1","closed"
5380,3616,2024-09-18T20:32:00,,H2,glazen binnendeur,,,"H2","HH_door_receiver",0.0,"HH2_door_1","closed"
5381,3616,2024-09-18T20:41:56,,H2,glazen binnendeur,,,"H2","HH_door_receiver",0.0,"HH2_door_1","closed"
5382,3616,2024-09-18T20:51:53,,H2,glazen binnendeur,,,"H2","HH_door_receiver",0.0,"HH2_door_1","closed"
5383,3616,2024-09-18T21:01:50,,H2,glazen binnendeur,,,"H2","HH_door_receiver",0.0,"HH2_door_1","closed"
5384,3616,2024-09-18T21:11:47,,H2,glazen binnendeur,,,"H2","HH_door_receiver",0.0,"HH2_door_1","closed"
5385,3616,2024-09-18T21:21:42,,H2,glazen binnendeur,,,"H2","HH_door_receiver",0.0,"HH2_door_1","closed"
5386,3616,2024-09-18T21:31:38,,H2,glazen binnendeur,,,"H2","HH_door_receiver",0.0,"HH2_door_1","closed"
5387,3616,2024-09-18T21:41:35,,H2,glazen binnendeur,,,"H2","HH_door_receiver",0.0,"HH2_door_1","closed"
5388,3616,2024-09-18T21:51:31,,H2,glazen binnendeur,,,"H2","HH_door_receiver",0.0,"HH2_door_1","closed"
5389,3616,2024-09-18T22:01:30,,H2,glazen binnendeur,,,"H2","HH_door_receiver",0.0,"HH2_door_1","closed"
5390,3616,2024-09-18T22:11:27,,H2,glazen binnendeur,,,"H2","HH_door_receiver",0.0,"HH2_door_1","closed"
5391,3616,2024-09-18T22:21:22,,H2,glazen binnendeur,,,"H2","HH_door_receiver",0.0,"HH2_door_1","closed"
5392,3616,2024-09-18T22:31:21,,H2,glazen binnendeur,,,"H2","HH_door_receiver",0.0,"HH2_door_1","closed"
5393,3616,2024-09-18T22:41:17,,H2,glazen binnendeur,,,"H2","HH_door_receiver",0.0,"HH2_door_1","closed"
5394,3616,2024-09-18T22:51:14,,H2,glazen binnendeur,,,"H2","HH_door_receiver",0.0,"HH2_door_1","closed"
5395,3616,2024-09-18T23:01:10,,H2,glazen binnendeur,,,"H2","HH_door_receiver",0.0,"HH2_door_1","closed"
5396,3616,2024-09-18T23:11:06,,H2,glazen binnendeur,,,"H2","HH_door_receiver",0.0,"HH2_door_1","closed"
5397,3616,2024-09-18T23:21:01,,H2,glazen binnendeur,,,"H2","HH_door_receiver",0.0,"HH2_door_1","closed"
5398,3616,2024-09-18T23:30:58,,H2,glazen binnendeur,,,"H2","HH_door_receiver",0.0,"HH2_door_1","closed"
5399,3616,2024-09-18T23:40:55,,H2,glazen binnendeur,,,"H2","HH_door_receiver",0.0,"HH2_door_1","closed"
5400,3616,2024-09-18T23:50:51,,H2,glazen binnendeur,,,"H2","HH_door_receiver",0.0,"HH2_door_1","closed"
5401,3616,2024-09-19T00:00:48,,H2,glazen binnendeur,,,"H2","HH_door_receiver",0.0,"HH2_door_1","closed"
5402,3616,2024-09-19T00:10:44,,H2,glazen binnendeur,,,"H2","HH_door_receiver",0.0,"HH2_door_1","closed"
5403,3616,2024-09-19T00:20:41,,H2,glazen binnendeur,,,"H2","HH_door_receiver",0.0,"HH2_door_1","closed"
5404,3616,2024-09-19T00:30:36,,H2,glazen binnendeur,,,"H2","HH_door_receiver",0.0,"HH2_door_1","closed"
5405,3616,2024-09-19T00:40:33,,H2,glazen binnendeur,,,"H2","HH_door_receiver",0.0,"HH2_door_1","closed"
5406,3616,2024-09-19T00:50:28,,H2,glazen binnendeur,,,"H2","HH_door_receiver",0.0,"HH2_door_1","closed"
5407,3616,2024-09-19T01:00:25,,H2,glazen binnendeur,,,"H2","HH_door_receiver",0.0,"HH2_door_1","closed"
5408,3616,2024-09-19T01:10:21,,H2,glazen binnendeur,,,"H2","HH_door_receiver",0.0,"HH2_door_1","closed"
5409,3616,2024-09-19T01:20:18,,H2,glazen binnendeur,,,"H2","HH_door_receiver",0.0,"HH2_door_1","closed"
5410,3616,2024-09-19T01:30:13,,H2,glazen binnendeur,,,"H2","HH_door_receiver",0.0,"HH2_door_1","closed"
5411,3616,2024-09-19T01:40:09,,H2,glazen binnendeur,,,"H2","HH_door_receiver",0.0,"HH2_door_1","closed"
5412,3616,2024-09-19T01:50:04,,H2,glazen binnendeur,,,"H2","HH_door_receiver",0.0,"HH2_door_1","closed"
5413,3616,2024-09-19T02:00:01,,H2,glazen binnendeur,,,"H2","HH_door_receiver",0.0,"HH2_door_1","closed"
5414,3616,2024-09-19T02:09:59,,H2,glazen binnendeur,,,"H2","HH_door_receiver",0.0,"HH2_door_1","closed"
5415,3616,2024-09-19T02:19:56,,H2,glazen binnendeur,,,"H2","HH_door_receiver",0.0,"HH2_door_1","closed"
5416,3616,2024-09-19T02:29:52,,H2,glazen binnendeur,,,"H2","HH_door_receiver",0.0,"HH2_door_1","closed"
5417,3616,2024-09-19T02:39:49,,H2,glazen binnendeur,,,"H2","HH_door_receiver",0.0,"HH2_door_1","closed"
5418,3616,2024-09-19T02:49:46,,H2,glazen binnendeur,,,"H2","HH_door_receiver",0.0,"HH2_door_1","closed"
5419,3616,2024-09-19T02:59:45,,H2,glazen binnendeur,,,"H2","HH_door_receiver",0.0,"HH2_door_1","closed"
5420,3616,2024-09-19T03:09:42,,H2,glazen binnendeur,,,"H2","HH_door_receiver",0.0,"HH2_door_1","closed"
5421,3616,2024-09-19T03:19:38,,H2,glazen binnendeur,,,"H2","HH_door_receiver",0.0,"HH2_door_1","closed"
5422,3616,2024-09-19T03:29:33,,H2,glazen binnendeur,,,"H2","HH_door_receiver",0.0,"HH2_door_1","closed"
5423,3616,2024-09-19T03:39:30,,H2,glazen binnendeur,,,"H2","HH_door_receiver",0.0,"HH2_door_1","closed"
5424,3616,2024-09-19T03:49:27,,H2,glazen binnendeur,,,"H2","HH_door_receiver",0.0,"HH2_door_1","closed"
5425,3616,2024-09-19T03:59:24,,H2,glazen binnendeur,,,"H2","HH_door_receiver",0.0,"HH2_door_1","closed"
5426,3616,2024-09-19T04:09:20,,H2,glazen binnendeur,,,"H2","HH_door_receiver",0.0,"HH2_door_1","closed"
5427,3616,2024-09-19T04:19:17,,H2,glazen binnendeur,,,"H2","HH_door_receiver",0.0,"HH2_door_1","closed"
5428,3616,2024-09-19T04:29:14,,H2,glazen binnendeur,,,"H2","HH_door_receiver",0.0,"HH2_door_1","closed"
5429,3616,2024-09-19T04:39:13,,H2,glazen binnendeur,,,"H2","HH_door_receiver",0.0,"HH2_door_1","closed"
5430,3616,2024-09-19T04:49:07,,H2,glazen binnendeur,,,"H2","HH_door_receiver",0.0,"HH2_door_1","closed"
5431,3616,2024-09-19T04:59:04,,H2,glazen binnendeur,,,"H2","HH_door_receiver",0.0,"HH2_door_1","closed"
5432,3616,2024-09-19T05:09:01,,H2,glazen binnendeur,,,"H2","HH_door_receiver",0.0,"HH2_door_1","closed"
5433,3616,2024-09-19T05:18:56,,H2,glazen binnendeur,,,"H2","HH_door_receiver",0.0,"HH2_door_1","closed"
5434,3616,2024-09-19T05:28:53,,H2,glazen binnendeur,,,"H2","HH_door_receiver",0.0,"HH2_door_1","closed"
5435,3616,2024-09-19T05:38:52,,H2,glazen binnendeur,,,"H2","HH_door_receiver",0.0,"HH2_door_1","closed"
5436,3616,2024-09-19T05:48:46,,H2,glazen binnendeur,,,"H2","HH_door_receiver",0.0,"HH2_door_1","closed"
5437,3616,2024-09-19T06:09:29,,H2,glazen binnendeur,,,"H2","HH_door_receiver",0.0,"HH2_door_1","closed"
5438,3616,2024-09-19T06:19:28,,H2,glazen binnendeur,,,"H2","HH_door_receiver",0.0,"HH2_door_1","closed"
5439,3616,2024-09-19T06:29:23,,H2,glazen binnendeur,,,"H2","HH_door_receiver",0.0,"HH2_door_1","closed"
5440,3616,2024-09-19T06:39:22,,H2,glazen binnendeur,,,"H2","HH_door_receiver",0.0,"HH2_door_1","closed"
5441,3616,2024-09-19T06:49:17,,H2,glazen binnendeur,,,"H2","HH_door_receiver",0.0,"HH2_door_1","closed"
5442,3616,2024-09-19T06:59:15,,H2,glazen binnendeur,,,"H2","HH_door_receiver",0.0,"HH2_door_1","closed"
5443,3616,2024-09-19T07:09:12,,H2,glazen binnendeur,,,"H2","HH_door_receiver",1.0,"HH2_door_1","open"
5444,3616,2024-09-19T07:19:07,,H2,glazen binnendeur,,,"H2","HH_door_receiver",1.0,"HH2_door_1","open"
5445,3616,2024-09-19T07:29:05,,H2,glazen binnendeur,,,"H2","HH_door_receiver",1.0,"HH2_door_1","open"
5446,3616,2024-09-19T07:39:01,,H2,glazen binnendeur,,,"H2","HH_door_receiver",1.0,"HH2_door_1","open"
5447,3616,2024-09-19T07:48:58,,H2,glazen binnendeur,,,"H2","HH_door_receiver",1.0,"HH2_door_1","open"
5448,3616,2024-09-19T07:58:55,,H2,glazen binnendeur,,,"H2","HH_door_receiver",1.0,"HH2_door_1","open"
5449,3616,2024-09-19T08:08:50,,H2,glazen binnendeur,,,"H2","HH_door_receiver",1.0,"HH2_door_1","open"
5450,3616,2024-09-19T08:18:46,,H2,glazen binnendeur,,,"H2","HH_door_receiver",1.0,"HH2_door_1","open"
5451,3616,2024-09-19T08:28:43,,H2,glazen binnendeur,,,"H2","HH_door_receiver",1.0,"HH2_door_1","open"
5452,3616,2024-09-19T08:38:38,,H2,glazen binnendeur,,,"H2","HH_door_receiver",0.0,"HH2_door_1","closed"
5453,3616,2024-09-19T08:48:34,,H2,glazen binnendeur,,,"H2","HH_door_receiver",0.0,"HH2_door_1","closed"
5454,3616,2024-09-19T08:58:32,,H2,glazen binnendeur,,,"H2","HH_door_receiver",0.0,"HH2_door_1","closed"
5455,3616,2024-09-19T09:08:29,,H2,glazen binnendeur,,,"H2","HH_door_receiver",0.0,"HH2_door_1","closed"
5456,3616,2024-09-19T09:18:25,,H2,glazen binnendeur,,,"H2","HH_door_receiver",0.0,"HH2_door_1","closed"
5457,3616,2024-09-19T09:28:22,,H2,glazen binnendeur,,,"H2","HH_door_receiver",0.0,"HH2_door_1","closed"
5458,3616,2024-09-19T09:38:17,,H2,glazen binnendeur,,,"H2","HH_door_receiver",0.0,"HH2_door_1","closed"
5459,3616,2024-09-19T09:48:14,,H2,glazen binnendeur,,,"H2","HH_door_receiver",0.0,"HH2_door_1","closed"
5460,3616,2024-09-19T09:58:09,,H2,glazen binnendeur,,,"H2","HH_door_receiver",0.0,"HH2_door_1","closed"
5461,3616,2024-09-19T10:08:07,,H2,glazen binnendeur,,,"H2","HH_door_receiver",0.0,"HH2_door_1","closed"
5462,3616,2024-09-19T10:18:03,,H2,glazen binnendeur,,,"H2","HH_door_receiver",0.0,"HH2_door_1","closed"
5463,3616,2024-09-19T10:27:59,,H2,glazen binnendeur,,,"H2","HH_door_receiver",0.0,"HH2_door_1","closed"
5464,3616,2024-09-19T10:37:58,,H2,glazen binnendeur,,,"H2","HH_door_receiver",0.0,"HH2_door_1","closed"
5465,3616,2024-09-19T10:47:52,,H2,glazen binnendeur,,,"H2","HH_door_receiver",0.0,"HH2_door_1","closed"
5466,3616,2024-09-19T10:57:47,,H2,glazen binnendeur,,,"H2","HH_door_receiver",0.0,"HH2_door_1","closed"
5467,3616,2024-09-19T11:07:44,,H2,glazen binnendeur,,,"H2","HH_door_receiver",0.0,"HH2_door_1","closed"
5468,3616,2024-09-19T11:17:39,,H2,glazen binnendeur,,,"H2","HH_door_receiver",0.0,"HH2_door_1","closed"
5469,3616,2024-09-19T11:27:36,,H2,glazen binnendeur,,,"H2","HH_door_receiver",0.0,"HH2_door_1","closed"
5470,3616,2024-09-19T11:37:33,,H2,glazen binnendeur,,,"H2","HH_door_receiver",0.0,"HH2_door_1","closed"
5471,3616,2024-09-19T11:47:30,,H2,glazen binnendeur,,,"H2","HH_door_receiver",0.0,"HH2_door_1","closed"
5472,3616,2024-09-19T11:57:28,,H2,glazen binnendeur,,,"H2","HH_door_receiver",0.0,"HH2_door_1","closed"
5473,3616,2024-09-19T12:07:24,,H2,glazen binnendeur,,,"H2","HH_door_receiver",0.0,"HH2_door_1","closed"
5474,3616,2024-09-19T12:17:21,,H2,glazen binnendeur,,,"H2","HH_door_receiver",0.0,"HH2_door_1","closed"
5475,3616,2024-09-19T12:27:20,,H2,glazen binnendeur,,,"H2","HH_door_receiver",0.0,"HH2_door_1","closed"
5476,3616,2024-09-19T12:37:14,,H2,glazen binnendeur,,,"H2","HH_door_receiver",0.0,"HH2_door_1","closed"
5477,3616,2024-09-19T12:47:11,,H2,glazen binnendeur,,,"H2","HH_door_receiver",0.0,"HH2_door_1","closed"
5478,3616,2024-09-19T12:57:10,,H2,glazen binnendeur,,,"H2","HH_door_receiver",0.0,"HH2_door_1","closed"
5479,3616,2024-09-19T13:07:08,,H2,glazen binnendeur,,,"H2","HH_door_receiver",0.0,"HH2_door_1","closed"
5480,3616,2024-09-19T13:17:02,,H2,glazen binnendeur,,,"H2","HH_door_receiver",0.0,"HH2_door_1","closed"
5481,3616,2024-09-19T13:26:59,,H2,glazen binnendeur,,,"H2","HH_door_receiver",0.0,"HH2_door_1","closed"
5482,3616,2024-09-19T13:36:55,,H2,glazen binnendeur,,,"H2","HH_door_receiver",0.0,"HH2_door_1","closed"
5483,3616,2024-09-19T13:46:52,,H2,glazen binnendeur,,,"H2","HH_door_receiver",0.0,"HH2_door_1","closed"
5484,3616,2024-09-19T13:56:47,,H2,glazen binnendeur,,,"H2","HH_door_receiver",0.0,"HH2_door_1","closed"
5485,3616,2024-09-19T14:06:45,,H2,glazen binnendeur,,,"H2","HH_door_receiver",0.0,"HH2_door_1","closed"
5486,3616,2024-09-19T14:16:43,,H2,glazen binnendeur,,,"H2","HH_door_receiver",0.0,"HH2_door_1","closed"
5487,3616,2024-09-19T14:26:38,,H2,glazen binnendeur,,,"H2","HH_door_receiver",0.0,"HH2_door_1","closed"
5488,3616,2024-09-19T14:36:32,,H2,glazen binnendeur,,,"H2","HH_door_receiver",0.0,"HH2_door_1","closed"
5489,3616,2024-09-19T14:46:29,,H2,glazen binnendeur,,,"H2","HH_door_receiver",0.0,"HH2_door_1","closed"
5490,3616,2024-09-19T14:56:26,,H2,glazen binnendeur,,,"H2","HH_door_receiver",0.0,"HH2_door_1","closed"
5491,3616,2024-09-19T15:06:25,,H2,glazen binnendeur,,,"H2","HH_door_receiver",0.0,"HH2_door_1","closed"
5492,3616,2024-09-19T15:16:19,,H2,glazen binnendeur,,,"H2","HH_door_receiver",0.0,"HH2_door_1","closed"
5493,3616,2024-09-19T15:26:15,,H2,glazen binnendeur,,,"H2","HH_door_receiver",0.0,"HH2_door_1","closed"
5494,3616,2024-09-19T15:36:12,,H2,glazen binnendeur,,,"H2","HH_door_receiver",0.0,"HH2_door_1","closed"
5495,3616,2024-09-19T15:46:10,,H2,glazen binnendeur,,,"H2","HH_door_receiver",0.0,"HH2_door_1","closed"
5496,3616,2024-09-19T15:56:06,,H2,glazen binnendeur,,,"H2","HH_door_receiver",0.0,"HH2_door_1","closed"
5497,3616,2024-09-19T16:06:02,,H2,glazen binnendeur,,,"H2","HH_door_receiver",0.0,"HH2_door_1","closed"
5498,3616,2024-09-19T16:16:00,,H2,glazen binnendeur,,,"H2","HH_door_receiver",0.0,"HH2_door_1","closed"
5499,3616,2024-09-19T16:25:55,,H2,glazen binnendeur,,,"H2","HH_door_receiver",0.0,"HH2_door_1","closed"
5500,3616,2024-09-19T16:35:54,,H2,glazen binnendeur,,,"H2","HH_door_receiver",0.0,"HH2_door_1","closed"
5501,3616,2024-09-19T16:45:50,,H2,glazen binnendeur,,,"H2","HH_door_receiver",0.0,"HH2_door_1","closed"
5502,3616,2024-09-19T16:55:48,,H2,glazen binnendeur,,,"H2","HH_door_receiver",0.0,"HH2_door_1","closed"
5503,3616,2024-09-19T17:05:44,,H2,glazen binnendeur,,,"H2","HH_door_receiver",0.0,"HH2_door_1","closed"
5504,3616,2024-09-19T17:15:39,,H2,glazen binnendeur,,,"H2","HH_door_receiver",0.0,"HH2_door_1","closed"
5505,3616,2024-09-19T17:25:37,,H2,glazen binnendeur,,,"H2","HH_door_receiver",0.0,"HH2_door_1","closed"
5506,3616,2024-09-19T17:35:34,,H2,glazen binnendeur,,,"H2","HH_door_receiver",0.0,"HH2_door_1","closed"
5507,3616,2024-09-19T17:45:30,,H2,glazen binnendeur,,,"H2","HH_door_receiver",0.0,"HH2_door_1","closed"
5508,3616,2024-09-19T17:55:27,,H2,glazen binnendeur,,,"H2","HH_door_receiver",0.0,"HH2_door_1","closed"
5509,3616,2024-09-19T18:05:22,,H2,glazen binnendeur,,,"H2","HH_door_receiver",0.0,"HH2_door_1","closed"
5510,3616,2024-09-19T18:15:18,,H2,glazen binnendeur,,,"H2","HH_door_receiver",0.0,"HH2_door_1","closed"
5511,3616,2024-09-19T18:25:13,,H2,glazen binnendeur,,,"H2","HH_door_receiver",0.0,"HH2_door_1","closed"
5512,3616,2024-09-19T18:35:10,,H2,glazen binnendeur,,,"H2","HH_door_receiver",0.0,"HH2_door_1","closed"
5513,3616,2024-09-19T18:45:07,,H2,glazen binnendeur,,,"H2","HH_door_receiver",0.0,"HH2_door_1","closed"
5514,3616,2024-09-19T18:55:04,,H2,glazen binnendeur,,,"H2","HH_door_receiver",0.0,"HH2_door_1","closed"
5515,3616,2024-09-19T19:05:00,,H2,glazen binnendeur,,,"H2","HH_door_receiver",0.0,"HH2_door_1","closed"
5516,3616,2024-09-19T19:14:57,,H2,glazen binnendeur,,,"H2","HH_door_receiver",1.0,"HH2_door_1","open"
5517,3616,2024-09-19T19:24:53,,H2,glazen binnendeur,,,"H2","HH_door_receiver",1.0,"HH2_door_1","open"
5518,3616,2024-09-19T19:34:48,,H2,glazen binnendeur,,,"H2","HH_door_receiver",1.0,"HH2_door_1","open"
5519,3616,2024-09-19T19:44:45,,H2,glazen binnendeur,,,"H2","HH_door_receiver",0.0,"HH2_door_1","closed"
5520,3616,2024-09-19T19:54:41,,H2,glazen binnendeur,,,"H2","HH_door_receiver",0.0,"HH2_door_1","closed"
5521,3616,2024-09-19T20:04:37,,H2,glazen binnendeur,,,"H2","HH_door_receiver",0.0,"HH2_door_1","closed"
5522,3616,2024-09-19T20:14:33,,H2,glazen binnendeur,,,"H2","HH_door_receiver",0.0,"HH2_door_1","closed"
5523,3616,2024-09-19T20:24:32,,H2,glazen binnendeur,,,"H2","HH_door_receiver",0.0,"HH2_door_1","closed"
5524,3616,2024-09-19T20:34:26,,H2,glazen binnendeur,,,"H2","HH_door_receiver",0.0,"HH2_door_1","closed"
5525,3616,2024-09-19T20:44:22,,H2,glazen binnendeur,,,"H2","HH_door_receiver",0.0,"HH2_door_1","closed"
5526,3616,2024-09-19T20:54:17,,H2,glazen binnendeur,,,"H2","HH_door_receiver",0.0,"HH2_door_1","closed"
5527,3616,2024-09-19T21:04:13,,H2,glazen binnendeur,,,"H2","HH_door_receiver",0.0,"HH2_door_1","closed"
5528,3616,2024-09-19T21:14:10,,H2,glazen binnendeur,,,"H2","HH_door_receiver",0.0,"HH2_door_1","closed"
5529,3616,2024-09-19T21:24:06,,H2,glazen binnendeur,,,"H2","HH_door_receiver",0.0,"HH2_door_1","closed"
5530,3616,2024-09-19T21:34:02,,H2,glazen binnendeur,,,"H2","HH_door_receiver",0.0,"HH2_door_1","closed"
5531,3616,2024-09-19T21:43:58,,H2,glazen binnendeur,,,"H2","HH_door_receiver",0.0,"HH2_door_1","closed"
5532,3616,2024-09-19T21:53:55,,H2,glazen binnendeur,,,"H2","HH_door_receiver",0.0,"HH2_door_1","closed"
5533,3616,2024-09-19T22:03:51,,H2,glazen binnendeur,,,"H2","HH_door_receiver",0.0,"HH2_door_1","closed"
5534,3616,2024-09-19T22:13:48,,H2,glazen binnendeur,,,"H2","HH_door_receiver",0.0,"HH2_door_1","closed"
5535,3616,2024-09-19T22:23:43,,H2,glazen binnendeur,,,"H2","HH_door_receiver",0.0,"HH2_door_1","closed"
5536,3616,2024-09-19T22:33:38,,H2,glazen binnendeur,,,"H2","HH_door_receiver",0.0,"HH2_door_1","closed"
5537,3616,2024-09-19T22:43:35,,H2,glazen binnendeur,,,"H2","HH_door_receiver",0.0,"HH2_door_1","closed"
5538,3616,2024-09-19T22:53:32,,H2,glazen binnendeur,,,"H2","HH_door_receiver",0.0,"HH2_door_1","closed"
5539,3616,2024-09-19T23:03:27,,H2,glazen binnendeur,,,"H2","HH_door_receiver",0.0,"HH2_door_1","closed"
5540,3616,2024-09-19T23:13:24,,H2,glazen binnendeur,,,"H2","HH_door_receiver",0.0,"HH2_door_1","closed"
5541,3616,2024-09-19T23:23:20,,H2,glazen binnendeur,,,"H2","HH_door_receiver",0.0,"HH2_door_1","closed"
5542,3616,2024-09-19T23:33:17,,H2,glazen binnendeur,,,"H2","HH_door_receiver",0.0,"HH2_door_1","closed"
5543,3616,2024-09-19T23:43:12,,H2,glazen binnendeur,,,"H2","HH_door_receiver",0.0,"HH2_door_1","closed"
5544,3616,2024-09-19T23:53:09,,H2,glazen binnendeur,,,"H2","HH_door_receiver",0.0,"HH2_door_1","closed"
5545,3616,2024-09-20T00:03:03,,H2,glazen binnendeur,,,"H2","HH_door_receiver",0.0,"HH2_door_1","closed"
5546,3616,2024-09-20T00:13:00,,H2,glazen binnendeur,,,"H2","HH_door_receiver",0.0,"HH2_door_1","closed"
5547,3616,2024-09-20T00:22:57,,H2,glazen binnendeur,,,"H2","HH_door_receiver",0.0,"HH2_door_1","closed"
5548,3616,2024-09-20T00:32:52,,H2,glazen binnendeur,,,"H2","HH_door_receiver",0.0,"HH2_door_1","closed"
5549,3616,2024-09-20T00:42:48,,H2,glazen binnendeur,,,"H2","HH_door_receiver",0.0,"HH2_door_1","closed"
5550,3616,2024-09-20T00:52:47,,H2,glazen binnendeur,,,"H2","HH_door_receiver",0.0,"HH2_door_1","closed"
5551,3616,2024-09-20T01:02:42,,H2,glazen binnendeur,,,"H2","HH_door_receiver",0.0,"HH2_door_1","closed"
5552,3616,2024-09-20T01:12:37,,H2,glazen binnendeur,,,"H2","HH_door_receiver",0.0,"HH2_door_1","closed"
5553,3616,2024-09-20T01:22:32,,H2,glazen binnendeur,,,"H2","HH_door_receiver",0.0,"HH2_door_1","closed"
5554,3616,2024-09-20T01:32:27,,H2,glazen binnendeur,,,"H2","HH_door_receiver",0.0,"HH2_door_1","closed"
5555,3616,2024-09-20T01:42:31,,H2,glazen binnendeur,,,"H2","HH_door_receiver",0.0,"HH2_door_1","closed"
5556,3616,2024-09-20T01:52:27,,H2,glazen binnendeur,,,"H2","HH_door_receiver",0.0,"HH2_door_1","closed"
5557,3616,2024-09-20T02:02:22,,H2,glazen binnendeur,,,"H2","HH_door_receiver",0.0,"HH2_door_1","closed"
5558,3616,2024-09-20T02:12:19,,H2,glazen binnendeur,,,"H2","HH_door_receiver",0.0,"HH2_door_1","closed"
5559,3616,2024-09-20T02:22:14,,H2,glazen binnendeur,,,"H2","HH_door_receiver",0.0,"HH2_door_1","closed"
5560,3616,2024-09-20T02:32:10,,H2,glazen binnendeur,,,"H2","HH_door_receiver",0.0,"HH2_door_1","closed"
5561,3616,2024-09-20T02:42:07,,H2,glazen binnendeur,,,"H2","HH_door_receiver",0.0,"HH2_door_1","closed"
5562,3616,2024-09-20T02:52:02,,H2,glazen binnendeur,,,"H2","HH_door_receiver",0.0,"HH2_door_1","closed"
5563,3616,2024-09-20T03:02:00,,H2,glazen binnendeur,,,"H2","HH_door_receiver",0.0,"HH2_door_1","closed"
5564,3616,2024-09-20T03:11:56,,H2,glazen binnendeur,,,"H2","HH_door_receiver",0.0,"HH2_door_1","closed"
5565,3616,2024-09-20T03:21:55,,H2,glazen binnendeur,,,"H2","HH_door_receiver",0.0,"HH2_door_1","closed"
5566,3616,2024-09-20T03:31:53,,H2,glazen binnendeur,,,"H2","HH_door_receiver",0.0,"HH2_door_1","closed"
5567,3616,2024-09-20T03:41:49,,H2,glazen binnendeur,,,"H2","HH_door_receiver",0.0,"HH2_door_1","closed"
5568,3616,2024-09-20T03:51:48,,H2,glazen binnendeur,,,"H2","HH_door_receiver",0.0,"HH2_door_1","closed"
5569,3616,2024-09-20T04:01:46,,H2,glazen binnendeur,,,"H2","HH_door_receiver",0.0,"HH2_door_1","closed"
5570,3616,2024-09-20T04:11:40,,H2,glazen binnendeur,,,"H2","HH_door_receiver",0.0,"HH2_door_1","closed"
5571,3616,2024-09-20T04:21:35,,H2,glazen binnendeur,,,"H2","HH_door_receiver",0.0,"HH2_door_1","closed"
5572,3616,2024-09-20T04:31:32,,H2,glazen binnendeur,,,"H2","HH_door_receiver",0.0,"HH2_door_1","closed"
5573,3616,2024-09-20T04:41:31,,H2,glazen binnendeur,,,"H2","HH_door_receiver",0.0,"HH2_door_1","closed"
5574,3616,2024-09-20T04:51:27,,H2,glazen binnendeur,,,"H2","HH_door_receiver",0.0,"HH2_door_1","closed"
5575,3616,2024-09-20T05:01:22,,H2,glazen binnendeur,,,"H2","HH_door_receiver",0.0,"HH2_door_1","closed"
5576,3616,2024-09-20T05:11:20,,H2,glazen binnendeur,,,"H2","HH_door_receiver",0.0,"HH2_door_1","closed"
5577,3616,2024-09-20T05:21:16,,H2,glazen binnendeur,,,"H2","HH_door_receiver",0.0,"HH2_door_1","closed"
5578,3616,2024-09-20T05:31:12,,H2,glazen binnendeur,,,"H2","HH_door_receiver",0.0,"HH2_door_1","closed"
5579,3616,2024-09-20T05:41:07,,H2,glazen binnendeur,,,"H2","HH_door_receiver",0.0,"HH2_door_1","closed"
5580,3616,2024-09-20T05:51:04,,H2,glazen binnendeur,,,"H2","HH_door_receiver",0.0,"HH2_door_1","closed"
5581,3616,2024-09-20T06:01:03,,H2,glazen binnendeur,,,"H2","HH_door_receiver",0.0,"HH2_door_1","closed"
5582,3616,2024-09-20T06:10:59,,H2,glazen binnendeur,,,"H2","HH_door_receiver",0.0,"HH2_door_1","closed"
5583,3616,2024-09-20T06:20:53,,H2,glazen binnendeur,,,"H2","HH_door_receiver",0.0,"HH2_door_1","closed"
5584,3616,2024-09-20T06:30:52,,H2,glazen binnendeur,,,"H2","HH_door_receiver",0.0,"HH2_door_1","closed"
5585,3616,2024-09-20T06:40:46,,H2,glazen binnendeur,,,"H2","HH_door_receiver",0.0,"HH2_door_1","closed"
5586,3616,2024-09-20T06:50:45,,H2,glazen binnendeur,,,"H2","HH_door_receiver",0.0,"HH2_door_1","closed"
5587,3616,2024-09-20T07:00:41,,H2,glazen binnendeur,,,"H2","HH_door_receiver",0.0,"HH2_door_1","closed"
5588,3616,2024-09-20T07:10:37,,H2,glazen binnendeur,,,"H2","HH_door_receiver",0.0,"HH2_door_1","closed"
5589,3616,2024-09-20T07:20:35,,H2,glazen binnendeur,,,"H2","HH_door_receiver",1.0,"HH2_door_1","open"
5590,3616,2024-09-20T07:30:29,,H2,glazen binnendeur,,,"H2","HH_door_receiver",1.0,"HH2_door_1","open"
5591,3616,2024-09-20T07:40:25,,H2,glazen binnendeur,,,"H2","HH_door_receiver",0.0,"HH2_door_1","closed"
5592,3616,2024-09-20T07:50:24,,H2,glazen binnendeur,,,"H2","HH_door_receiver",0.0,"HH2_door_1","closed"
5593,3616,2024-09-20T08:00:18,,H2,glazen binnendeur,,,"H2","HH_door_receiver",1.0,"HH2_door_1","open"
5594,3616,2024-09-20T08:10:17,,H2,glazen binnendeur,,,"H2","HH_door_receiver",1.0,"HH2_door_1","open"
5595,3616,2024-09-20T08:20:11,,H2,glazen binnendeur,,,"H2","HH_door_receiver",1.0,"HH2_door_1","open"
5596,3616,2024-09-20T08:30:07,,H2,glazen binnendeur,,,"H2","HH_door_receiver",0.0,"HH2_door_1","closed"
5597,3616,2024-09-20T08:40:05,,H2,glazen binnendeur,,,"H2","HH_door_receiver",0.0,"HH2_door_1","closed"
5598,3616,2024-09-20T08:50:04,,H2,glazen binnendeur,,,"H2","HH_door_receiver",0.0,"HH2_door_1","closed"
5599,3616,2024-09-20T09:00:00,,H2,glazen binnendeur,,,"H2","HH_door_receiver",0.0,"HH2_door_1","closed"
5600,3616,2024-09-20T09:09:55,,H2,glazen binnendeur,,,"H2","HH_door_receiver",0.0,"HH2_door_1","closed"
5601,3616,2024-09-20T09:19:50,,H2,glazen binnendeur,,,"H2","HH_door_receiver",0.0,"HH2_door_1","closed"
5602,3616,2024-09-20T09:29:45,,H2,glazen binnendeur,,,"H2","HH_door_receiver",1.0,"HH2_door_1","open"
5603,3616,2024-09-20T09:39:40,,H2,glazen binnendeur,,,"H2","HH_door_receiver",1.0,"HH2_door_1","open"
5604,3616,2024-09-20T09:49:37,,H2,glazen binnendeur,,,"H2","HH_door_receiver",1.0,"HH2_door_1","open"
5605,3616,2024-09-20T09:59:35,,H2,glazen binnendeur,,,"H2","HH_door_receiver",1.0,"HH2_door_1","open"
5606,3616,2024-09-20T10:09:33,,H2,glazen binnendeur,,,"H2","HH_door_receiver",1.0,"HH2_door_1","open"
5607,3616,2024-09-20T10:19:29,,H2,glazen binnendeur,,,"H2","HH_door_receiver",1.0,"HH2_door_1","open"
5608,3616,2024-09-20T10:29:26,,H2,glazen binnendeur,,,"H2","HH_door_receiver",0.0,"HH2_door_1","closed"
5609,3616,2024-09-20T10:39:23,,H2,glazen binnendeur,,,"H2","HH_door_receiver",0.0,"HH2_door_1","closed"
5610,3616,2024-09-20T10:49:22,,H2,glazen binnendeur,,,"H2","HH_door_receiver",0.0,"HH2_door_1","closed"
5611,3616,2024-09-20T10:59:18,,H2,glazen binnendeur,,,"H2","HH_door_receiver",0.0,"HH2_door_1","closed"
5612,3616,2024-09-20T11:09:14,,H2,glazen binnendeur,,,"H2","HH_door_receiver",0.0,"HH2_door_1","closed"
5613,3616,2024-09-20T11:19:09,,H2,glazen binnendeur,,,"H2","HH_door_receiver",1.0,"HH2_door_1","open"
5614,3616,2024-09-20T11:29:04,,H2,glazen binnendeur,,,"H2","HH_door_receiver",0.0,"HH2_door_1","closed"
5615,3616,2024-09-20T11:39:00,,H2,glazen binnendeur,,,"H2","HH_door_receiver",0.0,"HH2_door_1","closed"
5616,3616,2024-09-20T11:48:57,,H2,glazen binnendeur,,,"H2","HH_door_receiver",1.0,"HH2_door_1","open"
5617,3616,2024-09-20T11:58:52,,H2,glazen binnendeur,,,"H2","HH_door_receiver",1.0,"HH2_door_1","open"
5618,3616,2024-09-20T12:08:51,,H2,glazen binnendeur,,,"H2","HH_door_receiver",1.0,"HH2_door_1","open"
5619,3616,2024-09-20T12:18:47,,H2,glazen binnendeur,,,"H2","HH_door_receiver",0.0,"HH2_door_1","closed"
5620,3616,2024-09-20T12:28:46,,H2,glazen binnendeur,,,"H2","HH_door_receiver",1.0,"HH2_door_1","open"
5621,3616,2024-09-20T12:38:42,,H2,glazen binnendeur,,,"H2","HH_door_receiver",0.0,"HH2_door_1","closed"
5622,3616,2024-09-20T12:48:41,,H2,glazen binnendeur,,,"H2","HH_door_receiver",0.0,"HH2_door_1","closed"
5623,3616,2024-09-20T12:58:35,,H2,glazen binnendeur,,,"H2","HH_door_receiver",0.0,"HH2_door_1","closed"
5624,3616,2024-09-20T13:08:32,,H2,glazen binnendeur,,,"H2","HH_door_receiver",1.0,"HH2_door_1","open"
5625,3616,2024-09-20T13:18:29,,H2,glazen binnendeur,,,"H2","HH_door_receiver",0.0,"HH2_door_1","closed"
5626,3616,2024-09-20T13:28:28,,H2,glazen binnendeur,,,"H2","HH_door_receiver",0.0,"HH2_door_1","closed"
5627,3616,2024-09-20T13:38:24,,H2,glazen binnendeur,,,"H2","HH_door_receiver",0.0,"HH2_door_1","closed"
5628,3616,2024-09-20T13:48:20,,H2,glazen binnendeur,,,"H2","HH_door_receiver",0.0,"HH2_door_1","closed"
5629,3616,2024-09-20T13:58:17,,H2,glazen binnendeur,,,"H2","HH_door_receiver",0.0,"HH2_door_1","closed"
5630,3616,2024-09-20T14:08:14,,H2,glazen binnendeur,,,"H2","HH_door_receiver",0.0,"HH2_door_1","closed"
5631,3616,2024-09-20T14:18:09,,H2,glazen binnendeur,,,"H2","HH_door_receiver",0.0,"HH2_door_1","closed"
5632,3616,2024-09-20T14:28:09,,H2,glazen binnendeur,,,"H2","HH_door_receiver",0.0,"HH2_door_1","closed"
5633,3616,2024-09-20T14:38:05,,H2,glazen binnendeur,,,"H2","HH_door_receiver",0.0,"HH2_door_1","closed"
5634,3616,2024-09-20T14:48:01,,H2,glazen binnendeur,,,"H2","HH_door_receiver",0.0,"HH2_door_1","closed"
5635,3616,2024-09-20T14:57:58,,H2,glazen binnendeur,,,"H2","HH_door_receiver",0.0,"HH2_door_1","closed"
5636,3616,2024-09-20T15:07:53,,H2,glazen binnendeur,,,"H2","HH_door_receiver",0.0,"HH2_door_1","closed"
5637,3616,2024-09-20T15:17:51,,H2,glazen binnendeur,,,"H2","HH_door_receiver",0.0,"HH2_door_1","closed"
5638,3616,2024-09-20T15:27:47,,H2,glazen binnendeur,,,"H2","HH_door_receiver",0.0,"HH2_door_1","closed"
5639,3616,2024-09-20T15:37:42,,H2,glazen binnendeur,,,"H2","HH_door_receiver",0.0,"HH2_door_1","closed"
5640,3616,2024-09-20T15:47:39,,H2,glazen binnendeur,,,"H2","HH_door_receiver",1.0,"HH2_door_1","open"
5641,3616,2024-09-20T15:57:34,,H2,glazen binnendeur,,,"H2","HH_door_receiver",1.0,"HH2_door_1","open"
5642,3616,2024-09-20T16:07:30,,H2,glazen binnendeur,,,"H2","HH_door_receiver",1.0,"HH2_door_1","open"
5643,3616,2024-09-20T16:17:28,,H2,glazen binnendeur,,,"H2","HH_door_receiver",0.0,"HH2_door_1","closed"
5644,3616,2024-09-20T16:27:24,,H2,glazen binnendeur,,,"H2","HH_door_receiver",0.0,"HH2_door_1","closed"
5645,3616,2024-09-20T16:37:21,,H2,glazen binnendeur,,,"H2","HH_door_receiver",0.0,"HH2_door_1","closed"
5646,3616,2024-09-20T16:47:16,,H2,glazen binnendeur,,,"H2","HH_door_receiver",0.0,"HH2_door_1","closed"
5647,3616,2024-09-20T16:57:12,,H2,glazen binnendeur,,,"H2","HH_door_receiver",0.0,"HH2_door_1","closed"
5648,3616,2024-09-20T17:07:08,,H2,glazen binnendeur,,,"H2","HH_door_receiver",1.0,"HH2_door_1","open"
5649,3616,2024-09-20T17:17:04,,H2,glazen binnendeur,,,"H2","HH_door_receiver",0.0,"HH2_door_1","closed"
5650,3616,2024-09-20T17:27:00,,H2,glazen binnendeur,,,"H2","HH_door_receiver",0.0,"HH2_door_1","closed"
5651,3616,2024-09-20T17:36:59,,H2,glazen binnendeur,,,"H2","HH_door_receiver",0.0,"HH2_door_1","closed"
5652,3616,2024-09-20T17:46:57,,H2,glazen binnendeur,,,"H2","HH_door_receiver",0.0,"HH2_door_1","closed"
5653,3616,2024-09-20T17:56:54,,H2,glazen binnendeur,,,"H2","HH_door_receiver",0.0,"HH2_door_1","closed"
5654,3616,2024-09-20T18:06:50,,H2,glazen binnendeur,,,"H2","HH_door_receiver",0.0,"HH2_door_1","closed"
5655,3616,2024-09-20T18:16:47,,H2,glazen binnendeur,,,"H2","HH_door_receiver",0.0,"HH2_door_1","closed"
5656,3616,2024-09-20T18:26:46,,H2,glazen binnendeur,,,"H2","HH_door_receiver",0.0,"HH2_door_1","closed"
5657,3616,2024-09-20T18:36:40,,H2,glazen binnendeur,,,"H2","HH_door_receiver",0.0,"HH2_door_1","closed"
5658,3616,2024-09-20T18:46:37,,H2,glazen binnendeur,,,"H2","HH_door_receiver",0.0,"HH2_door_1","closed"
5659,3616,2024-09-20T18:56:33,,H2,glazen binnendeur,,,"H2","HH_door_receiver",0.0,"HH2_door_1","closed"
5660,3616,2024-09-20T19:06:30,,H2,glazen binnendeur,,,"H2","HH_door_receiver",0.0,"HH2_door_1","closed"
5661,3616,2024-09-20T19:16:27,,H2,glazen binnendeur,,,"H2","HH_door_receiver",1.0,"HH2_door_1","open"
5662,3616,2024-09-20T19:26:24,,H2,glazen binnendeur,,,"H2","HH_door_receiver",1.0,"HH2_door_1","open"
5663,3616,2024-09-20T19:36:20,,H2,glazen binnendeur,,,"H2","HH_door_receiver",1.0,"HH2_door_1","open"
5664,3616,2024-09-20T19:46:16,,H2,glazen binnendeur,,,"H2","HH_door_receiver",1.0,"HH2_door_1","open"
5665,3616,2024-09-20T19:56:13,,H2,glazen binnendeur,,,"H2","HH_door_receiver",1.0,"HH2_door_1","open"
5666,3616,2024-09-20T20:06:07,,H2,glazen binnendeur,,,"H2","HH_door_receiver",0.0,"HH2_door_1","closed"
5667,3616,2024-09-20T20:16:05,,H2,glazen binnendeur,,,"H2","HH_door_receiver",0.0,"HH2_door_1","closed"
5668,3616,2024-09-20T20:26:00,,H2,glazen binnendeur,,,"H2","HH_door_receiver",0.0,"HH2_door_1","closed"
5669,3616,2024-09-20T20:35:56,,H2,glazen binnendeur,,,"H2","HH_door_receiver",0.0,"HH2_door_1","closed"
5670,3616,2024-09-20T20:45:55,,H2,glazen binnendeur,,,"H2","HH_door_receiver",0.0,"HH2_door_1","closed"
5671,3616,2024-09-20T20:55:51,,H2,glazen binnendeur,,,"H2","HH_door_receiver",0.0,"HH2_door_1","closed"
5672,3616,2024-09-20T21:05:48,,H2,glazen binnendeur,,,"H2","HH_door_receiver",0.0,"HH2_door_1","closed"
5673,3616,2024-09-20T21:15:44,,H2,glazen binnendeur,,,"H2","HH_door_receiver",0.0,"HH2_door_1","closed"
5674,3616,2024-09-20T21:25:41,,H2,glazen binnendeur,,,"H2","HH_door_receiver",0.0,"HH2_door_1","closed"
5675,3616,2024-09-20T21:35:36,,H2,glazen binnendeur,,,"H2","HH_door_receiver",0.0,"HH2_door_1","closed"
5676,3616,2024-09-20T21:45:41,,H2,glazen binnendeur,,,"H2","HH_door_receiver",0.0,"HH2_door_1","closed"
5677,3616,2024-09-20T21:55:32,,H2,glazen binnendeur,,,"H2","HH_door_receiver",0.0,"HH2_door_1","closed"
5678,3616,2024-09-20T22:05:28,,H2,glazen binnendeur,,,"H2","HH_door_receiver",0.0,"HH2_door_1","closed"
5679,3616,2024-09-20T22:15:25,,H2,glazen binnendeur,,,"H2","HH_door_receiver",0.0,"HH2_door_1","closed"
5680,3616,2024-09-20T22:25:21,,H2,glazen binnendeur,,,"H2","HH_door_receiver",0.0,"HH2_door_1","closed"
5681,3616,2024-09-20T22:35:20,,H2,glazen binnendeur,,,"H2","HH_door_receiver",0.0,"HH2_door_1","closed"
5682,3616,2024-09-20T22:45:14,,H2,glazen binnendeur,,,"H2","HH_door_receiver",0.0,"HH2_door_1","closed"
5683,3616,2024-09-20T22:55:10,,H2,glazen binnendeur,,,"H2","HH_door_receiver",0.0,"HH2_door_1","closed"
5684,3616,2024-09-20T23:05:11,,H2,glazen binnendeur,,,"H2","HH_door_receiver",0.0,"HH2_door_1","closed"
5685,3616,2024-09-20T23:15:05,,H2,glazen binnendeur,,,"H2","HH_door_receiver",0.0,"HH2_door_1","closed"
5686,3616,2024-09-20T23:25:01,,H2,glazen binnendeur,,,"H2","HH_door_receiver",0.0,"HH2_door_1","closed"
5687,3616,2024-09-20T23:34:56,,H2,glazen binnendeur,,,"H2","HH_door_receiver",0.0,"HH2_door_1","closed"
5688,3616,2024-09-20T23:44:52,,H2,glazen binnendeur,,,"H2","HH_door_receiver",0.0,"HH2_door_1","closed"
5689,3616,2024-09-20T23:54:47,,H2,glazen binnendeur,,,"H2","HH_door_receiver",0.0,"HH2_door_1","closed"
5690,3616,2024-09-21T00:04:42,,H2,glazen binnendeur,,,"H2","HH_door_receiver",0.0,"HH2_door_1","closed"
5691,3616,2024-09-21T00:14:37,,H2,glazen binnendeur,,,"H2","HH_door_receiver",0.0,"HH2_door_1","closed"
5692,3616,2024-09-21T00:24:33,,H2,glazen binnendeur,,,"H2","HH_door_receiver",0.0,"HH2_door_1","closed"
5693,3616,2024-09-21T00:34:28,,H2,glazen binnendeur,,,"H2","HH_door_receiver",0.0,"HH2_door_1","closed"
5694,3616,2024-09-21T00:44:28,,H2,glazen binnendeur,,,"H2","HH_door_receiver",0.0,"HH2_door_1","closed"
5695,3616,2024-09-21T00:54:25,,H2,glazen binnendeur,,,"H2","HH_door_receiver",0.0,"HH2_door_1","closed"
5696,3616,2024-09-21T01:04:21,,H2,glazen binnendeur,,,"H2","HH_door_receiver",0.0,"HH2_door_1","closed"
5697,3616,2024-09-21T01:14:16,,H2,glazen binnendeur,,,"H2","HH_door_receiver",0.0,"HH2_door_1","closed"
5698,3616,2024-09-21T01:24:13,,H2,glazen binnendeur,,,"H2","HH_door_receiver",0.0,"HH2_door_1","closed"
5699,3616,2024-09-21T01:34:08,,H2,glazen binnendeur,,,"H2","HH_door_receiver",0.0,"HH2_door_1","closed"
5700,3616,2024-09-21T01:44:05,,H2,glazen binnendeur,,,"H2","HH_door_receiver",0.0,"HH2_door_1","closed"
5701,3616,2024-09-21T01:54:00,,H2,glazen binnendeur,,,"H2","HH_door_receiver",0.0,"HH2_door_1","closed"
5702,3616,2024-09-21T02:03:57,,H2,glazen binnendeur,,,"H2","HH_door_receiver",0.0,"HH2_door_1","closed"
5703,3616,2024-09-21T02:13:54,,H2,glazen binnendeur,,,"H2","HH_door_receiver",0.0,"HH2_door_1","closed"
5704,3616,2024-09-21T02:23:53,,H2,glazen binnendeur,,,"H2","HH_door_receiver",0.0,"HH2_door_1","closed"
5705,3616,2024-09-21T02:33:47,,H2,glazen binnendeur,,,"H2","HH_door_receiver",0.0,"HH2_door_1","closed"
5706,3616,2024-09-21T02:43:46,,H2,glazen binnendeur,,,"H2","HH_door_receiver",0.0,"HH2_door_1","closed"
5707,3616,2024-09-21T02:53:41,,H2,glazen binnendeur,,,"H2","HH_door_receiver",0.0,"HH2_door_1","closed"
5708,3616,2024-09-21T03:03:40,,H2,glazen binnendeur,,,"H2","HH_door_receiver",0.0,"HH2_door_1","closed"
5709,3616,2024-09-21T03:13:37,,H2,glazen binnendeur,,,"H2","HH_door_receiver",0.0,"HH2_door_1","closed"
5710,3616,2024-09-21T03:23:32,,H2,glazen binnendeur,,,"H2","HH_door_receiver",0.0,"HH2_door_1","closed"
5711,3616,2024-09-21T03:33:29,,H2,glazen binnendeur,,,"H2","HH_door_receiver",0.0,"HH2_door_1","closed"
5712,3616,2024-09-21T03:43:27,,H2,glazen binnendeur,,,"H2","HH_door_receiver",0.0,"HH2_door_1","closed"
5713,3616,2024-09-21T03:53:22,,H2,glazen binnendeur,,,"H2","HH_door_receiver",0.0,"HH2_door_1","closed"
5714,3616,2024-09-21T04:03:18,,H2,glazen binnendeur,,,"H2","HH_door_receiver",0.0,"HH2_door_1","closed"
5715,3616,2024-09-21T04:13:15,,H2,glazen binnendeur,,,"H2","HH_door_receiver",0.0,"HH2_door_1","closed"
5716,3616,2024-09-21T04:23:11,,H2,glazen binnendeur,,,"H2","HH_door_receiver",0.0,"HH2_door_1","closed"
5717,3616,2024-09-21T04:33:06,,H2,glazen binnendeur,,,"H2","HH_door_receiver",0.0,"HH2_door_1","closed"
5718,3616,2024-09-21T04:43:06,,H2,glazen binnendeur,,,"H2","HH_door_receiver",0.0,"HH2_door_1","closed"
5719,3616,2024-09-21T04:53:00,,H2,glazen binnendeur,,,"H2","HH_door_receiver",0.0,"HH2_door_1","closed"
5720,3616,2024-09-21T05:02:57,,H2,glazen binnendeur,,,"H2","HH_door_receiver",0.0,"HH2_door_1","closed"
5721,3616,2024-09-21T05:12:54,,H2,glazen binnendeur,,,"H2","HH_door_receiver",0.0,"HH2_door_1","closed"
5722,3616,2024-09-21T05:22:50,,H2,glazen binnendeur,,,"H2","HH_door_receiver",0.0,"HH2_door_1","closed"
5723,3616,2024-09-21T05:32:48,,H2,glazen binnendeur,,,"H2","HH_door_receiver",0.0,"HH2_door_1","closed"
5724,3616,2024-09-21T05:42:42,,H2,glazen binnendeur,,,"H2","HH_door_receiver",0.0,"HH2_door_1","closed"
5725,3616,2024-09-21T05:52:38,,H2,glazen binnendeur,,,"H2","HH_door_receiver",0.0,"HH2_door_1","closed"
5726,3616,2024-09-21T06:02:33,,H2,glazen binnendeur,,,"H2","HH_door_receiver",0.0,"HH2_door_1","closed"
5727,3616,2024-09-21T06:12:32,,H2,glazen binnendeur,,,"H2","HH_door_receiver",0.0,"HH2_door_1","closed"
5728,3616,2024-09-21T06:22:26,,H2,glazen binnendeur,,,"H2","HH_door_receiver",0.0,"HH2_door_1","closed"
5729,3616,2024-09-21T06:32:21,,H2,glazen binnendeur,,,"H2","HH_door_receiver",0.0,"HH2_door_1","closed"
5730,3616,2024-09-21T06:42:17,,H2,glazen binnendeur,,,"H2","HH_door_receiver",0.0,"HH2_door_1","closed"
5731,3616,2024-09-21T06:52:14,,H2,glazen binnendeur,,,"H2","HH_door_receiver",0.0,"HH2_door_1","closed"
5732,3616,2024-09-21T07:02:13,,H2,glazen binnendeur,,,"H2","HH_door_receiver",0.0,"HH2_door_1","closed"
5733,3616,2024-09-21T07:12:09,,H2,glazen binnendeur,,,"H2","HH_door_receiver",0.0,"HH2_door_1","closed"
5734,3616,2024-09-21T07:22:03,,H2,glazen binnendeur,,,"H2","HH_door_receiver",0.0,"HH2_door_1","closed"
5735,3616,2024-09-21T07:32:02,,H2,glazen binnendeur,,,"H2","HH_door_receiver",0.0,"HH2_door_1","closed"
5736,3616,2024-09-21T07:41:59,,H2,glazen binnendeur,,,"H2","HH_door_receiver",0.0,"HH2_door_1","closed"
5737,3616,2024-09-21T07:51:54,,H2,glazen binnendeur,,,"H2","HH_door_receiver",0.0,"HH2_door_1","closed"
5738,3616,2024-09-21T08:01:53,,H2,glazen binnendeur,,,"H2","HH_door_receiver",0.0,"HH2_door_1","closed"
5739,3616,2024-09-21T08:11:47,,H2,glazen binnendeur,,,"H2","HH_door_receiver",0.0,"HH2_door_1","closed"
5740,3616,2024-09-21T08:21:43,,H2,glazen binnendeur,,,"H2","HH_door_receiver",0.0,"HH2_door_1","closed"
5741,3616,2024-09-21T08:31:40,,H2,glazen binnendeur,,,"H2","HH_door_receiver",0.0,"HH2_door_1","closed"
5742,3616,2024-09-21T08:41:37,,H2,glazen binnendeur,,,"H2","HH_door_receiver",1.0,"HH2_door_1","open"
5743,3616,2024-09-21T08:51:34,,H2,glazen binnendeur,,,"H2","HH_door_receiver",1.0,"HH2_door_1","open"
5744,3616,2024-09-21T09:01:30,,H2,glazen binnendeur,,,"H2","HH_door_receiver",1.0,"HH2_door_1","open"
5745,3616,2024-09-21T09:11:27,,H2,glazen binnendeur,,,"H2","HH_door_receiver",1.0,"HH2_door_1","open"
5746,3616,2024-09-21T09:21:26,,H2,glazen binnendeur,,,"H2","HH_door_receiver",1.0,"HH2_door_1","open"
5747,3616,2024-09-21T09:31:22,,H2,glazen binnendeur,,,"H2","HH_door_receiver",1.0,"HH2_door_1","open"
5748,3616,2024-09-21T09:41:19,,H2,glazen binnendeur,,,"H2","HH_door_receiver",1.0,"HH2_door_1","open"
5749,3616,2024-09-21T09:51:16,,H2,glazen binnendeur,,,"H2","HH_door_receiver",1.0,"HH2_door_1","open"
5750,3616,2024-09-21T10:01:15,,H2,glazen binnendeur,,,"H2","HH_door_receiver",0.0,"HH2_door_1","closed"
5751,3616,2024-09-21T10:11:12,,H2,glazen binnendeur,,,"H2","HH_door_receiver",0.0,"HH2_door_1","closed"
5752,3616,2024-09-21T10:21:08,,H2,glazen binnendeur,,,"H2","HH_door_receiver",1.0,"HH2_door_1","open"
5753,3616,2024-09-21T10:31:07,,H2,glazen binnendeur,,,"H2","HH_door_receiver",1.0,"HH2_door_1","open"
5754,3616,2024-09-21T10:41:02,,H2,glazen binnendeur,,,"H2","HH_door_receiver",1.0,"HH2_door_1","open"
5755,3616,2024-09-21T10:50:57,,H2,glazen binnendeur,,,"H2","HH_door_receiver",1.0,"HH2_door_1","open"
5756,3616,2024-09-21T11:00:52,,H2,glazen binnendeur,,,"H2","HH_door_receiver",0.0,"HH2_door_1","closed"
5757,3616,2024-09-21T11:10:47,,H2,glazen binnendeur,,,"H2","HH_door_receiver",1.0,"HH2_door_1","open"
5758,3616,2024-09-21T11:20:42,,H2,glazen binnendeur,,,"H2","HH_door_receiver",1.0,"HH2_door_1","open"
5759,3616,2024-09-21T11:30:38,,H2,glazen binnendeur,,,"H2","HH_door_receiver",1.0,"HH2_door_1","open"
5760,3616,2024-09-21T11:40:37,,H2,glazen binnendeur,,,"H2","HH_door_receiver",0.0,"HH2_door_1","closed"
5761,3616,2024-09-21T11:50:33,,H2,glazen binnendeur,,,"H2","HH_door_receiver",0.0,"HH2_door_1","closed"
5762,3616,2024-09-21T12:00:30,,H2,glazen binnendeur,,,"H2","HH_door_receiver",0.0,"HH2_door_1","closed"
5763,3616,2024-09-21T12:10:27,,H2,glazen binnendeur,,,"H2","HH_door_receiver",0.0,"HH2_door_1","closed"
5764,3616,2024-09-21T12:20:24,,H2,glazen binnendeur,,,"H2","HH_door_receiver",1.0,"HH2_door_1","open"
5765,3616,2024-09-21T12:30:19,,H2,glazen binnendeur,,,"H2","HH_door_receiver",0.0,"HH2_door_1","closed"
5766,3616,2024-09-21T12:40:15,,H2,glazen binnendeur,,,"H2","HH_door_receiver",1.0,"HH2_door_1","open"
5767,3616,2024-09-21T12:50:11,,H2,glazen binnendeur,,,"H2","HH_door_receiver",0.0,"HH2_door_1","closed"
5768,3616,2024-09-21T13:00:08,,H2,glazen binnendeur,,,"H2","HH_door_receiver",0.0,"HH2_door_1","closed"
5769,3616,2024-09-21T13:10:05,,H2,glazen binnendeur,,,"H2","HH_door_receiver",0.0,"HH2_door_1","closed"
5770,3616,2024-09-21T13:20:02,,H2,glazen binnendeur,,,"H2","HH_door_receiver",1.0,"HH2_door_1","open"
5771,3616,2024-09-21T13:29:58,,H2,glazen binnendeur,,,"H2","HH_door_receiver",1.0,"HH2_door_1","open"
5772,3616,2024-09-21T13:39:54,,H2,glazen binnendeur,,,"H2","HH_door_receiver",1.0,"HH2_door_1","open"
5773,3616,2024-09-21T13:49:50,,H2,glazen binnendeur,,,"H2","HH_door_receiver",1.0,"HH2_door_1","open"
5774,3616,2024-09-21T13:59:47,,H2,glazen binnendeur,,,"H2","HH_door_receiver",1.0,"HH2_door_1","open"
5775,3616,2024-09-21T14:09:42,,H2,glazen binnendeur,,,"H2","HH_door_receiver",0.0,"HH2_door_1","closed"
5776,3616,2024-09-21T14:19:37,,H2,glazen binnendeur,,,"H2","HH_door_receiver",0.0,"HH2_door_1","closed"
5777,3616,2024-09-21T14:29:33,,H2,glazen binnendeur,,,"H2","HH_door_receiver",0.0,"HH2_door_1","closed"
5778,3616,2024-09-21T14:39:31,,H2,glazen binnendeur,,,"H2","HH_door_receiver",0.0,"HH2_door_1","closed"
5779,3616,2024-09-21T14:49:28,,H2,glazen binnendeur,,,"H2","HH_door_receiver",0.0,"HH2_door_1","closed"
5780,3616,2024-09-21T14:59:25,,H2,glazen binnendeur,,,"H2","HH_door_receiver",0.0,"HH2_door_1","closed"
5781,3616,2024-09-21T15:09:21,,H2,glazen binnendeur,,,"H2","HH_door_receiver",0.0,"HH2_door_1","closed"
5782,3616,2024-09-21T15:19:18,,H2,glazen binnendeur,,,"H2","HH_door_receiver",0.0,"HH2_door_1","closed"
5783,3616,2024-09-21T15:29:14,,H2,glazen binnendeur,,,"H2","HH_door_receiver",0.0,"HH2_door_1","closed"
5784,3616,2024-09-21T15:39:13,,H2,glazen binnendeur,,,"H2","HH_door_receiver",0.0,"HH2_door_1","closed"
5785,3616,2024-09-21T15:49:09,,H2,glazen binnendeur,,,"H2","HH_door_receiver",0.0,"HH2_door_1","closed"
5786,3616,2024-09-21T15:59:08,,H2,glazen binnendeur,,,"H2","HH_door_receiver",0.0,"HH2_door_1","closed"
5787,3616,2024-09-21T16:09:02,,H2,glazen binnendeur,,,"H2","HH_door_receiver",0.0,"HH2_door_1","closed"
5788,3616,2024-09-21T16:18:58,,H2,glazen binnendeur,,,"H2","HH_door_receiver",1.0,"HH2_door_1","open"
5789,3616,2024-09-21T16:28:54,,H2,glazen binnendeur,,,"H2","HH_door_receiver",1.0,"HH2_door_1","open"
5790,3616,2024-09-21T16:38:51,,H2,glazen binnendeur,,,"H2","HH_door_receiver",1.0,"HH2_door_1","open"
5791,3616,2024-09-21T16:48:46,,H2,glazen binnendeur,,,"H2","HH_door_receiver",0.0,"HH2_door_1","closed"
5792,3616,2024-09-21T16:58:43,,H2,glazen binnendeur,,,"H2","HH_door_receiver",0.0,"HH2_door_1","closed"
5793,3616,2024-09-21T17:08:38,,H2,glazen binnendeur,,,"H2","HH_door_receiver",0.0,"HH2_door_1","closed"
5794,3616,2024-09-21T17:18:33,,H2,glazen binnendeur,,,"H2","HH_door_receiver",0.0,"HH2_door_1","closed"
5795,3616,2024-09-21T17:28:30,,H2,glazen binnendeur,,,"H2","HH_door_receiver",0.0,"HH2_door_1","closed"
5796,3616,2024-09-21T17:38:25,,H2,glazen binnendeur,,,"H2","HH_door_receiver",0.0,"HH2_door_1","closed"
5797,3616,2024-09-21T17:48:21,,H2,glazen binnendeur,,,"H2","HH_door_receiver",0.0,"HH2_door_1","closed"
5798,3616,2024-09-21T17:58:18,,H2,glazen binnendeur,,,"H2","HH_door_receiver",0.0,"HH2_door_1","closed"
5799,3616,2024-09-21T18:08:22,,H2,glazen binnendeur,,,"H2","HH_door_receiver",0.0,"HH2_door_1","closed"
5800,3616,2024-09-21T18:18:16,,H2,glazen binnendeur,,,"H2","HH_door_receiver",0.0,"HH2_door_1","closed"
5801,3616,2024-09-21T18:28:11,,H2,glazen binnendeur,,,"H2","HH_door_receiver",0.0,"HH2_door_1","closed"
5802,3616,2024-09-21T18:38:09,,H2,glazen binnendeur,,,"H2","HH_door_receiver",0.0,"HH2_door_1","closed"
5803,3616,2024-09-21T18:48:04,,H2,glazen binnendeur,,,"H2","HH_door_receiver",0.0,"HH2_door_1","closed"
5804,3616,2024-09-21T18:58:00,,H2,glazen binnendeur,,,"H2","HH_door_receiver",0.0,"HH2_door_1","closed"
5805,3616,2024-09-21T19:07:57,,H2,glazen binnendeur,,,"H2","HH_door_receiver",0.0,"HH2_door_1","closed"
5806,3616,2024-09-21T19:17:54,,H2,glazen binnendeur,,,"H2","HH_door_receiver",0.0,"HH2_door_1","closed"
5807,3616,2024-09-21T19:27:51,,H2,glazen binnendeur,,,"H2","HH_door_receiver",1.0,"HH2_door_1","open"
5808,3616,2024-09-21T19:37:49,,H2,glazen binnendeur,,,"H2","HH_door_receiver",1.0,"HH2_door_1","open"
5809,3616,2024-09-21T19:47:45,,H2,glazen binnendeur,,,"H2","HH_door_receiver",1.0,"HH2_door_1","open"
5810,3616,2024-09-21T19:57:43,,H2,glazen binnendeur,,,"H2","HH_door_receiver",1.0,"HH2_door_1","open"
5811,3616,2024-09-21T20:07:37,,H2,glazen binnendeur,,,"H2","HH_door_receiver",1.0,"HH2_door_1","open"
5812,3616,2024-09-21T20:17:34,,H2,glazen binnendeur,,,"H2","HH_door_receiver",1.0,"HH2_door_1","open"
5813,3616,2024-09-21T20:27:29,,H2,glazen binnendeur,,,"H2","HH_door_receiver",0.0,"HH2_door_1","closed"
5814,3616,2024-09-21T20:37:25,,H2,glazen binnendeur,,,"H2","HH_door_receiver",0.0,"HH2_door_1","closed"
5815,3616,2024-09-21T20:47:23,,H2,glazen binnendeur,,,"H2","HH_door_receiver",0.0,"HH2_door_1","closed"
5816,3616,2024-09-21T20:57:20,,H2,glazen binnendeur,,,"H2","HH_door_receiver",0.0,"HH2_door_1","closed"
5817,3616,2024-09-21T21:07:19,,H2,glazen binnendeur,,,"H2","HH_door_receiver",0.0,"HH2_door_1","closed"
5818,3616,2024-09-21T21:17:15,,H2,glazen binnendeur,,,"H2","HH_door_receiver",0.0,"HH2_door_1","closed"
5819,3616,2024-09-21T21:27:12,,H2,glazen binnendeur,,,"H2","HH_door_receiver",0.0,"HH2_door_1","closed"
5820,3616,2024-09-21T21:37:07,,H2,glazen binnendeur,,,"H2","HH_door_receiver",0.0,"HH2_door_1","closed"
5821,3616,2024-09-21T21:47:04,,H2,glazen binnendeur,,,"H2","HH_door_receiver",0.0,"HH2_door_1","closed"
5822,3616,2024-09-21T21:57:01,,H2,glazen binnendeur,,,"H2","HH_door_receiver",0.0,"HH2_door_1","closed"
5823,3616,2024-09-21T22:06:57,,H2,glazen binnendeur,,,"H2","HH_door_receiver",0.0,"HH2_door_1","closed"
5824,3616,2024-09-21T22:16:53,,H2,glazen binnendeur,,,"H2","HH_door_receiver",0.0,"HH2_door_1","closed"
5825,3616,2024-09-21T22:26:47,,H2,glazen binnendeur,,,"H2","HH_door_receiver",0.0,"HH2_door_1","closed"
5826,3616,2024-09-21T22:36:46,,H2,glazen binnendeur,,,"H2","HH_door_receiver",0.0,"HH2_door_1","closed"
5827,3616,2024-09-21T22:46:42,,H2,glazen binnendeur,,,"H2","HH_door_receiver",0.0,"HH2_door_1","closed"
5828,3616,2024-09-21T22:56:39,,H2,glazen binnendeur,,,"H2","HH_door_receiver",0.0,"HH2_door_1","closed"
5829,3616,2024-09-21T23:06:33,,H2,glazen binnendeur,,,"H2","HH_door_receiver",0.0,"HH2_door_1","closed"
5830,3616,2024-09-21T23:16:31,,H2,glazen binnendeur,,,"H2","HH_door_receiver",0.0,"HH2_door_1","closed"
5831,3616,2024-09-21T23:26:25,,H2,glazen binnendeur,,,"H2","HH_door_receiver",0.0,"HH2_door_1","closed"
5832,3616,2024-09-21T23:36:21,,H2,glazen binnendeur,,,"H2","HH_door_receiver",0.0,"HH2_door_1","closed"
5833,3616,2024-09-21T23:46:16,,H2,glazen binnendeur,,,"H2","HH_door_receiver",0.0,"HH2_door_1","closed"
5834,3616,2024-09-21T23:56:14,,H2,glazen binnendeur,,,"H2","HH_door_receiver",0.0,"HH2_door_1","closed"
5835,3616,2024-09-22T00:06:10,,H2,glazen binnendeur,,,"H2","HH_door_receiver",0.0,"HH2_door_1","closed"
5836,3616,2024-09-22T00:16:08,,H2,glazen binnendeur,,,"H2","HH_door_receiver",0.0,"HH2_door_1","closed"
5837,3616,2024-09-22T00:26:05,,H2,glazen binnendeur,,,"H2","HH_door_receiver",0.0,"HH2_door_1","closed"
5838,3616,2024-09-22T00:36:02,,H2,glazen binnendeur,,,"H2","HH_door_receiver",0.0,"HH2_door_1","closed"
5839,3616,2024-09-22T00:45:59,,H2,glazen binnendeur,,,"H2","HH_door_receiver",0.0,"HH2_door_1","closed"
5840,3616,2024-09-22T00:55:54,,H2,glazen binnendeur,,,"H2","HH_door_receiver",0.0,"HH2_door_1","closed"
5841,3616,2024-09-22T01:05:49,,H2,glazen binnendeur,,,"H2","HH_door_receiver",0.0,"HH2_door_1","closed"
5842,3616,2024-09-22T01:15:45,,H2,glazen binnendeur,,,"H2","HH_door_receiver",0.0,"HH2_door_1","closed"
5843,3616,2024-09-22T01:25:42,,H2,glazen binnendeur,,,"H2","HH_door_receiver",0.0,"HH2_door_1","closed"
5844,3616,2024-09-22T01:35:41,,H2,glazen binnendeur,,,"H2","HH_door_receiver",0.0,"HH2_door_1","closed"
5845,3616,2024-09-22T01:45:36,,H2,glazen binnendeur,,,"H2","HH_door_receiver",0.0,"HH2_door_1","closed"
5846,3616,2024-09-22T01:55:30,,H2,glazen binnendeur,,,"H2","HH_door_receiver",0.0,"HH2_door_1","closed"
5847,3616,2024-09-22T02:05:27,,H2,glazen binnendeur,,,"H2","HH_door_receiver",0.0,"HH2_door_1","closed"
5848,3616,2024-09-22T02:15:23,,H2,glazen binnendeur,,,"H2","HH_door_receiver",0.0,"HH2_door_1","closed"
5849,3616,2024-09-22T02:25:18,,H2,glazen binnendeur,,,"H2","HH_door_receiver",0.0,"HH2_door_1","closed"
5850,3616,2024-09-22T02:35:15,,H2,glazen binnendeur,,,"H2","HH_door_receiver",0.0,"HH2_door_1","closed"
5851,3616,2024-09-22T02:45:11,,H2,glazen binnendeur,,,"H2","HH_door_receiver",0.0,"HH2_door_1","closed"
5852,3616,2024-09-22T02:55:09,,H2,glazen binnendeur,,,"H2","HH_door_receiver",0.0,"HH2_door_1","closed"
5853,3616,2024-09-22T03:05:08,,H2,glazen binnendeur,,,"H2","HH_door_receiver",0.0,"HH2_door_1","closed"
5854,3616,2024-09-22T03:15:05,,H2,glazen binnendeur,,,"H2","HH_door_receiver",0.0,"HH2_door_1","closed"
5855,3616,2024-09-22T03:25:01,,H2,glazen binnendeur,,,"H2","HH_door_receiver",0.0,"HH2_door_1","closed"
5856,3616,2024-09-22T03:34:58,,H2,glazen binnendeur,,,"H2","HH_door_receiver",0.0,"HH2_door_1","closed"
5857,3616,2024-09-22T03:44:53,,H2,glazen binnendeur,,,"H2","HH_door_receiver",0.0,"HH2_door_1","closed"
5858,3616,2024-09-22T03:54:52,,H2,glazen binnendeur,,,"H2","HH_door_receiver",0.0,"HH2_door_1","closed"
5859,3616,2024-09-22T04:04:47,,H2,glazen binnendeur,,,"H2","HH_door_receiver",0.0,"HH2_door_1","closed"
5860,3616,2024-09-22T04:24:39,,H2,glazen binnendeur,,,"H2","HH_door_receiver",0.0,"HH2_door_1","closed"
5861,3616,2024-09-22T04:34:35,,H2,glazen binnendeur,,,"H2","HH_door_receiver",0.0,"HH2_door_1","closed"
5862,3616,2024-09-22T04:44:32,,H2,glazen binnendeur,,,"H2","HH_door_receiver",0.0,"HH2_door_1","closed"
5863,3616,2024-09-22T04:54:29,,H2,glazen binnendeur,,,"H2","HH_door_receiver",0.0,"HH2_door_1","closed"
5864,3616,2024-09-22T05:04:27,,H2,glazen binnendeur,,,"H2","HH_door_receiver",0.0,"HH2_door_1","closed"
5865,3616,2024-09-22T05:14:24,,H2,glazen binnendeur,,,"H2","HH_door_receiver",0.0,"HH2_door_1","closed"
5866,3616,2024-09-22T05:24:21,,H2,glazen binnendeur,,,"H2","HH_door_receiver",0.0,"HH2_door_1","closed"
5867,3616,2024-09-22T05:34:19,,H2,glazen binnendeur,,,"H2","HH_door_receiver",0.0,"HH2_door_1","closed"
5868,3616,2024-09-22T05:44:13,,H2,glazen binnendeur,,,"H2","HH_door_receiver",0.0,"HH2_door_1","closed"
5869,3616,2024-09-22T05:54:10,,H2,glazen binnendeur,,,"H2","HH_door_receiver",0.0,"HH2_door_1","closed"
5870,3616,2024-09-22T06:04:08,,H2,glazen binnendeur,,,"H2","HH_door_receiver",0.0,"HH2_door_1","closed"
5871,3616,2024-09-22T06:14:05,,H2,glazen binnendeur,,,"H2","HH_door_receiver",0.0,"HH2_door_1","closed"
5872,3616,2024-09-22T06:24:00,,H2,glazen binnendeur,,,"H2","HH_door_receiver",0.0,"HH2_door_1","closed"
5873,3616,2024-09-22T06:43:57,,H2,glazen binnendeur,,,"H2","HH_door_receiver",0.0,"HH2_door_1","closed"
5874,3616,2024-09-22T06:53:53,,H2,glazen binnendeur,,,"H2","HH_door_receiver",0.0,"HH2_door_1","closed"
5875,3616,2024-09-22T07:03:48,,H2,glazen binnendeur,,,"H2","HH_door_receiver",0.0,"HH2_door_1","closed"
5876,3616,2024-09-22T07:13:44,,H2,glazen binnendeur,,,"H2","HH_door_receiver",0.0,"HH2_door_1","closed"
5877,3616,2024-09-22T07:23:41,,H2,glazen binnendeur,,,"H2","HH_door_receiver",1.0,"HH2_door_1","open"
5878,3616,2024-09-22T07:33:35,,H2,glazen binnendeur,,,"H2","HH_door_receiver",0.0,"HH2_door_1","closed"
5879,3616,2024-09-22T07:43:32,,H2,glazen binnendeur,,,"H2","HH_door_receiver",0.0,"HH2_door_1","closed"
5880,3616,2024-09-22T07:53:28,,H2,glazen binnendeur,,,"H2","HH_door_receiver",0.0,"HH2_door_1","closed"
5881,3616,2024-09-22T08:03:26,,H2,glazen binnendeur,,,"H2","HH_door_receiver",0.0,"HH2_door_1","closed"
5882,3616,2024-09-22T08:13:24,,H2,glazen binnendeur,,,"H2","HH_door_receiver",0.0,"HH2_door_1","closed"
5883,3616,2024-09-22T08:23:19,,H2,glazen binnendeur,,,"H2","HH_door_receiver",0.0,"HH2_door_1","closed"
5884,3616,2024-09-22T08:33:14,,H2,glazen binnendeur,,,"H2","HH_door_receiver",0.0,"HH2_door_1","closed"
5885,3616,2024-09-22T08:43:12,,H2,glazen binnendeur,,,"H2","HH_door_receiver",0.0,"HH2_door_1","closed"
5886,3616,2024-09-22T08:53:07,,H2,glazen binnendeur,,,"H2","HH_door_receiver",0.0,"HH2_door_1","closed"
5887,3616,2024-09-22T09:03:05,,H2,glazen binnendeur,,,"H2","HH_door_receiver",0.0,"HH2_door_1","closed"
5888,3616,2024-09-22T09:13:00,,H2,glazen binnendeur,,,"H2","HH_door_receiver",0.0,"HH2_door_1","closed"
5889,3616,2024-09-22T09:22:59,,H2,glazen binnendeur,,,"H2","HH_door_receiver",0.0,"HH2_door_1","closed"
5890,3616,2024-09-22T09:32:55,,H2,glazen binnendeur,,,"H2","HH_door_receiver",0.0,"HH2_door_1","closed"
5891,3616,2024-09-22T09:42:52,,H2,glazen binnendeur,,,"H2","HH_door_receiver",0.0,"HH2_door_1","closed"
5892,3616,2024-09-22T09:52:48,,H2,glazen binnendeur,,,"H2","HH_door_receiver",0.0,"HH2_door_1","closed"
5893,3616,2024-09-22T10:02:45,,H2,glazen binnendeur,,,"H2","HH_door_receiver",0.0,"HH2_door_1","closed"
5894,3616,2024-09-22T10:12:44,,H2,glazen binnendeur,,,"H2","HH_door_receiver",0.0,"HH2_door_1","closed"
5895,3616,2024-09-22T10:22:39,,H2,glazen binnendeur,,,"H2","HH_door_receiver",0.0,"HH2_door_1","closed"
5896,3616,2024-09-22T10:32:35,,H2,glazen binnendeur,,,"H2","HH_door_receiver",0.0,"HH2_door_1","closed"
5897,3616,2024-09-22T10:42:32,,H2,glazen binnendeur,,,"H2","HH_door_receiver",0.0,"HH2_door_1","closed"
5898,3616,2024-09-22T10:52:28,,H2,glazen binnendeur,,,"H2","HH_door_receiver",0.0,"HH2_door_1","closed"
5899,3616,2024-09-22T11:02:27,,H2,glazen binnendeur,,,"H2","HH_door_receiver",0.0,"HH2_door_1","closed"
5900,3616,2024-09-22T11:12:21,,H2,glazen binnendeur,,,"H2","HH_door_receiver",0.0,"HH2_door_1","closed"
5901,3616,2024-09-22T11:22:18,,H2,glazen binnendeur,,,"H2","HH_door_receiver",0.0,"HH2_door_1","closed"
5902,3616,2024-09-22T11:32:15,,H2,glazen binnendeur,,,"H2","HH_door_receiver",0.0,"HH2_door_1","closed"
5903,3616,2024-09-22T11:42:11,,H2,glazen binnendeur,,,"H2","HH_door_receiver",1.0,"HH2_door_1","open"
5904,3616,2024-09-22T11:52:08,,H2,glazen binnendeur,,,"H2","HH_door_receiver",0.0,"HH2_door_1","closed"
5905,3616,2024-09-22T12:02:04,,H2,glazen binnendeur,,,"H2","HH_door_receiver",0.0,"HH2_door_1","closed"
5906,3616,2024-09-22T12:12:01,,H2,glazen binnendeur,,,"H2","HH_door_receiver",0.0,"HH2_door_1","closed"
5907,3616,2024-09-22T12:21:58,,H2,glazen binnendeur,,,"H2","HH_door_receiver",0.0,"HH2_door_1","closed"
5908,3616,2024-09-22T12:31:53,,H2,glazen binnendeur,,,"H2","HH_door_receiver",0.0,"HH2_door_1","closed"
5909,3616,2024-09-22T12:41:49,,H2,glazen binnendeur,,,"H2","HH_door_receiver",0.0,"HH2_door_1","closed"
5910,3616,2024-09-22T12:51:46,,H2,glazen binnendeur,,,"H2","HH_door_receiver",0.0,"HH2_door_1","closed"
5911,3616,2024-09-22T13:01:41,,H2,glazen binnendeur,,,"H2","HH_door_receiver",0.0,"HH2_door_1","closed"
5912,3616,2024-09-22T13:11:38,,H2,glazen binnendeur,,,"H2","HH_door_receiver",0.0,"HH2_door_1","closed"
5913,3616,2024-09-22T13:21:33,,H2,glazen binnendeur,,,"H2","HH_door_receiver",0.0,"HH2_door_1","closed"
5914,3616,2024-09-22T13:31:28,,H2,glazen binnendeur,,,"H2","HH_door_receiver",0.0,"HH2_door_1","closed"
5915,3616,2024-09-22T13:41:24,,H2,glazen binnendeur,,,"H2","HH_door_receiver",0.0,"HH2_door_1","closed"
5916,3616,2024-09-22T13:51:19,,H2,glazen binnendeur,,,"H2","HH_door_receiver",1.0,"HH2_door_1","open"
5917,3616,2024-09-22T14:01:14,,H2,glazen binnendeur,,,"H2","HH_door_receiver",0.0,"HH2_door_1","closed"
5918,3616,2024-09-22T14:11:11,,H2,glazen binnendeur,,,"H2","HH_door_receiver",0.0,"HH2_door_1","closed"
5919,3616,2024-09-22T14:11:21,,H2,glazen binnendeur,,,"H2","HH_door_receiver",0.0,"HH2_door_1","closed"
5920,3616,2024-09-22T14:21:16,,H2,glazen binnendeur,,,"H2","HH_door_receiver",0.0,"HH2_door_1","closed"
5921,3616,2024-09-22T14:31:12,,H2,glazen binnendeur,,,"H2","HH_door_receiver",0.0,"HH2_door_1","closed"
5922,3616,2024-09-22T14:41:07,,H2,glazen binnendeur,,,"H2","HH_door_receiver",0.0,"HH2_door_1","closed"
5923,3616,2024-09-22T15:01:00,,H2,glazen binnendeur,,,"H2","HH_door_receiver",0.0,"HH2_door_1","closed"
5924,3616,2024-09-22T15:10:54,,H2,glazen binnendeur,,,"H2","HH_door_receiver",0.0,"HH2_door_1","closed"
5925,3616,2024-09-22T15:20:49,,H2,glazen binnendeur,,,"H2","HH_door_receiver",0.0,"HH2_door_1","closed"
5926,3616,2024-09-22T15:30:46,,H2,glazen binnendeur,,,"H2","HH_door_receiver",0.0,"HH2_door_1","closed"
5927,3616,2024-09-22T15:40:43,,H2,glazen binnendeur,,,"H2","HH_door_receiver",0.0,"HH2_door_1","closed"
5928,3616,2024-09-22T15:50:40,,H2,glazen binnendeur,,,"H2","HH_door_receiver",0.0,"HH2_door_1","closed"
5929,3616,2024-09-22T16:00:37,,H2,glazen binnendeur,,,"H2","HH_door_receiver",0.0,"HH2_door_1","closed"
5930,3616,2024-09-22T16:10:34,,H2,glazen binnendeur,,,"H2","HH_door_receiver",0.0,"HH2_door_1","closed"
5931,3616,2024-09-22T16:20:29,,H2,glazen binnendeur,,,"H2","HH_door_receiver",0.0,"HH2_door_1","closed"
5932,3616,2024-09-22T16:30:27,,H2,glazen binnendeur,,,"H2","HH_door_receiver",0.0,"HH2_door_1","closed"
5933,3616,2024-09-22T16:40:23,,H2,glazen binnendeur,,,"H2","HH_door_receiver",0.0,"HH2_door_1","closed"
5934,3616,2024-09-22T16:50:20,,H2,glazen binnendeur,,,"H2","HH_door_receiver",0.0,"HH2_door_1","closed"
5935,3616,2024-09-22T17:00:17,,H2,glazen binnendeur,,,"H2","HH_door_receiver",0.0,"HH2_door_1","closed"
5936,3616,2024-09-22T17:10:14,,H2,glazen binnendeur,,,"H2","HH_door_receiver",0.0,"HH2_door_1","closed"
5937,3616,2024-09-22T17:20:13,,H2,glazen binnendeur,,,"H2","HH_door_receiver",0.0,"HH2_door_1","closed"
5938,3616,2024-09-22T17:30:09,,H2,glazen binnendeur,,,"H2","HH_door_receiver",0.0,"HH2_door_1","closed"
5939,3616,2024-09-22T17:40:06,,H2,glazen binnendeur,,,"H2","HH_door_receiver",0.0,"HH2_door_1","closed"
5940,3616,2024-09-22T17:50:04,,H2,glazen binnendeur,,,"H2","HH_door_receiver",0.0,"HH2_door_1","closed"
5941,3616,2024-09-22T17:59:58,,H2,glazen binnendeur,,,"H2","HH_door_receiver",0.0,"HH2_door_1","closed"
5942,3616,2024-09-22T18:09:55,,H2,glazen binnendeur,,,"H2","HH_door_receiver",0.0,"HH2_door_1","closed"
5943,3616,2024-09-22T18:19:51,,H2,glazen binnendeur,,,"H2","HH_door_receiver",0.0,"HH2_door_1","closed"
5944,3616,2024-09-22T18:29:48,,H2,glazen binnendeur,,,"H2","HH_door_receiver",0.0,"HH2_door_1","closed"
5945,3616,2024-09-22T18:39:44,,H2,glazen binnendeur,,,"H2","HH_door_receiver",1.0,"HH2_door_1","open"
5946,3616,2024-09-22T18:49:43,,H2,glazen binnendeur,,,"H2","HH_door_receiver",1.0,"HH2_door_1","open"
5947,3616,2024-09-22T18:59:40,,H2,glazen binnendeur,,,"H2","HH_door_receiver",0.0,"HH2_door_1","closed"
5948,3616,2024-09-22T19:09:36,,H2,glazen binnendeur,,,"H2","HH_door_receiver",0.0,"HH2_door_1","closed"
5949,3616,2024-09-22T19:19:33,,H2,glazen binnendeur,,,"H2","HH_door_receiver",0.0,"HH2_door_1","closed"
5950,3616,2024-09-22T19:29:32,,H2,glazen binnendeur,,,"H2","HH_door_receiver",0.0,"HH2_door_1","closed"
5951,3616,2024-09-22T19:39:26,,H2,glazen binnendeur,,,"H2","HH_door_receiver",0.0,"HH2_door_1","closed"
5952,3616,2024-09-22T19:49:23,,H2,glazen binnendeur,,,"H2","HH_door_receiver",1.0,"HH2_door_1","open"
5953,3616,2024-09-22T19:59:20,,H2,glazen binnendeur,,,"H2","HH_door_receiver",1.0,"HH2_door_1","open"
5954,3616,2024-09-22T20:09:18,,H2,glazen binnendeur,,,"H2","HH_door_receiver",1.0,"HH2_door_1","open"
5955,3616,2024-09-22T20:19:15,,H2,glazen binnendeur,,,"H2","HH_door_receiver",1.0,"HH2_door_1","open"
5956,3616,2024-09-22T20:29:12,,H2,glazen binnendeur,,,"H2","HH_door_receiver",0.0,"HH2_door_1","closed"
5957,3616,2024-09-22T20:39:08,,H2,glazen binnendeur,,,"H2","HH_door_receiver",0.0,"HH2_door_1","closed"
5958,3616,2024-09-22T20:49:05,,H2,glazen binnendeur,,,"H2","HH_door_receiver",0.0,"HH2_door_1","closed"
5959,3616,2024-09-22T20:59:01,,H2,glazen binnendeur,,,"H2","HH_door_receiver",0.0,"HH2_door_1","closed"
5960,3616,2024-09-22T21:08:56,,H2,glazen binnendeur,,,"H2","HH_door_receiver",0.0,"HH2_door_1","closed"
5961,3616,2024-09-22T21:18:51,,H2,glazen binnendeur,,,"H2","HH_door_receiver",0.0,"HH2_door_1","closed"
5962,3616,2024-09-22T21:28:47,,H2,glazen binnendeur,,,"H2","HH_door_receiver",0.0,"HH2_door_1","closed"
5963,3616,2024-09-22T21:38:42,,H2,glazen binnendeur,,,"H2","HH_door_receiver",0.0,"HH2_door_1","closed"
5964,3616,2024-09-22T21:48:37,,H2,glazen binnendeur,,,"H2","HH_door_receiver",0.0,"HH2_door_1","closed"
5965,3616,2024-09-22T21:58:32,,H2,glazen binnendeur,,,"H2","HH_door_receiver",0.0,"HH2_door_1","closed"
5966,3616,2024-09-22T22:08:29,,H2,glazen binnendeur,,,"H2","HH_door_receiver",0.0,"HH2_door_1","closed"
5967,3616,2024-09-22T22:18:24,,H2,glazen binnendeur,,,"H2","HH_door_receiver",0.0,"HH2_door_1","closed"
5968,3616,2024-09-22T22:28:22,,H2,glazen binnendeur,,,"H2","HH_door_receiver",0.0,"HH2_door_1","closed"
5969,3616,2024-09-22T22:38:18,,H2,glazen binnendeur,,,"H2","HH_door_receiver",0.0,"HH2_door_1","closed"
5970,3616,2024-09-22T22:48:14,,H2,glazen binnendeur,,,"H2","HH_door_receiver",0.0,"HH2_door_1","closed"
5971,3616,2024-09-22T22:58:13,,H2,glazen binnendeur,,,"H2","HH_door_receiver",0.0,"HH2_door_1","closed"
5972,3616,2024-09-22T23:08:09,,H2,glazen binnendeur,,,"H2","HH_door_receiver",0.0,"HH2_door_1","closed"
5973,3616,2024-09-22T23:18:05,,H2,glazen binnendeur,,,"H2","HH_door_receiver",0.0,"HH2_door_1","closed"
5974,3616,2024-09-22T23:28:01,,H2,glazen binnendeur,,,"H2","HH_door_receiver",0.0,"HH2_door_1","closed"
5975,3616,2024-09-22T23:37:57,,H2,glazen binnendeur,,,"H2","HH_door_receiver",0.0,"HH2_door_1","closed"
5976,3616,2024-09-22T23:47:56,,H2,glazen binnendeur,,,"H2","HH_door_receiver",0.0,"HH2_door_1","closed"
5977,3616,2024-09-22T23:57:53,,H2,glazen binnendeur,,,"H2","HH_door_receiver",0.0,"HH2_door_1","closed"
5978,3616,2024-09-23T00:07:49,,H2,glazen binnendeur,,,"H2","HH_door_receiver",0.0,"HH2_door_1","closed"
5979,3616,2024-09-23T00:17:44,,H2,glazen binnendeur,,,"H2","HH_door_receiver",0.0,"HH2_door_1","closed"
5980,3616,2024-09-23T00:27:41,,H2,glazen binnendeur,,,"H2","HH_door_receiver",0.0,"HH2_door_1","closed"
5981,3616,2024-09-23T00:37:37,,H2,glazen binnendeur,,,"H2","HH_door_receiver",0.0,"HH2_door_1","closed"
5982,3616,2024-09-23T00:47:34,,H2,glazen binnendeur,,,"H2","HH_door_receiver",0.0,"HH2_door_1","closed"
5983,3616,2024-09-23T00:57:28,,H2,glazen binnendeur,,,"H2","HH_door_receiver",0.0,"HH2_door_1","closed"
5984,3616,2024-09-23T01:07:25,,H2,glazen binnendeur,,,"H2","HH_door_receiver",0.0,"HH2_door_1","closed"
5985,3616,2024-09-23T01:17:25,,H2,glazen binnendeur,,,"H2","HH_door_receiver",0.0,"HH2_door_1","closed"
5986,3616,2024-09-23T01:27:21,,H2,glazen binnendeur,,,"H2","HH_door_receiver",0.0,"HH2_door_1","closed"
5987,3616,2024-09-23T01:37:18,,H2,glazen binnendeur,,,"H2","HH_door_receiver",0.0,"HH2_door_1","closed"
5988,3616,2024-09-23T01:47:15,,H2,glazen binnendeur,,,"H2","HH_door_receiver",0.0,"HH2_door_1","closed"
5989,3616,2024-09-23T01:57:10,,H2,glazen binnendeur,,,"H2","HH_door_receiver",0.0,"HH2_door_1","closed"
5990,3616,2024-09-23T02:07:05,,H2,glazen binnendeur,,,"H2","HH_door_receiver",0.0,"HH2_door_1","closed"
5991,3616,2024-09-23T02:17:02,,H2,glazen binnendeur,,,"H2","HH_door_receiver",0.0,"HH2_door_1","closed"
5992,3616,2024-09-23T02:26:59,,H2,glazen binnendeur,,,"H2","HH_door_receiver",0.0,"HH2_door_1","closed"
5993,3616,2024-09-23T02:36:55,,H2,glazen binnendeur,,,"H2","HH_door_receiver",0.0,"HH2_door_1","closed"
5994,3616,2024-09-23T02:46:51,,H2,glazen binnendeur,,,"H2","HH_door_receiver",0.0,"HH2_door_1","closed"
5995,3616,2024-09-23T02:56:49,,H2,glazen binnendeur,,,"H2","HH_door_receiver",0.0,"HH2_door_1","closed"
5996,3616,2024-09-23T03:06:45,,H2,glazen binnendeur,,,"H2","HH_door_receiver",0.0,"HH2_door_1","closed"
5997,3616,2024-09-23T03:16:42,,H2,glazen binnendeur,,,"H2","HH_door_receiver",0.0,"HH2_door_1","closed"
5998,3616,2024-09-23T03:26:37,,H2,glazen binnendeur,,,"H2","HH_door_receiver",0.0,"HH2_door_1","closed"
5999,3616,2024-09-23T03:36:34,,H2,glazen binnendeur,,,"H2","HH_door_receiver",0.0,"HH2_door_1","closed"
6000,3616,2024-09-23T03:46:31,,H2,glazen binnendeur,,,"H2","HH_door_receiver",0.0,"HH2_door_1","closed"
6001,3616,2024-09-23T03:56:29,,H2,glazen binnendeur,,,"H2","HH_door_receiver",0.0,"HH2_door_1","closed"
6002,3616,2024-09-23T04:06:25,,H2,glazen binnendeur,,,"H2","HH_door_receiver",0.0,"HH2_door_1","closed"
6003,3616,2024-09-23T04:16:21,,H2,glazen binnendeur,,,"H2","HH_door_receiver",0.0,"HH2_door_1","closed"
6004,3616,2024-09-23T04:26:18,,H2,glazen binnendeur,,,"H2","HH_door_receiver",0.0,"HH2_door_1","closed"
6005,3616,2024-09-23T04:36:15,,H2,glazen binnendeur,,,"H2","HH_door_receiver",0.0,"HH2_door_1","closed"
6006,3616,2024-09-23T04:46:12,,H2,glazen binnendeur,,,"H2","HH_door_receiver",0.0,"HH2_door_1","closed"
6007,3616,2024-09-23T04:56:09,,H2,glazen binnendeur,,,"H2","HH_door_receiver",0.0,"HH2_door_1","closed"
6008,3616,2024-09-23T05:06:07,,H2,glazen binnendeur,,,"H2","HH_door_receiver",0.0,"HH2_door_1","closed"
6009,3616,2024-09-23T05:16:04,,H2,glazen binnendeur,,,"H2","HH_door_receiver",0.0,"HH2_door_1","closed"
6010,3616,2024-09-23T05:25:59,,H2,glazen binnendeur,,,"H2","HH_door_receiver",0.0,"HH2_door_1","closed"
6011,3616,2024-09-23T05:35:54,,H2,glazen binnendeur,,,"H2","HH_door_receiver",0.0,"HH2_door_1","closed"
6012,3616,2024-09-23T05:45:51,,H2,glazen binnendeur,,,"H2","HH_door_receiver",0.0,"HH2_door_1","closed"
6013,3616,2024-09-23T05:55:46,,H2,glazen binnendeur,,,"H2","HH_door_receiver",0.0,"HH2_door_1","closed"
6014,3616,2024-09-23T06:05:41,,H2,glazen binnendeur,,,"H2","HH_door_receiver",0.0,"HH2_door_1","closed"
6015,3616,2024-09-23T06:15:39,,H2,glazen binnendeur,,,"H2","HH_door_receiver",0.0,"HH2_door_1","closed"
6016,3616,2024-09-23T06:25:35,,H2,glazen binnendeur,,,"H2","HH_door_receiver",0.0,"HH2_door_1","closed"
6017,3616,2024-09-23T06:35:33,,H2,glazen binnendeur,,,"H2","HH_door_receiver",0.0,"HH2_door_1","closed"
6018,3616,2024-09-23T06:45:31,,H2,glazen binnendeur,,,"H2","HH_door_receiver",0.0,"HH2_door_1","closed"
6019,3616,2024-09-23T06:55:25,,H2,glazen binnendeur,,,"H2","HH_door_receiver",0.0,"HH2_door_1","closed"
6020,3616,2024-09-23T07:05:22,,H2,glazen binnendeur,,,"H2","HH_door_receiver",0.0,"HH2_door_1","closed"
6021,3616,2024-09-23T07:15:17,,H2,glazen binnendeur,,,"H2","HH_door_receiver",0.0,"HH2_door_1","closed"
6022,3616,2024-09-23T07:25:12,,H2,glazen binnendeur,,,"H2","HH_door_receiver",0.0,"HH2_door_1","closed"
6023,3616,2024-09-23T07:35:10,,H2,glazen binnendeur,,,"H2","HH_door_receiver",0.0,"HH2_door_1","closed"
6024,3616,2024-09-23T07:45:05,,H2,glazen binnendeur,,,"H2","HH_door_receiver",0.0,"HH2_door_1","closed"
6025,3616,2024-09-23T07:55:01,,H2,glazen binnendeur,,,"H2","HH_door_receiver",0.0,"HH2_door_1","closed"
6026,3616,2024-09-23T08:04:57,,H2,glazen binnendeur,,,"H2","HH_door_receiver",0.0,"HH2_door_1","closed"
6027,3616,2024-09-23T08:14:53,,H2,glazen binnendeur,,,"H2","HH_door_receiver",0.0,"HH2_door_1","closed"
6028,3616,2024-09-23T08:24:46,,H2,glazen binnendeur,,,"H2","HH_door_receiver",0.0,"HH2_door_1","closed"
6029,3616,2024-09-23T08:34:43,,H2,glazen binnendeur,,,"H2","HH_door_receiver",0.0,"HH2_door_1","closed"
6030,3616,2024-09-23T08:44:38,,H2,glazen binnendeur,,,"H2","HH_door_receiver",0.0,"HH2_door_1","closed"
6031,3616,2024-09-23T08:54:34,,H2,glazen binnendeur,,,"H2","HH_door_receiver",0.0,"HH2_door_1","closed"
6032,3616,2024-09-23T09:04:31,,H2,glazen binnendeur,,,"H2","HH_door_receiver",0.0,"HH2_door_1","closed"
6033,3616,2024-09-23T09:14:29,,H2,glazen binnendeur,,,"H2","HH_door_receiver",0.0,"HH2_door_1","closed"
6034,3616,2024-09-23T09:24:27,,H2,glazen binnendeur,,,"H2","HH_door_receiver",0.0,"HH2_door_1","closed"
6035,3616,2024-09-23T09:34:25,,H2,glazen binnendeur,,,"H2","HH_door_receiver",0.0,"HH2_door_1","closed"
6036,3616,2024-09-23T09:44:22,,H2,glazen binnendeur,,,"H2","HH_door_receiver",0.0,"HH2_door_1","closed"
6037,3616,2024-09-23T09:54:18,,H2,glazen binnendeur,,,"H2","HH_door_receiver",0.0,"HH2_door_1","closed"
6038,3616,2024-09-23T10:04:17,,H2,glazen binnendeur,,,"H2","HH_door_receiver",0.0,"HH2_door_1","closed"
6039,3616,2024-09-23T10:14:15,,H2,glazen binnendeur,,,"H2","HH_door_receiver",0.0,"HH2_door_1","closed"
6040,3616,2024-09-23T10:24:09,,H2,glazen binnendeur,,,"H2","HH_door_receiver",0.0,"HH2_door_1","closed"
6041,3616,2024-09-23T10:34:06,,H2,glazen binnendeur,,,"H2","HH_door_receiver",0.0,"HH2_door_1","closed"
6042,3616,2024-09-23T10:44:03,,H2,glazen binnendeur,,,"H2","HH_door_receiver",1.0,"HH2_door_1","open"
6043,3616,2024-09-23T10:54:00,,H2,glazen binnendeur,,,"H2","HH_door_receiver",1.0,"HH2_door_1","open"
6044,3616,2024-09-23T11:03:56,,H2,glazen binnendeur,,,"H2","HH_door_receiver",0.0,"HH2_door_1","closed"
6045,3616,2024-09-23T11:13:53,,H2,glazen binnendeur,,,"H2","HH_door_receiver",0.0,"HH2_door_1","closed"
6046,3616,2024-09-23T11:23:49,,H2,glazen binnendeur,,,"H2","HH_door_receiver",0.0,"HH2_door_1","closed"
6047,3616,2024-09-23T11:33:45,,H2,glazen binnendeur,,,"H2","HH_door_receiver",0.0,"HH2_door_1","closed"
6048,3616,2024-09-23T11:43:44,,H2,glazen binnendeur,,,"H2","HH_door_receiver",0.0,"HH2_door_1","closed"
6049,3616,2024-09-23T11:53:37,,H2,glazen binnendeur,,,"H2","HH_door_receiver",0.0,"HH2_door_1","closed"
6050,3616,2024-09-23T12:03:33,,H2,glazen binnendeur,,,"H2","HH_door_receiver",0.0,"HH2_door_1","closed"
6051,3616,2024-09-23T12:13:29,,H2,glazen binnendeur,,,"H2","HH_door_receiver",0.0,"HH2_door_1","closed"
6052,3616,2024-09-23T12:23:24,,H2,glazen binnendeur,,,"H2","HH_door_receiver",0.0,"HH2_door_1","closed"
6053,3616,2024-09-23T12:33:22,,H2,glazen binnendeur,,,"H2","HH_door_receiver",0.0,"HH2_door_1","closed"
6054,3616,2024-09-23T12:43:18,,H2,glazen binnendeur,,,"H2","HH_door_receiver",0.0,"HH2_door_1","closed"
6055,3616,2024-09-23T12:53:13,,H2,glazen binnendeur,,,"H2","HH_door_receiver",0.0,"HH2_door_1","closed"
6056,3616,2024-09-23T13:03:09,,H2,glazen binnendeur,,,"H2","HH_door_receiver",0.0,"HH2_door_1","closed"
6057,3616,2024-09-23T13:13:06,,H2,glazen binnendeur,,,"H2","HH_door_receiver",0.0,"HH2_door_1","closed"
6058,3616,2024-09-23T13:23:01,,H2,glazen binnendeur,,,"H2","HH_door_receiver",0.0,"HH2_door_1","closed"
6059,3616,2024-09-23T13:32:56,,H2,glazen binnendeur,,,"H2","HH_door_receiver",0.0,"HH2_door_1","closed"
6060,3616,2024-09-23T13:42:53,,H2,glazen binnendeur,,,"H2","HH_door_receiver",0.0,"HH2_door_1","closed"
6061,3616,2024-09-23T13:52:48,,H2,glazen binnendeur,,,"H2","HH_door_receiver",0.0,"HH2_door_1","closed"
6062,3616,2024-09-23T14:02:45,,H2,glazen binnendeur,,,"H2","HH_door_receiver",0.0,"HH2_door_1","closed"
6063,3616,2024-09-23T14:12:44,,H2,glazen binnendeur,,,"H2","HH_door_receiver",0.0,"HH2_door_1","closed"
6064,3616,2024-09-23T14:22:41,,H2,glazen binnendeur,,,"H2","HH_door_receiver",0.0,"HH2_door_1","closed"
6065,3616,2024-09-23T14:32:36,,H2,glazen binnendeur,,,"H2","HH_door_receiver",0.0,"HH2_door_1","closed"
6066,3616,2024-09-23T14:42:33,,H2,glazen binnendeur,,,"H2","HH_door_receiver",0.0,"HH2_door_1","closed"
6067,3616,2024-09-23T14:52:30,,H2,glazen binnendeur,,,"H2","HH_door_receiver",0.0,"HH2_door_1","closed"
6068,3616,2024-09-23T15:02:25,,H2,glazen binnendeur,,,"H2","HH_door_receiver",0.0,"HH2_door_1","closed"
6069,3616,2024-09-23T15:12:22,,H2,glazen binnendeur,,,"H2","HH_door_receiver",0.0,"HH2_door_1","closed"
6070,3616,2024-09-23T15:22:18,,H2,glazen binnendeur,,,"H2","HH_door_receiver",0.0,"HH2_door_1","closed"
6071,3616,2024-09-23T15:32:15,,H2,glazen binnendeur,,,"H2","HH_door_receiver",0.0,"HH2_door_1","closed"
6072,3616,2024-09-23T15:42:11,,H2,glazen binnendeur,,,"H2","HH_door_receiver",0.0,"HH2_door_1","closed"
6073,3616,2024-09-23T15:52:10,,H2,glazen binnendeur,,,"H2","HH_door_receiver",0.0,"HH2_door_1","closed"
6074,3616,2024-09-23T16:02:08,,H2,glazen binnendeur,,,"H2","HH_door_receiver",0.0,"HH2_door_1","closed"
6075,3616,2024-09-23T16:12:05,,H2,glazen binnendeur,,,"H2","HH_door_receiver",0.0,"HH2_door_1","closed"
6076,3616,2024-09-23T16:22:01,,H2,glazen binnendeur,,,"H2","HH_door_receiver",0.0,"HH2_door_1","closed"
6077,3616,2024-09-23T16:31:59,,H2,glazen binnendeur,,,"H2","HH_door_receiver",0.0,"HH2_door_1","closed"
6078,3616,2024-09-23T16:41:56,,H2,glazen binnendeur,,,"H2","HH_door_receiver",0.0,"HH2_door_1","closed"
6079,3616,2024-09-23T16:51:52,,H2,glazen binnendeur,,,"H2","HH_door_receiver",0.0,"HH2_door_1","closed"
6080,3616,2024-09-23T17:01:49,,H2,glazen binnendeur,,,"H2","HH_door_receiver",0.0,"HH2_door_1","closed"
6081,3616,2024-09-23T17:11:47,,H2,glazen binnendeur,,,"H2","HH_door_receiver",0.0,"HH2_door_1","closed"
6082,3616,2024-09-23T17:21:44,,H2,glazen binnendeur,,,"H2","HH_door_receiver",0.0,"HH2_door_1","closed"
6083,3616,2024-09-23T17:31:39,,H2,glazen binnendeur,,,"H2","HH_door_receiver",0.0,"HH2_door_1","closed"
6084,3616,2024-09-23T17:41:36,,H2,glazen binnendeur,,,"H2","HH_door_receiver",0.0,"HH2_door_1","closed"
6085,3616,2024-09-23T17:51:34,,H2,glazen binnendeur,,,"H2","HH_door_receiver",0.0,"HH2_door_1","closed"
6086,3616,2024-09-23T18:01:30,,H2,glazen binnendeur,,,"H2","HH_door_receiver",0.0,"HH2_door_1","closed"
6087,3616,2024-09-23T18:11:27,,H2,glazen binnendeur,,,"H2","HH_door_receiver",1.0,"HH2_door_1","open"
6088,3616,2024-09-23T18:21:26,,H2,glazen binnendeur,,,"H2","HH_door_receiver",0.0,"HH2_door_1","closed"
6089,3616,2024-09-23T18:41:20,,H2,glazen binnendeur,,,"H2","HH_door_receiver",0.0,"HH2_door_1","closed"
6090,3616,2024-09-23T18:51:14,,H2,glazen binnendeur,,,"H2","HH_door_receiver",0.0,"HH2_door_1","closed"
6091,3616,2024-09-23T19:01:11,,H2,glazen binnendeur,,,"H2","HH_door_receiver",0.0,"HH2_door_1","closed"
6092,3616,2024-09-23T19:11:10,,H2,glazen binnendeur,,,"H2","HH_door_receiver",0.0,"HH2_door_1","closed"
6093,3616,2024-09-23T19:21:05,,H2,glazen binnendeur,,,"H2","HH_door_receiver",0.0,"HH2_door_1","closed"
6094,3616,2024-09-23T19:31:03,,H2,glazen binnendeur,,,"H2","HH_door_receiver",1.0,"HH2_door_1","open"
6095,3616,2024-09-23T19:41:01,,H2,glazen binnendeur,,,"H2","HH_door_receiver",0.0,"HH2_door_1","closed"
6096,3616,2024-09-23T19:50:55,,H2,glazen binnendeur,,,"H2","HH_door_receiver",0.0,"HH2_door_1","closed"
6097,3616,2024-09-23T20:00:52,,H2,glazen binnendeur,,,"H2","HH_door_receiver",1.0,"HH2_door_1","open"
6098,3616,2024-09-23T20:10:52,,H2,glazen binnendeur,,,"H2","HH_door_receiver",0.0,"HH2_door_1","closed"
6099,3616,2024-09-23T20:20:46,,H2,glazen binnendeur,,,"H2","HH_door_receiver",0.0,"HH2_door_1","closed"
6100,3616,2024-09-23T20:30:44,,H2,glazen binnendeur,,,"H2","HH_door_receiver",0.0,"HH2_door_1","closed"
6101,3616,2024-09-23T20:40:42,,H2,glazen binnendeur,,,"H2","HH_door_receiver",0.0,"HH2_door_1","closed"
6102,3616,2024-09-23T20:50:36,,H2,glazen binnendeur,,,"H2","HH_door_receiver",0.0,"HH2_door_1","closed"
6103,3616,2024-09-23T21:00:31,,H2,glazen binnendeur,,,"H2","HH_door_receiver",0.0,"HH2_door_1","closed"
6104,3616,2024-09-23T21:10:28,,H2,glazen binnendeur,,,"H2","HH_door_receiver",0.0,"HH2_door_1","closed"
6105,3616,2024-09-23T21:20:23,,H2,glazen binnendeur,,,"H2","HH_door_receiver",0.0,"HH2_door_1","closed"
6106,3616,2024-09-23T21:30:21,,H2,glazen binnendeur,,,"H2","HH_door_receiver",0.0,"HH2_door_1","closed"
6107,3616,2024-09-23T21:40:16,,H2,glazen binnendeur,,,"H2","HH_door_receiver",0.0,"HH2_door_1","closed"
6108,3616,2024-09-23T21:50:13,,H2,glazen binnendeur,,,"H2","HH_door_receiver",0.0,"HH2_door_1","closed"
6109,3616,2024-09-23T22:00:10,,H2,glazen binnendeur,,,"H2","HH_door_receiver",0.0,"HH2_door_1","closed"
6110,3616,2024-09-23T22:10:06,,H2,glazen binnendeur,,,"H2","HH_door_receiver",0.0,"HH2_door_1","closed"
6111,3616,2024-09-23T22:20:01,,H2,glazen binnendeur,,,"H2","HH_door_receiver",0.0,"HH2_door_1","closed"
6112,3616,2024-09-23T22:29:58,,H2,glazen binnendeur,,,"H2","HH_door_receiver",0.0,"HH2_door_1","closed"
6113,3616,2024-09-23T22:39:55,,H2,glazen binnendeur,,,"H2","HH_door_receiver",0.0,"HH2_door_1","closed"
6114,3616,2024-09-23T22:49:51,,H2,glazen binnendeur,,,"H2","HH_door_receiver",0.0,"HH2_door_1","closed"
6115,3616,2024-09-23T22:59:46,,H2,glazen binnendeur,,,"H2","HH_door_receiver",0.0,"HH2_door_1","closed"
6116,3616,2024-09-23T23:09:43,,H2,glazen binnendeur,,,"H2","HH_door_receiver",0.0,"HH2_door_1","closed"
6117,3616,2024-09-23T23:19:38,,H2,glazen binnendeur,,,"H2","HH_door_receiver",0.0,"HH2_door_1","closed"
6118,3616,2024-09-23T23:29:35,,H2,glazen binnendeur,,,"H2","HH_door_receiver",0.0,"HH2_door_1","closed"
6119,3616,2024-09-23T23:39:29,,H2,glazen binnendeur,,,"H2","HH_door_receiver",0.0,"HH2_door_1","closed"
6120,3616,2024-09-23T23:49:24,,H2,glazen binnendeur,,,"H2","HH_door_receiver",0.0,"HH2_door_1","closed"
6121,3616,2024-09-23T23:59:21,,H2,glazen binnendeur,,,"H2","HH_door_receiver",0.0,"HH2_door_1","closed"
6122,3616,2024-09-24T00:09:16,,H2,glazen binnendeur,,,"H2","HH_door_receiver",0.0,"HH2_door_1","closed"
6123,3616,2024-09-24T00:19:13,,H2,glazen binnendeur,,,"H2","HH_door_receiver",0.0,"HH2_door_1","closed"
6124,3616,2024-09-24T00:29:08,,H2,glazen binnendeur,,,"H2","HH_door_receiver",0.0,"HH2_door_1","closed"
6125,3616,2024-09-24T00:39:04,,H2,glazen binnendeur,,,"H2","HH_door_receiver",0.0,"HH2_door_1","closed"
6126,3616,2024-09-24T00:49:03,,H2,glazen binnendeur,,,"H2","HH_door_receiver",0.0,"HH2_door_1","closed"
6127,3616,2024-09-24T00:58:59,,H2,glazen binnendeur,,,"H2","HH_door_receiver",0.0,"HH2_door_1","closed"
6128,3616,2024-09-24T01:08:54,,H2,glazen binnendeur,,,"H2","HH_door_receiver",0.0,"HH2_door_1","closed"
6129,3616,2024-09-24T01:18:53,,H2,glazen binnendeur,,,"H2","HH_door_receiver",0.0,"HH2_door_1","closed"
6130,3616,2024-09-24T01:28:47,,H2,glazen binnendeur,,,"H2","HH_door_receiver",0.0,"HH2_door_1","closed"
6131,3616,2024-09-24T01:38:42,,H2,glazen binnendeur,,,"H2","HH_door_receiver",0.0,"HH2_door_1","closed"
6132,3616,2024-09-24T01:48:40,,H2,glazen binnendeur,,,"H2","HH_door_receiver",0.0,"HH2_door_1","closed"
6133,3616,2024-09-24T01:58:37,,H2,glazen binnendeur,,,"H2","HH_door_receiver",0.0,"HH2_door_1","closed"
6134,3616,2024-09-24T02:08:33,,H2,glazen binnendeur,,,"H2","HH_door_receiver",0.0,"HH2_door_1","closed"
6135,3616,2024-09-24T02:18:29,,H2,glazen binnendeur,,,"H2","HH_door_receiver",0.0,"HH2_door_1","closed"
6136,3616,2024-09-24T02:28:26,,H2,glazen binnendeur,,,"H2","HH_door_receiver",0.0,"HH2_door_1","closed"
6137,3616,2024-09-24T02:38:24,,H2,glazen binnendeur,,,"H2","HH_door_receiver",0.0,"HH2_door_1","closed"
6138,3616,2024-09-24T02:48:18,,H2,glazen binnendeur,,,"H2","HH_door_receiver",0.0,"HH2_door_1","closed"
6139,3616,2024-09-24T02:58:16,,H2,glazen binnendeur,,,"H2","HH_door_receiver",0.0,"HH2_door_1","closed"
6140,3616,2024-09-24T03:08:12,,H2,glazen binnendeur,,,"H2","HH_door_receiver",0.0,"HH2_door_1","closed"
6141,3616,2024-09-24T03:18:10,,H2,glazen binnendeur,,,"H2","HH_door_receiver",0.0,"HH2_door_1","closed"
6142,3616,2024-09-24T03:28:06,,H2,glazen binnendeur,,,"H2","HH_door_receiver",0.0,"HH2_door_1","closed"
6143,3616,2024-09-24T03:38:01,,H2,glazen binnendeur,,,"H2","HH_door_receiver",0.0,"HH2_door_1","closed"
6144,3616,2024-09-24T03:47:58,,H2,glazen binnendeur,,,"H2","HH_door_receiver",0.0,"HH2_door_1","closed"
6145,3616,2024-09-24T03:57:55,,H2,glazen binnendeur,,,"H2","HH_door_receiver",0.0,"HH2_door_1","closed"
6146,3616,2024-09-24T04:07:50,,H2,glazen binnendeur,,,"H2","HH_door_receiver",0.0,"HH2_door_1","closed"
6147,3616,2024-09-24T04:17:47,,H2,glazen binnendeur,,,"H2","HH_door_receiver",0.0,"HH2_door_1","closed"
6148,3616,2024-09-24T04:27:45,,H2,glazen binnendeur,,,"H2","HH_door_receiver",0.0,"HH2_door_1","closed"
6149,3616,2024-09-24T04:37:40,,H2,glazen binnendeur,,,"H2","HH_door_receiver",0.0,"HH2_door_1","closed"
6150,3616,2024-09-24T04:47:38,,H2,glazen binnendeur,,,"H2","HH_door_receiver",0.0,"HH2_door_1","closed"
6151,3616,2024-09-24T04:57:34,,H2,glazen binnendeur,,,"H2","HH_door_receiver",0.0,"HH2_door_1","closed"
6152,3616,2024-09-24T05:07:30,,H2,glazen binnendeur,,,"H2","HH_door_receiver",0.0,"HH2_door_1","closed"
6153,3616,2024-09-24T05:17:25,,H2,glazen binnendeur,,,"H2","HH_door_receiver",0.0,"HH2_door_1","closed"
6154,3616,2024-09-24T05:27:21,,H2,glazen binnendeur,,,"H2","HH_door_receiver",0.0,"HH2_door_1","closed"
6155,3616,2024-09-24T05:37:18,,H2,glazen binnendeur,,,"H2","HH_door_receiver",0.0,"HH2_door_1","closed"
6156,3616,2024-09-24T05:47:15,,H2,glazen binnendeur,,,"H2","HH_door_receiver",0.0,"HH2_door_1","closed"
6157,3616,2024-09-24T05:57:11,,H2,glazen binnendeur,,,"H2","HH_door_receiver",0.0,"HH2_door_1","closed"
6158,3616,2024-09-24T06:07:08,,H2,glazen binnendeur,,,"H2","HH_door_receiver",0.0,"HH2_door_1","closed"
6159,3616,2024-09-24T06:27:04,,H2,glazen binnendeur,,,"H2","HH_door_receiver",0.0,"HH2_door_1","closed"
6160,3616,2024-09-24T06:37:01,,H2,glazen binnendeur,,,"H2","HH_door_receiver",0.0,"HH2_door_1","closed"
6161,3616,2024-09-24T06:46:56,,H2,glazen binnendeur,,,"H2","HH_door_receiver",0.0,"HH2_door_1","closed"
6162,3616,2024-09-24T06:56:55,,H2,glazen binnendeur,,,"H2","HH_door_receiver",0.0,"HH2_door_1","closed"
6163,3616,2024-09-24T07:06:49,,H2,glazen binnendeur,,,"H2","HH_door_receiver",1.0,"HH2_door_1","open"
6164,3616,2024-09-24T07:16:46,,H2,glazen binnendeur,,,"H2","HH_door_receiver",1.0,"HH2_door_1","open"
6165,3616,2024-09-24T07:26:43,,H2,glazen binnendeur,,,"H2","HH_door_receiver",1.0,"HH2_door_1","open"
6166,3616,2024-09-24T07:36:40,,H2,glazen binnendeur,,,"H2","HH_door_receiver",0.0,"HH2_door_1","closed"
6167,3616,2024-09-24T07:46:38,,H2,glazen binnendeur,,,"H2","HH_door_receiver",1.0,"HH2_door_1","open"
6168,3616,2024-09-24T07:56:32,,H2,glazen binnendeur,,,"H2","HH_door_receiver",0.0,"HH2_door_1","closed"
6169,3616,2024-09-24T08:06:30,,H2,glazen binnendeur,,,"H2","HH_door_receiver",0.0,"HH2_door_1","closed"
6170,3616,2024-09-24T08:16:25,,H2,glazen binnendeur,,,"H2","HH_door_receiver",0.0,"HH2_door_1","closed"
6171,3616,2024-09-24T08:26:22,,H2,glazen binnendeur,,,"H2","HH_door_receiver",0.0,"HH2_door_1","closed"
6172,3616,2024-09-24T08:36:18,,H2,glazen binnendeur,,,"H2","HH_door_receiver",0.0,"HH2_door_1","closed"
6173,3616,2024-09-24T08:46:16,,H2,glazen binnendeur,,,"H2","HH_door_receiver",0.0,"HH2_door_1","closed"
6174,3616,2024-09-24T08:56:12,,H2,glazen binnendeur,,,"H2","HH_door_receiver",0.0,"HH2_door_1","closed"
6175,3616,2024-09-24T09:06:07,,H2,glazen binnendeur,,,"H2","HH_door_receiver",0.0,"HH2_door_1","closed"
6176,3616,2024-09-24T09:16:04,,H2,glazen binnendeur,,,"H2","HH_door_receiver",0.0,"HH2_door_1","closed"
6177,3616,2024-09-24T09:26:00,,H2,glazen binnendeur,,,"H2","HH_door_receiver",0.0,"HH2_door_1","closed"
6178,3616,2024-09-24T09:35:59,,H2,glazen binnendeur,,,"H2","HH_door_receiver",0.0,"HH2_door_1","closed"
6179,3616,2024-09-24T09:45:53,,H2,glazen binnendeur,,,"H2","HH_door_receiver",0.0,"HH2_door_1","closed"
6180,3616,2024-09-24T09:55:48,,H2,glazen binnendeur,,,"H2","HH_door_receiver",0.0,"HH2_door_1","closed"
6181,3616,2024-09-24T10:05:43,,H2,glazen binnendeur,,,"H2","HH_door_receiver",0.0,"HH2_door_1","closed"
6182,3616,2024-09-24T10:15:40,,H2,glazen binnendeur,,,"H2","HH_door_receiver",0.0,"HH2_door_1","closed"
6183,3616,2024-09-24T10:25:36,,H2,glazen binnendeur,,,"H2","HH_door_receiver",0.0,"HH2_door_1","closed"
6184,3616,2024-09-24T10:35:32,,H2,glazen binnendeur,,,"H2","HH_door_receiver",0.0,"HH2_door_1","closed"
6185,3616,2024-09-24T10:45:28,,H2,glazen binnendeur,,,"H2","HH_door_receiver",0.0,"HH2_door_1","closed"
6186,3616,2024-09-24T10:55:23,,H2,glazen binnendeur,,,"H2","HH_door_receiver",0.0,"HH2_door_1","closed"
6187,3616,2024-09-24T11:05:19,,H2,glazen binnendeur,,,"H2","HH_door_receiver",0.0,"HH2_door_1","closed"
6188,3616,2024-09-24T11:15:16,,H2,glazen binnendeur,,,"H2","HH_door_receiver",0.0,"HH2_door_1","closed"
6189,3616,2024-09-24T11:25:13,,H2,glazen binnendeur,,,"H2","HH_door_receiver",0.0,"HH2_door_1","closed"
6190,3616,2024-09-24T11:35:10,,H2,glazen binnendeur,,,"H2","HH_door_receiver",0.0,"HH2_door_1","closed"
6191,3616,2024-09-24T11:45:06,,H2,glazen binnendeur,,,"H2","HH_door_receiver",0.0,"HH2_door_1","closed"
6192,3616,2024-09-24T11:55:03,,H2,glazen binnendeur,,,"H2","HH_door_receiver",0.0,"HH2_door_1","closed"
6193,3616,2024-09-24T12:04:59,,H2,glazen binnendeur,,,"H2","HH_door_receiver",0.0,"HH2_door_1","closed"
6194,3616,2024-09-24T12:14:56,,H2,glazen binnendeur,,,"H2","HH_door_receiver",0.0,"HH2_door_1","closed"
6195,3616,2024-09-24T12:24:52,,H2,glazen binnendeur,,,"H2","HH_door_receiver",0.0,"HH2_door_1","closed"
6196,3616,2024-09-24T12:34:48,,H2,glazen binnendeur,,,"H2","HH_door_receiver",0.0,"HH2_door_1","closed"
6197,3616,2024-09-24T12:44:42,,H2,glazen binnendeur,,,"H2","HH_door_receiver",0.0,"HH2_door_1","closed"
6198,3616,2024-09-24T12:54:37,,H2,glazen binnendeur,,,"H2","HH_door_receiver",0.0,"HH2_door_1","closed"
6199,3616,2024-09-24T13:04:34,,H2,glazen binnendeur,,,"H2","HH_door_receiver",0.0,"HH2_door_1","closed"
6200,3616,2024-09-24T13:14:31,,H2,glazen binnendeur,,,"H2","HH_door_receiver",0.0,"HH2_door_1","closed"
6201,3616,2024-09-24T13:34:25,,H2,glazen binnendeur,,,"H2","HH_door_receiver",0.0,"HH2_door_1","closed"
6202,3616,2024-09-24T13:44:21,,H2,glazen binnendeur,,,"H2","HH_door_receiver",0.0,"HH2_door_1","closed"
6203,3616,2024-09-24T13:54:18,,H2,glazen binnendeur,,,"H2","HH_door_receiver",0.0,"HH2_door_1","closed"
6204,3616,2024-09-24T14:04:17,,H2,glazen binnendeur,,,"H2","HH_door_receiver",0.0,"HH2_door_1","closed"
6205,3616,2024-09-24T14:14:12,,H2,glazen binnendeur,,,"H2","HH_door_receiver",0.0,"HH2_door_1","closed"
6206,3616,2024-09-24T14:24:11,,H2,glazen binnendeur,,,"H2","HH_door_receiver",0.0,"HH2_door_1","closed"
6207,3616,2024-09-24T14:34:07,,H2,glazen binnendeur,,,"H2","HH_door_receiver",0.0,"HH2_door_1","closed"
6208,3616,2024-09-24T14:44:02,,H2,glazen binnendeur,,,"H2","HH_door_receiver",0.0,"HH2_door_1","closed"
6209,3616,2024-09-24T14:54:00,,H2,glazen binnendeur,,,"H2","HH_door_receiver",0.0,"HH2_door_1","closed"
6210,3616,2024-09-24T15:03:56,,H2,glazen binnendeur,,,"H2","HH_door_receiver",0.0,"HH2_door_1","closed"
6211,3616,2024-09-24T15:13:52,,H2,glazen binnendeur,,,"H2","HH_door_receiver",0.0,"HH2_door_1","closed"
6212,3616,2024-09-24T15:23:50,,H2,glazen binnendeur,,,"H2","HH_door_receiver",0.0,"HH2_door_1","closed"
6213,3616,2024-09-24T15:33:46,,H2,glazen binnendeur,,,"H2","HH_door_receiver",0.0,"HH2_door_1","closed"
6214,3616,2024-09-24T15:43:43,,H2,glazen binnendeur,,,"H2","HH_door_receiver",0.0,"HH2_door_1","closed"
6215,3616,2024-09-24T15:53:40,,H2,glazen binnendeur,,,"H2","HH_door_receiver",0.0,"HH2_door_1","closed"
6216,3616,2024-09-24T16:03:36,,H2,glazen binnendeur,,,"H2","HH_door_receiver",0.0,"HH2_door_1","closed"
6217,3616,2024-09-24T16:13:34,,H2,glazen binnendeur,,,"H2","HH_door_receiver",0.0,"HH2_door_1","closed"
6218,3616,2024-09-24T16:23:30,,H2,glazen binnendeur,,,"H2","HH_door_receiver",0.0,"HH2_door_1","closed"
6219,3616,2024-09-24T16:33:26,,H2,glazen binnendeur,,,"H2","HH_door_receiver",0.0,"HH2_door_1","closed"
6220,3616,2024-09-24T16:43:22,,H2,glazen binnendeur,,,"H2","HH_door_receiver",0.0,"HH2_door_1","closed"
6221,3616,2024-09-24T16:53:17,,H2,glazen binnendeur,,,"H2","HH_door_receiver",0.0,"HH2_door_1","closed"
6222,3616,2024-09-24T17:03:16,,H2,glazen binnendeur,,,"H2","HH_door_receiver",0.0,"HH2_door_1","closed"
6223,3616,2024-09-24T17:13:12,,H2,glazen binnendeur,,,"H2","HH_door_receiver",0.0,"HH2_door_1","closed"
6224,3616,2024-09-24T17:23:09,,H2,glazen binnendeur,,,"H2","HH_door_receiver",0.0,"HH2_door_1","closed"
6225,3616,2024-09-24T17:33:07,,H2,glazen binnendeur,,,"H2","HH_door_receiver",0.0,"HH2_door_1","closed"
6226,3616,2024-09-24T17:43:03,,H2,glazen binnendeur,,,"H2","HH_door_receiver",1.0,"HH2_door_1","open"
6227,3616,2024-09-24T17:52:59,,H2,glazen binnendeur,,,"H2","HH_door_receiver",0.0,"HH2_door_1","closed"
6228,3616,2024-09-24T18:02:54,,H2,glazen binnendeur,,,"H2","HH_door_receiver",0.0,"HH2_door_1","closed"
6229,3616,2024-09-24T18:12:49,,H2,glazen binnendeur,,,"H2","HH_door_receiver",0.0,"HH2_door_1","closed"
6230,3616,2024-09-24T18:22:45,,H2,glazen binnendeur,,,"H2","HH_door_receiver",0.0,"HH2_door_1","closed"
6231,3616,2024-09-24T18:32:44,,H2,glazen binnendeur,,,"H2","HH_door_receiver",0.0,"HH2_door_1","closed"
6232,3616,2024-09-24T18:42:38,,H2,glazen binnendeur,,,"H2","HH_door_receiver",1.0,"HH2_door_1","open"
6233,3616,2024-09-24T18:52:37,,H2,glazen binnendeur,,,"H2","HH_door_receiver",0.0,"HH2_door_1","closed"
6234,3616,2024-09-24T19:02:35,,H2,glazen binnendeur,,,"H2","HH_door_receiver",0.0,"HH2_door_1","closed"
6235,3616,2024-09-24T19:12:34,,H2,glazen binnendeur,,,"H2","HH_door_receiver",1.0,"HH2_door_1","open"
6236,3616,2024-09-24T19:22:29,,H2,glazen binnendeur,,,"H2","HH_door_receiver",0.0,"HH2_door_1","closed"
6237,3616,2024-09-24T19:32:26,,H2,glazen binnendeur,,,"H2","HH_door_receiver",0.0,"HH2_door_1","closed"
6238,3616,2024-09-24T19:42:21,,H2,glazen binnendeur,,,"H2","HH_door_receiver",0.0,"HH2_door_1","closed"
6239,3616,2024-09-24T19:52:19,,H2,glazen binnendeur,,,"H2","HH_door_receiver",0.0,"HH2_door_1","closed"
6240,3616,2024-09-24T20:02:13,,H2,glazen binnendeur,,,"H2","HH_door_receiver",0.0,"HH2_door_1","closed"
6241,3616,2024-09-24T20:12:10,,H2,glazen binnendeur,,,"H2","HH_door_receiver",0.0,"HH2_door_1","closed"
6242,3616,2024-09-24T20:22:07,,H2,glazen binnendeur,,,"H2","HH_door_receiver",0.0,"HH2_door_1","closed"
6243,3616,2024-09-24T20:32:03,,H2,glazen binnendeur,,,"H2","HH_door_receiver",0.0,"HH2_door_1","closed"
6244,3616,2024-09-24T20:42:00,,H2,glazen binnendeur,,,"H2","HH_door_receiver",0.0,"HH2_door_1","closed"
6245,3616,2024-09-24T20:51:55,,H2,glazen binnendeur,,,"H2","HH_door_receiver",0.0,"HH2_door_1","closed"
6246,3616,2024-09-24T21:01:52,,H2,glazen binnendeur,,,"H2","HH_door_receiver",0.0,"HH2_door_1","closed"
6247,3616,2024-09-24T21:11:51,,H2,glazen binnendeur,,,"H2","HH_door_receiver",0.0,"HH2_door_1","closed"
6248,3616,2024-09-24T21:21:46,,H2,glazen binnendeur,,,"H2","HH_door_receiver",0.0,"HH2_door_1","closed"
6249,3616,2024-09-24T21:31:45,,H2,glazen binnendeur,,,"H2","HH_door_receiver",0.0,"HH2_door_1","closed"
6250,3616,2024-09-24T21:41:40,,H2,glazen binnendeur,,,"H2","HH_door_receiver",0.0,"HH2_door_1","closed"
6251,3616,2024-09-24T21:51:37,,H2,glazen binnendeur,,,"H2","HH_door_receiver",0.0,"HH2_door_1","closed"
6252,3616,2024-09-24T22:01:32,,H2,glazen binnendeur,,,"H2","HH_door_receiver",0.0,"HH2_door_1","closed"
6253,3616,2024-09-24T22:11:26,,H2,glazen binnendeur,,,"H2","HH_door_receiver",0.0,"HH2_door_1","closed"
6254,3616,2024-09-24T22:21:21,,H2,glazen binnendeur,,,"H2","HH_door_receiver",0.0,"HH2_door_1","closed"
6255,3616,2024-09-24T22:31:18,,H2,glazen binnendeur,,,"H2","HH_door_receiver",0.0,"HH2_door_1","closed"
6256,3616,2024-09-24T22:41:12,,H2,glazen binnendeur,,,"H2","HH_door_receiver",0.0,"HH2_door_1","closed"
6257,3616,2024-09-24T22:51:09,,H2,glazen binnendeur,,,"H2","HH_door_receiver",0.0,"HH2_door_1","closed"
6258,3616,2024-09-24T23:01:07,,H2,glazen binnendeur,,,"H2","HH_door_receiver",0.0,"HH2_door_1","closed"
6259,3616,2024-09-24T23:11:03,,H2,glazen binnendeur,,,"H2","HH_door_receiver",0.0,"HH2_door_1","closed"
6260,3616,2024-09-24T23:21:00,,H2,glazen binnendeur,,,"H2","HH_door_receiver",0.0,"HH2_door_1","closed"
6261,3616,2024-09-24T23:30:57,,H2,glazen binnendeur,,,"H2","HH_door_receiver",0.0,"HH2_door_1","closed"
6262,3616,2024-09-24T23:40:54,,H2,glazen binnendeur,,,"H2","HH_door_receiver",0.0,"HH2_door_1","closed"
6263,3616,2024-09-24T23:50:49,,H2,glazen binnendeur,,,"H2","HH_door_receiver",0.0,"HH2_door_1","closed"
6264,3616,2024-09-25T00:00:46,,H2,glazen binnendeur,,,"H2","HH_door_receiver",0.0,"HH2_door_1","closed"
6265,3616,2024-09-25T00:10:50,,H2,glazen binnendeur,,,"H2","HH_door_receiver",0.0,"HH2_door_1","closed"
6266,3616,2024-09-25T00:20:48,,H2,glazen binnendeur,,,"H2","HH_door_receiver",0.0,"HH2_door_1","closed"
6267,3616,2024-09-25T00:30:43,,H2,glazen binnendeur,,,"H2","HH_door_receiver",0.0,"HH2_door_1","closed"
6268,3616,2024-09-25T00:40:42,,H2,glazen binnendeur,,,"H2","HH_door_receiver",0.0,"HH2_door_1","closed"
6269,3616,2024-09-25T00:50:45,,H2,glazen binnendeur,,,"H2","HH_door_receiver",0.0,"HH2_door_1","closed"
6270,3616,2024-09-25T01:00:39,,H2,glazen binnendeur,,,"H2","HH_door_receiver",0.0,"HH2_door_1","closed"
6271,3616,2024-09-25T01:10:34,,H2,glazen binnendeur,,,"H2","HH_door_receiver",0.0,"HH2_door_1","closed"
6272,3616,2024-09-25T01:20:31,,H2,glazen binnendeur,,,"H2","HH_door_receiver",0.0,"HH2_door_1","closed"
6273,3616,2024-09-25T01:30:28,,H2,glazen binnendeur,,,"H2","HH_door_receiver",0.0,"HH2_door_1","closed"
6274,3616,2024-09-25T01:40:22,,H2,glazen binnendeur,,,"H2","HH_door_receiver",0.0,"HH2_door_1","closed"
6275,3616,2024-09-25T01:50:20,,H2,glazen binnendeur,,,"H2","HH_door_receiver",0.0,"HH2_door_1","closed"
6276,3616,2024-09-25T02:00:15,,H2,glazen binnendeur,,,"H2","HH_door_receiver",0.0,"HH2_door_1","closed"
6277,3616,2024-09-25T02:10:10,,H2,glazen binnendeur,,,"H2","HH_door_receiver",0.0,"HH2_door_1","closed"
6278,3616,2024-09-25T02:20:05,,H2,glazen binnendeur,,,"H2","HH_door_receiver",0.0,"HH2_door_1","closed"
6279,3616,2024-09-25T02:29:59,,H2,glazen binnendeur,,,"H2","HH_door_receiver",0.0,"HH2_door_1","closed"
6280,3616,2024-09-25T02:39:56,,H2,glazen binnendeur,,,"H2","HH_door_receiver",0.0,"HH2_door_1","closed"
6281,3616,2024-09-25T02:49:51,,H2,glazen binnendeur,,,"H2","HH_door_receiver",0.0,"HH2_door_1","closed"
6282,3616,2024-09-25T02:59:50,,H2,glazen binnendeur,,,"H2","HH_door_receiver",0.0,"HH2_door_1","closed"
6283,3616,2024-09-25T03:09:46,,H2,glazen binnendeur,,,"H2","HH_door_receiver",0.0,"HH2_door_1","closed"
6284,3616,2024-09-25T03:19:45,,H2,glazen binnendeur,,,"H2","HH_door_receiver",0.0,"HH2_door_1","closed"
6285,3616,2024-09-25T03:29:43,,H2,glazen binnendeur,,,"H2","HH_door_receiver",0.0,"HH2_door_1","closed"
6286,3616,2024-09-25T03:39:41,,H2,glazen binnendeur,,,"H2","HH_door_receiver",0.0,"HH2_door_1","closed"
6287,3616,2024-09-25T03:49:38,,H2,glazen binnendeur,,,"H2","HH_door_receiver",0.0,"HH2_door_1","closed"
6288,3616,2024-09-25T03:59:32,,H2,glazen binnendeur,,,"H2","HH_door_receiver",0.0,"HH2_door_1","closed"
6289,3616,2024-09-25T04:09:29,,H2,glazen binnendeur,,,"H2","HH_door_receiver",0.0,"HH2_door_1","closed"
6290,3616,2024-09-25T04:19:25,,H2,glazen binnendeur,,,"H2","HH_door_receiver",0.0,"HH2_door_1","closed"
6291,3616,2024-09-25T04:29:20,,H2,glazen binnendeur,,,"H2","HH_door_receiver",0.0,"HH2_door_1","closed"
6292,3616,2024-09-25T04:39:17,,H2,glazen binnendeur,,,"H2","HH_door_receiver",0.0,"HH2_door_1","closed"
6293,3616,2024-09-25T04:49:12,,H2,glazen binnendeur,,,"H2","HH_door_receiver",0.0,"HH2_door_1","closed"
6294,3616,2024-09-25T04:59:09,,H2,glazen binnendeur,,,"H2","HH_door_receiver",0.0,"HH2_door_1","closed"
6295,3616,2024-09-25T05:09:07,,H2,glazen binnendeur,,,"H2","HH_door_receiver",0.0,"HH2_door_1","closed"
6296,3616,2024-09-25T05:19:03,,H2,glazen binnendeur,,,"H2","HH_door_receiver",0.0,"HH2_door_1","closed"
6297,3616,2024-09-25T05:28:58,,H2,glazen binnendeur,,,"H2","HH_door_receiver",0.0,"HH2_door_1","closed"
6298,3616,2024-09-25T05:38:55,,H2,glazen binnendeur,,,"H2","HH_door_receiver",0.0,"HH2_door_1","closed"
6299,3616,2024-09-25T05:48:51,,H2,glazen binnendeur,,,"H2","HH_door_receiver",0.0,"HH2_door_1","closed"
6300,3616,2024-09-25T05:58:48,,H2,glazen binnendeur,,,"H2","HH_door_receiver",0.0,"HH2_door_1","closed"
6301,3616,2024-09-25T06:08:45,,H2,glazen binnendeur,,,"H2","HH_door_receiver",0.0,"HH2_door_1","closed"
6302,3616,2024-09-25T06:18:41,,H2,glazen binnendeur,,,"H2","HH_door_receiver",0.0,"HH2_door_1","closed"
6303,3616,2024-09-25T06:28:40,,H2,glazen binnendeur,,,"H2","HH_door_receiver",0.0,"HH2_door_1","closed"
6304,3616,2024-09-25T06:38:38,,H2,glazen binnendeur,,,"H2","HH_door_receiver",0.0,"HH2_door_1","closed"
6305,3616,2024-09-25T06:48:32,,H2,glazen binnendeur,,,"H2","HH_door_receiver",0.0,"HH2_door_1","closed"
6306,3616,2024-09-25T06:58:29,,H2,glazen binnendeur,,,"H2","HH_door_receiver",0.0,"HH2_door_1","closed"
6307,3616,2024-09-25T07:08:26,,H2,glazen binnendeur,,,"H2","HH_door_receiver",1.0,"HH2_door_1","open"
6308,3616,2024-09-25T07:18:21,,H2,glazen binnendeur,,,"H2","HH_door_receiver",1.0,"HH2_door_1","open"
6309,3616,2024-09-25T07:28:20,,H2,glazen binnendeur,,,"H2","HH_door_receiver",1.0,"HH2_door_1","open"
6310,3616,2024-09-25T07:38:16,,H2,glazen binnendeur,,,"H2","HH_door_receiver",0.0,"HH2_door_1","closed"
6311,3616,2024-09-25T07:48:11,,H2,glazen binnendeur,,,"H2","HH_door_receiver",0.0,"HH2_door_1","closed"
6312,3616,2024-09-25T07:58:10,,H2,glazen binnendeur,,,"H2","HH_door_receiver",0.0,"HH2_door_1","closed"
6313,3616,2024-09-25T08:08:05,,H2,glazen binnendeur,,,"H2","HH_door_receiver",0.0,"HH2_door_1","closed"
6314,3616,2024-09-25T08:18:04,,H2,glazen binnendeur,,,"H2","HH_door_receiver",1.0,"HH2_door_1","open"
6315,3616,2024-09-25T08:27:59,,H2,glazen binnendeur,,,"H2","HH_door_receiver",0.0,"HH2_door_1","closed"
6316,3616,2024-09-25T08:37:56,,H2,glazen binnendeur,,,"H2","HH_door_receiver",0.0,"HH2_door_1","closed"
6317,3616,2024-09-25T08:47:53,,H2,glazen binnendeur,,,"H2","HH_door_receiver",0.0,"HH2_door_1","closed"
6318,3616,2024-09-25T08:57:50,,H2,glazen binnendeur,,,"H2","HH_door_receiver",0.0,"HH2_door_1","closed"
6319,3616,2024-09-25T09:07:46,,H2,glazen binnendeur,,,"H2","HH_door_receiver",1.0,"HH2_door_1","open"
6320,3616,2024-09-25T09:17:43,,H2,glazen binnendeur,,,"H2","HH_door_receiver",0.0,"HH2_door_1","closed"
6321,3616,2024-09-25T09:27:40,,H2,glazen binnendeur,,,"H2","HH_door_receiver",0.0,"HH2_door_1","closed"
6322,3616,2024-09-25T09:37:36,,H2,glazen binnendeur,,,"H2","HH_door_receiver",0.0,"HH2_door_1","closed"
6323,3616,2024-09-25T09:47:34,,H2,glazen binnendeur,,,"H2","HH_door_receiver",0.0,"HH2_door_1","closed"
6324,3616,2024-09-25T09:57:28,,H2,glazen binnendeur,,,"H2","HH_door_receiver",0.0,"HH2_door_1","closed"
6325,3616,2024-09-25T10:07:25,,H2,glazen binnendeur,,,"H2","HH_door_receiver",0.0,"HH2_door_1","closed"
6326,3616,2024-09-25T10:17:21,,H2,glazen binnendeur,,,"H2","HH_door_receiver",0.0,"HH2_door_1","closed"
6327,3616,2024-09-25T10:27:17,,H2,glazen binnendeur,,,"H2","HH_door_receiver",0.0,"HH2_door_1","closed"
6328,3616,2024-09-25T10:37:15,,H2,glazen binnendeur,,,"H2","HH_door_receiver",1.0,"HH2_door_1","open"
6329,3616,2024-09-25T10:47:12,,H2,glazen binnendeur,,,"H2","HH_door_receiver",1.0,"HH2_door_1","open"
6330,3616,2024-09-25T10:57:08,,H2,glazen binnendeur,,,"H2","HH_door_receiver",1.0,"HH2_door_1","open"
6331,3616,2024-09-25T11:07:03,,H2,glazen binnendeur,,,"H2","HH_door_receiver",1.0,"HH2_door_1","open"
6332,3616,2024-09-25T11:17:01,,H2,glazen binnendeur,,,"H2","HH_door_receiver",1.0,"HH2_door_1","open"
6333,3616,2024-09-25T11:26:55,,H2,glazen binnendeur,,,"H2","HH_door_receiver",0.0,"HH2_door_1","closed"
6334,3616,2024-09-25T11:36:51,,H2,glazen binnendeur,,,"H2","HH_door_receiver",0.0,"HH2_door_1","closed"
6335,3616,2024-09-25T11:46:48,,H2,glazen binnendeur,,,"H2","HH_door_receiver",0.0,"HH2_door_1","closed"
6336,3616,2024-09-25T11:56:43,,H2,glazen binnendeur,,,"H2","HH_door_receiver",1.0,"HH2_door_1","open"
6337,3616,2024-09-25T12:06:38,,H2,glazen binnendeur,,,"H2","HH_door_receiver",0.0,"HH2_door_1","closed"
6338,3616,2024-09-25T12:16:36,,H2,glazen binnendeur,,,"H2","HH_door_receiver",0.0,"HH2_door_1","closed"
6339,3616,2024-09-25T12:26:35,,H2,glazen binnendeur,,,"H2","HH_door_receiver",1.0,"HH2_door_1","open"
6340,3616,2024-09-25T12:36:29,,H2,glazen binnendeur,,,"H2","HH_door_receiver",1.0,"HH2_door_1","open"
6341,3616,2024-09-25T12:46:27,,H2,glazen binnendeur,,,"H2","HH_door_receiver",0.0,"HH2_door_1","closed"
6342,3616,2024-09-25T12:56:21,,H2,glazen binnendeur,,,"H2","HH_door_receiver",0.0,"HH2_door_1","closed"
6343,3616,2024-09-25T12:56:30,,H2,glazen binnendeur,,,"H2","HH_door_receiver",0.0,"HH2_door_1","closed"
6344,3616,2024-09-25T13:06:28,,H2,glazen binnendeur,,,"H2","HH_door_receiver",0.0,"HH2_door_1","closed"
6345,3616,2024-09-25T13:16:24,,H2,glazen binnendeur,,,"H2","HH_door_receiver",0.0,"HH2_door_1","closed"
6346,3616,2024-09-25T13:26:21,,H2,glazen binnendeur,,,"H2","HH_door_receiver",0.0,"HH2_door_1","closed"
6347,3616,2024-09-25T13:36:17,,H2,glazen binnendeur,,,"H2","HH_door_receiver",0.0,"HH2_door_1","closed"
6348,3616,2024-09-25T13:46:16,,H2,glazen binnendeur,,,"H2","HH_door_receiver",0.0,"HH2_door_1","closed"
6349,3616,2024-09-25T13:56:12,,H2,glazen binnendeur,,,"H2","HH_door_receiver",0.0,"HH2_door_1","closed"
6350,3616,2024-09-25T14:06:09,,H2,glazen binnendeur,,,"H2","HH_door_receiver",1.0,"HH2_door_1","open"
6351,3616,2024-09-25T14:16:07,,H2,glazen binnendeur,,,"H2","HH_door_receiver",0.0,"HH2_door_1","closed"
6352,3616,2024-09-25T14:26:03,,H2,glazen binnendeur,,,"H2","HH_door_receiver",0.0,"HH2_door_1","closed"
6353,3616,2024-09-25T14:36:02,,H2,glazen binnendeur,,,"H2","HH_door_receiver",0.0,"HH2_door_1","closed"
6354,3616,2024-09-25T14:45:57,,H2,glazen binnendeur,,,"H2","HH_door_receiver",0.0,"HH2_door_1","closed"
6355,3616,2024-09-25T14:55:54,,H2,glazen binnendeur,,,"H2","HH_door_receiver",0.0,"HH2_door_1","closed"
6356,3616,2024-09-25T15:05:49,,H2,glazen binnendeur,,,"H2","HH_door_receiver",0.0,"HH2_door_1","closed"
6357,3616,2024-09-25T15:15:44,,H2,glazen binnendeur,,,"H2","HH_door_receiver",0.0,"HH2_door_1","closed"
6358,3616,2024-09-25T15:25:44,,H2,glazen binnendeur,,,"H2","HH_door_receiver",0.0,"HH2_door_1","closed"
6359,3616,2024-09-25T15:35:42,,H2,glazen binnendeur,,,"H2","HH_door_receiver",0.0,"HH2_door_1","closed"
6360,3616,2024-09-25T15:45:40,,H2,glazen binnendeur,,,"H2","HH_door_receiver",0.0,"HH2_door_1","closed"
6361,3616,2024-09-25T15:55:36,,H2,glazen binnendeur,,,"H2","HH_door_receiver",0.0,"HH2_door_1","closed"
6362,3616,2024-09-25T16:05:33,,H2,glazen binnendeur,,,"H2","HH_door_receiver",0.0,"HH2_door_1","closed"
6363,3616,2024-09-25T16:15:30,,H2,glazen binnendeur,,,"H2","HH_door_receiver",1.0,"HH2_door_1","open"
6364,3616,2024-09-25T16:25:25,,H2,glazen binnendeur,,,"H2","HH_door_receiver",1.0,"HH2_door_1","open"
6365,3616,2024-09-25T16:35:21,,H2,glazen binnendeur,,,"H2","HH_door_receiver",1.0,"HH2_door_1","open"
6366,3616,2024-09-25T16:45:18,,H2,glazen binnendeur,,,"H2","HH_door_receiver",0.0,"HH2_door_1","closed"
6367,3616,2024-09-25T16:55:13,,H2,glazen binnendeur,,,"H2","HH_door_receiver",0.0,"HH2_door_1","closed"
6368,3616,2024-09-25T17:05:10,,H2,glazen binnendeur,,,"H2","HH_door_receiver",0.0,"HH2_door_1","closed"
6369,3616,2024-09-25T17:15:07,,H2,glazen binnendeur,,,"H2","HH_door_receiver",1.0,"HH2_door_1","open"
6370,3616,2024-09-25T17:25:03,,H2,glazen binnendeur,,,"H2","HH_door_receiver",1.0,"HH2_door_1","open"
6371,3616,2024-09-25T17:34:59,,H2,glazen binnendeur,,,"H2","HH_door_receiver",1.0,"HH2_door_1","open"
6372,3616,2024-09-25T17:44:55,,H2,glazen binnendeur,,,"H2","HH_door_receiver",1.0,"HH2_door_1","open"
6373,3616,2024-09-25T17:54:52,,H2,glazen binnendeur,,,"H2","HH_door_receiver",1.0,"HH2_door_1","open"
6374,3616,2024-09-25T18:04:47,,H2,glazen binnendeur,,,"H2","HH_door_receiver",1.0,"HH2_door_1","open"
6375,3616,2024-09-25T18:14:42,,H2,glazen binnendeur,,,"H2","HH_door_receiver",1.0,"HH2_door_1","open"
6376,3616,2024-09-25T18:24:39,,H2,glazen binnendeur,,,"H2","HH_door_receiver",1.0,"HH2_door_1","open"
6377,3616,2024-09-25T18:34:36,,H2,glazen binnendeur,,,"H2","HH_door_receiver",0.0,"HH2_door_1","closed"
6378,3616,2024-09-25T18:44:33,,H2,glazen binnendeur,,,"H2","HH_door_receiver",0.0,"HH2_door_1","closed"
6379,3616,2024-09-25T18:54:28,,H2,glazen binnendeur,,,"H2","HH_door_receiver",0.0,"HH2_door_1","closed"
6380,3616,2024-09-25T19:04:24,,H2,glazen binnendeur,,,"H2","HH_door_receiver",0.0,"HH2_door_1","closed"
6381,3616,2024-09-25T19:14:20,,H2,glazen binnendeur,,,"H2","HH_door_receiver",0.0,"HH2_door_1","closed"
6382,3616,2024-09-25T19:24:17,,H2,glazen binnendeur,,,"H2","HH_door_receiver",0.0,"HH2_door_1","closed"
6383,3616,2024-09-25T19:34:12,,H2,glazen binnendeur,,,"H2","HH_door_receiver",1.0,"HH2_door_1","open"
6384,3616,2024-09-25T19:44:08,,H2,glazen binnendeur,,,"H2","HH_door_receiver",0.0,"HH2_door_1","closed"
6385,3616,2024-09-25T19:54:03,,H2,glazen binnendeur,,,"H2","HH_door_receiver",0.0,"HH2_door_1","closed"
6386,3616,2024-09-25T20:03:58,,H2,glazen binnendeur,,,"H2","HH_door_receiver",1.0,"HH2_door_1","open"
6387,3616,2024-09-25T20:13:58,,H2,glazen binnendeur,,,"H2","HH_door_receiver",0.0,"HH2_door_1","closed"
6388,3616,2024-09-25T20:23:52,,H2,glazen binnendeur,,,"H2","HH_door_receiver",0.0,"HH2_door_1","closed"
6389,3616,2024-09-25T20:33:48,,H2,glazen binnendeur,,,"H2","HH_door_receiver",0.0,"HH2_door_1","closed"
6390,3616,2024-09-25T20:43:45,,H2,glazen binnendeur,,,"H2","HH_door_receiver",0.0,"HH2_door_1","closed"
6391,3616,2024-09-25T20:53:41,,H2,glazen binnendeur,,,"H2","HH_door_receiver",0.0,"HH2_door_1","closed"
6392,3616,2024-09-25T21:03:36,,H2,glazen binnendeur,,,"H2","HH_door_receiver",0.0,"HH2_door_1","closed"
6393,3616,2024-09-25T21:13:31,,H2,glazen binnendeur,,,"H2","HH_door_receiver",0.0,"HH2_door_1","closed"
6394,3616,2024-09-25T21:23:28,,H2,glazen binnendeur,,,"H2","HH_door_receiver",0.0,"HH2_door_1","closed"
6395,3616,2024-09-25T21:33:24,,H2,glazen binnendeur,,,"H2","HH_door_receiver",0.0,"HH2_door_1","closed"
6396,3616,2024-09-25T21:43:20,,H2,glazen binnendeur,,,"H2","HH_door_receiver",0.0,"HH2_door_1","closed"
6397,3616,2024-09-25T21:53:16,,H2,glazen binnendeur,,,"H2","HH_door_receiver",0.0,"HH2_door_1","closed"
6398,3616,2024-09-25T22:03:11,,H2,glazen binnendeur,,,"H2","HH_door_receiver",0.0,"HH2_door_1","closed"
6399,3616,2024-09-25T22:13:08,,H2,glazen binnendeur,,,"H2","HH_door_receiver",0.0,"HH2_door_1","closed"
6400,3616,2024-09-25T22:23:05,,H2,glazen binnendeur,,,"H2","HH_door_receiver",0.0,"HH2_door_1","closed"
6401,3616,2024-09-25T22:33:01,,H2,glazen binnendeur,,,"H2","HH_door_receiver",0.0,"HH2_door_1","closed"
6402,3616,2024-09-25T22:42:58,,H2,glazen binnendeur,,,"H2","HH_door_receiver",0.0,"HH2_door_1","closed"
6403,3616,2024-09-25T22:52:56,,H2,glazen binnendeur,,,"H2","HH_door_receiver",0.0,"HH2_door_1","closed"
6404,3616,2024-09-25T23:02:52,,H2,glazen binnendeur,,,"H2","HH_door_receiver",0.0,"HH2_door_1","closed"
6405,3616,2024-09-25T23:12:47,,H2,glazen binnendeur,,,"H2","HH_door_receiver",0.0,"HH2_door_1","closed"
6406,3616,2024-09-25T23:22:46,,H2,glazen binnendeur,,,"H2","HH_door_receiver",0.0,"HH2_door_1","closed"
6407,3616,2024-09-25T23:32:42,,H2,glazen binnendeur,,,"H2","HH_door_receiver",0.0,"HH2_door_1","closed"
6408,3616,2024-09-25T23:42:39,,H2,glazen binnendeur,,,"H2","HH_door_receiver",0.0,"HH2_door_1","closed"
6409,3616,2024-09-25T23:52:34,,H2,glazen binnendeur,,,"H2","HH_door_receiver",0.0,"HH2_door_1","closed"
6410,3616,2024-09-26T00:02:31,,H2,glazen binnendeur,,,"H2","HH_door_receiver",0.0,"HH2_door_1","closed"
6411,3616,2024-09-26T00:12:28,,H2,glazen binnendeur,,,"H2","HH_door_receiver",0.0,"HH2_door_1","closed"
6412,3616,2024-09-26T00:22:24,,H2,glazen binnendeur,,,"H2","HH_door_receiver",0.0,"HH2_door_1","closed"
6413,3616,2024-09-26T00:32:24,,H2,glazen binnendeur,,,"H2","HH_door_receiver",0.0,"HH2_door_1","closed"
6414,3616,2024-09-26T00:42:22,,H2,glazen binnendeur,,,"H2","HH_door_receiver",0.0,"HH2_door_1","closed"
6415,3616,2024-09-26T00:52:18,,H2,glazen binnendeur,,,"H2","HH_door_receiver",0.0,"HH2_door_1","closed"
6416,3616,2024-09-26T01:02:13,,H2,glazen binnendeur,,,"H2","HH_door_receiver",0.0,"HH2_door_1","closed"
6417,3616,2024-09-26T01:12:12,,H2,glazen binnendeur,,,"H2","HH_door_receiver",0.0,"HH2_door_1","closed"
6418,3616,2024-09-26T01:22:08,,H2,glazen binnendeur,,,"H2","HH_door_receiver",0.0,"HH2_door_1","closed"
6419,3616,2024-09-26T01:32:05,,H2,glazen binnendeur,,,"H2","HH_door_receiver",0.0,"HH2_door_1","closed"
6420,3616,2024-09-26T01:42:04,,H2,glazen binnendeur,,,"H2","HH_door_receiver",0.0,"HH2_door_1","closed"
6421,3616,2024-09-26T01:51:58,,H2,glazen binnendeur,,,"H2","HH_door_receiver",0.0,"HH2_door_1","closed"
6422,3616,2024-09-26T02:01:57,,H2,glazen binnendeur,,,"H2","HH_door_receiver",0.0,"HH2_door_1","closed"
6423,3616,2024-09-26T02:11:53,,H2,glazen binnendeur,,,"H2","HH_door_receiver",0.0,"HH2_door_1","closed"
6424,3616,2024-09-26T02:21:51,,H2,glazen binnendeur,,,"H2","HH_door_receiver",0.0,"HH2_door_1","closed"
6425,3616,2024-09-26T02:31:46,,H2,glazen binnendeur,,,"H2","HH_door_receiver",0.0,"HH2_door_1","closed"
6426,3616,2024-09-26T02:41:42,,H2,glazen binnendeur,,,"H2","HH_door_receiver",0.0,"HH2_door_1","closed"
6427,3616,2024-09-26T02:51:41,,H2,glazen binnendeur,,,"H2","HH_door_receiver",0.0,"HH2_door_1","closed"
6428,3616,2024-09-26T03:01:35,,H2,glazen binnendeur,,,"H2","HH_door_receiver",0.0,"HH2_door_1","closed"
6429,3616,2024-09-26T03:11:32,,H2,glazen binnendeur,,,"H2","HH_door_receiver",0.0,"HH2_door_1","closed"
6430,3616,2024-09-26T03:21:30,,H2,glazen binnendeur,,,"H2","HH_door_receiver",0.0,"HH2_door_1","closed"
6431,3616,2024-09-26T03:31:26,,H2,glazen binnendeur,,,"H2","HH_door_receiver",0.0,"HH2_door_1","closed"
6432,3616,2024-09-26T03:41:22,,H2,glazen binnendeur,,,"H2","HH_door_receiver",0.0,"HH2_door_1","closed"
6433,3616,2024-09-26T03:51:19,,H2,glazen binnendeur,,,"H2","HH_door_receiver",0.0,"HH2_door_1","closed"
6434,3616,2024-09-26T04:01:18,,H2,glazen binnendeur,,,"H2","HH_door_receiver",0.0,"HH2_door_1","closed"
6435,3616,2024-09-26T04:11:16,,H2,glazen binnendeur,,,"H2","HH_door_receiver",0.0,"HH2_door_1","closed"
6436,3616,2024-09-26T04:21:12,,H2,glazen binnendeur,,,"H2","HH_door_receiver",0.0,"HH2_door_1","closed"
6437,3616,2024-09-26T04:31:07,,H2,glazen binnendeur,,,"H2","HH_door_receiver",0.0,"HH2_door_1","closed"
6438,3616,2024-09-26T04:41:04,,H2,glazen binnendeur,,,"H2","HH_door_receiver",0.0,"HH2_door_1","closed"
6439,3616,2024-09-26T04:50:59,,H2,glazen binnendeur,,,"H2","HH_door_receiver",0.0,"HH2_door_1","closed"
6440,3616,2024-09-26T05:00:54,,H2,glazen binnendeur,,,"H2","HH_door_receiver",0.0,"HH2_door_1","closed"
6441,3616,2024-09-26T05:10:49,,H2,glazen binnendeur,,,"H2","HH_door_receiver",0.0,"HH2_door_1","closed"
6442,3616,2024-09-26T05:20:44,,H2,glazen binnendeur,,,"H2","HH_door_receiver",0.0,"HH2_door_1","closed"
6443,3616,2024-09-26T05:30:41,,H2,glazen binnendeur,,,"H2","HH_door_receiver",0.0,"HH2_door_1","closed"
6444,3616,2024-09-26T05:40:40,,H2,glazen binnendeur,,,"H2","HH_door_receiver",0.0,"HH2_door_1","closed"
6445,3616,2024-09-26T05:50:38,,H2,glazen binnendeur,,,"H2","HH_door_receiver",0.0,"HH2_door_1","closed"
6446,3616,2024-09-26T06:00:33,,H2,glazen binnendeur,,,"H2","HH_door_receiver",0.0,"HH2_door_1","closed"
6447,3616,2024-09-26T06:10:28,,H2,glazen binnendeur,,,"H2","HH_door_receiver",0.0,"HH2_door_1","closed"
6448,3616,2024-09-26T06:20:24,,H2,glazen binnendeur,,,"H2","HH_door_receiver",0.0,"HH2_door_1","closed"
6449,3616,2024-09-26T06:30:23,,H2,glazen binnendeur,,,"H2","HH_door_receiver",0.0,"HH2_door_1","closed"
6450,3616,2024-09-26T06:40:19,,H2,glazen binnendeur,,,"H2","HH_door_receiver",0.0,"HH2_door_1","closed"
6451,3616,2024-09-26T06:50:16,,H2,glazen binnendeur,,,"H2","HH_door_receiver",0.0,"HH2_door_1","closed"
6452,3616,2024-09-26T07:00:13,,H2,glazen binnendeur,,,"H2","HH_door_receiver",0.0,"HH2_door_1","closed"
6453,3616,2024-09-26T07:10:08,,H2,glazen binnendeur,,,"H2","HH_door_receiver",1.0,"HH2_door_1","open"
6454,3616,2024-09-26T07:20:04,,H2,glazen binnendeur,,,"H2","HH_door_receiver",1.0,"HH2_door_1","open"
6455,3616,2024-09-26T07:30:01,,H2,glazen binnendeur,,,"H2","HH_door_receiver",1.0,"HH2_door_1","open"
6456,3616,2024-09-26T07:39:56,,H2,glazen binnendeur,,,"H2","HH_door_receiver",1.0,"HH2_door_1","open"
6457,3616,2024-09-26T07:49:53,,H2,glazen binnendeur,,,"H2","HH_door_receiver",1.0,"HH2_door_1","open"
6458,3616,2024-09-26T07:59:47,,H2,glazen binnendeur,,,"H2","HH_door_receiver",1.0,"HH2_door_1","open"
6459,3616,2024-09-26T08:09:42,,H2,glazen binnendeur,,,"H2","HH_door_receiver",1.0,"HH2_door_1","open"
6460,3616,2024-09-26T08:19:37,,H2,glazen binnendeur,,,"H2","HH_door_receiver",0.0,"HH2_door_1","closed"
6461,3616,2024-09-26T08:29:34,,H2,glazen binnendeur,,,"H2","HH_door_receiver",0.0,"HH2_door_1","closed"
6462,3616,2024-09-26T08:39:31,,H2,glazen binnendeur,,,"H2","HH_door_receiver",0.0,"HH2_door_1","closed"
6463,3616,2024-09-26T08:49:27,,H2,glazen binnendeur,,,"H2","HH_door_receiver",0.0,"HH2_door_1","closed"
6464,3616,2024-09-26T08:59:23,,H2,glazen binnendeur,,,"H2","HH_door_receiver",0.0,"HH2_door_1","closed"
6465,3616,2024-09-26T09:09:18,,H2,glazen binnendeur,,,"H2","HH_door_receiver",0.0,"HH2_door_1","closed"
6466,3616,2024-09-26T09:19:14,,H2,glazen binnendeur,,,"H2","HH_door_receiver",0.0,"HH2_door_1","closed"
6467,3616,2024-09-26T09:29:09,,H2,glazen binnendeur,,,"H2","HH_door_receiver",0.0,"HH2_door_1","closed"
6468,3616,2024-09-26T09:39:06,,H2,glazen binnendeur,,,"H2","HH_door_receiver",0.0,"HH2_door_1","closed"
6469,3616,2024-09-26T09:49:01,,H2,glazen binnendeur,,,"H2","HH_door_receiver",0.0,"HH2_door_1","closed"
6470,3616,2024-09-26T09:58:59,,H2,glazen binnendeur,,,"H2","HH_door_receiver",0.0,"HH2_door_1","closed"
6471,3616,2024-09-26T10:08:59,,H2,glazen binnendeur,,,"H2","HH_door_receiver",0.0,"HH2_door_1","closed"
6472,3616,2024-09-26T10:18:55,,H2,glazen binnendeur,,,"H2","HH_door_receiver",0.0,"HH2_door_1","closed"
6473,3616,2024-09-26T10:28:49,,H2,glazen binnendeur,,,"H2","HH_door_receiver",0.0,"HH2_door_1","closed"
6474,3616,2024-09-26T10:38:44,,H2,glazen binnendeur,,,"H2","HH_door_receiver",0.0,"HH2_door_1","closed"
6475,3616,2024-09-26T10:48:40,,H2,glazen binnendeur,,,"H2","HH_door_receiver",0.0,"HH2_door_1","closed"
6476,3616,2024-09-26T10:58:36,,H2,glazen binnendeur,,,"H2","HH_door_receiver",0.0,"HH2_door_1","closed"
6477,3616,2024-09-26T11:08:35,,H2,glazen binnendeur,,,"H2","HH_door_receiver",0.0,"HH2_door_1","closed"
6478,3616,2024-09-26T11:18:29,,H2,glazen binnendeur,,,"H2","HH_door_receiver",1.0,"HH2_door_1","open"
6479,3616,2024-09-26T11:28:25,,H2,glazen binnendeur,,,"H2","HH_door_receiver",1.0,"HH2_door_1","open"
6480,3616,2024-09-26T11:38:20,,H2,glazen binnendeur,,,"H2","HH_door_receiver",1.0,"HH2_door_1","open"
6481,3616,2024-09-26T11:48:17,,H2,glazen binnendeur,,,"H2","HH_door_receiver",1.0,"HH2_door_1","open"
6482,3616,2024-09-26T11:58:13,,H2,glazen binnendeur,,,"H2","HH_door_receiver",1.0,"HH2_door_1","open"
6483,3616,2024-09-26T12:08:10,,H2,glazen binnendeur,,,"H2","HH_door_receiver",1.0,"HH2_door_1","open"
6484,3616,2024-09-26T12:18:09,,H2,glazen binnendeur,,,"H2","HH_door_receiver",1.0,"HH2_door_1","open"
6485,3616,2024-09-26T12:28:03,,H2,glazen binnendeur,,,"H2","HH_door_receiver",1.0,"HH2_door_1","open"
6486,3616,2024-09-26T12:37:58,,H2,glazen binnendeur,,,"H2","HH_door_receiver",1.0,"HH2_door_1","open"
6487,3616,2024-09-26T12:47:55,,H2,glazen binnendeur,,,"H2","HH_door_receiver",1.0,"HH2_door_1","open"
6488,3616,2024-09-26T12:57:54,,H2,glazen binnendeur,,,"H2","HH_door_receiver",1.0,"HH2_door_1","open"
6489,3616,2024-09-26T13:07:52,,H2,glazen binnendeur,,,"H2","HH_door_receiver",1.0,"HH2_door_1","open"
6490,3616,2024-09-26T13:17:48,,H2,glazen binnendeur,,,"H2","HH_door_receiver",1.0,"HH2_door_1","open"
6491,3616,2024-09-26T13:27:45,,H2,glazen binnendeur,,,"H2","HH_door_receiver",1.0,"HH2_door_1","open"
6492,3616,2024-09-26T13:37:42,,H2,glazen binnendeur,,,"H2","HH_door_receiver",1.0,"HH2_door_1","open"
6493,3616,2024-09-26T13:47:39,,H2,glazen binnendeur,,,"H2","HH_door_receiver",1.0,"HH2_door_1","open"
6494,3616,2024-09-26T13:57:35,,H2,glazen binnendeur,,,"H2","HH_door_receiver",1.0,"HH2_door_1","open"
6495,3616,2024-09-26T14:07:32,,H2,glazen binnendeur,,,"H2","HH_door_receiver",1.0,"HH2_door_1","open"
6496,3616,2024-09-26T14:17:29,,H2,glazen binnendeur,,,"H2","HH_door_receiver",1.0,"HH2_door_1","open"
6497,3616,2024-09-26T14:27:25,,H2,glazen binnendeur,,,"H2","HH_door_receiver",1.0,"HH2_door_1","open"
6498,3616,2024-09-26T14:37:20,,H2,glazen binnendeur,,,"H2","HH_door_receiver",1.0,"HH2_door_1","open"
6499,3616,2024-09-26T14:47:14,,H2,glazen binnendeur,,,"H2","HH_door_receiver",1.0,"HH2_door_1","open"
6500,3616,2024-09-26T14:57:11,,H2,glazen binnendeur,,,"H2","HH_door_receiver",1.0,"HH2_door_1","open"
6501,3616,2024-09-26T15:07:06,,H2,glazen binnendeur,,,"H2","HH_door_receiver",0.0,"HH2_door_1","closed"
6502,3616,2024-09-26T15:17:03,,H2,glazen binnendeur,,,"H2","HH_door_receiver",0.0,"HH2_door_1","closed"
6503,3616,2024-09-26T15:26:59,,H2,glazen binnendeur,,,"H2","HH_door_receiver",0.0,"HH2_door_1","closed"
6504,3616,2024-09-26T15:36:56,,H2,glazen binnendeur,,,"H2","HH_door_receiver",1.0,"HH2_door_1","open"
6505,3616,2024-09-26T15:46:52,,H2,glazen binnendeur,,,"H2","HH_door_receiver",1.0,"HH2_door_1","open"
6506,3616,2024-09-26T15:56:49,,H2,glazen binnendeur,,,"H2","HH_door_receiver",1.0,"HH2_door_1","open"
6507,3616,2024-09-26T16:06:43,,H2,glazen binnendeur,,,"H2","HH_door_receiver",1.0,"HH2_door_1","open"
6508,3616,2024-09-26T16:16:43,,H2,glazen binnendeur,,,"H2","HH_door_receiver",1.0,"HH2_door_1","open"
6509,3616,2024-09-26T16:26:37,,H2,glazen binnendeur,,,"H2","HH_door_receiver",1.0,"HH2_door_1","open"
6510,3616,2024-09-26T16:36:32,,H2,glazen binnendeur,,,"H2","HH_door_receiver",1.0,"HH2_door_1","open"
6511,3616,2024-09-26T16:46:29,,H2,glazen binnendeur,,,"H2","HH_door_receiver",1.0,"HH2_door_1","open"
6512,3616,2024-09-26T16:56:24,,H2,glazen binnendeur,,,"H2","HH_door_receiver",1.0,"HH2_door_1","open"
6513,3616,2024-09-26T17:06:22,,H2,glazen binnendeur,,,"H2","HH_door_receiver",1.0,"HH2_door_1","open"
6514,3616,2024-09-26T17:16:19,,H2,glazen binnendeur,,,"H2","HH_door_receiver",1.0,"HH2_door_1","open"
6515,3616,2024-09-26T17:26:16,,H2,glazen binnendeur,,,"H2","HH_door_receiver",1.0,"HH2_door_1","open"
6516,3616,2024-09-26T17:36:13,,H2,glazen binnendeur,,,"H2","HH_door_receiver",1.0,"HH2_door_1","open"
6517,3616,2024-09-26T17:46:09,,H2,glazen binnendeur,,,"H2","HH_door_receiver",1.0,"HH2_door_1","open"
6518,3616,2024-09-26T17:56:06,,H2,glazen binnendeur,,,"H2","HH_door_receiver",1.0,"HH2_door_1","open"
6519,3616,2024-09-26T18:06:04,,H2,glazen binnendeur,,,"H2","HH_door_receiver",0.0,"HH2_door_1","closed"
6520,3616,2024-09-26T18:15:58,,H2,glazen binnendeur,,,"H2","HH_door_receiver",0.0,"HH2_door_1","closed"
6521,3616,2024-09-26T18:25:54,,H2,glazen binnendeur,,,"H2","HH_door_receiver",0.0,"HH2_door_1","closed"
6522,3616,2024-09-26T18:35:51,,H2,glazen binnendeur,,,"H2","HH_door_receiver",0.0,"HH2_door_1","closed"
6523,3616,2024-09-26T18:45:48,,H2,glazen binnendeur,,,"H2","HH_door_receiver",0.0,"HH2_door_1","closed"
6524,3616,2024-09-26T18:55:42,,H2,glazen binnendeur,,,"H2","HH_door_receiver",0.0,"HH2_door_1","closed"
6525,3616,2024-09-26T19:05:39,,H2,glazen binnendeur,,,"H2","HH_door_receiver",0.0,"HH2_door_1","closed"
6526,3616,2024-09-26T19:15:36,,H2,glazen binnendeur,,,"H2","HH_door_receiver",0.0,"HH2_door_1","closed"
6527,3616,2024-09-26T19:25:33,,H2,glazen binnendeur,,,"H2","HH_door_receiver",1.0,"HH2_door_1","open"
6528,3616,2024-09-26T19:35:33,,H2,glazen binnendeur,,,"H2","HH_door_receiver",0.0,"HH2_door_1","closed"
6529,3616,2024-09-26T19:45:28,,H2,glazen binnendeur,,,"H2","HH_door_receiver",0.0,"HH2_door_1","closed"
6530,3616,2024-09-26T19:55:24,,H2,glazen binnendeur,,,"H2","HH_door_receiver",0.0,"HH2_door_1","closed"
6531,3616,2024-09-26T20:05:21,,H2,glazen binnendeur,,,"H2","HH_door_receiver",0.0,"HH2_door_1","closed"
6532,3616,2024-09-26T20:15:17,,H2,glazen binnendeur,,,"H2","HH_door_receiver",1.0,"HH2_door_1","open"
6533,3616,2024-09-26T20:25:13,,H2,glazen binnendeur,,,"H2","HH_door_receiver",1.0,"HH2_door_1","open"
6534,3616,2024-09-26T20:35:09,,H2,glazen binnendeur,,,"H2","HH_door_receiver",1.0,"HH2_door_1","open"
6535,3616,2024-09-26T20:45:06,,H2,glazen binnendeur,,,"H2","HH_door_receiver",1.0,"HH2_door_1","open"
6536,3616,2024-09-26T20:55:03,,H2,glazen binnendeur,,,"H2","HH_door_receiver",0.0,"HH2_door_1","closed"
6537,3616,2024-09-26T21:05:02,,H2,glazen binnendeur,,,"H2","HH_door_receiver",0.0,"HH2_door_1","closed"
6538,3616,2024-09-26T21:14:56,,H2,glazen binnendeur,,,"H2","HH_door_receiver",0.0,"HH2_door_1","closed"
6539,3616,2024-09-26T21:24:53,,H2,glazen binnendeur,,,"H2","HH_door_receiver",0.0,"HH2_door_1","closed"
6540,3616,2024-09-26T21:34:52,,H2,glazen binnendeur,,,"H2","HH_door_receiver",0.0,"HH2_door_1","closed"
6541,3616,2024-09-26T21:44:48,,H2,glazen binnendeur,,,"H2","HH_door_receiver",0.0,"HH2_door_1","closed"
6542,3616,2024-09-26T21:54:43,,H2,glazen binnendeur,,,"H2","HH_door_receiver",0.0,"HH2_door_1","closed"
6543,3616,2024-09-26T22:04:41,,H2,glazen binnendeur,,,"H2","HH_door_receiver",0.0,"HH2_door_1","closed"
6544,3616,2024-09-26T22:14:38,,H2,glazen binnendeur,,,"H2","HH_door_receiver",0.0,"HH2_door_1","closed"
6545,3616,2024-09-26T22:24:36,,H2,glazen binnendeur,,,"H2","HH_door_receiver",0.0,"HH2_door_1","closed"
6546,3616,2024-09-26T22:34:30,,H2,glazen binnendeur,,,"H2","HH_door_receiver",0.0,"HH2_door_1","closed"
6547,3616,2024-09-26T22:44:26,,H2,glazen binnendeur,,,"H2","HH_door_receiver",0.0,"HH2_door_1","closed"
6548,3616,2024-09-26T22:54:24,,H2,glazen binnendeur,,,"H2","HH_door_receiver",0.0,"HH2_door_1","closed"
6549,3616,2024-09-26T23:04:20,,H2,glazen binnendeur,,,"H2","HH_door_receiver",0.0,"HH2_door_1","closed"
6550,3616,2024-09-26T23:14:17,,H2,glazen binnendeur,,,"H2","HH_door_receiver",0.0,"HH2_door_1","closed"
6551,3616,2024-09-26T23:24:15,,H2,glazen binnendeur,,,"H2","HH_door_receiver",0.0,"HH2_door_1","closed"
6552,3616,2024-09-26T23:34:12,,H2,glazen binnendeur,,,"H2","HH_door_receiver",0.0,"HH2_door_1","closed"
6553,3616,2024-09-26T23:44:07,,H2,glazen binnendeur,,,"H2","HH_door_receiver",0.0,"HH2_door_1","closed"
6554,3616,2024-09-26T23:44:17,,H2,glazen binnendeur,,,"H2","HH_door_receiver",0.0,"HH2_door_1","closed"
6555,3616,2024-09-26T23:54:11,,H2,glazen binnendeur,,,"H2","HH_door_receiver",0.0,"HH2_door_1","closed"
6556,3616,2024-09-27T00:04:08,,H2,glazen binnendeur,,,"H2","HH_door_receiver",0.0,"HH2_door_1","closed"
6557,3616,2024-09-27T00:14:03,,H2,glazen binnendeur,,,"H2","HH_door_receiver",0.0,"HH2_door_1","closed"
6558,3616,2024-09-27T00:23:59,,H2,glazen binnendeur,,,"H2","HH_door_receiver",0.0,"HH2_door_1","closed"
6559,3616,2024-09-27T00:33:54,,H2,glazen binnendeur,,,"H2","HH_door_receiver",0.0,"HH2_door_1","closed"
6560,3616,2024-09-27T00:43:49,,H2,glazen binnendeur,,,"H2","HH_door_receiver",0.0,"HH2_door_1","closed"
6561,3616,2024-09-27T00:53:44,,H2,glazen binnendeur,,,"H2","HH_door_receiver",0.0,"HH2_door_1","closed"
6562,3616,2024-09-27T01:03:41,,H2,glazen binnendeur,,,"H2","HH_door_receiver",0.0,"HH2_door_1","closed"
6563,3616,2024-09-27T01:13:39,,H2,glazen binnendeur,,,"H2","HH_door_receiver",0.0,"HH2_door_1","closed"
6564,3616,2024-09-27T01:23:35,,H2,glazen binnendeur,,,"H2","HH_door_receiver",0.0,"HH2_door_1","closed"
6565,3616,2024-09-27T01:33:32,,H2,glazen binnendeur,,,"H2","HH_door_receiver",0.0,"HH2_door_1","closed"
6566,3616,2024-09-27T01:43:29,,H2,glazen binnendeur,,,"H2","HH_door_receiver",0.0,"HH2_door_1","closed"
6567,3616,2024-09-27T01:53:24,,H2,glazen binnendeur,,,"H2","HH_door_receiver",0.0,"HH2_door_1","closed"
6568,3616,2024-09-27T02:03:21,,H2,glazen binnendeur,,,"H2","HH_door_receiver",0.0,"HH2_door_1","closed"
6569,3616,2024-09-27T02:13:16,,H2,glazen binnendeur,,,"H2","HH_door_receiver",0.0,"HH2_door_1","closed"
6570,3616,2024-09-27T02:23:12,,H2,glazen binnendeur,,,"H2","HH_door_receiver",0.0,"HH2_door_1","closed"
6571,3616,2024-09-27T02:33:08,,H2,glazen binnendeur,,,"H2","HH_door_receiver",0.0,"HH2_door_1","closed"
6572,3616,2024-09-27T02:43:05,,H2,glazen binnendeur,,,"H2","HH_door_receiver",0.0,"HH2_door_1","closed"
6573,3616,2024-09-27T02:53:00,,H2,glazen binnendeur,,,"H2","HH_door_receiver",0.0,"HH2_door_1","closed"
6574,3616,2024-09-27T03:02:57,,H2,glazen binnendeur,,,"H2","HH_door_receiver",0.0,"HH2_door_1","closed"
6575,3616,2024-09-27T03:12:53,,H2,glazen binnendeur,,,"H2","HH_door_receiver",0.0,"HH2_door_1","closed"
6576,3616,2024-09-27T03:22:48,,H2,glazen binnendeur,,,"H2","HH_door_receiver",0.0,"HH2_door_1","closed"
6577,3616,2024-09-27T03:32:44,,H2,glazen binnendeur,,,"H2","HH_door_receiver",0.0,"HH2_door_1","closed"
6578,3616,2024-09-27T03:42:40,,H2,glazen binnendeur,,,"H2","HH_door_receiver",0.0,"HH2_door_1","closed"
6579,3616,2024-09-27T03:52:37,,H2,glazen binnendeur,,,"H2","HH_door_receiver",0.0,"HH2_door_1","closed"
6580,3616,2024-09-27T04:02:33,,H2,glazen binnendeur,,,"H2","HH_door_receiver",0.0,"HH2_door_1","closed"
6581,3616,2024-09-27T04:12:29,,H2,glazen binnendeur,,,"H2","HH_door_receiver",0.0,"HH2_door_1","closed"
6582,3616,2024-09-27T04:22:26,,H2,glazen binnendeur,,,"H2","HH_door_receiver",0.0,"HH2_door_1","closed"
6583,3616,2024-09-27T04:32:23,,H2,glazen binnendeur,,,"H2","HH_door_receiver",0.0,"HH2_door_1","closed"
6584,3616,2024-09-27T04:42:20,,H2,glazen binnendeur,,,"H2","HH_door_receiver",0.0,"HH2_door_1","closed"
6585,3616,2024-09-27T04:52:16,,H2,glazen binnendeur,,,"H2","HH_door_receiver",0.0,"HH2_door_1","closed"
6586,3616,2024-09-27T05:02:15,,H2,glazen binnendeur,,,"H2","HH_door_receiver",0.0,"HH2_door_1","closed"
6587,3616,2024-09-27T05:12:13,,H2,glazen binnendeur,,,"H2","HH_door_receiver",0.0,"HH2_door_1","closed"
6588,3616,2024-09-27T05:22:07,,H2,glazen binnendeur,,,"H2","HH_door_receiver",0.0,"HH2_door_1","closed"
6589,3616,2024-09-27T05:32:04,,H2,glazen binnendeur,,,"H2","HH_door_receiver",0.0,"HH2_door_1","closed"
6590,3616,2024-09-27T05:42:01,,H2,glazen binnendeur,,,"H2","HH_door_receiver",0.0,"HH2_door_1","closed"
6591,3616,2024-09-27T05:51:59,,H2,glazen binnendeur,,,"H2","HH_door_receiver",0.0,"HH2_door_1","closed"
6592,3616,2024-09-27T06:01:55,,H2,glazen binnendeur,,,"H2","HH_door_receiver",0.0,"HH2_door_1","closed"
6593,3616,2024-09-27T06:11:54,,H2,glazen binnendeur,,,"H2","HH_door_receiver",0.0,"HH2_door_1","closed"
6594,3616,2024-09-27T06:21:48,,H2,glazen binnendeur,,,"H2","HH_door_receiver",0.0,"HH2_door_1","closed"
6595,3616,2024-09-27T06:31:45,,H2,glazen binnendeur,,,"H2","HH_door_receiver",0.0,"HH2_door_1","closed"
6596,3616,2024-09-27T06:41:41,,H2,glazen binnendeur,,,"H2","HH_door_receiver",0.0,"HH2_door_1","closed"
6597,3616,2024-09-27T06:51:38,,H2,glazen binnendeur,,,"H2","HH_door_receiver",0.0,"HH2_door_1","closed"
6598,3616,2024-09-27T07:01:32,,H2,glazen binnendeur,,,"H2","HH_door_receiver",0.0,"HH2_door_1","closed"
6599,3616,2024-09-27T07:11:30,,H2,glazen binnendeur,,,"H2","HH_door_receiver",1.0,"HH2_door_1","open"
6600,3616,2024-09-27T07:21:26,,H2,glazen binnendeur,,,"H2","HH_door_receiver",1.0,"HH2_door_1","open"
6601,3616,2024-09-27T07:31:24,,H2,glazen binnendeur,,,"H2","HH_door_receiver",1.0,"HH2_door_1","open"
6602,3616,2024-09-27T07:41:21,,H2,glazen binnendeur,,,"H2","HH_door_receiver",1.0,"HH2_door_1","open"
6603,3616,2024-09-27T07:51:17,,H2,glazen binnendeur,,,"H2","HH_door_receiver",0.0,"HH2_door_1","closed"
6604,3616,2024-09-27T08:01:12,,H2,glazen binnendeur,,,"H2","HH_door_receiver",0.0,"HH2_door_1","closed"
6605,3616,2024-09-27T08:11:10,,H2,glazen binnendeur,,,"H2","HH_door_receiver",0.0,"HH2_door_1","closed"
6606,3616,2024-09-27T08:21:08,,H2,glazen binnendeur,,,"H2","HH_door_receiver",1.0,"HH2_door_1","open"
6607,3616,2024-09-27T08:31:02,,H2,glazen binnendeur,,,"H2","HH_door_receiver",1.0,"HH2_door_1","open"
6608,3616,2024-09-27T08:40:58,,H2,glazen binnendeur,,,"H2","HH_door_receiver",0.0,"HH2_door_1","closed"
6609,3616,2024-09-27T08:50:57,,H2,glazen binnendeur,,,"H2","HH_door_receiver",0.0,"HH2_door_1","closed"
6610,3616,2024-09-27T09:00:54,,H2,glazen binnendeur,,,"H2","HH_door_receiver",0.0,"HH2_door_1","closed"
6611,3616,2024-09-27T09:10:51,,H2,glazen binnendeur,,,"H2","HH_door_receiver",0.0,"HH2_door_1","closed"
6612,3616,2024-09-27T09:20:48,,H2,glazen binnendeur,,,"H2","HH_door_receiver",0.0,"HH2_door_1","closed"
6613,3616,2024-09-27T09:30:45,,H2,glazen binnendeur,,,"H2","HH_door_receiver",1.0,"HH2_door_1","open"
6614,3616,2024-09-27T09:40:44,,H2,glazen binnendeur,,,"H2","HH_door_receiver",1.0,"HH2_door_1","open"
6615,3616,2024-09-27T09:50:40,,H2,glazen binnendeur,,,"H2","HH_door_receiver",0.0,"HH2_door_1","closed"
6616,3616,2024-09-27T10:00:39,,H2,glazen binnendeur,,,"H2","HH_door_receiver",0.0,"HH2_door_1","closed"
6617,3616,2024-09-27T10:10:36,,H2,glazen binnendeur,,,"H2","HH_door_receiver",0.0,"HH2_door_1","closed"
6618,3616,2024-09-27T10:20:30,,H2,glazen binnendeur,,,"H2","HH_door_receiver",0.0,"HH2_door_1","closed"
6619,3616,2024-09-27T10:30:26,,H2,glazen binnendeur,,,"H2","HH_door_receiver",0.0,"HH2_door_1","closed"
6620,3616,2024-09-27T10:40:22,,H2,glazen binnendeur,,,"H2","HH_door_receiver",0.0,"HH2_door_1","closed"
6621,3616,2024-09-27T10:50:19,,H2,glazen binnendeur,,,"H2","HH_door_receiver",0.0,"HH2_door_1","closed"
6622,3616,2024-09-27T11:00:14,,H2,glazen binnendeur,,,"H2","HH_door_receiver",0.0,"HH2_door_1","closed"
6623,3616,2024-09-27T11:10:11,,H2,glazen binnendeur,,,"H2","HH_door_receiver",0.0,"HH2_door_1","closed"
6624,3616,2024-09-27T11:20:08,,H2,glazen binnendeur,,,"H2","HH_door_receiver",1.0,"HH2_door_1","open"
6625,3616,2024-09-27T11:30:05,,H2,glazen binnendeur,,,"H2","HH_door_receiver",0.0,"HH2_door_1","closed"
6626,3616,2024-09-27T11:40:02,,H2,glazen binnendeur,,,"H2","HH_door_receiver",0.0,"HH2_door_1","closed"
6627,3616,2024-09-27T11:49:58,,H2,glazen binnendeur,,,"H2","HH_door_receiver",0.0,"HH2_door_1","closed"
6628,3616,2024-09-27T11:59:55,,H2,glazen binnendeur,,,"H2","HH_door_receiver",0.0,"HH2_door_1","closed"
6629,3616,2024-09-27T12:09:51,,H2,glazen binnendeur,,,"H2","HH_door_receiver",0.0,"HH2_door_1","closed"
6630,3616,2024-09-27T12:19:48,,H2,glazen binnendeur,,,"H2","HH_door_receiver",0.0,"HH2_door_1","closed"
6631,3616,2024-09-27T12:29:47,,H2,glazen binnendeur,,,"H2","HH_door_receiver",0.0,"HH2_door_1","closed"
6632,3616,2024-09-27T12:39:42,,H2,glazen binnendeur,,,"H2","HH_door_receiver",0.0,"HH2_door_1","closed"
6633,3616,2024-09-27T12:49:37,,H2,glazen binnendeur,,,"H2","HH_door_receiver",0.0,"HH2_door_1","closed"
6634,3616,2024-09-27T12:59:32,,H2,glazen binnendeur,,,"H2","HH_door_receiver",0.0,"HH2_door_1","closed"
6635,3616,2024-09-27T13:09:29,,H2,glazen binnendeur,,,"H2","HH_door_receiver",1.0,"HH2_door_1","open"
6636,3616,2024-09-27T13:19:26,,H2,glazen binnendeur,,,"H2","HH_door_receiver",0.0,"HH2_door_1","closed"
6637,3616,2024-09-27T13:29:25,,H2,glazen binnendeur,,,"H2","HH_door_receiver",0.0,"HH2_door_1","closed"
6638,3616,2024-09-27T13:39:21,,H2,glazen binnendeur,,,"H2","HH_door_receiver",0.0,"HH2_door_1","closed"
6639,3616,2024-09-27T13:49:19,,H2,glazen binnendeur,,,"H2","HH_door_receiver",0.0,"HH2_door_1","closed"
6640,3616,2024-09-27T13:59:14,,H2,glazen binnendeur,,,"H2","HH_door_receiver",0.0,"HH2_door_1","closed"
6641,3616,2024-09-27T14:09:09,,H2,glazen binnendeur,,,"H2","HH_door_receiver",0.0,"HH2_door_1","closed"
6642,3616,2024-09-27T14:19:06,,H2,glazen binnendeur,,,"H2","HH_door_receiver",0.0,"HH2_door_1","closed"
6643,3616,2024-09-27T14:29:04,,H2,glazen binnendeur,,,"H2","HH_door_receiver",0.0,"HH2_door_1","closed"
6644,3616,2024-09-27T14:38:59,,H2,glazen binnendeur,,,"H2","HH_door_receiver",0.0,"HH2_door_1","closed"
6645,3616,2024-09-27T14:48:56,,H2,glazen binnendeur,,,"H2","HH_door_receiver",0.0,"HH2_door_1","closed"
6646,3616,2024-09-27T14:58:52,,H2,glazen binnendeur,,,"H2","HH_door_receiver",1.0,"HH2_door_1","open"
6647,3616,2024-09-27T15:08:49,,H2,glazen binnendeur,,,"H2","HH_door_receiver",0.0,"HH2_door_1","closed"
6648,3616,2024-09-27T15:18:45,,H2,glazen binnendeur,,,"H2","HH_door_receiver",0.0,"HH2_door_1","closed"
6649,3616,2024-09-27T15:28:41,,H2,glazen binnendeur,,,"H2","HH_door_receiver",0.0,"HH2_door_1","closed"
6650,3616,2024-09-27T15:38:38,,H2,glazen binnendeur,,,"H2","HH_door_receiver",0.0,"HH2_door_1","closed"
6651,3616,2024-09-27T15:48:36,,H2,glazen binnendeur,,,"H2","HH_door_receiver",0.0,"HH2_door_1","closed"
6652,3616,2024-09-27T15:58:31,,H2,glazen binnendeur,,,"H2","HH_door_receiver",0.0,"HH2_door_1","closed"
6653,3616,2024-09-27T16:08:28,,H2,glazen binnendeur,,,"H2","HH_door_receiver",0.0,"HH2_door_1","closed"
6654,3616,2024-09-27T16:18:24,,H2,glazen binnendeur,,,"H2","HH_door_receiver",0.0,"HH2_door_1","closed"
6655,3616,2024-09-27T16:28:20,,H2,glazen binnendeur,,,"H2","HH_door_receiver",0.0,"HH2_door_1","closed"
6656,3616,2024-09-27T16:38:16,,H2,glazen binnendeur,,,"H2","HH_door_receiver",0.0,"HH2_door_1","closed"
6657,3616,2024-09-27T16:48:13,,H2,glazen binnendeur,,,"H2","HH_door_receiver",1.0,"HH2_door_1","open"
6658,3616,2024-09-27T16:58:09,,H2,glazen binnendeur,,,"H2","HH_door_receiver",0.0,"HH2_door_1","closed"
6659,3616,2024-09-27T17:08:06,,H2,glazen binnendeur,,,"H2","HH_door_receiver",0.0,"HH2_door_1","closed"
6660,3616,2024-09-27T17:18:02,,H2,glazen binnendeur,,,"H2","HH_door_receiver",0.0,"HH2_door_1","closed"
6661,3616,2024-09-27T17:28:00,,H2,glazen binnendeur,,,"H2","HH_door_receiver",0.0,"HH2_door_1","closed"
6662,3616,2024-09-27T17:37:56,,H2,glazen binnendeur,,,"H2","HH_door_receiver",0.0,"HH2_door_1","closed"
6663,3616,2024-09-27T17:47:52,,H2,glazen binnendeur,,,"H2","HH_door_receiver",0.0,"HH2_door_1","closed"
6664,3616,2024-09-27T17:57:51,,H2,glazen binnendeur,,,"H2","HH_door_receiver",0.0,"HH2_door_1","closed"
6665,3616,2024-09-27T18:07:48,,H2,glazen binnendeur,,,"H2","HH_door_receiver",0.0,"HH2_door_1","closed"
6666,3616,2024-09-27T18:17:44,,H2,glazen binnendeur,,,"H2","HH_door_receiver",1.0,"HH2_door_1","open"
6667,3616,2024-09-27T18:27:41,,H2,glazen binnendeur,,,"H2","HH_door_receiver",0.0,"HH2_door_1","closed"
6668,3616,2024-09-27T18:37:39,,H2,glazen binnendeur,,,"H2","HH_door_receiver",0.0,"HH2_door_1","closed"
6669,3616,2024-09-27T18:37:46,,H2,glazen binnendeur,,,"H2","HH_door_receiver",0.0,"HH2_door_1","closed"
6670,3616,2024-09-27T18:47:40,,H2,glazen binnendeur,,,"H2","HH_door_receiver",0.0,"HH2_door_1","closed"
6671,3616,2024-09-27T18:57:35,,H2,glazen binnendeur,,,"H2","HH_door_receiver",0.0,"HH2_door_1","closed"
6672,3616,2024-09-27T19:07:32,,H2,glazen binnendeur,,,"H2","HH_door_receiver",0.0,"HH2_door_1","closed"
6673,3616,2024-09-27T19:17:29,,H2,glazen binnendeur,,,"H2","HH_door_receiver",0.0,"HH2_door_1","closed"
6674,3616,2024-09-27T19:27:23,,H2,glazen binnendeur,,,"H2","HH_door_receiver",0.0,"HH2_door_1","closed"
6675,3616,2024-09-27T19:37:22,,H2,glazen binnendeur,,,"H2","HH_door_receiver",0.0,"HH2_door_1","closed"
6676,3616,2024-09-27T19:47:21,,H2,glazen binnendeur,,,"H2","HH_door_receiver",0.0,"HH2_door_1","closed"
6677,3616,2024-09-27T19:57:17,,H2,glazen binnendeur,,,"H2","HH_door_receiver",0.0,"HH2_door_1","closed"
6678,3616,2024-09-27T20:07:12,,H2,glazen binnendeur,,,"H2","HH_door_receiver",0.0,"HH2_door_1","closed"
6679,3616,2024-09-27T20:17:06,,H2,glazen binnendeur,,,"H2","HH_door_receiver",0.0,"HH2_door_1","closed"
6680,3616,2024-09-27T20:27:03,,H2,glazen binnendeur,,,"H2","HH_door_receiver",1.0,"HH2_door_1","open"
6681,3616,2024-09-27T20:36:59,,H2,glazen binnendeur,,,"H2","HH_door_receiver",0.0,"HH2_door_1","closed"
6682,3616,2024-09-27T20:46:58,,H2,glazen binnendeur,,,"H2","HH_door_receiver",0.0,"HH2_door_1","closed"
6683,3616,2024-09-27T20:56:53,,H2,glazen binnendeur,,,"H2","HH_door_receiver",0.0,"HH2_door_1","closed"
6684,3616,2024-09-27T21:06:52,,H2,glazen binnendeur,,,"H2","HH_door_receiver",0.0,"HH2_door_1","closed"
6685,3616,2024-09-27T21:16:46,,H2,glazen binnendeur,,,"H2","HH_door_receiver",0.0,"HH2_door_1","closed"
6686,3616,2024-09-27T21:26:41,,H2,glazen binnendeur,,,"H2","HH_door_receiver",0.0,"HH2_door_1","closed"
6687,3616,2024-09-27T21:36:35,,H2,glazen binnendeur,,,"H2","HH_door_receiver",0.0,"HH2_door_1","closed"
6688,3616,2024-09-27T21:46:32,,H2,glazen binnendeur,,,"H2","HH_door_receiver",0.0,"HH2_door_1","closed"
6689,3616,2024-09-27T21:56:36,,H2,glazen binnendeur,,,"H2","HH_door_receiver",0.0,"HH2_door_1","closed"
6690,3616,2024-09-27T22:06:33,,H2,glazen binnendeur,,,"H2","HH_door_receiver",0.0,"HH2_door_1","closed"
6691,3616,2024-09-27T22:16:29,,H2,glazen binnendeur,,,"H2","HH_door_receiver",0.0,"HH2_door_1","closed"
6692,3616,2024-09-27T22:26:23,,H2,glazen binnendeur,,,"H2","HH_door_receiver",0.0,"HH2_door_1","closed"
6693,3616,2024-09-27T22:36:20,,H2,glazen binnendeur,,,"H2","HH_door_receiver",0.0,"HH2_door_1","closed"
6694,3616,2024-09-27T22:46:17,,H2,glazen binnendeur,,,"H2","HH_door_receiver",0.0,"HH2_door_1","closed"
6695,3616,2024-09-27T22:56:14,,H2,glazen binnendeur,,,"H2","HH_door_receiver",0.0,"HH2_door_1","closed"
6696,3616,2024-09-27T23:06:10,,H2,glazen binnendeur,,,"H2","HH_door_receiver",0.0,"HH2_door_1","closed"
6697,3616,2024-09-27T23:16:07,,H2,glazen binnendeur,,,"H2","HH_door_receiver",0.0,"HH2_door_1","closed"
6698,3616,2024-09-27T23:26:05,,H2,glazen binnendeur,,,"H2","HH_door_receiver",0.0,"HH2_door_1","closed"
6699,3616,2024-09-27T23:36:00,,H2,glazen binnendeur,,,"H2","HH_door_receiver",0.0,"HH2_door_1","closed"
6700,3616,2024-09-27T23:45:55,,H2,glazen binnendeur,,,"H2","HH_door_receiver",0.0,"HH2_door_1","closed"
6701,3616,2024-09-27T23:55:52,,H2,glazen binnendeur,,,"H2","HH_door_receiver",0.0,"HH2_door_1","closed"
6702,3616,2024-09-28T00:05:47,,H2,glazen binnendeur,,,"H2","HH_door_receiver",0.0,"HH2_door_1","closed"
6703,3616,2024-09-28T00:15:42,,H2,glazen binnendeur,,,"H2","HH_door_receiver",0.0,"HH2_door_1","closed"
6704,3616,2024-09-28T00:25:39,,H2,glazen binnendeur,,,"H2","HH_door_receiver",0.0,"HH2_door_1","closed"
6705,3616,2024-09-28T00:35:36,,H2,glazen binnendeur,,,"H2","HH_door_receiver",0.0,"HH2_door_1","closed"
6706,3616,2024-09-28T00:45:33,,H2,glazen binnendeur,,,"H2","HH_door_receiver",0.0,"HH2_door_1","closed"
6707,3616,2024-09-28T00:55:27,,H2,glazen binnendeur,,,"H2","HH_door_receiver",0.0,"HH2_door_1","closed"
6708,3616,2024-09-28T01:05:24,,H2,glazen binnendeur,,,"H2","HH_door_receiver",0.0,"HH2_door_1","closed"
6709,3616,2024-09-28T01:15:20,,H2,glazen binnendeur,,,"H2","HH_door_receiver",0.0,"HH2_door_1","closed"
6710,3616,2024-09-28T01:25:16,,H2,glazen binnendeur,,,"H2","HH_door_receiver",0.0,"HH2_door_1","closed"
6711,3616,2024-09-28T01:35:13,,H2,glazen binnendeur,,,"H2","HH_door_receiver",0.0,"HH2_door_1","closed"
6712,3616,2024-09-28T01:45:09,,H2,glazen binnendeur,,,"H2","HH_door_receiver",0.0,"HH2_door_1","closed"
6713,3616,2024-09-28T01:55:04,,H2,glazen binnendeur,,,"H2","HH_door_receiver",0.0,"HH2_door_1","closed"
6714,3616,2024-09-28T02:04:59,,H2,glazen binnendeur,,,"H2","HH_door_receiver",0.0,"HH2_door_1","closed"
6715,3616,2024-09-28T02:14:56,,H2,glazen binnendeur,,,"H2","HH_door_receiver",0.0,"HH2_door_1","closed"
6716,3616,2024-09-28T02:24:53,,H2,glazen binnendeur,,,"H2","HH_door_receiver",0.0,"HH2_door_1","closed"
6717,3616,2024-09-28T02:34:52,,H2,glazen binnendeur,,,"H2","HH_door_receiver",0.0,"HH2_door_1","closed"
6718,3616,2024-09-28T02:44:50,,H2,glazen binnendeur,,,"H2","HH_door_receiver",0.0,"HH2_door_1","closed"
6719,3616,2024-09-28T02:54:45,,H2,glazen binnendeur,,,"H2","HH_door_receiver",0.0,"HH2_door_1","closed"
6720,3616,2024-09-28T03:04:40,,H2,glazen binnendeur,,,"H2","HH_door_receiver",0.0,"HH2_door_1","closed"
6721,3616,2024-09-28T03:14:39,,H2,glazen binnendeur,,,"H2","HH_door_receiver",0.0,"HH2_door_1","closed"
6722,3616,2024-09-28T03:24:35,,H2,glazen binnendeur,,,"H2","HH_door_receiver",0.0,"HH2_door_1","closed"
6723,3616,2024-09-28T03:34:31,,H2,glazen binnendeur,,,"H2","HH_door_receiver",0.0,"HH2_door_1","closed"
6724,3616,2024-09-28T03:44:28,,H2,glazen binnendeur,,,"H2","HH_door_receiver",0.0,"HH2_door_1","closed"
6725,3616,2024-09-28T03:54:26,,H2,glazen binnendeur,,,"H2","HH_door_receiver",0.0,"HH2_door_1","closed"
6726,3616,2024-09-28T04:04:20,,H2,glazen binnendeur,,,"H2","HH_door_receiver",0.0,"HH2_door_1","closed"
6727,3616,2024-09-28T04:14:16,,H2,glazen binnendeur,,,"H2","HH_door_receiver",0.0,"HH2_door_1","closed"
6728,3616,2024-09-28T04:24:11,,H2,glazen binnendeur,,,"H2","HH_door_receiver",0.0,"HH2_door_1","closed"
6729,3616,2024-09-28T04:34:08,,H2,glazen binnendeur,,,"H2","HH_door_receiver",0.0,"HH2_door_1","closed"
6730,3616,2024-09-28T04:44:04,,H2,glazen binnendeur,,,"H2","HH_door_receiver",0.0,"HH2_door_1","closed"
6731,3616,2024-09-28T04:54:03,,H2,glazen binnendeur,,,"H2","HH_door_receiver",0.0,"HH2_door_1","closed"
6732,3616,2024-09-28T05:03:59,,H2,glazen binnendeur,,,"H2","HH_door_receiver",0.0,"HH2_door_1","closed"
6733,3616,2024-09-28T05:13:54,,H2,glazen binnendeur,,,"H2","HH_door_receiver",0.0,"HH2_door_1","closed"
6734,3616,2024-09-28T05:23:49,,H2,glazen binnendeur,,,"H2","HH_door_receiver",0.0,"HH2_door_1","closed"
6735,3616,2024-09-28T05:33:46,,H2,glazen binnendeur,,,"H2","HH_door_receiver",0.0,"HH2_door_1","closed"
6736,3616,2024-09-28T05:43:42,,H2,glazen binnendeur,,,"H2","HH_door_receiver",0.0,"HH2_door_1","closed"
6737,3616,2024-09-28T05:53:39,,H2,glazen binnendeur,,,"H2","HH_door_receiver",0.0,"HH2_door_1","closed"
6738,3616,2024-09-28T06:03:35,,H2,glazen binnendeur,,,"H2","HH_door_receiver",0.0,"HH2_door_1","closed"
6739,3616,2024-09-28T06:13:33,,H2,glazen binnendeur,,,"H2","HH_door_receiver",0.0,"HH2_door_1","closed"
6740,3616,2024-09-28T06:23:27,,H2,glazen binnendeur,,,"H2","HH_door_receiver",0.0,"HH2_door_1","closed"
6741,3616,2024-09-28T06:33:24,,H2,glazen binnendeur,,,"H2","HH_door_receiver",0.0,"HH2_door_1","closed"
6742,3616,2024-09-28T06:43:18,,H2,glazen binnendeur,,,"H2","HH_door_receiver",0.0,"HH2_door_1","closed"
6743,3616,2024-09-28T06:53:15,,H2,glazen binnendeur,,,"H2","HH_door_receiver",0.0,"HH2_door_1","closed"
6744,3616,2024-09-28T07:03:11,,H2,glazen binnendeur,,,"H2","HH_door_receiver",0.0,"HH2_door_1","closed"
6745,3616,2024-09-28T07:13:06,,H2,glazen binnendeur,,,"H2","HH_door_receiver",0.0,"HH2_door_1","closed"
6746,3616,2024-09-28T07:23:03,,H2,glazen binnendeur,,,"H2","HH_door_receiver",0.0,"HH2_door_1","closed"
6747,3616,2024-09-28T07:32:57,,H2,glazen binnendeur,,,"H2","HH_door_receiver",0.0,"HH2_door_1","closed"
6748,3616,2024-09-28T07:42:52,,H2,glazen binnendeur,,,"H2","HH_door_receiver",0.0,"HH2_door_1","closed"
6749,3616,2024-09-28T07:52:47,,H2,glazen binnendeur,,,"H2","HH_door_receiver",0.0,"HH2_door_1","closed"
6750,3616,2024-09-28T08:02:46,,H2,glazen binnendeur,,,"H2","HH_door_receiver",0.0,"HH2_door_1","closed"
6751,3616,2024-09-28T08:12:40,,H2,glazen binnendeur,,,"H2","HH_door_receiver",0.0,"HH2_door_1","closed"
6752,3616,2024-09-28T08:22:37,,H2,glazen binnendeur,,,"H2","HH_door_receiver",1.0,"HH2_door_1","open"
6753,3616,2024-09-28T08:32:36,,H2,glazen binnendeur,,,"H2","HH_door_receiver",0.0,"HH2_door_1","closed"
6754,3616,2024-09-28T08:42:31,,H2,glazen binnendeur,,,"H2","HH_door_receiver",0.0,"HH2_door_1","closed"
6755,3616,2024-09-28T08:52:28,,H2,glazen binnendeur,,,"H2","HH_door_receiver",0.0,"HH2_door_1","closed"
6756,3616,2024-09-28T09:02:25,,H2,glazen binnendeur,,,"H2","HH_door_receiver",0.0,"HH2_door_1","closed"
6757,3616,2024-09-28T09:12:20,,H2,glazen binnendeur,,,"H2","HH_door_receiver",0.0,"HH2_door_1","closed"
6758,3616,2024-09-28T09:22:16,,H2,glazen binnendeur,,,"H2","HH_door_receiver",0.0,"HH2_door_1","closed"
6759,3616,2024-09-28T09:32:14,,H2,glazen binnendeur,,,"H2","HH_door_receiver",0.0,"HH2_door_1","closed"
6760,3616,2024-09-28T09:42:10,,H2,glazen binnendeur,,,"H2","HH_door_receiver",0.0,"HH2_door_1","closed"
6761,3616,2024-09-28T09:52:07,,H2,glazen binnendeur,,,"H2","HH_door_receiver",1.0,"HH2_door_1","open"
6762,3616,2024-09-28T10:02:04,,H2,glazen binnendeur,,,"H2","HH_door_receiver",0.0,"HH2_door_1","closed"
6763,3616,2024-09-28T10:12:00,,H2,glazen binnendeur,,,"H2","HH_door_receiver",0.0,"HH2_door_1","closed"
6764,3616,2024-09-28T10:21:55,,H2,glazen binnendeur,,,"H2","HH_door_receiver",1.0,"HH2_door_1","open"
6765,3616,2024-09-28T10:41:46,,H2,glazen binnendeur,,,"H2","HH_door_receiver",0.0,"HH2_door_1","closed"
6766,3616,2024-09-28T10:51:41,,H2,glazen binnendeur,,,"H2","HH_door_receiver",1.0,"HH2_door_1","open"
6767,3616,2024-09-28T11:01:39,,H2,glazen binnendeur,,,"H2","HH_door_receiver",0.0,"HH2_door_1","closed"
6768,3616,2024-09-28T11:11:34,,H2,glazen binnendeur,,,"H2","HH_door_receiver",0.0,"HH2_door_1","closed"
6769,3616,2024-09-28T11:21:33,,H2,glazen binnendeur,,,"H2","HH_door_receiver",0.0,"HH2_door_1","closed"
6770,3616,2024-09-28T11:31:27,,H2,glazen binnendeur,,,"H2","HH_door_receiver",0.0,"HH2_door_1","closed"
6771,3616,2024-09-28T11:41:24,,H2,glazen binnendeur,,,"H2","HH_door_receiver",0.0,"HH2_door_1","closed"
6772,3616,2024-09-28T11:51:19,,H2,glazen binnendeur,,,"H2","HH_door_receiver",0.0,"HH2_door_1","closed"
6773,3616,2024-09-28T12:01:16,,H2,glazen binnendeur,,,"H2","HH_door_receiver",1.0,"HH2_door_1","open"
6774,3616,2024-09-28T12:11:14,,H2,glazen binnendeur,,,"H2","HH_door_receiver",1.0,"HH2_door_1","open"
6775,3616,2024-09-28T12:21:08,,H2,glazen binnendeur,,,"H2","HH_door_receiver",0.0,"HH2_door_1","closed"
6776,3616,2024-09-28T12:31:04,,H2,glazen binnendeur,,,"H2","HH_door_receiver",0.0,"HH2_door_1","closed"
6777,3616,2024-09-28T12:40:59,,H2,glazen binnendeur,,,"H2","HH_door_receiver",0.0,"HH2_door_1","closed"
6778,3616,2024-09-28T12:50:56,,H2,glazen binnendeur,,,"H2","HH_door_receiver",0.0,"HH2_door_1","closed"
6779,3616,2024-09-28T13:00:53,,H2,glazen binnendeur,,,"H2","HH_door_receiver",0.0,"HH2_door_1","closed"
6780,3616,2024-09-28T13:10:49,,H2,glazen binnendeur,,,"H2","HH_door_receiver",1.0,"HH2_door_1","open"
6781,3616,2024-09-28T13:20:46,,H2,glazen binnendeur,,,"H2","HH_door_receiver",1.0,"HH2_door_1","open"
6782,3616,2024-09-28T13:30:42,,H2,glazen binnendeur,,,"H2","HH_door_receiver",1.0,"HH2_door_1","open"
6783,3616,2024-09-28T13:40:42,,H2,glazen binnendeur,,,"H2","HH_door_receiver",0.0,"HH2_door_1","closed"
6784,3616,2024-09-28T13:50:38,,H2,glazen binnendeur,,,"H2","HH_door_receiver",1.0,"HH2_door_1","open"
6785,3616,2024-09-28T14:00:33,,H2,glazen binnendeur,,,"H2","HH_door_receiver",1.0,"HH2_door_1","open"
6786,3616,2024-09-28T14:10:30,,H2,glazen binnendeur,,,"H2","HH_door_receiver",0.0,"HH2_door_1","closed"
6787,3616,2024-09-28T14:20:25,,H2,glazen binnendeur,,,"H2","HH_door_receiver",0.0,"HH2_door_1","closed"
6788,3616,2024-09-28T14:30:22,,H2,glazen binnendeur,,,"H2","HH_door_receiver",0.0,"HH2_door_1","closed"
6789,3616,2024-09-28T14:40:19,,H2,glazen binnendeur,,,"H2","HH_door_receiver",0.0,"HH2_door_1","closed"
6790,3616,2024-09-28T14:50:14,,H2,glazen binnendeur,,,"H2","HH_door_receiver",0.0,"HH2_door_1","closed"
6791,3616,2024-09-28T15:00:13,,H2,glazen binnendeur,,,"H2","HH_door_receiver",0.0,"HH2_door_1","closed"
6792,3616,2024-09-28T15:10:07,,H2,glazen binnendeur,,,"H2","HH_door_receiver",0.0,"HH2_door_1","closed"
6793,3616,2024-09-28T15:30:02,,H2,glazen binnendeur,,,"H2","HH_door_receiver",0.0,"HH2_door_1","closed"
6794,3616,2024-09-28T15:40:00,,H2,glazen binnendeur,,,"H2","HH_door_receiver",1.0,"HH2_door_1","open"
6795,3616,2024-09-28T15:49:55,,H2,glazen binnendeur,,,"H2","HH_door_receiver",0.0,"HH2_door_1","closed"
6796,3616,2024-09-28T16:09:50,,H2,glazen binnendeur,,,"H2","HH_door_receiver",0.0,"HH2_door_1","closed"
6797,3616,2024-09-28T16:19:47,,H2,glazen binnendeur,,,"H2","HH_door_receiver",0.0,"HH2_door_1","closed"
6798,3616,2024-09-28T16:29:43,,H2,glazen binnendeur,,,"H2","HH_door_receiver",1.0,"HH2_door_1","open"
6799,3616,2024-09-28T16:39:38,,H2,glazen binnendeur,,,"H2","HH_door_receiver",0.0,"HH2_door_1","closed"
6800,3616,2024-09-28T16:49:33,,H2,glazen binnendeur,,,"H2","HH_door_receiver",1.0,"HH2_door_1","open"
6801,3616,2024-09-28T16:59:30,,H2,glazen binnendeur,,,"H2","HH_door_receiver",1.0,"HH2_door_1","open"
6802,3616,2024-09-28T17:09:27,,H2,glazen binnendeur,,,"H2","HH_door_receiver",1.0,"HH2_door_1","open"
6803,3616,2024-09-28T17:19:22,,H2,glazen binnendeur,,,"H2","HH_door_receiver",1.0,"HH2_door_1","open"
6804,3616,2024-09-28T17:29:17,,H2,glazen binnendeur,,,"H2","HH_door_receiver",0.0,"HH2_door_1","closed"
6805,3616,2024-09-28T17:39:12,,H2,glazen binnendeur,,,"H2","HH_door_receiver",0.0,"HH2_door_1","closed"
6806,3616,2024-09-28T17:49:06,,H2,glazen binnendeur,,,"H2","HH_door_receiver",0.0,"HH2_door_1","closed"
6807,3616,2024-09-28T17:59:03,,H2,glazen binnendeur,,,"H2","HH_door_receiver",0.0,"HH2_door_1","closed"
6808,3616,2024-09-28T18:08:58,,H2,glazen binnendeur,,,"H2","HH_door_receiver",0.0,"HH2_door_1","closed"
6809,3616,2024-09-28T18:19:00,,H2,glazen binnendeur,,,"H2","HH_door_receiver",0.0,"HH2_door_1","closed"
6810,3616,2024-09-28T18:28:55,,H2,glazen binnendeur,,,"H2","HH_door_receiver",0.0,"HH2_door_1","closed"
6811,3616,2024-09-28T18:38:54,,H2,glazen binnendeur,,,"H2","HH_door_receiver",1.0,"HH2_door_1","open"
6812,3616,2024-09-28T18:48:50,,H2,glazen binnendeur,,,"H2","HH_door_receiver",0.0,"HH2_door_1","closed"
6813,3616,2024-09-28T18:58:47,,H2,glazen binnendeur,,,"H2","HH_door_receiver",0.0,"HH2_door_1","closed"
6814,3616,2024-09-28T19:08:44,,H2,glazen binnendeur,,,"H2","HH_door_receiver",0.0,"HH2_door_1","closed"
6815,3616,2024-09-28T19:18:40,,H2,glazen binnendeur,,,"H2","HH_door_receiver",0.0,"HH2_door_1","closed"
6816,3616,2024-09-28T19:28:37,,H2,glazen binnendeur,,,"H2","HH_door_receiver",0.0,"HH2_door_1","closed"
6817,3616,2024-09-28T19:38:32,,H2,glazen binnendeur,,,"H2","HH_door_receiver",0.0,"HH2_door_1","closed"
6818,3616,2024-09-28T19:48:28,,H2,glazen binnendeur,,,"H2","HH_door_receiver",0.0,"HH2_door_1","closed"
6819,3616,2024-09-28T19:58:23,,H2,glazen binnendeur,,,"H2","HH_door_receiver",0.0,"HH2_door_1","closed"
6820,3616,2024-09-28T20:08:21,,H2,glazen binnendeur,,,"H2","HH_door_receiver",0.0,"HH2_door_1","closed"
6821,3616,2024-09-28T20:18:18,,H2,glazen binnendeur,,,"H2","HH_door_receiver",0.0,"HH2_door_1","closed"
6822,3616,2024-09-28T20:28:13,,H2,glazen binnendeur,,,"H2","HH_door_receiver",0.0,"HH2_door_1","closed"
6823,3616,2024-09-28T20:38:08,,H2,glazen binnendeur,,,"H2","HH_door_receiver",0.0,"HH2_door_1","closed"
6824,3616,2024-09-28T20:48:04,,H2,glazen binnendeur,,,"H2","HH_door_receiver",0.0,"HH2_door_1","closed"
6825,3616,2024-09-28T20:58:00,,H2,glazen binnendeur,,,"H2","HH_door_receiver",0.0,"HH2_door_1","closed"
6826,3616,2024-09-28T21:07:56,,H2,glazen binnendeur,,,"H2","HH_door_receiver",0.0,"HH2_door_1","closed"
6827,3616,2024-09-28T21:17:53,,H2,glazen binnendeur,,,"H2","HH_door_receiver",0.0,"HH2_door_1","closed"
6828,3616,2024-09-28T21:27:50,,H2,glazen binnendeur,,,"H2","HH_door_receiver",0.0,"HH2_door_1","closed"
6829,3616,2024-09-28T21:37:46,,H2,glazen binnendeur,,,"H2","HH_door_receiver",1.0,"HH2_door_1","open"
6830,3616,2024-09-28T21:47:44,,H2,glazen binnendeur,,,"H2","HH_door_receiver",1.0,"HH2_door_1","open"
6831,3616,2024-09-28T21:57:41,,H2,glazen binnendeur,,,"H2","HH_door_receiver",0.0,"HH2_door_1","closed"
6832,3616,2024-09-28T22:07:37,,H2,glazen binnendeur,,,"H2","HH_door_receiver",0.0,"HH2_door_1","closed"
6833,3616,2024-09-28T22:17:32,,H2,glazen binnendeur,,,"H2","HH_door_receiver",0.0,"HH2_door_1","closed"
6834,3616,2024-09-28T22:27:29,,H2,glazen binnendeur,,,"H2","HH_door_receiver",0.0,"HH2_door_1","closed"
6835,3616,2024-09-28T22:37:24,,H2,glazen binnendeur,,,"H2","HH_door_receiver",0.0,"HH2_door_1","closed"
6836,3616,2024-09-28T22:57:17,,H2,glazen binnendeur,,,"H2","HH_door_receiver",0.0,"HH2_door_1","closed"
6837,3616,2024-09-28T23:07:12,,H2,glazen binnendeur,,,"H2","HH_door_receiver",0.0,"HH2_door_1","closed"
6838,3616,2024-09-28T23:17:10,,H2,glazen binnendeur,,,"H2","HH_door_receiver",0.0,"HH2_door_1","closed"
6839,3616,2024-09-28T23:27:05,,H2,glazen binnendeur,,,"H2","HH_door_receiver",0.0,"HH2_door_1","closed"
6840,3616,2024-09-28T23:37:03,,H2,glazen binnendeur,,,"H2","HH_door_receiver",0.0,"HH2_door_1","closed"
6841,3616,2024-09-28T23:46:59,,H2,glazen binnendeur,,,"H2","HH_door_receiver",0.0,"HH2_door_1","closed"
6842,3616,2024-09-28T23:56:55,,H2,glazen binnendeur,,,"H2","HH_door_receiver",0.0,"HH2_door_1","closed"
6843,3616,2024-09-29T00:06:51,,H2,glazen binnendeur,,,"H2","HH_door_receiver",0.0,"HH2_door_1","closed"
6844,3616,2024-09-29T00:16:48,,H2,glazen binnendeur,,,"H2","HH_door_receiver",0.0,"HH2_door_1","closed"
6845,3616,2024-09-29T00:26:44,,H2,glazen binnendeur,,,"H2","HH_door_receiver",0.0,"HH2_door_1","closed"
6846,3616,2024-09-29T00:36:38,,H2,glazen binnendeur,,,"H2","HH_door_receiver",0.0,"HH2_door_1","closed"
6847,3616,2024-09-29T00:46:37,,H2,glazen binnendeur,,,"H2","HH_door_receiver",0.0,"HH2_door_1","closed"
6848,3616,2024-09-29T00:56:33,,H2,glazen binnendeur,,,"H2","HH_door_receiver",0.0,"HH2_door_1","closed"
6849,3616,2024-09-29T01:16:42,,H2,glazen binnendeur,,,"H2","HH_door_receiver",0.0,"HH2_door_1","closed"
6850,3616,2024-09-29T01:26:37,,H2,glazen binnendeur,,,"H2","HH_door_receiver",0.0,"HH2_door_1","closed"
6851,3616,2024-09-29T01:36:34,,H2,glazen binnendeur,,,"H2","HH_door_receiver",0.0,"HH2_door_1","closed"
6852,3616,2024-09-29T01:46:31,,H2,glazen binnendeur,,,"H2","HH_door_receiver",0.0,"HH2_door_1","closed"
6853,3616,2024-09-29T01:56:26,,H2,glazen binnendeur,,,"H2","HH_door_receiver",0.0,"HH2_door_1","closed"
6854,3616,2024-09-29T02:06:23,,H2,glazen binnendeur,,,"H2","HH_door_receiver",0.0,"HH2_door_1","closed"
6855,3616,2024-09-29T02:16:19,,H2,glazen binnendeur,,,"H2","HH_door_receiver",0.0,"HH2_door_1","closed"
6856,3616,2024-09-29T02:26:17,,H2,glazen binnendeur,,,"H2","HH_door_receiver",0.0,"HH2_door_1","closed"
6857,3616,2024-09-29T02:36:13,,H2,glazen binnendeur,,,"H2","HH_door_receiver",0.0,"HH2_door_1","closed"
6858,3616,2024-09-29T02:46:12,,H2,glazen binnendeur,,,"H2","HH_door_receiver",0.0,"HH2_door_1","closed"
6859,3616,2024-09-29T02:56:06,,H2,glazen binnendeur,,,"H2","HH_door_receiver",0.0,"HH2_door_1","closed"
6860,3616,2024-09-29T03:06:05,,H2,glazen binnendeur,,,"H2","HH_door_receiver",0.0,"HH2_door_1","closed"
6861,3616,2024-09-29T03:16:01,,H2,glazen binnendeur,,,"H2","HH_door_receiver",0.0,"HH2_door_1","closed"
6862,3616,2024-09-29T03:25:57,,H2,glazen binnendeur,,,"H2","HH_door_receiver",0.0,"HH2_door_1","closed"
6863,3616,2024-09-29T03:35:53,,H2,glazen binnendeur,,,"H2","HH_door_receiver",0.0,"HH2_door_1","closed"
6864,3616,2024-09-29T03:45:48,,H2,glazen binnendeur,,,"H2","HH_door_receiver",0.0,"HH2_door_1","closed"
6865,3616,2024-09-29T03:55:44,,H2,glazen binnendeur,,,"H2","HH_door_receiver",0.0,"HH2_door_1","closed"
6866,3616,2024-09-29T04:05:40,,H2,glazen binnendeur,,,"H2","HH_door_receiver",0.0,"HH2_door_1","closed"
6867,3616,2024-09-29T04:15:39,,H2,glazen binnendeur,,,"H2","HH_door_receiver",0.0,"HH2_door_1","closed"
6868,3616,2024-09-29T04:25:35,,H2,glazen binnendeur,,,"H2","HH_door_receiver",0.0,"HH2_door_1","closed"
6869,3616,2024-09-29T04:35:33,,H2,glazen binnendeur,,,"H2","HH_door_receiver",0.0,"HH2_door_1","closed"
6870,3616,2024-09-29T04:45:29,,H2,glazen binnendeur,,,"H2","HH_door_receiver",0.0,"HH2_door_1","closed"
6871,3616,2024-09-29T04:55:26,,H2,glazen binnendeur,,,"H2","HH_door_receiver",0.0,"HH2_door_1","closed"
6872,3616,2024-09-29T05:05:23,,H2,glazen binnendeur,,,"H2","HH_door_receiver",0.0,"HH2_door_1","closed"
6873,3616,2024-09-29T05:15:22,,H2,glazen binnendeur,,,"H2","HH_door_receiver",0.0,"HH2_door_1","closed"
6874,3616,2024-09-29T05:25:19,,H2,glazen binnendeur,,,"H2","HH_door_receiver",0.0,"HH2_door_1","closed"
6875,3616,2024-09-29T05:35:14,,H2,glazen binnendeur,,,"H2","HH_door_receiver",0.0,"HH2_door_1","closed"
6876,3616,2024-09-29T05:45:11,,H2,glazen binnendeur,,,"H2","HH_door_receiver",0.0,"HH2_door_1","closed"
6877,3616,2024-09-29T05:55:08,,H2,glazen binnendeur,,,"H2","HH_door_receiver",0.0,"HH2_door_1","closed"
6878,3616,2024-09-29T06:05:05,,H2,glazen binnendeur,,,"H2","HH_door_receiver",0.0,"HH2_door_1","closed"
6879,3616,2024-09-29T06:15:00,,H2,glazen binnendeur,,,"H2","HH_door_receiver",0.0,"HH2_door_1","closed"
6880,3616,2024-09-29T06:24:56,,H2,glazen binnendeur,,,"H2","HH_door_receiver",0.0,"HH2_door_1","closed"
6881,3616,2024-09-29T06:34:51,,H2,glazen binnendeur,,,"H2","HH_door_receiver",0.0,"HH2_door_1","closed"
6882,3616,2024-09-29T06:44:49,,H2,glazen binnendeur,,,"H2","HH_door_receiver",0.0,"HH2_door_1","closed"
6883,3616,2024-09-29T06:54:45,,H2,glazen binnendeur,,,"H2","HH_door_receiver",0.0,"HH2_door_1","closed"
6884,3616,2024-09-29T07:04:41,,H2,glazen binnendeur,,,"H2","HH_door_receiver",0.0,"HH2_door_1","closed"
6885,3616,2024-09-29T07:14:37,,H2,glazen binnendeur,,,"H2","HH_door_receiver",0.0,"HH2_door_1","closed"
6886,3616,2024-09-29T07:24:33,,H2,glazen binnendeur,,,"H2","HH_door_receiver",0.0,"HH2_door_1","closed"
6887,3616,2024-09-29T07:34:29,,H2,glazen binnendeur,,,"H2","HH_door_receiver",0.0,"HH2_door_1","closed"
6888,3616,2024-09-29T07:44:27,,H2,glazen binnendeur,,,"H2","HH_door_receiver",0.0,"HH2_door_1","closed"
6889,3616,2024-09-29T07:54:23,,H2,glazen binnendeur,,,"H2","HH_door_receiver",0.0,"HH2_door_1","closed"
6890,3616,2024-09-29T08:04:20,,H2,glazen binnendeur,,,"H2","HH_door_receiver",0.0,"HH2_door_1","closed"
6891,3616,2024-09-29T08:14:14,,H2,glazen binnendeur,,,"H2","HH_door_receiver",1.0,"HH2_door_1","open"
6892,3616,2024-09-29T08:24:11,,H2,glazen binnendeur,,,"H2","HH_door_receiver",1.0,"HH2_door_1","open"
6893,3616,2024-09-29T08:34:08,,H2,glazen binnendeur,,,"H2","HH_door_receiver",0.0,"HH2_door_1","closed"
6894,3616,2024-09-29T08:44:05,,H2,glazen binnendeur,,,"H2","HH_door_receiver",0.0,"HH2_door_1","closed"
6895,3616,2024-09-29T08:54:02,,H2,glazen binnendeur,,,"H2","HH_door_receiver",1.0,"HH2_door_1","open"
6896,3616,2024-09-29T09:03:57,,H2,glazen binnendeur,,,"H2","HH_door_receiver",0.0,"HH2_door_1","closed"
6897,3616,2024-09-29T09:13:53,,H2,glazen binnendeur,,,"H2","HH_door_receiver",0.0,"HH2_door_1","closed"
6898,3616,2024-09-29T09:23:49,,H2,glazen binnendeur,,,"H2","HH_door_receiver",0.0,"HH2_door_1","closed"
6899,3616,2024-09-29T09:33:48,,H2,glazen binnendeur,,,"H2","HH_door_receiver",0.0,"HH2_door_1","closed"
6900,3616,2024-09-29T09:43:44,,H2,glazen binnendeur,,,"H2","HH_door_receiver",0.0,"HH2_door_1","closed"
6901,3616,2024-09-29T09:53:41,,H2,glazen binnendeur,,,"H2","HH_door_receiver",0.0,"HH2_door_1","closed"
6902,3616,2024-09-29T10:03:38,,H2,glazen binnendeur,,,"H2","HH_door_receiver",0.0,"HH2_door_1","closed"
6903,3616,2024-09-29T10:13:35,,H2,glazen binnendeur,,,"H2","HH_door_receiver",0.0,"HH2_door_1","closed"
6904,3616,2024-09-29T10:23:31,,H2,glazen binnendeur,,,"H2","HH_door_receiver",0.0,"HH2_door_1","closed"
6905,3616,2024-09-29T10:33:26,,H2,glazen binnendeur,,,"H2","HH_door_receiver",0.0,"HH2_door_1","closed"
6906,3616,2024-09-29T10:43:22,,H2,glazen binnendeur,,,"H2","HH_door_receiver",0.0,"HH2_door_1","closed"
6907,3616,2024-09-29T10:53:20,,H2,glazen binnendeur,,,"H2","HH_door_receiver",0.0,"HH2_door_1","closed"
6908,3616,2024-09-29T11:03:17,,H2,glazen binnendeur,,,"H2","HH_door_receiver",0.0,"HH2_door_1","closed"
6909,3616,2024-09-29T11:13:14,,H2,glazen binnendeur,,,"H2","HH_door_receiver",0.0,"HH2_door_1","closed"
6910,3616,2024-09-29T11:23:09,,H2,glazen binnendeur,,,"H2","HH_door_receiver",0.0,"HH2_door_1","closed"
6911,3616,2024-09-29T11:33:06,,H2,glazen binnendeur,,,"H2","HH_door_receiver",0.0,"HH2_door_1","closed"
6912,3616,2024-09-29T11:43:03,,H2,glazen binnendeur,,,"H2","HH_door_receiver",0.0,"HH2_door_1","closed"
6913,3616,2024-09-29T11:52:58,,H2,glazen binnendeur,,,"H2","HH_door_receiver",0.0,"HH2_door_1","closed"
6914,3616,2024-09-29T12:02:54,,H2,glazen binnendeur,,,"H2","HH_door_receiver",0.0,"HH2_door_1","closed"
6915,3616,2024-09-29T12:12:52,,H2,glazen binnendeur,,,"H2","HH_door_receiver",0.0,"HH2_door_1","closed"
6916,3616,2024-09-29T12:22:52,,H2,glazen binnendeur,,,"H2","HH_door_receiver",0.0,"HH2_door_1","closed"
6917,3616,2024-09-29T12:32:46,,H2,glazen binnendeur,,,"H2","HH_door_receiver",0.0,"HH2_door_1","closed"
6918,3616,2024-09-29T12:42:43,,H2,glazen binnendeur,,,"H2","HH_door_receiver",0.0,"HH2_door_1","closed"
6919,3616,2024-09-29T12:52:38,,H2,glazen binnendeur,,,"H2","HH_door_receiver",0.0,"HH2_door_1","closed"
6920,3616,2024-09-29T13:02:33,,H2,glazen binnendeur,,,"H2","HH_door_receiver",0.0,"HH2_door_1","closed"
6921,3616,2024-09-29T13:12:30,,H2,glazen binnendeur,,,"H2","HH_door_receiver",0.0,"HH2_door_1","closed"
6922,3616,2024-09-29T13:22:27,,H2,glazen binnendeur,,,"H2","HH_door_receiver",0.0,"HH2_door_1","closed"
6923,3616,2024-09-29T13:32:24,,H2,glazen binnendeur,,,"H2","HH_door_receiver",0.0,"HH2_door_1","closed"
6924,3616,2024-09-29T13:42:19,,H2,glazen binnendeur,,,"H2","HH_door_receiver",0.0,"HH2_door_1","closed"
6925,3616,2024-09-29T13:52:16,,H2,glazen binnendeur,,,"H2","HH_door_receiver",0.0,"HH2_door_1","closed"
6926,3616,2024-09-29T14:02:12,,H2,glazen binnendeur,,,"H2","HH_door_receiver",0.0,"HH2_door_1","closed"
6927,3616,2024-09-29T14:12:07,,H2,glazen binnendeur,,,"H2","HH_door_receiver",0.0,"HH2_door_1","closed"
6928,3616,2024-09-29T14:22:04,,H2,glazen binnendeur,,,"H2","HH_door_receiver",0.0,"HH2_door_1","closed"
6929,3616,2024-09-29T14:32:00,,H2,glazen binnendeur,,,"H2","HH_door_receiver",0.0,"HH2_door_1","closed"
6930,3616,2024-09-29T14:41:56,,H2,glazen binnendeur,,,"H2","HH_door_receiver",0.0,"HH2_door_1","closed"
6931,3616,2024-09-29T14:51:53,,H2,glazen binnendeur,,,"H2","HH_door_receiver",0.0,"HH2_door_1","closed"
6932,3616,2024-09-29T15:01:49,,H2,glazen binnendeur,,,"H2","HH_door_receiver",0.0,"HH2_door_1","closed"
6933,3616,2024-09-29T15:11:47,,H2,glazen binnendeur,,,"H2","HH_door_receiver",0.0,"HH2_door_1","closed"
6934,3616,2024-09-29T15:21:43,,H2,glazen binnendeur,,,"H2","HH_door_receiver",0.0,"HH2_door_1","closed"
6935,3616,2024-09-29T15:31:40,,H2,glazen binnendeur,,,"H2","HH_door_receiver",0.0,"HH2_door_1","closed"
6936,3616,2024-09-29T15:41:35,,H2,glazen binnendeur,,,"H2","HH_door_receiver",0.0,"HH2_door_1","closed"
6937,3616,2024-09-29T15:51:32,,H2,glazen binnendeur,,,"H2","HH_door_receiver",0.0,"HH2_door_1","closed"
6938,3616,2024-09-29T16:01:27,,H2,glazen binnendeur,,,"H2","HH_door_receiver",0.0,"HH2_door_1","closed"
6939,3616,2024-09-29T16:11:24,,H2,glazen binnendeur,,,"H2","HH_door_receiver",0.0,"HH2_door_1","closed"
6940,3616,2024-09-29T16:21:23,,H2,glazen binnendeur,,,"H2","HH_door_receiver",0.0,"HH2_door_1","closed"
6941,3616,2024-09-29T16:31:19,,H2,glazen binnendeur,,,"H2","HH_door_receiver",0.0,"HH2_door_1","closed"
6942,3616,2024-09-29T16:41:16,,H2,glazen binnendeur,,,"H2","HH_door_receiver",0.0,"HH2_door_1","closed"
6943,3616,2024-09-29T16:51:14,,H2,glazen binnendeur,,,"H2","HH_door_receiver",0.0,"HH2_door_1","closed"
6944,3616,2024-09-29T17:01:08,,H2,glazen binnendeur,,,"H2","HH_door_receiver",0.0,"HH2_door_1","closed"
6945,3616,2024-09-29T17:11:04,,H2,glazen binnendeur,,,"H2","HH_door_receiver",0.0,"HH2_door_1","closed"
6946,3616,2024-09-29T17:21:00,,H2,glazen binnendeur,,,"H2","HH_door_receiver",0.0,"HH2_door_1","closed"
6947,3616,2024-09-29T17:30:56,,H2,glazen binnendeur,,,"H2","HH_door_receiver",0.0,"HH2_door_1","closed"
6948,3616,2024-09-29T17:40:53,,H2,glazen binnendeur,,,"H2","HH_door_receiver",0.0,"HH2_door_1","closed"
6949,3616,2024-09-29T17:50:50,,H2,glazen binnendeur,,,"H2","HH_door_receiver",0.0,"HH2_door_1","closed"
6950,3616,2024-09-29T18:00:46,,H2,glazen binnendeur,,,"H2","HH_door_receiver",0.0,"HH2_door_1","closed"
6951,3616,2024-09-29T18:10:41,,H2,glazen binnendeur,,,"H2","HH_door_receiver",0.0,"HH2_door_1","closed"
6952,3616,2024-09-29T18:20:40,,H2,glazen binnendeur,,,"H2","HH_door_receiver",0.0,"HH2_door_1","closed"
6953,3616,2024-09-29T18:30:38,,H2,glazen binnendeur,,,"H2","HH_door_receiver",0.0,"HH2_door_1","closed"
6954,3616,2024-09-29T18:40:33,,H2,glazen binnendeur,,,"H2","HH_door_receiver",0.0,"HH2_door_1","closed"
6955,3616,2024-09-29T18:50:31,,H2,glazen binnendeur,,,"H2","HH_door_receiver",0.0,"HH2_door_1","closed"
6956,3616,2024-09-29T19:00:26,,H2,glazen binnendeur,,,"H2","HH_door_receiver",0.0,"HH2_door_1","closed"
6957,3616,2024-09-29T19:10:23,,H2,glazen binnendeur,,,"H2","HH_door_receiver",1.0,"HH2_door_1","open"
6958,3616,2024-09-29T19:20:20,,H2,glazen binnendeur,,,"H2","HH_door_receiver",1.0,"HH2_door_1","open"
6959,3616,2024-09-29T19:30:17,,H2,glazen binnendeur,,,"H2","HH_door_receiver",0.0,"HH2_door_1","closed"
6960,3616,2024-09-29T19:40:16,,H2,glazen binnendeur,,,"H2","HH_door_receiver",1.0,"HH2_door_1","open"
6961,3616,2024-09-29T19:50:11,,H2,glazen binnendeur,,,"H2","HH_door_receiver",0.0,"HH2_door_1","closed"
6962,3616,2024-09-29T20:00:05,,H2,glazen binnendeur,,,"H2","HH_door_receiver",0.0,"HH2_door_1","closed"
6963,3616,2024-09-29T20:10:02,,H2,glazen binnendeur,,,"H2","HH_door_receiver",0.0,"HH2_door_1","closed"
6964,3616,2024-09-29T20:19:59,,H2,glazen binnendeur,,,"H2","HH_door_receiver",1.0,"HH2_door_1","open"
6965,3616,2024-09-29T20:29:55,,H2,glazen binnendeur,,,"H2","HH_door_receiver",0.0,"HH2_door_1","closed"
6966,3616,2024-09-29T20:39:50,,H2,glazen binnendeur,,,"H2","HH_door_receiver",0.0,"HH2_door_1","closed"
6967,3616,2024-09-29T20:49:45,,H2,glazen binnendeur,,,"H2","HH_door_receiver",0.0,"HH2_door_1","closed"
6968,3616,2024-09-29T20:59:42,,H2,glazen binnendeur,,,"H2","HH_door_receiver",0.0,"HH2_door_1","closed"
6969,3616,2024-09-29T21:09:39,,H2,glazen binnendeur,,,"H2","HH_door_receiver",0.0,"HH2_door_1","closed"
6970,3616,2024-09-29T21:19:34,,H2,glazen binnendeur,,,"H2","HH_door_receiver",0.0,"HH2_door_1","closed"
6971,3616,2024-09-29T21:29:32,,H2,glazen binnendeur,,,"H2","HH_door_receiver",0.0,"HH2_door_1","closed"
6972,3616,2024-09-29T21:39:27,,H2,glazen binnendeur,,,"H2","HH_door_receiver",0.0,"HH2_door_1","closed"
6973,3616,2024-09-29T21:49:22,,H2,glazen binnendeur,,,"H2","HH_door_receiver",0.0,"HH2_door_1","closed"
6974,3616,2024-09-29T21:59:17,,H2,glazen binnendeur,,,"H2","HH_door_receiver",0.0,"HH2_door_1","closed"
6975,3616,2024-09-29T22:09:12,,H2,glazen binnendeur,,,"H2","HH_door_receiver",0.0,"HH2_door_1","closed"
6976,3616,2024-09-29T22:19:09,,H2,glazen binnendeur,,,"H2","HH_door_receiver",0.0,"HH2_door_1","closed"
6977,3616,2024-09-29T22:29:05,,H2,glazen binnendeur,,,"H2","HH_door_receiver",0.0,"HH2_door_1","closed"
6978,3616,2024-09-29T22:39:03,,H2,glazen binnendeur,,,"H2","HH_door_receiver",0.0,"HH2_door_1","closed"
6979,3616,2024-09-29T22:49:00,,H2,glazen binnendeur,,,"H2","HH_door_receiver",0.0,"HH2_door_1","closed"
6980,3616,2024-09-29T22:58:56,,H2,glazen binnendeur,,,"H2","HH_door_receiver",0.0,"HH2_door_1","closed"
6981,3616,2024-09-29T23:08:52,,H2,glazen binnendeur,,,"H2","HH_door_receiver",0.0,"HH2_door_1","closed"
6982,3616,2024-09-29T23:18:49,,H2,glazen binnendeur,,,"H2","HH_door_receiver",0.0,"HH2_door_1","closed"
6983,3616,2024-09-29T23:28:46,,H2,glazen binnendeur,,,"H2","HH_door_receiver",0.0,"HH2_door_1","closed"
6984,3616,2024-09-29T23:38:42,,H2,glazen binnendeur,,,"H2","HH_door_receiver",0.0,"HH2_door_1","closed"
6985,3616,2024-09-29T23:48:38,,H2,glazen binnendeur,,,"H2","HH_door_receiver",0.0,"HH2_door_1","closed"
6986,3616,2024-09-29T23:58:37,,H2,glazen binnendeur,,,"H2","HH_door_receiver",0.0,"HH2_door_1","closed"
6987,3616,2024-09-30T00:08:33,,H2,glazen binnendeur,,,"H2","HH_door_receiver",0.0,"HH2_door_1","closed"
6988,3616,2024-09-30T00:18:32,,H2,glazen binnendeur,,,"H2","HH_door_receiver",0.0,"HH2_door_1","closed"
6989,3616,2024-09-30T00:28:29,,H2,glazen binnendeur,,,"H2","HH_door_receiver",0.0,"HH2_door_1","closed"
6990,3616,2024-09-30T00:38:24,,H2,glazen binnendeur,,,"H2","HH_door_receiver",0.0,"HH2_door_1","closed"
6991,3616,2024-09-30T00:48:20,,H2,glazen binnendeur,,,"H2","HH_door_receiver",0.0,"HH2_door_1","closed"
6992,3616,2024-09-30T00:58:16,,H2,glazen binnendeur,,,"H2","HH_door_receiver",0.0,"HH2_door_1","closed"
6993,3616,2024-09-30T01:08:15,,H2,glazen binnendeur,,,"H2","HH_door_receiver",0.0,"HH2_door_1","closed"
6994,3616,2024-09-30T01:18:14,,H2,glazen binnendeur,,,"H2","HH_door_receiver",0.0,"HH2_door_1","closed"
6995,3616,2024-09-30T01:28:09,,H2,glazen binnendeur,,,"H2","HH_door_receiver",0.0,"HH2_door_1","closed"
6996,3616,2024-09-30T01:38:04,,H2,glazen binnendeur,,,"H2","HH_door_receiver",0.0,"HH2_door_1","closed"
6997,3616,2024-09-30T01:48:01,,H2,glazen binnendeur,,,"H2","HH_door_receiver",0.0,"HH2_door_1","closed"
6998,3616,2024-09-30T01:57:57,,H2,glazen binnendeur,,,"H2","HH_door_receiver",0.0,"HH2_door_1","closed"
6999,3616,2024-09-30T02:07:53,,H2,glazen binnendeur,,,"H2","HH_door_receiver",0.0,"HH2_door_1","closed"
7000,3616,2024-09-30T02:17:50,,H2,glazen binnendeur,,,"H2","HH_door_receiver",0.0,"HH2_door_1","closed"
7001,3616,2024-09-30T02:27:47,,H2,glazen binnendeur,,,"H2","HH_door_receiver",0.0,"HH2_door_1","closed"
7002,3616,2024-09-30T02:37:42,,H2,glazen binnendeur,,,"H2","HH_door_receiver",0.0,"HH2_door_1","closed"
7003,3616,2024-09-30T02:47:40,,H2,glazen binnendeur,,,"H2","HH_door_receiver",0.0,"HH2_door_1","closed"
7004,3616,2024-09-30T02:57:38,,H2,glazen binnendeur,,,"H2","HH_door_receiver",0.0,"HH2_door_1","closed"
7005,3616,2024-09-30T03:07:32,,H2,glazen binnendeur,,,"H2","HH_door_receiver",0.0,"HH2_door_1","closed"
7006,3616,2024-09-30T03:17:30,,H2,glazen binnendeur,,,"H2","HH_door_receiver",0.0,"HH2_door_1","closed"
7007,3616,2024-09-30T03:27:26,,H2,glazen binnendeur,,,"H2","HH_door_receiver",0.0,"HH2_door_1","closed"
7008,3616,2024-09-30T03:37:21,,H2,glazen binnendeur,,,"H2","HH_door_receiver",0.0,"HH2_door_1","closed"
7009,3616,2024-09-30T03:47:17,,H2,glazen binnendeur,,,"H2","HH_door_receiver",0.0,"HH2_door_1","closed"
7010,3616,2024-09-30T04:17:04,,H2,glazen binnendeur,,,"H2","HH_door_receiver",0.0,"HH2_door_1","closed"
7011,3616,2024-09-30T04:36:59,,H2,glazen binnendeur,,,"H2","HH_door_receiver",0.0,"HH2_door_1","closed"
7012,3616,2024-09-30T04:46:53,,H2,glazen binnendeur,,,"H2","HH_door_receiver",0.0,"HH2_door_1","closed"
7013,3616,2024-09-30T05:06:47,,H2,glazen binnendeur,,,"H2","HH_door_receiver",0.0,"HH2_door_1","closed"
7014,3616,2024-09-30T05:16:44,,H2,glazen binnendeur,,,"H2","HH_door_receiver",0.0,"HH2_door_1","closed"
7015,3616,2024-09-30T05:36:34,,H2,glazen binnendeur,,,"H2","HH_door_receiver",0.0,"HH2_door_1","closed"
7016,3616,2024-09-30T05:56:24,,H2,glazen binnendeur,,,"H2","HH_door_receiver",0.0,"HH2_door_1","closed"
7017,3616,2024-09-30T06:06:21,,H2,glazen binnendeur,,,"H2","HH_door_receiver",0.0,"HH2_door_1","closed"
7018,3616,2024-09-30T06:16:16,,H2,glazen binnendeur,,,"H2","HH_door_receiver",0.0,"HH2_door_1","closed"
7019,3616,2024-09-30T06:26:12,,H2,glazen binnendeur,,,"H2","HH_door_receiver",0.0,"HH2_door_1","closed"
7020,3616,2024-09-30T06:36:07,,H2,glazen binnendeur,,,"H2","HH_door_receiver",0.0,"HH2_door_1","closed"
7021,3616,2024-09-30T06:46:05,,H2,glazen binnendeur,,,"H2","HH_door_receiver",0.0,"HH2_door_1","closed"
7022,3616,2024-09-30T06:55:59,,H2,glazen binnendeur,,,"H2","HH_door_receiver",0.0,"HH2_door_1","closed"
7023,3616,2024-09-30T07:05:54,,H2,glazen binnendeur,,,"H2","HH_door_receiver",0.0,"HH2_door_1","closed"
7024,3616,2024-09-30T07:15:53,,H2,glazen binnendeur,,,"H2","HH_door_receiver",1.0,"HH2_door_1","open"
7025,3616,2024-09-30T07:25:48,,H2,glazen binnendeur,,,"H2","HH_door_receiver",1.0,"HH2_door_1","open"
7026,3616,2024-09-30T07:35:44,,H2,glazen binnendeur,,,"H2","HH_door_receiver",1.0,"HH2_door_1","open"
7027,3616,2024-09-30T07:45:40,,H2,glazen binnendeur,,,"H2","HH_door_receiver",1.0,"HH2_door_1","open"
7028,3616,2024-09-30T07:55:37,,H2,glazen binnendeur,,,"H2","HH_door_receiver",1.0,"HH2_door_1","open"
7029,3616,2024-09-30T08:05:32,,H2,glazen binnendeur,,,"H2","HH_door_receiver",1.0,"HH2_door_1","open"
7030,3616,2024-09-30T08:15:27,,H2,glazen binnendeur,,,"H2","HH_door_receiver",1.0,"HH2_door_1","open"
7031,3616,2024-09-30T08:25:22,,H2,glazen binnendeur,,,"H2","HH_door_receiver",0.0,"HH2_door_1","closed"
7032,3616,2024-09-30T08:35:19,,H2,glazen binnendeur,,,"H2","HH_door_receiver",0.0,"HH2_door_1","closed"
7033,3616,2024-09-30T08:45:16,,H2,glazen binnendeur,,,"H2","HH_door_receiver",0.0,"HH2_door_1","closed"
7034,3616,2024-09-30T08:55:10,,H2,glazen binnendeur,,,"H2","HH_door_receiver",0.0,"HH2_door_1","closed"
7035,3616,2024-09-30T09:05:04,,H2,glazen binnendeur,,,"H2","HH_door_receiver",0.0,"HH2_door_1","closed"
7036,3616,2024-09-30T09:14:59,,H2,glazen binnendeur,,,"H2","HH_door_receiver",0.0,"HH2_door_1","closed"
7037,3616,2024-09-30T09:24:55,,H2,glazen binnendeur,,,"H2","HH_door_receiver",0.0,"HH2_door_1","closed"
7038,3616,2024-09-30T09:34:53,,H2,glazen binnendeur,,,"H2","HH_door_receiver",0.0,"HH2_door_1","closed"
7039,3616,2024-09-30T09:44:50,,H2,glazen binnendeur,,,"H2","HH_door_receiver",0.0,"HH2_door_1","closed"
7040,3616,2024-09-30T09:54:46,,H2,glazen binnendeur,,,"H2","HH_door_receiver",0.0,"HH2_door_1","closed"
7041,3616,2024-09-30T10:04:43,,H2,glazen binnendeur,,,"H2","HH_door_receiver",0.0,"HH2_door_1","closed"
7042,3616,2024-09-30T10:14:35,,H2,glazen binnendeur,,,"H2","HH_door_receiver",0.0,"HH2_door_1","closed"
7043,3616,2024-09-30T10:24:33,,H2,glazen binnendeur,,,"H2","HH_door_receiver",0.0,"HH2_door_1","closed"
7044,3616,2024-09-30T10:34:29,,H2,glazen binnendeur,,,"H2","HH_door_receiver",0.0,"HH2_door_1","closed"
7045,3616,2024-09-30T10:44:23,,H2,glazen binnendeur,,,"H2","HH_door_receiver",0.0,"HH2_door_1","closed"
7046,3616,2024-09-30T10:54:19,,H2,glazen binnendeur,,,"H2","HH_door_receiver",0.0,"HH2_door_1","closed"
7047,3616,2024-09-30T11:04:14,,H2,glazen binnendeur,,,"H2","HH_door_receiver",0.0,"HH2_door_1","closed"
7048,3616,2024-09-30T11:14:11,,H2,glazen binnendeur,,,"H2","HH_door_receiver",0.0,"HH2_door_1","closed"
7049,3616,2024-09-30T11:24:07,,H2,glazen binnendeur,,,"H2","HH_door_receiver",0.0,"HH2_door_1","closed"
7050,3616,2024-09-30T11:34:01,,H2,glazen binnendeur,,,"H2","HH_door_receiver",0.0,"HH2_door_1","closed"
7051,3616,2024-09-30T11:43:57,,H2,glazen binnendeur,,,"H2","HH_door_receiver",0.0,"HH2_door_1","closed"
7052,3616,2024-09-30T11:53:56,,H2,glazen binnendeur,,,"H2","HH_door_receiver",0.0,"HH2_door_1","closed"
7053,3616,2024-09-30T12:03:52,,H2,glazen binnendeur,,,"H2","HH_door_receiver",0.0,"HH2_door_1","closed"
7054,3616,2024-09-30T12:13:46,,H2,glazen binnendeur,,,"H2","HH_door_receiver",0.0,"HH2_door_1","closed"
7055,3616,2024-09-30T12:23:43,,H2,glazen binnendeur,,,"H2","HH_door_receiver",0.0,"HH2_door_1","closed"
7056,3616,2024-09-30T12:33:40,,H2,glazen binnendeur,,,"H2","HH_door_receiver",0.0,"HH2_door_1","closed"
7057,3616,2024-09-30T12:43:34,,H2,glazen binnendeur,,,"H2","HH_door_receiver",0.0,"HH2_door_1","closed"
7058,3616,2024-09-30T12:53:29,,H2,glazen binnendeur,,,"H2","HH_door_receiver",0.0,"HH2_door_1","closed"
7059,3616,2024-09-30T13:03:26,,H2,glazen binnendeur,,,"H2","HH_door_receiver",0.0,"HH2_door_1","closed"
7060,3616,2024-09-30T13:13:23,,H2,glazen binnendeur,,,"H2","HH_door_receiver",0.0,"HH2_door_1","closed"
7061,3616,2024-09-30T13:23:20,,H2,glazen binnendeur,,,"H2","HH_door_receiver",0.0,"HH2_door_1","closed"
7062,3616,2024-09-30T13:33:17,,H2,glazen binnendeur,,,"H2","HH_door_receiver",0.0,"HH2_door_1","closed"
7063,3616,2024-09-30T13:43:12,,H2,glazen binnendeur,,,"H2","HH_door_receiver",0.0,"HH2_door_1","closed"
7064,3616,2024-09-30T13:53:09,,H2,glazen binnendeur,,,"H2","HH_door_receiver",0.0,"HH2_door_1","closed"
7065,3616,2024-09-30T14:03:05,,H2,glazen binnendeur,,,"H2","HH_door_receiver",0.0,"HH2_door_1","closed"
7066,3616,2024-09-30T14:13:00,,H2,glazen binnendeur,,,"H2","HH_door_receiver",0.0,"HH2_door_1","closed"
7067,3616,2024-09-30T14:22:57,,H2,glazen binnendeur,,,"H2","HH_door_receiver",0.0,"HH2_door_1","closed"
7068,3616,2024-09-30T14:32:53,,H2,glazen binnendeur,,,"H2","HH_door_receiver",0.0,"HH2_door_1","closed"
7069,3616,2024-09-30T14:42:51,,H2,glazen binnendeur,,,"H2","HH_door_receiver",0.0,"HH2_door_1","closed"
7070,3616,2024-09-30T14:52:47,,H2,glazen binnendeur,,,"H2","HH_door_receiver",0.0,"HH2_door_1","closed"
7071,3616,2024-09-30T15:02:44,,H2,glazen binnendeur,,,"H2","HH_door_receiver",0.0,"HH2_door_1","closed"
7072,3616,2024-09-30T15:12:43,,H2,glazen binnendeur,,,"H2","HH_door_receiver",0.0,"HH2_door_1","closed"
7073,3616,2024-09-30T15:22:37,,H2,glazen binnendeur,,,"H2","HH_door_receiver",0.0,"HH2_door_1","closed"
7074,3616,2024-09-30T15:32:36,,H2,glazen binnendeur,,,"H2","HH_door_receiver",0.0,"HH2_door_1","closed"
7075,3616,2024-09-30T15:42:34,,H2,glazen binnendeur,,,"H2","HH_door_receiver",0.0,"HH2_door_1","closed"
7076,3616,2024-09-30T15:52:30,,H2,glazen binnendeur,,,"H2","HH_door_receiver",0.0,"HH2_door_1","closed"
7077,3616,2024-09-30T16:12:21,,H2,glazen binnendeur,,,"H2","HH_door_receiver",0.0,"HH2_door_1","closed"
7078,3616,2024-09-30T16:22:18,,H2,glazen binnendeur,,,"H2","HH_door_receiver",0.0,"HH2_door_1","closed"
7079,3616,2024-09-30T16:32:14,,H2,glazen binnendeur,,,"H2","HH_door_receiver",0.0,"HH2_door_1","closed"
7080,3616,2024-09-30T16:42:11,,H2,glazen binnendeur,,,"H2","HH_door_receiver",0.0,"HH2_door_1","closed"
7081,3616,2024-09-30T16:52:07,,H2,glazen binnendeur,,,"H2","HH_door_receiver",0.0,"HH2_door_1","closed"
7082,3616,2024-09-30T17:02:05,,H2,glazen binnendeur,,,"H2","HH_door_receiver",0.0,"HH2_door_1","closed"
7083,3616,2024-09-30T17:11:59,,H2,glazen binnendeur,,,"H2","HH_door_receiver",0.0,"HH2_door_1","closed"
7084,3616,2024-09-30T17:21:58,,H2,glazen binnendeur,,,"H2","HH_door_receiver",0.0,"HH2_door_1","closed"
7085,3616,2024-09-30T17:31:51,,H2,glazen binnendeur,,,"H2","HH_door_receiver",1.0,"HH2_door_1","open"
7086,3616,2024-09-30T17:41:49,,H2,glazen binnendeur,,,"H2","HH_door_receiver",1.0,"HH2_door_1","open"
7087,3616,2024-09-30T17:51:43,,H2,glazen binnendeur,,,"H2","HH_door_receiver",0.0,"HH2_door_1","closed"
7088,3616,2024-09-30T18:01:42,,H2,glazen binnendeur,,,"H2","HH_door_receiver",0.0,"HH2_door_1","closed"
7089,3616,2024-09-30T18:11:38,,H2,glazen binnendeur,,,"H2","HH_door_receiver",0.0,"HH2_door_1","closed"
7090,3616,2024-09-30T18:21:32,,H2,glazen binnendeur,,,"H2","HH_door_receiver",0.0,"HH2_door_1","closed"
7091,3616,2024-09-30T18:31:28,,H2,glazen binnendeur,,,"H2","HH_door_receiver",0.0,"HH2_door_1","closed"
7092,3616,2024-09-30T18:41:24,,H2,glazen binnendeur,,,"H2","HH_door_receiver",0.0,"HH2_door_1","closed"
7093,3616,2024-09-30T18:51:20,,H2,glazen binnendeur,,,"H2","HH_door_receiver",0.0,"HH2_door_1","closed"
7094,3616,2024-09-30T19:01:15,,H2,glazen binnendeur,,,"H2","HH_door_receiver",0.0,"HH2_door_1","closed"
7095,3616,2024-09-30T19:11:12,,H2,glazen binnendeur,,,"H2","HH_door_receiver",0.0,"HH2_door_1","closed"
7096,3616,2024-09-30T19:21:09,,H2,glazen binnendeur,,,"H2","HH_door_receiver",0.0,"HH2_door_1","closed"
7097,3616,2024-09-30T19:41:04,,H2,glazen binnendeur,,,"H2","HH_door_receiver",0.0,"HH2_door_1","closed"
7098,3616,2024-09-30T19:50:58,,H2,glazen binnendeur,,,"H2","HH_door_receiver",0.0,"HH2_door_1","closed"
7099,3616,2024-09-30T20:00:55,,H2,glazen binnendeur,,,"H2","HH_door_receiver",0.0,"HH2_door_1","closed"
7100,3616,2024-09-30T20:10:52,,H2,glazen binnendeur,,,"H2","HH_door_receiver",0.0,"HH2_door_1","closed"
7101,3616,2024-09-30T20:20:46,,H2,glazen binnendeur,,,"H2","HH_door_receiver",0.0,"HH2_door_1","closed"
7102,3616,2024-09-30T20:30:43,,H2,glazen binnendeur,,,"H2","HH_door_receiver",0.0,"HH2_door_1","closed"
7103,3616,2024-09-30T20:40:40,,H2,glazen binnendeur,,,"H2","HH_door_receiver",0.0,"HH2_door_1","closed"
7104,3616,2024-09-30T20:50:34,,H2,glazen binnendeur,,,"H2","HH_door_receiver",0.0,"HH2_door_1","closed"
7105,3616,2024-09-30T21:00:32,,H2,glazen binnendeur,,,"H2","HH_door_receiver",0.0,"HH2_door_1","closed"
7106,3616,2024-09-30T21:10:28,,H2,glazen binnendeur,,,"H2","HH_door_receiver",0.0,"HH2_door_1","closed"
7107,3616,2024-09-30T21:30:23,,H2,glazen binnendeur,,,"H2","HH_door_receiver",0.0,"HH2_door_1","closed"
7108,3616,2024-09-30T21:40:19,,H2,glazen binnendeur,,,"H2","HH_door_receiver",0.0,"HH2_door_1","closed"
7109,3616,2024-09-30T21:50:14,,H2,glazen binnendeur,,,"H2","HH_door_receiver",0.0,"HH2_door_1","closed"
7110,3616,2024-09-30T22:00:10,,H2,glazen binnendeur,,,"H2","HH_door_receiver",0.0,"HH2_door_1","closed"
7111,3616,2024-09-30T22:10:07,,H2,glazen binnendeur,,,"H2","HH_door_receiver",0.0,"HH2_door_1","closed"
7112,3616,2024-09-30T22:20:03,,H2,glazen binnendeur,,,"H2","HH_door_receiver",0.0,"HH2_door_1","closed"
7113,3616,2024-09-30T22:29:58,,H2,glazen binnendeur,,,"H2","HH_door_receiver",0.0,"HH2_door_1","closed"
7114,3616,2024-09-30T22:39:55,,H2,glazen binnendeur,,,"H2","HH_door_receiver",0.0,"HH2_door_1","closed"
7115,3616,2024-09-30T22:49:53,,H2,glazen binnendeur,,,"H2","HH_door_receiver",0.0,"HH2_door_1","closed"
7116,3616,2024-09-30T22:59:47,,H2,glazen binnendeur,,,"H2","HH_door_receiver",0.0,"HH2_door_1","closed"
7117,3616,2024-09-30T23:09:45,,H2,glazen binnendeur,,,"H2","HH_door_receiver",0.0,"HH2_door_1","closed"
7118,3616,2024-09-30T23:19:40,,H2,glazen binnendeur,,,"H2","HH_door_receiver",0.0,"HH2_door_1","closed"
7119,3616,2024-09-30T23:29:36,,H2,glazen binnendeur,,,"H2","HH_door_receiver",0.0,"HH2_door_1","closed"
7120,3616,2024-09-30T23:39:32,,H2,glazen binnendeur,,,"H2","HH_door_receiver",0.0,"HH2_door_1","closed"
7121,3616,2024-09-30T23:49:27,,H2,glazen binnendeur,,,"H2","HH_door_receiver",0.0,"HH2_door_1","closed"
7122,3616,2024-09-30T23:59:22,,H2,glazen binnendeur,,,"H2","HH_door_receiver",0.0,"HH2_door_1","closed"
7123,3616,2024-10-01T00:19:18,,H2,glazen binnendeur,,,"H2","HH_door_receiver",0.0,"HH2_door_1","closed"
7124,3616,2024-10-01T00:29:12,,H2,glazen binnendeur,,,"H2","HH_door_receiver",0.0,"HH2_door_1","closed"
7125,3616,2024-10-01T00:39:08,,H2,glazen binnendeur,,,"H2","HH_door_receiver",0.0,"HH2_door_1","closed"
7126,3616,2024-10-01T00:49:03,,H2,glazen binnendeur,,,"H2","HH_door_receiver",0.0,"HH2_door_1","closed"
7127,3616,2024-10-01T01:08:57,,H2,glazen binnendeur,,,"H2","HH_door_receiver",0.0,"HH2_door_1","closed"
7128,3616,2024-10-01T01:18:53,,H2,glazen binnendeur,,,"H2","HH_door_receiver",0.0,"HH2_door_1","closed"
7129,3616,2024-10-01T01:28:50,,H2,glazen binnendeur,,,"H2","HH_door_receiver",0.0,"HH2_door_1","closed"
7130,3616,2024-10-01T01:38:44,,H2,glazen binnendeur,,,"H2","HH_door_receiver",0.0,"HH2_door_1","closed"
7131,3616,2024-10-01T01:48:41,,H2,glazen binnendeur,,,"H2","HH_door_receiver",0.0,"HH2_door_1","closed"
7132,3616,2024-10-01T01:58:36,,H2,glazen binnendeur,,,"H2","HH_door_receiver",0.0,"HH2_door_1","closed"
7133,3616,2024-10-01T02:08:32,,H2,glazen binnendeur,,,"H2","HH_door_receiver",0.0,"HH2_door_1","closed"
7134,3616,2024-10-01T02:18:29,,H2,glazen binnendeur,,,"H2","HH_door_receiver",0.0,"HH2_door_1","closed"
7135,3616,2024-10-01T02:28:26,,H2,glazen binnendeur,,,"H2","HH_door_receiver",0.0,"HH2_door_1","closed"
7136,3616,2024-10-01T02:38:25,,H2,glazen binnendeur,,,"H2","HH_door_receiver",0.0,"HH2_door_1","closed"
7137,3616,2024-10-01T02:48:19,,H2,glazen binnendeur,,,"H2","HH_door_receiver",0.0,"HH2_door_1","closed"
7138,3616,2024-10-01T02:58:13,,H2,glazen binnendeur,,,"H2","HH_door_receiver",0.0,"HH2_door_1","closed"
7139,3616,2024-10-01T03:18:06,,H2,glazen binnendeur,,,"H2","HH_door_receiver",0.0,"HH2_door_1","closed"
7140,3616,2024-10-01T03:27:58,,H2,glazen binnendeur,,,"H2","HH_door_receiver",0.0,"HH2_door_1","closed"
7141,3616,2024-10-01T03:37:54,,H2,glazen binnendeur,,,"H2","HH_door_receiver",0.0,"HH2_door_1","closed"
7142,3616,2024-10-01T03:47:53,,H2,glazen binnendeur,,,"H2","HH_door_receiver",0.0,"HH2_door_1","closed"
7143,3616,2024-10-01T03:57:45,,H2,glazen binnendeur,,,"H2","HH_door_receiver",0.0,"HH2_door_1","closed"
7144,3616,2024-10-01T04:07:41,,H2,glazen binnendeur,,,"H2","HH_door_receiver",0.0,"HH2_door_1","closed"
7145,3616,2024-10-01T04:17:38,,H2,glazen binnendeur,,,"H2","HH_door_receiver",0.0,"HH2_door_1","closed"
7146,3616,2024-10-01T04:27:31,,H2,glazen binnendeur,,,"H2","HH_door_receiver",0.0,"HH2_door_1","closed"
7147,3616,2024-10-01T04:37:33,,H2,glazen binnendeur,,,"H2","HH_door_receiver",0.0,"HH2_door_1","closed"
7148,3616,2024-10-01T04:47:29,,H2,glazen binnendeur,,,"H2","HH_door_receiver",0.0,"HH2_door_1","closed"
7149,3616,2024-10-01T04:57:27,,H2,glazen binnendeur,,,"H2","HH_door_receiver",0.0,"HH2_door_1","closed"
7150,3616,2024-10-01T05:07:20,,H2,glazen binnendeur,,,"H2","HH_door_receiver",0.0,"HH2_door_1","closed"
7151,3616,2024-10-01T05:17:17,,H2,glazen binnendeur,,,"H2","HH_door_receiver",0.0,"HH2_door_1","closed"
7152,3616,2024-10-01T05:27:14,,H2,glazen binnendeur,,,"H2","HH_door_receiver",0.0,"HH2_door_1","closed"
7153,3616,2024-10-01T05:37:09,,H2,glazen binnendeur,,,"H2","HH_door_receiver",0.0,"HH2_door_1","closed"
7154,3616,2024-10-01T05:47:06,,H2,glazen binnendeur,,,"H2","HH_door_receiver",0.0,"HH2_door_1","closed"
7155,3616,2024-10-01T05:57:03,,H2,glazen binnendeur,,,"H2","HH_door_receiver",0.0,"HH2_door_1","closed"
7156,3616,2024-10-01T06:16:56,,H2,glazen binnendeur,,,"H2","HH_door_receiver",0.0,"HH2_door_1","closed"
7157,3616,2024-10-01T06:26:52,,H2,glazen binnendeur,,,"H2","HH_door_receiver",0.0,"HH2_door_1","closed"
7158,3616,2024-10-01T06:36:49,,H2,glazen binnendeur,,,"H2","HH_door_receiver",0.0,"HH2_door_1","closed"
7159,3616,2024-10-01T06:46:41,,H2,glazen binnendeur,,,"H2","HH_door_receiver",0.0,"HH2_door_1","closed"
7160,3616,2024-10-01T06:56:36,,H2,glazen binnendeur,,,"H2","HH_door_receiver",0.0,"HH2_door_1","closed"
7161,3616,2024-10-01T07:06:34,,H2,glazen binnendeur,,,"H2","HH_door_receiver",1.0,"HH2_door_1","open"
7162,3616,2024-10-01T07:16:31,,H2,glazen binnendeur,,,"H2","HH_door_receiver",1.0,"HH2_door_1","open"
7163,3616,2024-10-01T07:26:28,,H2,glazen binnendeur,,,"H2","HH_door_receiver",1.0,"HH2_door_1","open"
7164,3616,2024-10-01T07:36:27,,H2,glazen binnendeur,,,"H2","HH_door_receiver",0.0,"HH2_door_1","closed"
7165,3616,2024-10-01T07:46:19,,H2,glazen binnendeur,,,"H2","HH_door_receiver",0.0,"HH2_door_1","closed"
7166,3616,2024-10-01T07:56:15,,H2,glazen binnendeur,,,"H2","HH_door_receiver",1.0,"HH2_door_1","open"
7167,3616,2024-10-01T08:06:09,,H2,glazen binnendeur,,,"H2","HH_door_receiver",1.0,"HH2_door_1","open"
7168,3616,2024-10-01T08:16:10,,H2,glazen binnendeur,,,"H2","HH_door_receiver",1.0,"HH2_door_1","open"
7169,3616,2024-10-01T08:26:05,,H2,glazen binnendeur,,,"H2","HH_door_receiver",0.0,"HH2_door_1","closed"
7170,3616,2024-10-01T08:36:01,,H2,glazen binnendeur,,,"H2","HH_door_receiver",0.0,"HH2_door_1","closed"
7171,3616,2024-10-01T08:45:57,,H2,glazen binnendeur,,,"H2","HH_door_receiver",0.0,"HH2_door_1","closed"
7172,3616,2024-10-01T08:55:52,,H2,glazen binnendeur,,,"H2","HH_door_receiver",0.0,"HH2_door_1","closed"
7173,3616,2024-10-01T09:05:48,,H2,glazen binnendeur,,,"H2","HH_door_receiver",0.0,"HH2_door_1","closed"
7174,3616,2024-10-01T09:15:45,,H2,glazen binnendeur,,,"H2","HH_door_receiver",0.0,"HH2_door_1","closed"
7175,3616,2024-10-01T09:35:41,,H2,glazen binnendeur,,,"H2","HH_door_receiver",0.0,"HH2_door_1","closed"
7176,3616,2024-10-01T09:45:38,,H2,glazen binnendeur,,,"H2","HH_door_receiver",0.0,"HH2_door_1","closed"
7177,3616,2024-10-01T09:55:37,,H2,glazen binnendeur,,,"H2","HH_door_receiver",0.0,"HH2_door_1","closed"
7178,3616,2024-10-01T10:05:34,,H2,glazen binnendeur,,,"H2","HH_door_receiver",0.0,"HH2_door_1","closed"
7179,3616,2024-10-01T10:15:29,,H2,glazen binnendeur,,,"H2","HH_door_receiver",0.0,"HH2_door_1","closed"
7180,3616,2024-10-01T10:25:26,,H2,glazen binnendeur,,,"H2","HH_door_receiver",0.0,"HH2_door_1","closed"
7181,3616,2024-10-01T10:35:20,,H2,glazen binnendeur,,,"H2","HH_door_receiver",0.0,"HH2_door_1","closed"
7182,3616,2024-10-01T10:45:19,,H2,glazen binnendeur,,,"H2","HH_door_receiver",0.0,"HH2_door_1","closed"
7183,3616,2024-10-01T10:55:16,,H2,glazen binnendeur,,,"H2","HH_door_receiver",0.0,"HH2_door_1","closed"
7184,3616,2024-10-01T11:05:13,,H2,glazen binnendeur,,,"H2","HH_door_receiver",0.0,"HH2_door_1","closed"
7185,3616,2024-10-01T11:15:08,,H2,glazen binnendeur,,,"H2","HH_door_receiver",0.0,"HH2_door_1","closed"
7186,3616,2024-10-01T11:25:08,,H2,glazen binnendeur,,,"H2","HH_door_receiver",0.0,"HH2_door_1","closed"
7187,3616,2024-10-01T11:35:04,,H2,glazen binnendeur,,,"H2","HH_door_receiver",0.0,"HH2_door_1","closed"
7188,3616,2024-10-01T11:45:00,,H2,glazen binnendeur,,,"H2","HH_door_receiver",0.0,"HH2_door_1","closed"
7189,3616,2024-10-01T11:54:55,,H2,glazen binnendeur,,,"H2","HH_door_receiver",0.0,"HH2_door_1","closed"
7190,3616,2024-10-01T12:04:52,,H2,glazen binnendeur,,,"H2","HH_door_receiver",0.0,"HH2_door_1","closed"
7191,3616,2024-10-01T12:14:47,,H2,glazen binnendeur,,,"H2","HH_door_receiver",0.0,"HH2_door_1","closed"
7192,3616,2024-10-01T12:24:53,,H2,glazen binnendeur,,,"H2","HH_door_receiver",0.0,"HH2_door_1","closed"
7193,3616,2024-10-01T12:34:49,,H2,glazen binnendeur,,,"H2","HH_door_receiver",0.0,"HH2_door_1","closed"
7194,3616,2024-10-01T12:44:45,,H2,glazen binnendeur,,,"H2","HH_door_receiver",0.0,"HH2_door_1","closed"
7195,3616,2024-10-01T12:54:43,,H2,glazen binnendeur,,,"H2","HH_door_receiver",0.0,"HH2_door_1","closed"
7196,3616,2024-10-01T13:04:38,,H2,glazen binnendeur,,,"H2","HH_door_receiver",0.0,"HH2_door_1","closed"
7197,3616,2024-10-01T13:14:34,,H2,glazen binnendeur,,,"H2","HH_door_receiver",0.0,"HH2_door_1","closed"
7198,3616,2024-10-01T13:24:29,,H2,glazen binnendeur,,,"H2","HH_door_receiver",0.0,"HH2_door_1","closed"
7199,3616,2024-10-01T13:34:26,,H2,glazen binnendeur,,,"H2","HH_door_receiver",0.0,"HH2_door_1","closed"
7200,3616,2024-10-01T13:44:23,,H2,glazen binnendeur,,,"H2","HH_door_receiver",1.0,"HH2_door_1","open"
7201,3616,2024-10-01T13:54:22,,H2,glazen binnendeur,,,"H2","HH_door_receiver",0.0,"HH2_door_1","closed"
7202,3616,2024-10-01T14:04:17,,H2,glazen binnendeur,,,"H2","HH_door_receiver",0.0,"HH2_door_1","closed"
7203,3616,2024-10-01T14:14:15,,H2,glazen binnendeur,,,"H2","HH_door_receiver",0.0,"HH2_door_1","closed"
7204,3616,2024-10-01T14:24:10,,H2,glazen binnendeur,,,"H2","HH_door_receiver",0.0,"HH2_door_1","closed"
7205,3616,2024-10-01T14:34:07,,H2,glazen binnendeur,,,"H2","HH_door_receiver",0.0,"HH2_door_1","closed"
7206,3616,2024-10-01T14:44:06,,H2,glazen binnendeur,,,"H2","HH_door_receiver",0.0,"HH2_door_1","closed"
7207,3616,2024-10-01T14:54:02,,H2,glazen binnendeur,,,"H2","HH_door_receiver",0.0,"HH2_door_1","closed"
7208,3616,2024-10-01T15:03:58,,H2,glazen binnendeur,,,"H2","HH_door_receiver",0.0,"HH2_door_1","closed"
7209,3616,2024-10-01T15:13:53,,H2,glazen binnendeur,,,"H2","HH_door_receiver",0.0,"HH2_door_1","closed"
7210,3616,2024-10-01T15:23:48,,H2,glazen binnendeur,,,"H2","HH_door_receiver",0.0,"HH2_door_1","closed"
7211,3616,2024-10-01T15:33:43,,H2,glazen binnendeur,,,"H2","HH_door_receiver",0.0,"HH2_door_1","closed"
7212,3616,2024-10-01T15:43:39,,H2,glazen binnendeur,,,"H2","HH_door_receiver",0.0,"HH2_door_1","closed"
7213,3616,2024-10-01T15:53:34,,H2,glazen binnendeur,,,"H2","HH_door_receiver",0.0,"HH2_door_1","closed"
7214,3616,2024-10-01T16:03:32,,H2,glazen binnendeur,,,"H2","HH_door_receiver",0.0,"HH2_door_1","closed"
7215,3616,2024-10-01T16:13:30,,H2,glazen binnendeur,,,"H2","HH_door_receiver",0.0,"HH2_door_1","closed"
7216,3616,2024-10-01T16:23:28,,H2,glazen binnendeur,,,"H2","HH_door_receiver",0.0,"HH2_door_1","closed"
7217,3616,2024-10-01T16:33:24,,H2,glazen binnendeur,,,"H2","HH_door_receiver",0.0,"HH2_door_1","closed"
7218,3616,2024-10-01T16:43:19,,H2,glazen binnendeur,,,"H2","HH_door_receiver",0.0,"HH2_door_1","closed"
7219,3616,2024-10-01T16:53:16,,H2,glazen binnendeur,,,"H2","HH_door_receiver",0.0,"HH2_door_1","closed"
7220,3616,2024-10-01T17:03:11,,H2,glazen binnendeur,,,"H2","HH_door_receiver",0.0,"HH2_door_1","closed"
7221,3616,2024-10-01T17:13:08,,H2,glazen binnendeur,,,"H2","HH_door_receiver",0.0,"HH2_door_1","closed"
7222,3616,2024-10-01T17:23:03,,H2,glazen binnendeur,,,"H2","HH_door_receiver",0.0,"HH2_door_1","closed"
7223,3616,2024-10-01T17:32:58,,H2,glazen binnendeur,,,"H2","HH_door_receiver",0.0,"HH2_door_1","closed"
7224,3616,2024-10-01T17:42:55,,H2,glazen binnendeur,,,"H2","HH_door_receiver",0.0,"HH2_door_1","closed"
7225,3616,2024-10-01T17:52:51,,H2,glazen binnendeur,,,"H2","HH_door_receiver",0.0,"HH2_door_1","closed"
7226,3616,2024-10-01T18:02:48,,H2,glazen binnendeur,,,"H2","HH_door_receiver",0.0,"HH2_door_1","closed"
7227,3616,2024-10-01T18:12:46,,H2,glazen binnendeur,,,"H2","HH_door_receiver",0.0,"HH2_door_1","closed"
7228,3616,2024-10-01T18:22:44,,H2,glazen binnendeur,,,"H2","HH_door_receiver",0.0,"HH2_door_1","closed"
7229,3616,2024-10-01T18:32:41,,H2,glazen binnendeur,,,"H2","HH_door_receiver",0.0,"HH2_door_1","closed"
7230,3616,2024-10-01T18:42:37,,H2,glazen binnendeur,,,"H2","HH_door_receiver",0.0,"HH2_door_1","closed"
7231,3616,2024-10-01T18:52:33,,H2,glazen binnendeur,,,"H2","HH_door_receiver",0.0,"HH2_door_1","closed"
7232,3616,2024-10-01T19:02:29,,H2,glazen binnendeur,,,"H2","HH_door_receiver",1.0,"HH2_door_1","open"
7233,3616,2024-10-01T19:12:24,,H2,glazen binnendeur,,,"H2","HH_door_receiver",0.0,"HH2_door_1","closed"
7234,3616,2024-10-01T19:22:19,,H2,glazen binnendeur,,,"H2","HH_door_receiver",0.0,"HH2_door_1","closed"
7235,3616,2024-10-01T19:32:13,,H2,glazen binnendeur,,,"H2","HH_door_receiver",0.0,"HH2_door_1","closed"
7236,3616,2024-10-01T19:42:11,,H2,glazen binnendeur,,,"H2","HH_door_receiver",0.0,"HH2_door_1","closed"
7237,3616,2024-10-01T19:52:08,,H2,glazen binnendeur,,,"H2","HH_door_receiver",0.0,"HH2_door_1","closed"
7238,3616,2024-10-01T20:02:04,,H2,glazen binnendeur,,,"H2","HH_door_receiver",0.0,"HH2_door_1","closed"
7239,3616,2024-10-01T20:12:01,,H2,glazen binnendeur,,,"H2","HH_door_receiver",0.0,"HH2_door_1","closed"
7240,3616,2024-10-01T20:21:58,,H2,glazen binnendeur,,,"H2","HH_door_receiver",0.0,"HH2_door_1","closed"
7241,3616,2024-10-01T20:31:53,,H2,glazen binnendeur,,,"H2","HH_door_receiver",0.0,"HH2_door_1","closed"
7242,3616,2024-10-01T20:41:49,,H2,glazen binnendeur,,,"H2","HH_door_receiver",0.0,"HH2_door_1","closed"
7243,3616,2024-10-01T20:51:45,,H2,glazen binnendeur,,,"H2","HH_door_receiver",0.0,"HH2_door_1","closed"
7244,3616,2024-10-01T21:01:40,,H2,glazen binnendeur,,,"H2","HH_door_receiver",0.0,"HH2_door_1","closed"
7245,3616,2024-10-01T21:11:38,,H2,glazen binnendeur,,,"H2","HH_door_receiver",0.0,"HH2_door_1","closed"
7246,3616,2024-10-01T21:21:34,,H2,glazen binnendeur,,,"H2","HH_door_receiver",0.0,"HH2_door_1","closed"
7247,3616,2024-10-01T21:31:30,,H2,glazen binnendeur,,,"H2","HH_door_receiver",0.0,"HH2_door_1","closed"
7248,3616,2024-10-01T21:41:27,,H2,glazen binnendeur,,,"H2","HH_door_receiver",0.0,"HH2_door_1","closed"
7249,3616,2024-10-01T21:51:24,,H2,glazen binnendeur,,,"H2","HH_door_receiver",0.0,"HH2_door_1","closed"
7250,3616,2024-10-01T22:01:19,,H2,glazen binnendeur,,,"H2","HH_door_receiver",0.0,"HH2_door_1","closed"
7251,3616,2024-10-01T22:11:16,,H2,glazen binnendeur,,,"H2","HH_door_receiver",0.0,"HH2_door_1","closed"
7252,3616,2024-10-01T22:31:09,,H2,glazen binnendeur,,,"H2","HH_door_receiver",0.0,"HH2_door_1","closed"
7253,3616,2024-10-01T22:41:05,,H2,glazen binnendeur,,,"H2","HH_door_receiver",0.0,"HH2_door_1","closed"
7254,3616,2024-10-01T22:51:01,,H2,glazen binnendeur,,,"H2","HH_door_receiver",0.0,"HH2_door_1","closed"
7255,3616,2024-10-01T23:00:58,,H2,glazen binnendeur,,,"H2","HH_door_receiver",0.0,"HH2_door_1","closed"
7256,3616,2024-10-01T23:10:53,,H2,glazen binnendeur,,,"H2","HH_door_receiver",0.0,"HH2_door_1","closed"
7257,3616,2024-10-01T23:20:48,,H2,glazen binnendeur,,,"H2","HH_door_receiver",0.0,"HH2_door_1","closed"
7258,3616,2024-10-01T23:30:45,,H2,glazen binnendeur,,,"H2","HH_door_receiver",0.0,"HH2_door_1","closed"
7259,3616,2024-10-01T23:40:41,,H2,glazen binnendeur,,,"H2","HH_door_receiver",0.0,"HH2_door_1","closed"
7260,3616,2024-10-01T23:50:35,,H2,glazen binnendeur,,,"H2","HH_door_receiver",0.0,"HH2_door_1","closed"
7261,3616,2024-10-02T00:00:35,,H2,glazen binnendeur,,,"H2","HH_door_receiver",0.0,"HH2_door_1","closed"
7262,3616,2024-10-02T00:10:33,,H2,glazen binnendeur,,,"H2","HH_door_receiver",0.0,"HH2_door_1","closed"
7263,3616,2024-10-02T00:20:29,,H2,glazen binnendeur,,,"H2","HH_door_receiver",0.0,"HH2_door_1","closed"
7264,3616,2024-10-02T00:40:22,,H2,glazen binnendeur,,,"H2","HH_door_receiver",0.0,"HH2_door_1","closed"
7265,3616,2024-10-02T00:50:17,,H2,glazen binnendeur,,,"H2","HH_door_receiver",0.0,"HH2_door_1","closed"
7266,3616,2024-10-02T01:00:15,,H2,glazen binnendeur,,,"H2","HH_door_receiver",0.0,"HH2_door_1","closed"
7267,3616,2024-10-02T01:10:11,,H2,glazen binnendeur,,,"H2","HH_door_receiver",0.0,"HH2_door_1","closed"
7268,3616,2024-10-02T01:20:07,,H2,glazen binnendeur,,,"H2","HH_door_receiver",0.0,"HH2_door_1","closed"
7269,3616,2024-10-02T01:30:04,,H2,glazen binnendeur,,,"H2","HH_door_receiver",0.0,"HH2_door_1","closed"
7270,3616,2024-10-02T01:40:02,,H2,glazen binnendeur,,,"H2","HH_door_receiver",0.0,"HH2_door_1","closed"
7271,3616,2024-10-02T01:50:00,,H2,glazen binnendeur,,,"H2","HH_door_receiver",0.0,"HH2_door_1","closed"
7272,3616,2024-10-02T01:59:57,,H2,glazen binnendeur,,,"H2","HH_door_receiver",0.0,"HH2_door_1","closed"
7273,3616,2024-10-02T02:09:52,,H2,glazen binnendeur,,,"H2","HH_door_receiver",0.0,"HH2_door_1","closed"
7274,3616,2024-10-02T02:19:51,,H2,glazen binnendeur,,,"H2","HH_door_receiver",0.0,"HH2_door_1","closed"
7275,3616,2024-10-02T02:29:47,,H2,glazen binnendeur,,,"H2","HH_door_receiver",0.0,"HH2_door_1","closed"
7276,3616,2024-10-02T02:39:46,,H2,glazen binnendeur,,,"H2","HH_door_receiver",0.0,"HH2_door_1","closed"
7277,3616,2024-10-02T02:49:44,,H2,glazen binnendeur,,,"H2","HH_door_receiver",0.0,"HH2_door_1","closed"
7278,3616,2024-10-02T02:59:40,,H2,glazen binnendeur,,,"H2","HH_door_receiver",0.0,"HH2_door_1","closed"
7279,3616,2024-10-02T03:09:36,,H2,glazen binnendeur,,,"H2","HH_door_receiver",0.0,"HH2_door_1","closed"
7280,3616,2024-10-02T03:19:33,,H2,glazen binnendeur,,,"H2","HH_door_receiver",0.0,"HH2_door_1","closed"
7281,3616,2024-10-02T03:29:30,,H2,glazen binnendeur,,,"H2","HH_door_receiver",0.0,"HH2_door_1","closed"
7282,3616,2024-10-02T03:39:27,,H2,glazen binnendeur,,,"H2","HH_door_receiver",0.0,"HH2_door_1","closed"
7283,3616,2024-10-02T03:59:21,,H2,glazen binnendeur,,,"H2","HH_door_receiver",0.0,"HH2_door_1","closed"
7284,3616,2024-10-02T04:09:25,,H2,glazen binnendeur,,,"H2","HH_door_receiver",0.0,"HH2_door_1","closed"
7285,3616,2024-10-02T04:19:21,,H2,glazen binnendeur,,,"H2","HH_door_receiver",0.0,"HH2_door_1","closed"
7286,3616,2024-10-02T04:29:18,,H2,glazen binnendeur,,,"H2","HH_door_receiver",0.0,"HH2_door_1","closed"
7287,3616,2024-10-02T04:39:16,,H2,glazen binnendeur,,,"H2","HH_door_receiver",0.0,"HH2_door_1","closed"
7288,3616,2024-10-02T04:49:11,,H2,glazen binnendeur,,,"H2","HH_door_receiver",0.0,"HH2_door_1","closed"
7289,3616,2024-10-02T04:59:06,,H2,glazen binnendeur,,,"H2","HH_door_receiver",0.0,"HH2_door_1","closed"
7290,3616,2024-10-02T05:09:03,,H2,glazen binnendeur,,,"H2","HH_door_receiver",0.0,"HH2_door_1","closed"
7291,3616,2024-10-02T05:19:00,,H2,glazen binnendeur,,,"H2","HH_door_receiver",0.0,"HH2_door_1","closed"
7292,3616,2024-10-02T05:28:56,,H2,glazen binnendeur,,,"H2","HH_door_receiver",0.0,"HH2_door_1","closed"
7293,3616,2024-10-02T05:38:52,,H2,glazen binnendeur,,,"H2","HH_door_receiver",0.0,"HH2_door_1","closed"
7294,3616,2024-10-02T05:48:48,,H2,glazen binnendeur,,,"H2","HH_door_receiver",0.0,"HH2_door_1","closed"
7295,3616,2024-10-02T05:58:45,,H2,glazen binnendeur,,,"H2","HH_door_receiver",0.0,"HH2_door_1","closed"
7296,3616,2024-10-02T06:08:42,,H2,glazen binnendeur,,,"H2","HH_door_receiver",0.0,"HH2_door_1","closed"
7297,3616,2024-10-02T06:18:36,,H2,glazen binnendeur,,,"H2","HH_door_receiver",0.0,"HH2_door_1","closed"
7298,3616,2024-10-02T06:28:31,,H2,glazen binnendeur,,,"H2","HH_door_receiver",0.0,"HH2_door_1","closed"
7299,3616,2024-10-02T06:38:27,,H2,glazen binnendeur,,,"H2","HH_door_receiver",0.0,"HH2_door_1","closed"
7300,3616,2024-10-02T06:48:22,,H2,glazen binnendeur,,,"H2","HH_door_receiver",0.0,"HH2_door_1","closed"
7301,3616,2024-10-02T06:58:21,,H2,glazen binnendeur,,,"H2","HH_door_receiver",0.0,"HH2_door_1","closed"
7302,3616,2024-10-02T07:08:15,,H2,glazen binnendeur,,,"H2","HH_door_receiver",0.0,"HH2_door_1","closed"
7303,3616,2024-10-02T07:18:12,,H2,glazen binnendeur,,,"H2","HH_door_receiver",1.0,"HH2_door_1","open"
7304,3616,2024-10-02T07:28:09,,H2,glazen binnendeur,,,"H2","HH_door_receiver",0.0,"HH2_door_1","closed"
7305,3616,2024-10-02T07:38:05,,H2,glazen binnendeur,,,"H2","HH_door_receiver",0.0,"HH2_door_1","closed"
7306,3616,2024-10-02T07:48:03,,H2,glazen binnendeur,,,"H2","HH_door_receiver",0.0,"HH2_door_1","closed"
7307,3616,2024-10-02T07:57:57,,H2,glazen binnendeur,,,"H2","HH_door_receiver",1.0,"HH2_door_1","open"
7308,3616,2024-10-02T08:07:56,,H2,glazen binnendeur,,,"H2","HH_door_receiver",1.0,"HH2_door_1","open"
7309,3616,2024-10-02T08:17:52,,H2,glazen binnendeur,,,"H2","HH_door_receiver",1.0,"HH2_door_1","open"
7310,3616,2024-10-02T08:27:48,,H2,glazen binnendeur,,,"H2","HH_door_receiver",1.0,"HH2_door_1","open"
7311,3616,2024-10-02T08:37:44,,H2,glazen binnendeur,,,"H2","HH_door_receiver",1.0,"HH2_door_1","open"
7312,3616,2024-10-02T08:47:41,,H2,glazen binnendeur,,,"H2","HH_door_receiver",0.0,"HH2_door_1","closed"
7313,3616,2024-10-02T08:57:36,,H2,glazen binnendeur,,,"H2","HH_door_receiver",0.0,"HH2_door_1","closed"
7314,3616,2024-10-02T09:07:33,,H2,glazen binnendeur,,,"H2","HH_door_receiver",0.0,"HH2_door_1","closed"
7315,3616,2024-10-02T09:17:29,,H2,glazen binnendeur,,,"H2","HH_door_receiver",0.0,"HH2_door_1","closed"
7316,3616,2024-10-02T09:27:25,,H2,glazen binnendeur,,,"H2","HH_door_receiver",0.0,"HH2_door_1","closed"
7317,3616,2024-10-02T09:37:24,,H2,glazen binnendeur,,,"H2","HH_door_receiver",0.0,"HH2_door_1","closed"
7318,3616,2024-10-02T09:47:18,,H2,glazen binnendeur,,,"H2","HH_door_receiver",0.0,"HH2_door_1","closed"
7319,3616,2024-10-02T09:57:14,,H2,glazen binnendeur,,,"H2","HH_door_receiver",0.0,"HH2_door_1","closed"
7320,3616,2024-10-02T10:07:09,,H2,glazen binnendeur,,,"H2","HH_door_receiver",0.0,"HH2_door_1","closed"
7321,3616,2024-10-02T10:17:08,,H2,glazen binnendeur,,,"H2","HH_door_receiver",0.0,"HH2_door_1","closed"
7322,3616,2024-10-02T10:27:07,,H2,glazen binnendeur,,,"H2","HH_door_receiver",0.0,"HH2_door_1","closed"
7323,3616,2024-10-02T10:37:03,,H2,glazen binnendeur,,,"H2","HH_door_receiver",0.0,"HH2_door_1","closed"
7324,3616,2024-10-02T10:46:58,,H2,glazen binnendeur,,,"H2","HH_door_receiver",1.0,"HH2_door_1","open"
7325,3616,2024-10-02T10:56:54,,H2,glazen binnendeur,,,"H2","HH_door_receiver",1.0,"HH2_door_1","open"
7326,3616,2024-10-02T11:06:51,,H2,glazen binnendeur,,,"H2","HH_door_receiver",1.0,"HH2_door_1","open"
7327,3616,2024-10-02T11:26:45,,H2,glazen binnendeur,,,"H2","HH_door_receiver",1.0,"HH2_door_1","open"
7328,3616,2024-10-02T11:36:41,,H2,glazen binnendeur,,,"H2","HH_door_receiver",0.0,"HH2_door_1","closed"
7329,3616,2024-10-02T11:46:38,,H2,glazen binnendeur,,,"H2","HH_door_receiver",0.0,"HH2_door_1","closed"
7330,3616,2024-10-02T11:56:37,,H2,glazen binnendeur,,,"H2","HH_door_receiver",0.0,"HH2_door_1","closed"
7331,3616,2024-10-02T12:06:31,,H2,glazen binnendeur,,,"H2","HH_door_receiver",1.0,"HH2_door_1","open"
7332,3616,2024-10-02T12:16:30,,H2,glazen binnendeur,,,"H2","HH_door_receiver",0.0,"HH2_door_1","closed"
7333,3616,2024-10-02T12:26:27,,H2,glazen binnendeur,,,"H2","HH_door_receiver",0.0,"HH2_door_1","closed"
7334,3616,2024-10-02T12:36:25,,H2,glazen binnendeur,,,"H2","HH_door_receiver",1.0,"HH2_door_1","open"
7335,3616,2024-10-02T12:46:21,,H2,glazen binnendeur,,,"H2","HH_door_receiver",0.0,"HH2_door_1","closed"
7336,3616,2024-10-02T12:56:18,,H2,glazen binnendeur,,,"H2","HH_door_receiver",0.0,"HH2_door_1","closed"
7337,3616,2024-10-02T13:06:13,,H2,glazen binnendeur,,,"H2","HH_door_receiver",0.0,"HH2_door_1","closed"
7338,3616,2024-10-02T13:16:12,,H2,glazen binnendeur,,,"H2","HH_door_receiver",0.0,"HH2_door_1","closed"
7339,3616,2024-10-02T13:26:08,,H2,glazen binnendeur,,,"H2","HH_door_receiver",1.0,"HH2_door_1","open"
7340,3616,2024-10-02T13:36:03,,H2,glazen binnendeur,,,"H2","HH_door_receiver",1.0,"HH2_door_1","open"
7341,3616,2024-10-02T13:46:02,,H2,glazen binnendeur,,,"H2","HH_door_receiver",0.0,"HH2_door_1","closed"
7342,3616,2024-10-02T13:55:58,,H2,glazen binnendeur,,,"H2","HH_door_receiver",0.0,"HH2_door_1","closed"
7343,3616,2024-10-02T14:05:55,,H2,glazen binnendeur,,,"H2","HH_door_receiver",1.0,"HH2_door_1","open"
7344,3616,2024-10-02T14:15:51,,H2,glazen binnendeur,,,"H2","HH_door_receiver",0.0,"HH2_door_1","closed"
7345,3616,2024-10-02T14:25:46,,H2,glazen binnendeur,,,"H2","HH_door_receiver",0.0,"HH2_door_1","closed"
7346,3616,2024-10-02T14:35:44,,H2,glazen binnendeur,,,"H2","HH_door_receiver",0.0,"HH2_door_1","closed"
7347,3616,2024-10-02T14:45:43,,H2,glazen binnendeur,,,"H2","HH_door_receiver",0.0,"HH2_door_1","closed"
7348,3616,2024-10-02T15:05:34,,H2,glazen binnendeur,,,"H2","HH_door_receiver",0.0,"HH2_door_1","closed"
7349,3616,2024-10-02T15:15:29,,H2,glazen binnendeur,,,"H2","HH_door_receiver",0.0,"HH2_door_1","closed"
7350,3616,2024-10-02T15:25:25,,H2,glazen binnendeur,,,"H2","HH_door_receiver",0.0,"HH2_door_1","closed"
7351,3616,2024-10-02T15:35:23,,H2,glazen binnendeur,,,"H2","HH_door_receiver",0.0,"HH2_door_1","closed"
7352,3616,2024-10-02T15:45:20,,H2,glazen binnendeur,,,"H2","HH_door_receiver",0.0,"HH2_door_1","closed"
7353,3616,2024-10-02T15:55:17,,H2,glazen binnendeur,,,"H2","HH_door_receiver",0.0,"HH2_door_1","closed"
7354,3616,2024-10-02T16:05:14,,H2,glazen binnendeur,,,"H2","HH_door_receiver",0.0,"HH2_door_1","closed"
7355,3616,2024-10-02T16:15:10,,H2,glazen binnendeur,,,"H2","HH_door_receiver",0.0,"HH2_door_1","closed"
7356,3616,2024-10-02T16:25:07,,H2,glazen binnendeur,,,"H2","HH_door_receiver",0.0,"HH2_door_1","closed"
7357,3616,2024-10-02T16:35:03,,H2,glazen binnendeur,,,"H2","HH_door_receiver",0.0,"HH2_door_1","closed"
7358,3616,2024-10-02T16:45:02,,H2,glazen binnendeur,,,"H2","HH_door_receiver",0.0,"HH2_door_1","closed"
7359,3616,2024-10-02T16:54:59,,H2,glazen binnendeur,,,"H2","HH_door_receiver",0.0,"HH2_door_1","closed"
7360,3616,2024-10-02T17:04:54,,H2,glazen binnendeur,,,"H2","HH_door_receiver",0.0,"HH2_door_1","closed"
7361,3616,2024-10-02T17:14:52,,H2,glazen binnendeur,,,"H2","HH_door_receiver",0.0,"HH2_door_1","closed"
7362,3616,2024-10-02T17:24:48,,H2,glazen binnendeur,,,"H2","HH_door_receiver",0.0,"HH2_door_1","closed"
7363,3616,2024-10-02T17:34:44,,H2,glazen binnendeur,,,"H2","HH_door_receiver",0.0,"HH2_door_1","closed"
7364,3616,2024-10-02T17:44:43,,H2,glazen binnendeur,,,"H2","HH_door_receiver",0.0,"HH2_door_1","closed"
7365,3616,2024-10-02T17:54:39,,H2,glazen binnendeur,,,"H2","HH_door_receiver",0.0,"HH2_door_1","closed"
7366,3616,2024-10-02T18:04:37,,H2,glazen binnendeur,,,"H2","HH_door_receiver",0.0,"HH2_door_1","closed"
7367,3616,2024-10-02T18:14:31,,H2,glazen binnendeur,,,"H2","HH_door_receiver",0.0,"HH2_door_1","closed"
7368,3616,2024-10-02T18:24:28,,H2,glazen binnendeur,,,"H2","HH_door_receiver",0.0,"HH2_door_1","closed"
7369,3616,2024-10-02T18:34:26,,H2,glazen binnendeur,,,"H2","HH_door_receiver",0.0,"HH2_door_1","closed"
7370,3616,2024-10-02T18:44:20,,H2,glazen binnendeur,,,"H2","HH_door_receiver",1.0,"HH2_door_1","open"
7371,3616,2024-10-02T19:04:15,,H2,glazen binnendeur,,,"H2","HH_door_receiver",0.0,"HH2_door_1","closed"
7372,3616,2024-10-02T19:14:12,,H2,glazen binnendeur,,,"H2","HH_door_receiver",0.0,"HH2_door_1","closed"
7373,3616,2024-10-02T19:24:08,,H2,glazen binnendeur,,,"H2","HH_door_receiver",0.0,"HH2_door_1","closed"
7374,3616,2024-10-02T19:34:04,,H2,glazen binnendeur,,,"H2","HH_door_receiver",1.0,"HH2_door_1","open"
7375,3616,2024-10-02T19:44:01,,H2,glazen binnendeur,,,"H2","HH_door_receiver",0.0,"HH2_door_1","closed"
7376,3616,2024-10-02T19:53:58,,H2,glazen binnendeur,,,"H2","HH_door_receiver",0.0,"HH2_door_1","closed"
7377,3616,2024-10-02T20:03:52,,H2,glazen binnendeur,,,"H2","HH_door_receiver",0.0,"HH2_door_1","closed"
7378,3616,2024-10-02T20:13:47,,H2,glazen binnendeur,,,"H2","HH_door_receiver",0.0,"HH2_door_1","closed"
7379,3616,2024-10-02T20:23:46,,H2,glazen binnendeur,,,"H2","HH_door_receiver",0.0,"HH2_door_1","closed"
7380,3616,2024-10-02T20:33:39,,H2,glazen binnendeur,,,"H2","HH_door_receiver",0.0,"HH2_door_1","closed"
7381,3616,2024-10-02T20:43:34,,H2,glazen binnendeur,,,"H2","HH_door_receiver",0.0,"HH2_door_1","closed"
7382,3616,2024-10-02T20:53:29,,H2,glazen binnendeur,,,"H2","HH_door_receiver",0.0,"HH2_door_1","closed"
7383,3616,2024-10-02T21:03:24,,H2,glazen binnendeur,,,"H2","HH_door_receiver",0.0,"HH2_door_1","closed"
7384,3616,2024-10-02T21:13:21,,H2,glazen binnendeur,,,"H2","HH_door_receiver",0.0,"HH2_door_1","closed"
7385,3616,2024-10-02T21:23:16,,H2,glazen binnendeur,,,"H2","HH_door_receiver",0.0,"HH2_door_1","closed"
7386,3616,2024-10-02T21:33:11,,H2,glazen binnendeur,,,"H2","HH_door_receiver",0.0,"HH2_door_1","closed"
7387,3616,2024-10-02T21:43:07,,H2,glazen binnendeur,,,"H2","HH_door_receiver",0.0,"HH2_door_1","closed"
7388,3616,2024-10-02T21:53:01,,H2,glazen binnendeur,,,"H2","HH_door_receiver",1.0,"HH2_door_1","open"
7389,3616,2024-10-02T22:02:57,,H2,glazen binnendeur,,,"H2","HH_door_receiver",0.0,"HH2_door_1","closed"
7390,3616,2024-10-02T22:12:53,,H2,glazen binnendeur,,,"H2","HH_door_receiver",0.0,"HH2_door_1","closed"
7391,3616,2024-10-02T22:22:47,,H2,glazen binnendeur,,,"H2","HH_door_receiver",0.0,"HH2_door_1","closed"
7392,3616,2024-10-02T22:32:44,,H2,glazen binnendeur,,,"H2","HH_door_receiver",0.0,"HH2_door_1","closed"
7393,3616,2024-10-02T22:42:41,,H2,glazen binnendeur,,,"H2","HH_door_receiver",0.0,"HH2_door_1","closed"
7394,3616,2024-10-02T22:52:35,,H2,glazen binnendeur,,,"H2","HH_door_receiver",0.0,"HH2_door_1","closed"
7395,3616,2024-10-02T23:02:33,,H2,glazen binnendeur,,,"H2","HH_door_receiver",0.0,"HH2_door_1","closed"
7396,3616,2024-10-02T23:12:28,,H2,glazen binnendeur,,,"H2","HH_door_receiver",0.0,"HH2_door_1","closed"
7397,3616,2024-10-02T23:22:23,,H2,glazen binnendeur,,,"H2","HH_door_receiver",0.0,"HH2_door_1","closed"
7398,3616,2024-10-02T23:32:19,,H2,glazen binnendeur,,,"H2","HH_door_receiver",0.0,"HH2_door_1","closed"
7399,3616,2024-10-02T23:42:17,,H2,glazen binnendeur,,,"H2","HH_door_receiver",0.0,"HH2_door_1","closed"
7400,3616,2024-10-02T23:52:11,,H2,glazen binnendeur,,,"H2","HH_door_receiver",0.0,"HH2_door_1","closed"
7401,3616,2024-10-03T00:02:09,,H2,glazen binnendeur,,,"H2","HH_door_receiver",0.0,"HH2_door_1","closed"
7402,3616,2024-10-03T00:12:05,,H2,glazen binnendeur,,,"H2","HH_door_receiver",0.0,"HH2_door_1","closed"
7403,3616,2024-10-03T00:22:01,,H2,glazen binnendeur,,,"H2","HH_door_receiver",0.0,"HH2_door_1","closed"
7404,3616,2024-10-03T00:31:56,,H2,glazen binnendeur,,,"H2","HH_door_receiver",0.0,"HH2_door_1","closed"
7405,3616,2024-10-03T00:41:54,,H2,glazen binnendeur,,,"H2","HH_door_receiver",0.0,"HH2_door_1","closed"
7406,3616,2024-10-03T00:51:49,,H2,glazen binnendeur,,,"H2","HH_door_receiver",0.0,"HH2_door_1","closed"
7407,3616,2024-10-03T01:01:46,,H2,glazen binnendeur,,,"H2","HH_door_receiver",0.0,"HH2_door_1","closed"
7408,3616,2024-10-03T01:11:42,,H2,glazen binnendeur,,,"H2","HH_door_receiver",0.0,"HH2_door_1","closed"
7409,3616,2024-10-03T01:31:39,,H2,glazen binnendeur,,,"H2","HH_door_receiver",0.0,"HH2_door_1","closed"
7410,3616,2024-10-03T01:41:35,,H2,glazen binnendeur,,,"H2","HH_door_receiver",0.0,"HH2_door_1","closed"
7411,3616,2024-10-03T01:51:29,,H2,glazen binnendeur,,,"H2","HH_door_receiver",0.0,"HH2_door_1","closed"
7412,3616,2024-10-03T02:01:26,,H2,glazen binnendeur,,,"H2","HH_door_receiver",0.0,"HH2_door_1","closed"
7413,3616,2024-10-03T02:11:22,,H2,glazen binnendeur,,,"H2","HH_door_receiver",0.0,"HH2_door_1","closed"
7414,3616,2024-10-03T02:21:20,,H2,glazen binnendeur,,,"H2","HH_door_receiver",0.0,"HH2_door_1","closed"
7415,3616,2024-10-03T02:31:18,,H2,glazen binnendeur,,,"H2","HH_door_receiver",0.0,"HH2_door_1","closed"
7416,3616,2024-10-03T02:41:13,,H2,glazen binnendeur,,,"H2","HH_door_receiver",0.0,"HH2_door_1","closed"
7417,3616,2024-10-03T02:51:08,,H2,glazen binnendeur,,,"H2","HH_door_receiver",0.0,"HH2_door_1","closed"
7418,3616,2024-10-03T03:01:05,,H2,glazen binnendeur,,,"H2","HH_door_receiver",0.0,"HH2_door_1","closed"
7419,3616,2024-10-03T03:11:01,,H2,glazen binnendeur,,,"H2","HH_door_receiver",0.0,"HH2_door_1","closed"
7420,3616,2024-10-03T03:20:58,,H2,glazen binnendeur,,,"H2","HH_door_receiver",0.0,"HH2_door_1","closed"
7421,3616,2024-10-03T03:30:55,,H2,glazen binnendeur,,,"H2","HH_door_receiver",0.0,"HH2_door_1","closed"
7422,3616,2024-10-03T03:40:50,,H2,glazen binnendeur,,,"H2","HH_door_receiver",0.0,"HH2_door_1","closed"
7423,3616,2024-10-03T03:50:47,,H2,glazen binnendeur,,,"H2","HH_door_receiver",0.0,"HH2_door_1","closed"
7424,3616,2024-10-03T04:00:43,,H2,glazen binnendeur,,,"H2","HH_door_receiver",0.0,"HH2_door_1","closed"
7425,3616,2024-10-03T04:10:39,,H2,glazen binnendeur,,,"H2","HH_door_receiver",0.0,"HH2_door_1","closed"
7426,3616,2024-10-03T04:20:34,,H2,glazen binnendeur,,,"H2","HH_door_receiver",0.0,"HH2_door_1","closed"
7427,3616,2024-10-03T04:30:29,,H2,glazen binnendeur,,,"H2","HH_door_receiver",0.0,"HH2_door_1","closed"
7428,3616,2024-10-03T04:40:28,,H2,glazen binnendeur,,,"H2","HH_door_receiver",0.0,"HH2_door_1","closed"
7429,3616,2024-10-03T04:50:25,,H2,glazen binnendeur,,,"H2","HH_door_receiver",0.0,"HH2_door_1","closed"
7430,3616,2024-10-03T05:00:21,,H2,glazen binnendeur,,,"H2","HH_door_receiver",0.0,"HH2_door_1","closed"
7431,3616,2024-10-03T05:10:16,,H2,glazen binnendeur,,,"H2","HH_door_receiver",0.0,"HH2_door_1","closed"
7432,3616,2024-10-03T05:20:11,,H2,glazen binnendeur,,,"H2","HH_door_receiver",0.0,"HH2_door_1","closed"
7433,3616,2024-10-03T05:30:10,,H2,glazen binnendeur,,,"H2","HH_door_receiver",0.0,"HH2_door_1","closed"
7434,3616,2024-10-03T05:40:06,,H2,glazen binnendeur,,,"H2","HH_door_receiver",0.0,"HH2_door_1","closed"
7435,3616,2024-10-03T05:50:04,,H2,glazen binnendeur,,,"H2","HH_door_receiver",0.0,"HH2_door_1","closed"
7436,3616,2024-10-03T05:59:58,,H2,glazen binnendeur,,,"H2","HH_door_receiver",0.0,"HH2_door_1","closed"
7437,3616,2024-10-03T06:09:54,,H2,glazen binnendeur,,,"H2","HH_door_receiver",0.0,"HH2_door_1","closed"
7438,3616,2024-10-03T06:19:48,,H2,glazen binnendeur,,,"H2","HH_door_receiver",0.0,"HH2_door_1","closed"
7439,3616,2024-10-03T06:29:46,,H2,glazen binnendeur,,,"H2","HH_door_receiver",0.0,"HH2_door_1","closed"
7440,3616,2024-10-03T06:39:42,,H2,glazen binnendeur,,,"H2","HH_door_receiver",0.0,"HH2_door_1","closed"
7441,3616,2024-10-03T06:49:38,,H2,glazen binnendeur,,,"H2","HH_door_receiver",0.0,"HH2_door_1","closed"
7442,3616,2024-10-03T06:59:34,,H2,glazen binnendeur,,,"H2","HH_door_receiver",0.0,"HH2_door_1","closed"
7443,3616,2024-10-03T07:09:32,,H2,glazen binnendeur,,,"H2","HH_door_receiver",0.0,"HH2_door_1","closed"
7444,3616,2024-10-03T07:19:28,,H2,glazen binnendeur,,,"H2","HH_door_receiver",0.0,"HH2_door_1","closed"
7445,3616,2024-10-03T07:29:25,,H2,glazen binnendeur,,,"H2","HH_door_receiver",1.0,"HH2_door_1","open"
7446,3616,2024-10-03T07:39:21,,H2,glazen binnendeur,,,"H2","HH_door_receiver",1.0,"HH2_door_1","open"
7447,3616,2024-10-03T07:49:17,,H2,glazen binnendeur,,,"H2","HH_door_receiver",1.0,"HH2_door_1","open"
7448,3616,2024-10-03T07:59:12,,H2,glazen binnendeur,,,"H2","HH_door_receiver",1.0,"HH2_door_1","open"
7449,3616,2024-10-03T08:09:09,,H2,glazen binnendeur,,,"H2","HH_door_receiver",1.0,"HH2_door_1","open"
7450,3616,2024-10-03T08:19:03,,H2,glazen binnendeur,,,"H2","HH_door_receiver",0.0,"HH2_door_1","closed"
7451,3616,2024-10-03T08:29:00,,H2,glazen binnendeur,,,"H2","HH_door_receiver",0.0,"HH2_door_1","closed"
7452,3616,2024-10-03T08:38:55,,H2,glazen binnendeur,,,"H2","HH_door_receiver",0.0,"HH2_door_1","closed"
7453,3616,2024-10-03T08:48:52,,H2,glazen binnendeur,,,"H2","HH_door_receiver",0.0,"HH2_door_1","closed"
7454,3616,2024-10-03T08:58:48,,H2,glazen binnendeur,,,"H2","HH_door_receiver",0.0,"HH2_door_1","closed"
7455,3616,2024-10-03T09:08:45,,H2,glazen binnendeur,,,"H2","HH_door_receiver",0.0,"HH2_door_1","closed"
7456,3616,2024-10-03T09:18:43,,H2,glazen binnendeur,,,"H2","HH_door_receiver",0.0,"HH2_door_1","closed"
7457,3616,2024-10-03T09:28:37,,H2,glazen binnendeur,,,"H2","HH_door_receiver",0.0,"HH2_door_1","closed"
7458,3616,2024-10-03T09:38:35,,H2,glazen binnendeur,,,"H2","HH_door_receiver",0.0,"HH2_door_1","closed"
7459,3616,2024-10-03T09:48:31,,H2,glazen binnendeur,,,"H2","HH_door_receiver",0.0,"HH2_door_1","closed"
7460,3616,2024-10-03T09:58:29,,H2,glazen binnendeur,,,"H2","HH_door_receiver",0.0,"HH2_door_1","closed"
7461,3616,2024-10-03T10:08:24,,H2,glazen binnendeur,,,"H2","HH_door_receiver",0.0,"HH2_door_1","closed"
7462,3616,2024-10-03T10:18:20,,H2,glazen binnendeur,,,"H2","HH_door_receiver",0.0,"HH2_door_1","closed"
7463,3616,2024-10-03T10:28:18,,H2,glazen binnendeur,,,"H2","HH_door_receiver",0.0,"HH2_door_1","closed"
7464,3616,2024-10-03T10:38:14,,H2,glazen binnendeur,,,"H2","HH_door_receiver",0.0,"HH2_door_1","closed"
7465,3616,2024-10-03T10:48:10,,H2,glazen binnendeur,,,"H2","HH_door_receiver",0.0,"HH2_door_1","closed"
7466,3616,2024-10-03T10:58:07,,H2,glazen binnendeur,,,"H2","HH_door_receiver",0.0,"HH2_door_1","closed"
7467,3616,2024-10-03T11:08:06,,H2,glazen binnendeur,,,"H2","HH_door_receiver",0.0,"HH2_door_1","closed"
7468,3616,2024-10-03T11:18:02,,H2,glazen binnendeur,,,"H2","HH_door_receiver",0.0,"HH2_door_1","closed"
7469,3616,2024-10-03T11:27:57,,H2,glazen binnendeur,,,"H2","HH_door_receiver",0.0,"HH2_door_1","closed"
7470,3616,2024-10-03T11:37:54,,H2,glazen binnendeur,,,"H2","HH_door_receiver",0.0,"HH2_door_1","closed"
7471,3616,2024-10-03T11:47:53,,H2,glazen binnendeur,,,"H2","HH_door_receiver",0.0,"HH2_door_1","closed"
7472,3616,2024-10-03T11:57:51,,H2,glazen binnendeur,,,"H2","HH_door_receiver",0.0,"HH2_door_1","closed"
7473,3616,2024-10-03T12:07:48,,H2,glazen binnendeur,,,"H2","HH_door_receiver",0.0,"HH2_door_1","closed"
7474,3616,2024-10-03T12:27:43,,H2,glazen binnendeur,,,"H2","HH_door_receiver",0.0,"HH2_door_1","closed"
7475,3616,2024-10-03T12:37:39,,H2,glazen binnendeur,,,"H2","HH_door_receiver",0.0,"HH2_door_1","closed"
7476,3616,2024-10-03T12:47:37,,H2,glazen binnendeur,,,"H2","HH_door_receiver",0.0,"HH2_door_1","closed"
7477,3616,2024-10-03T12:57:32,,H2,glazen binnendeur,,,"H2","HH_door_receiver",0.0,"HH2_door_1","closed"
7478,3616,2024-10-03T13:07:28,,H2,glazen binnendeur,,,"H2","HH_door_receiver",0.0,"HH2_door_1","closed"
7479,3616,2024-10-03T13:17:24,,H2,glazen binnendeur,,,"H2","HH_door_receiver",0.0,"HH2_door_1","closed"
7480,3616,2024-10-03T13:27:21,,H2,glazen binnendeur,,,"H2","HH_door_receiver",0.0,"HH2_door_1","closed"
7481,3616,2024-10-03T13:37:19,,H2,glazen binnendeur,,,"H2","HH_door_receiver",0.0,"HH2_door_1","closed"
7482,3616,2024-10-03T13:47:16,,H2,glazen binnendeur,,,"H2","HH_door_receiver",0.0,"HH2_door_1","closed"
7483,3616,2024-10-03T13:57:11,,H2,glazen binnendeur,,,"H2","HH_door_receiver",0.0,"HH2_door_1","closed"
7484,3616,2024-10-03T14:07:07,,H2,glazen binnendeur,,,"H2","HH_door_receiver",0.0,"HH2_door_1","closed"
7485,3616,2024-10-03T14:17:02,,H2,glazen binnendeur,,,"H2","HH_door_receiver",0.0,"HH2_door_1","closed"
7486,3616,2024-10-03T14:26:59,,H2,glazen binnendeur,,,"H2","HH_door_receiver",0.0,"HH2_door_1","closed"
7487,3616,2024-10-03T14:36:54,,H2,glazen binnendeur,,,"H2","HH_door_receiver",0.0,"HH2_door_1","closed"
7488,3616,2024-10-03T14:46:51,,H2,glazen binnendeur,,,"H2","HH_door_receiver",1.0,"HH2_door_1","open"
7489,3616,2024-10-03T14:56:46,,H2,glazen binnendeur,,,"H2","HH_door_receiver",0.0,"HH2_door_1","closed"
7490,3616,2024-10-03T15:06:43,,H2,glazen binnendeur,,,"H2","HH_door_receiver",0.0,"HH2_door_1","closed"
7491,3616,2024-10-03T15:16:39,,H2,glazen binnendeur,,,"H2","HH_door_receiver",0.0,"HH2_door_1","closed"
7492,3616,2024-10-03T15:26:34,,H2,glazen binnendeur,,,"H2","HH_door_receiver",0.0,"HH2_door_1","closed"
7493,3616,2024-10-03T15:36:29,,H2,glazen binnendeur,,,"H2","HH_door_receiver",0.0,"HH2_door_1","closed"
7494,3616,2024-10-03T15:46:26,,H2,glazen binnendeur,,,"H2","HH_door_receiver",0.0,"HH2_door_1","closed"
7495,3616,2024-10-03T16:06:16,,H2,glazen binnendeur,,,"H2","HH_door_receiver",0.0,"HH2_door_1","closed"
7496,3616,2024-10-03T16:16:14,,H2,glazen binnendeur,,,"H2","HH_door_receiver",0.0,"HH2_door_1","closed"
7497,3616,2024-10-03T16:26:12,,H2,glazen binnendeur,,,"H2","HH_door_receiver",0.0,"HH2_door_1","closed"
7498,3616,2024-10-03T16:36:10,,H2,glazen binnendeur,,,"H2","HH_door_receiver",0.0,"HH2_door_1","closed"
7499,3616,2024-10-03T16:46:07,,H2,glazen binnendeur,,,"H2","HH_door_receiver",0.0,"HH2_door_1","closed"
7500,3616,2024-10-03T16:56:04,,H2,glazen binnendeur,,,"H2","HH_door_receiver",0.0,"HH2_door_1","closed"
7501,3616,2024-10-03T17:06:01,,H2,glazen binnendeur,,,"H2","HH_door_receiver",0.0,"HH2_door_1","closed"
7502,3616,2024-10-03T17:15:55,,H2,glazen binnendeur,,,"H2","HH_door_receiver",0.0,"HH2_door_1","closed"
7503,3616,2024-10-03T17:25:51,,H2,glazen binnendeur,,,"H2","HH_door_receiver",0.0,"HH2_door_1","closed"
7504,3616,2024-10-03T17:35:48,,H2,glazen binnendeur,,,"H2","HH_door_receiver",0.0,"HH2_door_1","closed"
7505,3616,2024-10-03T17:45:45,,H2,glazen binnendeur,,,"H2","HH_door_receiver",0.0,"HH2_door_1","closed"
7506,3616,2024-10-03T17:55:40,,H2,glazen binnendeur,,,"H2","HH_door_receiver",0.0,"HH2_door_1","closed"
7507,3616,2024-10-03T18:05:37,,H2,glazen binnendeur,,,"H2","HH_door_receiver",0.0,"HH2_door_1","closed"
7508,3616,2024-10-03T18:15:32,,H2,glazen binnendeur,,,"H2","HH_door_receiver",0.0,"HH2_door_1","closed"
7509,3616,2024-10-03T18:25:27,,H2,glazen binnendeur,,,"H2","HH_door_receiver",0.0,"HH2_door_1","closed"
7510,3616,2024-10-03T18:35:26,,H2,glazen binnendeur,,,"H2","HH_door_receiver",0.0,"HH2_door_1","closed"
7511,3616,2024-10-03T18:45:22,,H2,glazen binnendeur,,,"H2","HH_door_receiver",0.0,"HH2_door_1","closed"
7512,3616,2024-10-03T18:55:19,,H2,glazen binnendeur,,,"H2","HH_door_receiver",0.0,"HH2_door_1","closed"
7513,3616,2024-10-03T19:05:16,,H2,glazen binnendeur,,,"H2","HH_door_receiver",0.0,"HH2_door_1","closed"
7514,3616,2024-10-03T19:15:13,,H2,glazen binnendeur,,,"H2","HH_door_receiver",0.0,"HH2_door_1","closed"
7515,3616,2024-10-03T19:25:12,,H2,glazen binnendeur,,,"H2","HH_door_receiver",0.0,"HH2_door_1","closed"
7516,3616,2024-10-03T19:35:07,,H2,glazen binnendeur,,,"H2","HH_door_receiver",0.0,"HH2_door_1","closed"
7517,3616,2024-10-03T19:45:05,,H2,glazen binnendeur,,,"H2","HH_door_receiver",0.0,"HH2_door_1","closed"
7518,3616,2024-10-03T19:54:59,,H2,glazen binnendeur,,,"H2","HH_door_receiver",0.0,"HH2_door_1","closed"
7519,3616,2024-10-03T20:04:56,,H2,glazen binnendeur,,,"H2","HH_door_receiver",0.0,"HH2_door_1","closed"
7520,3616,2024-10-03T20:14:53,,H2,glazen binnendeur,,,"H2","HH_door_receiver",0.0,"HH2_door_1","closed"
7521,3616,2024-10-03T20:24:50,,H2,glazen binnendeur,,,"H2","HH_door_receiver",0.0,"HH2_door_1","closed"
7522,3616,2024-10-03T20:34:46,,H2,glazen binnendeur,,,"H2","HH_door_receiver",0.0,"HH2_door_1","closed"
7523,3616,2024-10-03T20:44:43,,H2,glazen binnendeur,,,"H2","HH_door_receiver",0.0,"HH2_door_1","closed"
7524,3616,2024-10-03T20:54:38,,H2,glazen binnendeur,,,"H2","HH_door_receiver",0.0,"HH2_door_1","closed"
7525,3616,2024-10-03T21:04:35,,H2,glazen binnendeur,,,"H2","HH_door_receiver",1.0,"HH2_door_1","open"
7526,3616,2024-10-03T21:14:31,,H2,glazen binnendeur,,,"H2","HH_door_receiver",1.0,"HH2_door_1","open"
7527,3616,2024-10-03T21:24:28,,H2,glazen binnendeur,,,"H2","HH_door_receiver",1.0,"HH2_door_1","open"
7528,3616,2024-10-03T21:34:23,,H2,glazen binnendeur,,,"H2","HH_door_receiver",1.0,"HH2_door_1","open"
7529,3616,2024-10-03T21:44:18,,H2,glazen binnendeur,,,"H2","HH_door_receiver",0.0,"HH2_door_1","closed"
7530,3616,2024-10-03T21:54:15,,H2,glazen binnendeur,,,"H2","HH_door_receiver",0.0,"HH2_door_1","closed"
7531,3616,2024-10-03T22:04:12,,H2,glazen binnendeur,,,"H2","HH_door_receiver",1.0,"HH2_door_1","open"
7532,3616,2024-10-03T22:14:08,,H2,glazen binnendeur,,,"H2","HH_door_receiver",1.0,"HH2_door_1","open"
7533,3616,2024-10-03T22:24:03,,H2,glazen binnendeur,,,"H2","HH_door_receiver",0.0,"HH2_door_1","closed"
7534,3616,2024-10-03T22:33:59,,H2,glazen binnendeur,,,"H2","HH_door_receiver",0.0,"HH2_door_1","closed"
7535,3616,2024-10-03T22:43:54,,H2,glazen binnendeur,,,"H2","HH_door_receiver",0.0,"HH2_door_1","closed"
7536,3616,2024-10-03T22:53:49,,H2,glazen binnendeur,,,"H2","HH_door_receiver",0.0,"HH2_door_1","closed"
7537,3616,2024-10-03T23:03:47,,H2,glazen binnendeur,,,"H2","HH_door_receiver",0.0,"HH2_door_1","closed"
7538,3616,2024-10-03T23:13:41,,H2,glazen binnendeur,,,"H2","HH_door_receiver",0.0,"HH2_door_1","closed"
7539,3616,2024-10-03T23:23:39,,H2,glazen binnendeur,,,"H2","HH_door_receiver",0.0,"HH2_door_1","closed"
7540,3616,2024-10-03T23:33:35,,H2,glazen binnendeur,,,"H2","HH_door_receiver",0.0,"HH2_door_1","closed"
7541,3616,2024-10-03T23:43:31,,H2,glazen binnendeur,,,"H2","HH_door_receiver",0.0,"HH2_door_1","closed"
7542,3616,2024-10-03T23:53:26,,H2,glazen binnendeur,,,"H2","HH_door_receiver",0.0,"HH2_door_1","closed"
7543,3616,2024-10-04T00:03:23,,H2,glazen binnendeur,,,"H2","HH_door_receiver",0.0,"HH2_door_1","closed"
7544,3616,2024-10-04T00:13:18,,H2,glazen binnendeur,,,"H2","HH_door_receiver",0.0,"HH2_door_1","closed"
7545,3616,2024-10-04T00:33:12,,H2,glazen binnendeur,,,"H2","HH_door_receiver",0.0,"HH2_door_1","closed"
7546,3616,2024-10-04T00:43:07,,H2,glazen binnendeur,,,"H2","HH_door_receiver",0.0,"HH2_door_1","closed"
7547,3616,2024-10-04T00:53:01,,H2,glazen binnendeur,,,"H2","HH_door_receiver",0.0,"HH2_door_1","closed"
7548,3616,2024-10-04T01:02:58,,H2,glazen binnendeur,,,"H2","HH_door_receiver",0.0,"HH2_door_1","closed"
7549,3616,2024-10-04T01:12:54,,H2,glazen binnendeur,,,"H2","HH_door_receiver",0.0,"HH2_door_1","closed"
7550,3616,2024-10-04T01:22:51,,H2,glazen binnendeur,,,"H2","HH_door_receiver",0.0,"HH2_door_1","closed"
7551,3616,2024-10-04T01:32:46,,H2,glazen binnendeur,,,"H2","HH_door_receiver",0.0,"HH2_door_1","closed"
7552,3616,2024-10-04T01:42:44,,H2,glazen binnendeur,,,"H2","HH_door_receiver",0.0,"HH2_door_1","closed"
7553,3616,2024-10-04T01:52:42,,H2,glazen binnendeur,,,"H2","HH_door_receiver",0.0,"HH2_door_1","closed"
7554,3616,2024-10-04T02:02:36,,H2,glazen binnendeur,,,"H2","HH_door_receiver",0.0,"HH2_door_1","closed"
7555,3616,2024-10-04T02:12:31,,H2,glazen binnendeur,,,"H2","HH_door_receiver",0.0,"HH2_door_1","closed"
7556,3616,2024-10-04T02:22:28,,H2,glazen binnendeur,,,"H2","HH_door_receiver",0.0,"HH2_door_1","closed"
7557,3616,2024-10-04T02:32:25,,H2,glazen binnendeur,,,"H2","HH_door_receiver",0.0,"HH2_door_1","closed"
7558,3616,2024-10-04T02:42:24,,H2,glazen binnendeur,,,"H2","HH_door_receiver",0.0,"HH2_door_1","closed"
7559,3616,2024-10-04T02:52:20,,H2,glazen binnendeur,,,"H2","HH_door_receiver",0.0,"HH2_door_1","closed"
7560,3616,2024-10-04T03:02:19,,H2,glazen binnendeur,,,"H2","HH_door_receiver",0.0,"HH2_door_1","closed"
7561,3616,2024-10-04T03:12:16,,H2,glazen binnendeur,,,"H2","HH_door_receiver",0.0,"HH2_door_1","closed"
7562,3616,2024-10-04T03:22:12,,H2,glazen binnendeur,,,"H2","HH_door_receiver",0.0,"HH2_door_1","closed"
7563,3616,2024-10-04T03:32:10,,H2,glazen binnendeur,,,"H2","HH_door_receiver",0.0,"HH2_door_1","closed"
7564,3616,2024-10-04T03:42:07,,H2,glazen binnendeur,,,"H2","HH_door_receiver",0.0,"HH2_door_1","closed"
7565,3616,2024-10-04T03:52:02,,H2,glazen binnendeur,,,"H2","HH_door_receiver",0.0,"HH2_door_1","closed"
7566,3616,2024-10-04T04:01:57,,H2,glazen binnendeur,,,"H2","HH_door_receiver",0.0,"HH2_door_1","closed"
7567,3616,2024-10-04T04:11:53,,H2,glazen binnendeur,,,"H2","HH_door_receiver",0.0,"HH2_door_1","closed"
7568,3616,2024-10-04T04:21:50,,H2,glazen binnendeur,,,"H2","HH_door_receiver",0.0,"HH2_door_1","closed"
7569,3616,2024-10-04T04:31:46,,H2,glazen binnendeur,,,"H2","HH_door_receiver",0.0,"HH2_door_1","closed"
7570,3616,2024-10-04T04:41:42,,H2,glazen binnendeur,,,"H2","HH_door_receiver",0.0,"HH2_door_1","closed"
7571,3616,2024-10-04T04:51:39,,H2,glazen binnendeur,,,"H2","HH_door_receiver",0.0,"HH2_door_1","closed"
7572,3616,2024-10-04T05:01:35,,H2,glazen binnendeur,,,"H2","HH_door_receiver",0.0,"HH2_door_1","closed"
7573,3616,2024-10-04T05:11:32,,H2,glazen binnendeur,,,"H2","HH_door_receiver",0.0,"HH2_door_1","closed"
7574,3616,2024-10-04T05:21:28,,H2,glazen binnendeur,,,"H2","HH_door_receiver",0.0,"HH2_door_1","closed"
7575,3616,2024-10-04T05:31:28,,H2,glazen binnendeur,,,"H2","HH_door_receiver",0.0,"HH2_door_1","closed"
7576,3616,2024-10-04T05:41:26,,H2,glazen binnendeur,,,"H2","HH_door_receiver",0.0,"HH2_door_1","closed"
7577,3616,2024-10-04T05:51:23,,H2,glazen binnendeur,,,"H2","HH_door_receiver",0.0,"HH2_door_1","closed"
7578,3616,2024-10-04T06:01:17,,H2,glazen binnendeur,,,"H2","HH_door_receiver",0.0,"HH2_door_1","closed"
7579,3616,2024-10-04T06:11:13,,H2,glazen binnendeur,,,"H2","HH_door_receiver",0.0,"HH2_door_1","closed"
7580,3616,2024-10-04T06:21:08,,H2,glazen binnendeur,,,"H2","HH_door_receiver",0.0,"HH2_door_1","closed"
7581,3616,2024-10-04T06:31:05,,H2,glazen binnendeur,,,"H2","HH_door_receiver",0.0,"HH2_door_1","closed"
7582,3616,2024-10-04T06:41:02,,H2,glazen binnendeur,,,"H2","HH_door_receiver",0.0,"HH2_door_1","closed"
7583,3616,2024-10-04T06:50:57,,H2,glazen binnendeur,,,"H2","HH_door_receiver",0.0,"HH2_door_1","closed"
7584,3616,2024-10-04T07:00:54,,H2,glazen binnendeur,,,"H2","HH_door_receiver",0.0,"HH2_door_1","closed"
7585,3616,2024-10-04T07:10:53,,H2,glazen binnendeur,,,"H2","HH_door_receiver",0.0,"HH2_door_1","closed"
7586,3616,2024-10-04T07:20:48,,H2,glazen binnendeur,,,"H2","HH_door_receiver",0.0,"HH2_door_1","closed"
7587,3616,2024-10-04T07:30:47,,H2,glazen binnendeur,,,"H2","HH_door_receiver",0.0,"HH2_door_1","closed"
7588,3616,2024-10-04T07:40:43,,H2,glazen binnendeur,,,"H2","HH_door_receiver",0.0,"HH2_door_1","closed"
7589,3616,2024-10-04T07:50:38,,H2,glazen binnendeur,,,"H2","HH_door_receiver",0.0,"HH2_door_1","closed"
7590,3616,2024-10-04T08:00:36,,H2,glazen binnendeur,,,"H2","HH_door_receiver",1.0,"HH2_door_1","open"
7591,3616,2024-10-04T08:10:30,,H2,glazen binnendeur,,,"H2","HH_door_receiver",1.0,"HH2_door_1","open"
7592,3616,2024-10-04T08:20:27,,H2,glazen binnendeur,,,"H2","HH_door_receiver",1.0,"HH2_door_1","open"
7593,3616,2024-10-04T08:30:24,,H2,glazen binnendeur,,,"H2","HH_door_receiver",1.0,"HH2_door_1","open"
7594,3616,2024-10-04T08:40:22,,H2,glazen binnendeur,,,"H2","HH_door_receiver",0.0,"HH2_door_1","closed"
7595,3616,2024-10-04T08:50:18,,H2,glazen binnendeur,,,"H2","HH_door_receiver",0.0,"HH2_door_1","closed"
7596,3616,2024-10-04T09:10:12,,H2,glazen binnendeur,,,"H2","HH_door_receiver",0.0,"HH2_door_1","closed"
7597,3616,2024-10-04T09:20:09,,H2,glazen binnendeur,,,"H2","HH_door_receiver",0.0,"HH2_door_1","closed"
7598,3616,2024-10-04T09:30:05,,H2,glazen binnendeur,,,"H2","HH_door_receiver",0.0,"HH2_door_1","closed"
7599,3616,2024-10-04T09:40:04,,H2,glazen binnendeur,,,"H2","HH_door_receiver",1.0,"HH2_door_1","open"
7600,3616,2024-10-04T09:50:01,,H2,glazen binnendeur,,,"H2","HH_door_receiver",1.0,"HH2_door_1","open"
7601,3616,2024-10-04T10:00:00,,H2,glazen binnendeur,,,"H2","HH_door_receiver",1.0,"HH2_door_1","open"
7602,3616,2024-10-04T10:09:55,,H2,glazen binnendeur,,,"H2","HH_door_receiver",1.0,"HH2_door_1","open"
7603,3616,2024-10-04T10:19:54,,H2,glazen binnendeur,,,"H2","HH_door_receiver",1.0,"HH2_door_1","open"
7604,3616,2024-10-04T10:29:50,,H2,glazen binnendeur,,,"H2","HH_door_receiver",1.0,"HH2_door_1","open"
7605,3616,2024-10-04T10:39:46,,H2,glazen binnendeur,,,"H2","HH_door_receiver",1.0,"HH2_door_1","open"
7606,3616,2024-10-04T10:49:43,,H2,glazen binnendeur,,,"H2","HH_door_receiver",1.0,"HH2_door_1","open"
7607,3616,2024-10-04T10:59:40,,H2,glazen binnendeur,,,"H2","HH_door_receiver",1.0,"HH2_door_1","open"
7608,3616,2024-10-04T11:09:37,,H2,glazen binnendeur,,,"H2","HH_door_receiver",0.0,"HH2_door_1","closed"
7609,3616,2024-10-04T11:19:33,,H2,glazen binnendeur,,,"H2","HH_door_receiver",0.0,"HH2_door_1","closed"
7610,3616,2024-10-04T11:29:31,,H2,glazen binnendeur,,,"H2","HH_door_receiver",0.0,"HH2_door_1","closed"
7611,3616,2024-10-04T11:39:26,,H2,glazen binnendeur,,,"H2","HH_door_receiver",0.0,"HH2_door_1","closed"
7612,3616,2024-10-04T11:49:24,,H2,glazen binnendeur,,,"H2","HH_door_receiver",0.0,"HH2_door_1","closed"
7613,3616,2024-10-04T11:59:20,,H2,glazen binnendeur,,,"H2","HH_door_receiver",0.0,"HH2_door_1","closed"
7614,3616,2024-10-04T12:09:16,,H2,glazen binnendeur,,,"H2","HH_door_receiver",0.0,"HH2_door_1","closed"
7615,3616,2024-10-04T12:19:13,,H2,glazen binnendeur,,,"H2","HH_door_receiver",0.0,"HH2_door_1","closed"
7616,3616,2024-10-04T12:29:09,,H2,glazen binnendeur,,,"H2","HH_door_receiver",0.0,"HH2_door_1","closed"
7617,3616,2024-10-04T12:39:07,,H2,glazen binnendeur,,,"H2","HH_door_receiver",0.0,"HH2_door_1","closed"
7618,3616,2024-10-04T12:49:01,,H2,glazen binnendeur,,,"H2","HH_door_receiver",0.0,"HH2_door_1","closed"
7619,3616,2024-10-04T12:58:56,,H2,glazen binnendeur,,,"H2","HH_door_receiver",0.0,"HH2_door_1","closed"
7620,3616,2024-10-04T13:08:52,,H2,glazen binnendeur,,,"H2","HH_door_receiver",0.0,"HH2_door_1","closed"
7621,3616,2024-10-04T13:18:49,,H2,glazen binnendeur,,,"H2","HH_door_receiver",0.0,"HH2_door_1","closed"
7622,3616,2024-10-04T13:38:40,,H2,glazen binnendeur,,,"H2","HH_door_receiver",0.0,"HH2_door_1","closed"
7623,3616,2024-10-04T13:48:35,,H2,glazen binnendeur,,,"H2","HH_door_receiver",0.0,"HH2_door_1","closed"
7624,3616,2024-10-04T13:58:32,,H2,glazen binnendeur,,,"H2","HH_door_receiver",0.0,"HH2_door_1","closed"
7625,3616,2024-10-04T14:08:28,,H2,glazen binnendeur,,,"H2","HH_door_receiver",0.0,"HH2_door_1","closed"
7626,3616,2024-10-04T14:18:24,,H2,glazen binnendeur,,,"H2","HH_door_receiver",0.0,"HH2_door_1","closed"
7627,3616,2024-10-04T14:28:20,,H2,glazen binnendeur,,,"H2","HH_door_receiver",0.0,"HH2_door_1","closed"
7628,3616,2024-10-04T14:38:17,,H2,glazen binnendeur,,,"H2","HH_door_receiver",0.0,"HH2_door_1","closed"
7629,3616,2024-10-04T14:48:14,,H2,glazen binnendeur,,,"H2","HH_door_receiver",0.0,"HH2_door_1","closed"
7630,3616,2024-10-04T14:58:11,,H2,glazen binnendeur,,,"H2","HH_door_receiver",0.0,"HH2_door_1","closed"
7631,3616,2024-10-04T15:08:08,,H2,glazen binnendeur,,,"H2","HH_door_receiver",1.0,"HH2_door_1","open"
7632,3616,2024-10-04T15:18:06,,H2,glazen binnendeur,,,"H2","HH_door_receiver",1.0,"HH2_door_1","open"
7633,3616,2024-10-04T15:28:00,,H2,glazen binnendeur,,,"H2","HH_door_receiver",1.0,"HH2_door_1","open"
7634,3616,2024-10-04T15:37:57,,H2,glazen binnendeur,,,"H2","HH_door_receiver",1.0,"HH2_door_1","open"
7635,3616,2024-10-04T15:47:53,,H2,glazen binnendeur,,,"H2","HH_door_receiver",0.0,"HH2_door_1","closed"
7636,3616,2024-10-04T15:48:01,,H2,glazen binnendeur,,,"H2","HH_door_receiver",0.0,"HH2_door_1","closed"
7637,3616,2024-10-04T15:57:56,,H2,glazen binnendeur,,,"H2","HH_door_receiver",0.0,"HH2_door_1","closed"
7638,3616,2024-10-04T16:07:52,,H2,glazen binnendeur,,,"H2","HH_door_receiver",1.0,"HH2_door_1","open"
7639,3616,2024-10-04T16:17:47,,H2,glazen binnendeur,,,"H2","HH_door_receiver",1.0,"HH2_door_1","open"
7640,3616,2024-10-04T16:27:44,,H2,glazen binnendeur,,,"H2","HH_door_receiver",1.0,"HH2_door_1","open"
7641,3616,2024-10-04T16:37:40,,H2,glazen binnendeur,,,"H2","HH_door_receiver",1.0,"HH2_door_1","open"
7642,3616,2024-10-04T16:47:35,,H2,glazen binnendeur,,,"H2","HH_door_receiver",1.0,"HH2_door_1","open"
7643,3616,2024-10-04T16:57:29,,H2,glazen binnendeur,,,"H2","HH_door_receiver",1.0,"HH2_door_1","open"
7644,3616,2024-10-04T17:07:29,,H2,glazen binnendeur,,,"H2","HH_door_receiver",1.0,"HH2_door_1","open"
7645,3616,2024-10-04T17:17:23,,H2,glazen binnendeur,,,"H2","HH_door_receiver",0.0,"HH2_door_1","closed"
7646,3616,2024-10-04T17:27:18,,H2,glazen binnendeur,,,"H2","HH_door_receiver",1.0,"HH2_door_1","open"
7647,3616,2024-10-04T17:37:15,,H2,glazen binnendeur,,,"H2","HH_door_receiver",1.0,"HH2_door_1","open"
7648,3616,2024-10-04T17:47:11,,H2,glazen binnendeur,,,"H2","HH_door_receiver",0.0,"HH2_door_1","closed"
7649,3616,2024-10-04T18:07:04,,H2,glazen binnendeur,,,"H2","HH_door_receiver",1.0,"HH2_door_1","open"
7650,3616,2024-10-04T18:17:02,,H2,glazen binnendeur,,,"H2","HH_door_receiver",0.0,"HH2_door_1","closed"
7651,3616,2024-10-04T18:27:00,,H2,glazen binnendeur,,,"H2","HH_door_receiver",0.0,"HH2_door_1","closed"
7652,3616,2024-10-04T18:36:58,,H2,glazen binnendeur,,,"H2","HH_door_receiver",0.0,"HH2_door_1","closed"
7653,3616,2024-10-04T18:46:54,,H2,glazen binnendeur,,,"H2","HH_door_receiver",0.0,"HH2_door_1","closed"
7654,3616,2024-10-04T18:56:49,,H2,glazen binnendeur,,,"H2","HH_door_receiver",0.0,"HH2_door_1","closed"
7655,3616,2024-10-04T19:06:48,,H2,glazen binnendeur,,,"H2","HH_door_receiver",1.0,"HH2_door_1","open"
7656,3616,2024-10-04T19:16:44,,H2,glazen binnendeur,,,"H2","HH_door_receiver",0.0,"HH2_door_1","closed"
7657,3616,2024-10-04T19:26:38,,H2,glazen binnendeur,,,"H2","HH_door_receiver",0.0,"HH2_door_1","closed"
7658,3616,2024-10-04T19:36:35,,H2,glazen binnendeur,,,"H2","HH_door_receiver",0.0,"HH2_door_1","closed"
7659,3616,2024-10-04T19:46:30,,H2,glazen binnendeur,,,"H2","HH_door_receiver",0.0,"HH2_door_1","closed"
7660,3616,2024-10-04T19:56:25,,H2,glazen binnendeur,,,"H2","HH_door_receiver",0.0,"HH2_door_1","closed"
7661,3616,2024-10-04T20:06:21,,H2,glazen binnendeur,,,"H2","HH_door_receiver",0.0,"HH2_door_1","closed"
7662,3616,2024-10-04T20:16:18,,H2,glazen binnendeur,,,"H2","HH_door_receiver",0.0,"HH2_door_1","closed"
7663,3616,2024-10-04T20:26:19,,H2,glazen binnendeur,,,"H2","HH_door_receiver",0.0,"HH2_door_1","closed"
7664,3616,2024-10-04T20:36:14,,H2,glazen binnendeur,,,"H2","HH_door_receiver",0.0,"HH2_door_1","closed"
7665,3616,2024-10-04T20:46:11,,H2,glazen binnendeur,,,"H2","HH_door_receiver",1.0,"HH2_door_1","open"
7666,3616,2024-10-04T20:56:08,,H2,glazen binnendeur,,,"H2","HH_door_receiver",1.0,"HH2_door_1","open"
7667,3616,2024-10-04T21:06:05,,H2,glazen binnendeur,,,"H2","HH_door_receiver",1.0,"HH2_door_1","open"
7668,3616,2024-10-04T21:16:01,,H2,glazen binnendeur,,,"H2","HH_door_receiver",1.0,"HH2_door_1","open"
