id,device_id,ts,activity,pp1,pp2,pp3,,participant,recipient,sender,Temperature
138,3606,2024-08-22T16:37:44,,H1,,,,"H1","HH_outdoor_temp","HH1_outdoor",25.3125
139,3606,2024-08-22T17:36:13,,H1,,,,"H1","HH_outdoor_temp","HH1_outdoor",23.875
140,3606,2024-08-22T18:35:23,,H1,,,,"H1","HH_outdoor_temp","HH1_outdoor",23.8125
141,3606,2024-08-22T19:34:10,,H1,,,,"H1","HH_outdoor_temp","HH1_outdoor",22.8125
142,3606,2024-08-22T20:33:06,,H1,,,,"H1","HH_outdoor_temp","HH1_outdoor",21.625
143,3606,2024-08-22T21:32:14,,H1,,,,"H1","HH_outdoor_temp","HH1_outdoor",21.0
144,3606,2024-08-22T23:29:47,,H1,,,,"H1","HH_outdoor_temp","HH1_outdoor",20.375
145,3606,2024-08-23T00:28:20,,H1,,,,"H1","HH_outdoor_temp","HH1_outdoor",19.625
146,3606,2024-08-23T01:27:20,,H1,,,,"H1","HH_outdoor_temp","HH1_outdoor",19.625
147,3606,2024-08-23T02:26:23,,H1,,,,"H1","HH_outdoor_temp","HH1_outdoor",19.125
148,3606,2024-08-23T03:25:15,,H1,,,,"H1","HH_outdoor_temp","HH1_outdoor",18.625
149,3606,2024-08-23T04:24:24,,H1,,,,"H1","HH_outdoor_temp","HH1_outdoor",18.75
150,3606,2024-08-23T05:23:19,,H1,,,,"H1","HH_outdoor_temp","HH1_outdoor",18.6875
151,3606,2024-08-23T06:22:20,,H1,,,,"H1","HH_outdoor_temp","HH1_outdoor",18.25
152,3606,2024-08-23T07:21:24,,H1,,,,"H1","HH_outdoor_temp","HH1_outdoor",18.25
153,3606,2024-08-23T08:24:04,,H1,,,,"H1","HH_outdoor_temp","HH1_outdoor",18.75
154,3606,2024-08-23T09:22:06,,H1,,,,"H1","HH_outdoor_temp","HH1_outdoor",20.0
155,3606,2024-08-23T10:20:45,,H1,,,,"H1","HH_outdoor_temp","HH1_outdoor",21.0
156,3606,2024-08-23T11:19:42,,H1,,,,"H1","HH_outdoor_temp","HH1_outdoor",22.125
157,3606,2024-08-23T13:18:11,,H1,,,,"H1","HH_outdoor_temp","HH1_outdoor",23.0
158,3606,2024-08-23T15:15:53,,H1,,,,"H1","HH_outdoor_temp","HH1_outdoor",20.5625
159,3606,2024-08-23T16:14:27,,H1,,,,"H1","HH_outdoor_temp","HH1_outdoor",22.4375
160,3606,2024-08-23T17:15:51,,H1,,,,"H1","HH_outdoor_temp","HH1_outdoor",23.3125
161,3606,2024-08-23T18:14:16,,H1,,,,"H1","HH_outdoor_temp","HH1_outdoor",25.0
162,3606,2024-08-23T19:13:18,,H1,,,,"H1","HH_outdoor_temp","HH1_outdoor",23.0625
163,3606,2024-08-23T20:12:25,,H1,,,,"H1","HH_outdoor_temp","HH1_outdoor",22.1875
164,3606,2024-08-23T21:11:28,,H1,,,,"H1","HH_outdoor_temp","HH1_outdoor",21.0625
165,3606,2024-08-23T23:11:19,,H1,,,,"H1","HH_outdoor_temp","HH1_outdoor",17.8125
166,3606,2024-08-24T01:09:00,,H1,,,,"H1","HH_outdoor_temp","HH1_outdoor",17.5625
167,3606,2024-08-24T02:07:58,,H1,,,,"H1","HH_outdoor_temp","HH1_outdoor",17.125
168,3606,2024-08-24T03:06:52,,H1,,,,"H1","HH_outdoor_temp","HH1_outdoor",16.625
169,3606,2024-08-24T04:05:40,,H1,,,,"H1","HH_outdoor_temp","HH1_outdoor",16.0625
170,3606,2024-08-24T05:04:33,,H1,,,,"H1","HH_outdoor_temp","HH1_outdoor",16.5625
171,3606,2024-08-24T06:03:36,,H1,,,,"H1","HH_outdoor_temp","HH1_outdoor",17.0625
172,3606,2024-08-24T07:02:26,,H1,,,,"H1","HH_outdoor_temp","HH1_outdoor",17.5
173,3606,2024-08-24T08:01:34,,H1,,,,"H1","HH_outdoor_temp","HH1_outdoor",18.5
174,3606,2024-08-24T09:00:25,,H1,,,,"H1","HH_outdoor_temp","HH1_outdoor",19.75
175,3606,2024-08-24T09:59:32,,H1,,,,"H1","HH_outdoor_temp","HH1_outdoor",21.875
176,3606,2024-08-24T10:58:45,,H1,,,,"H1","HH_outdoor_temp","HH1_outdoor",23.4375
177,3606,2024-08-24T13:55:16,,H1,,,,"H1","HH_outdoor_temp","HH1_outdoor",28.375
178,3606,2024-08-24T14:54:28,,H1,,,,"H1","HH_outdoor_temp","HH1_outdoor",29.5
179,3606,2024-08-24T15:53:43,,H1,,,,"H1","HH_outdoor_temp","HH1_outdoor",31.5
180,3606,2024-08-24T17:51:54,,H1,,,,"H1","HH_outdoor_temp","HH1_outdoor",31.0
181,3606,2024-08-24T18:49:19,,H1,,,,"H1","HH_outdoor_temp","HH1_outdoor",18.0
182,3606,2024-08-24T20:47:32,,H1,,,,"H1","HH_outdoor_temp","HH1_outdoor",17.1875
183,3606,2024-08-24T22:46:39,,H1,,,,"H1","HH_outdoor_temp","HH1_outdoor",16.875
184,3606,2024-08-24T23:45:39,,H1,,,,"H1","HH_outdoor_temp","HH1_outdoor",16.6875
185,3606,2024-08-25T00:44:50,,H1,,,,"H1","HH_outdoor_temp","HH1_outdoor",16.5
186,3606,2024-08-25T01:43:39,,H1,,,,"H1","HH_outdoor_temp","HH1_outdoor",15.75
187,3606,2024-08-25T02:42:34,,H1,,,,"H1","HH_outdoor_temp","HH1_outdoor",14.6875
188,3606,2024-08-25T03:41:22,,H1,,,,"H1","HH_outdoor_temp","HH1_outdoor",14.5
189,3606,2024-08-25T04:40:28,,H1,,,,"H1","HH_outdoor_temp","HH1_outdoor",14.125
190,3606,2024-08-25T05:39:14,,H1,,,,"H1","HH_outdoor_temp","HH1_outdoor",13.8125
191,3606,2024-08-25T06:38:13,,H1,,,,"H1","HH_outdoor_temp","HH1_outdoor",13.375
192,3606,2024-08-25T07:37:16,,H1,,,,"H1","HH_outdoor_temp","HH1_outdoor",13.5625
193,3606,2024-08-25T08:36:53,,H1,,,,"H1","HH_outdoor_temp","HH1_outdoor",14.3125
194,3606,2024-08-25T09:35:32,,H1,,,,"H1","HH_outdoor_temp","HH1_outdoor",15.4375
195,3606,2024-08-25T10:34:47,,H1,,,,"H1","HH_outdoor_temp","HH1_outdoor",16.6875
196,3606,2024-08-25T11:33:42,,H1,,,,"H1","HH_outdoor_temp","HH1_outdoor",17.5625
197,3606,2024-08-25T12:32:43,,H1,,,,"H1","HH_outdoor_temp","HH1_outdoor",18.9375
198,3606,2024-08-25T13:31:56,,H1,,,,"H1","HH_outdoor_temp","HH1_outdoor",20.125
199,3606,2024-08-25T14:31:20,,H1,,,,"H1","HH_outdoor_temp","HH1_outdoor",20.4375
200,3606,2024-08-25T15:30:25,,H1,,,,"H1","HH_outdoor_temp","HH1_outdoor",22.625
201,3606,2024-08-25T16:29:32,,H1,,,,"H1","HH_outdoor_temp","HH1_outdoor",23.125
202,3606,2024-08-25T17:28:35,,H1,,,,"H1","HH_outdoor_temp","HH1_outdoor",23.3125
203,3606,2024-08-25T18:27:39,,H1,,,,"H1","HH_outdoor_temp","HH1_outdoor",22.125
204,3606,2024-08-25T19:27:05,,H1,,,,"H1","HH_outdoor_temp","HH1_outdoor",20.375
205,3606,2024-08-25T20:25:44,,H1,,,,"H1","HH_outdoor_temp","HH1_outdoor",18.875
206,3606,2024-08-25T21:24:42,,H1,,,,"H1","HH_outdoor_temp","HH1_outdoor",17.125
207,3606,2024-08-25T22:23:28,,H1,,,,"H1","HH_outdoor_temp","HH1_outdoor",15.8125
208,3606,2024-08-25T23:22:28,,H1,,,,"H1","HH_outdoor_temp","HH1_outdoor",14.5625
209,3606,2024-08-26T00:21:11,,H1,,,,"H1","HH_outdoor_temp","HH1_outdoor",13.375
210,3606,2024-08-26T01:20:02,,H1,,,,"H1","HH_outdoor_temp","HH1_outdoor",13.0
211,3606,2024-08-26T02:18:44,,H1,,,,"H1","HH_outdoor_temp","HH1_outdoor",13.25
212,3606,2024-08-26T03:17:40,,H1,,,,"H1","HH_outdoor_temp","HH1_outdoor",12.5625
213,3606,2024-08-26T04:16:43,,H1,,,,"H1","HH_outdoor_temp","HH1_outdoor",12.25
214,3606,2024-08-26T05:15:32,,H1,,,,"H1","HH_outdoor_temp","HH1_outdoor",11.4375
215,3606,2024-08-26T06:14:33,,H1,,,,"H1","HH_outdoor_temp","HH1_outdoor",11.5
216,3606,2024-08-26T07:13:32,,H1,,,,"H1","HH_outdoor_temp","HH1_outdoor",11.6875
217,3606,2024-08-26T10:21:43,,H1,,,,"H1","HH_outdoor_temp","HH1_outdoor",18.5
218,3606,2024-08-26T11:21:02,,H1,,,,"H1","HH_outdoor_temp","HH1_outdoor",18.375
219,3606,2024-08-26T12:20:10,,H1,,,,"H1","HH_outdoor_temp","HH1_outdoor",19.9375
220,3606,2024-08-26T12:20:16,,H1,,,,"H1","HH_outdoor_temp","HH1_outdoor",19.9375
221,3606,2024-08-26T13:21:06,,H1,,,,"H1","HH_outdoor_temp","HH1_outdoor",21.8125
222,3606,2024-08-26T14:19:37,,H1,,,,"H1","HH_outdoor_temp","HH1_outdoor",22.9375
223,3606,2024-08-26T15:21:16,,H1,,,,"H1","HH_outdoor_temp","HH1_outdoor",23.5
224,3606,2024-08-26T16:19:49,,H1,,,,"H1","HH_outdoor_temp","HH1_outdoor",23.1875
225,3606,2024-08-26T17:18:51,,H1,,,,"H1","HH_outdoor_temp","HH1_outdoor",24.375
226,3606,2024-08-26T19:17:22,,H1,,,,"H1","HH_outdoor_temp","HH1_outdoor",22.125
227,3606,2024-08-26T20:16:05,,H1,,,,"H1","HH_outdoor_temp","HH1_outdoor",19.875
228,3606,2024-08-27T01:47:07,,H1,,,,"H1","HH_outdoor_temp","HH1_outdoor",13.25
229,3606,2024-08-27T02:46:05,,H1,,,,"H1","HH_outdoor_temp","HH1_outdoor",12.6875
230,3606,2024-08-27T03:44:58,,H1,,,,"H1","HH_outdoor_temp","HH1_outdoor",12.25
231,3606,2024-08-27T04:43:48,,H1,,,,"H1","HH_outdoor_temp","HH1_outdoor",11.5625
232,3606,2024-08-27T05:42:49,,H1,,,,"H1","HH_outdoor_temp","HH1_outdoor",11.1875
233,3606,2024-08-27T06:41:50,,H1,,,,"H1","HH_outdoor_temp","HH1_outdoor",10.8125
234,3606,2024-08-27T07:41:29,,H1,,,,"H1","HH_outdoor_temp","HH1_outdoor",11.375
235,3606,2024-08-27T08:39:44,,H1,,,,"H1","HH_outdoor_temp","HH1_outdoor",13.5
236,3606,2024-08-27T09:39:03,,H1,,,,"H1","HH_outdoor_temp","HH1_outdoor",16.3125
237,3606,2024-08-27T10:44:13,,H1,,,,"H1","HH_outdoor_temp","HH1_outdoor",18.5
238,3606,2024-08-27T11:39:48,,H1,,,,"H1","HH_outdoor_temp","HH1_outdoor",21.25
239,3606,2024-08-27T12:38:51,,H1,,,,"H1","HH_outdoor_temp","HH1_outdoor",21.9375
240,3606,2024-08-27T13:37:46,,H1,,,,"H1","HH_outdoor_temp","HH1_outdoor",24.25
241,3606,2024-08-27T14:36:33,,H1,,,,"H1","HH_outdoor_temp","HH1_outdoor",26.125
242,3606,2024-08-27T15:35:38,,H1,,,,"H1","HH_outdoor_temp","HH1_outdoor",27.5625
243,3606,2024-08-27T16:34:46,,H1,,,,"H1","HH_outdoor_temp","HH1_outdoor",27.1875
244,3606,2024-08-27T17:34:04,,H1,,,,"H1","HH_outdoor_temp","HH1_outdoor",28.8125
245,3606,2024-08-27T18:33:14,,H1,,,,"H1","HH_outdoor_temp","HH1_outdoor",29.375
246,3606,2024-08-27T19:32:04,,H1,,,,"H1","HH_outdoor_temp","HH1_outdoor",24.3125
247,3606,2024-08-27T20:31:23,,H1,,,,"H1","HH_outdoor_temp","HH1_outdoor",20.9375
248,3606,2024-08-27T21:29:34,,H1,,,,"H1","HH_outdoor_temp","HH1_outdoor",18.625
249,3606,2024-08-27T23:27:15,,H1,,,,"H1","HH_outdoor_temp","HH1_outdoor",16.0625
250,3606,2024-08-28T01:25:05,,H1,,,,"H1","HH_outdoor_temp","HH1_outdoor",15.1875
251,3606,2024-08-28T02:23:57,,H1,,,,"H1","HH_outdoor_temp","HH1_outdoor",14.4375
252,3606,2024-08-28T03:23:09,,H1,,,,"H1","HH_outdoor_temp","HH1_outdoor",13.8125
253,3606,2024-08-28T04:21:54,,H1,,,,"H1","HH_outdoor_temp","HH1_outdoor",13.5625
254,3606,2024-08-28T05:20:55,,H1,,,,"H1","HH_outdoor_temp","HH1_outdoor",13.3125
255,3606,2024-08-28T06:19:52,,H1,,,,"H1","HH_outdoor_temp","HH1_outdoor",13.0
256,3606,2024-08-28T07:18:33,,H1,,,,"H1","HH_outdoor_temp","HH1_outdoor",13.0625
257,3606,2024-08-28T08:17:26,,H1,,,,"H1","HH_outdoor_temp","HH1_outdoor",15.3125
258,3606,2024-08-28T09:16:41,,H1,,,,"H1","HH_outdoor_temp","HH1_outdoor",17.625
259,3618,2024-08-28T09:25:29,,H2,,,,"H2","HH_outdoor_temp","HH2_outdoor_test",24.3125
260,3606,2024-08-28T10:15:39,,H1,,,,"H1","HH_outdoor_temp","HH1_outdoor",20.375
261,3606,2024-08-28T11:14:57,,H1,,,,"H1","HH_outdoor_temp","HH1_outdoor",23.8125
262,3618,2024-08-28T11:22:01,,H2,,,,"H2","HH_outdoor_temp","HH2_outdoor_test",23.0625
263,3606,2024-08-28T12:14:08,,H1,,,,"H1","HH_outdoor_temp","HH1_outdoor",25.625
264,3618,2024-08-28T12:21:04,,H2,,,,"H2","HH_outdoor_temp","HH2_outdoor_test",23.75
265,3606,2024-08-28T13:13:25,,H1,,,,"H1","HH_outdoor_temp","HH1_outdoor",27.75
266,3606,2024-08-28T14:12:32,,H1,,,,"H1","HH_outdoor_temp","HH1_outdoor",28.9375
267,3618,2024-08-28T14:19:33,,H2,,,,"H2","HH_outdoor_temp","HH2_outdoor",29.625
268,3606,2024-08-28T15:11:45,,H1,,,,"H1","HH_outdoor_temp","HH1_outdoor",30.5625
269,3618,2024-08-28T15:16:47,,H2,,,,"H2","HH_outdoor_temp","HH2_outdoor",30.875
270,3606,2024-08-28T16:11:13,,H1,,,,"H1","HH_outdoor_temp","HH1_outdoor",32.0
271,3618,2024-08-28T16:15:52,,H2,,,,"H2","HH_outdoor_temp","HH2_outdoor",30.4375
272,3606,2024-08-28T17:10:13,,H1,,,,"H1","HH_outdoor_temp","HH1_outdoor",32.8125
273,3618,2024-08-28T17:14:52,,H2,,,,"H2","HH_outdoor_temp","HH2_outdoor",30.3125
274,3606,2024-08-28T18:09:31,,H1,,,,"H1","HH_outdoor_temp","HH1_outdoor",33.0
275,3618,2024-08-28T18:14:00,,H2,,,,"H2","HH_outdoor_temp","HH2_outdoor",30.0
276,3606,2024-08-28T20:07:20,,H1,,,,"H1","HH_outdoor_temp","HH1_outdoor",26.1875
277,3618,2024-08-28T20:12:08,,H2,,,,"H2","HH_outdoor_temp","HH2_outdoor",27.8125
278,3606,2024-08-28T21:02:50,,H1,,,,"H1","HH_outdoor_temp","HH1_outdoor",23.625
279,3618,2024-08-28T21:11:12,,H2,,,,"H2","HH_outdoor_temp","HH2_outdoor",26.125
280,3618,2024-08-28T22:10:13,,H2,,,,"H2","HH_outdoor_temp","HH2_outdoor",25.0625
281,3606,2024-08-28T22:56:42,,H1,,,,"H1","HH_outdoor_temp","HH1_outdoor",21.5625
282,3618,2024-08-28T23:09:11,,H2,,,,"H2","HH_outdoor_temp","HH2_outdoor",24.1875
283,3606,2024-08-28T23:56:42,,H1,,,,"H1","HH_outdoor_temp","HH1_outdoor",20.5625
284,3618,2024-08-29T00:08:14,,H2,,,,"H2","HH_outdoor_temp","HH2_outdoor",24.1875
285,3606,2024-08-29T00:54:02,,H1,,,,"H1","HH_outdoor_temp","HH1_outdoor",20.25
286,3618,2024-08-29T01:07:21,,H2,,,,"H2","HH_outdoor_temp","HH2_outdoor",23.5625
287,3618,2024-08-29T02:06:20,,H2,,,,"H2","HH_outdoor_temp","HH2_outdoor",23.0
288,3618,2024-08-29T03:05:22,,H2,,,,"H2","HH_outdoor_temp","HH2_outdoor",22.0625
289,3618,2024-08-29T04:04:29,,H2,,,,"H2","HH_outdoor_temp","HH2_outdoor",21.5625
290,3606,2024-08-29T05:02:07,,H1,,,,"H1","HH_outdoor_temp","HH1_outdoor",17.8125
291,3618,2024-08-29T05:03:30,,H2,,,,"H2","HH_outdoor_temp","HH2_outdoor",21.0
292,3618,2024-08-29T06:02:33,,H2,,,,"H2","HH_outdoor_temp","HH2_outdoor",20.5
293,3606,2024-08-29T06:58:01,,H1,,,,"H1","HH_outdoor_temp","HH1_outdoor",17.25
294,3618,2024-08-29T07:01:35,,H2,,,,"H2","HH_outdoor_temp","HH2_outdoor",20.1875
295,3618,2024-08-29T08:00:40,,H2,,,,"H2","HH_outdoor_temp","HH2_outdoor",20.8125
296,3618,2024-08-29T08:59:58,,H2,,,,"H2","HH_outdoor_temp","HH2_outdoor",30.9375
297,3606,2024-08-29T09:01:01,,H1,,,,"H1","HH_outdoor_temp","HH1_outdoor",19.8125
298,3606,2024-08-29T09:57:32,,H1,,,,"H1","HH_outdoor_temp","HH1_outdoor",21.8125
299,3618,2024-08-29T09:59:46,,H2,,,,"H2","HH_outdoor_temp","HH2_outdoor",37.5625
300,3606,2024-08-29T10:56:41,,H1,,,,"H1","HH_outdoor_temp","HH1_outdoor",23.4375
301,3618,2024-08-29T10:59:22,,H2,,,,"H2","HH_outdoor_temp","HH2_outdoor",42.5
302,3606,2024-08-29T11:57:31,,H1,,,,"H1","HH_outdoor_temp","HH1_outdoor",24.75
303,3618,2024-08-29T11:58:24,,H2,,,,"H2","HH_outdoor_temp","HH2_outdoor",34.875
304,3618,2024-08-29T12:57:20,,H2,,,,"H2","HH_outdoor_temp","HH2_outdoor",33.5
305,3618,2024-08-29T13:56:25,,H2,,,,"H2","HH_outdoor_temp","HH2_outdoor",32.0625
306,3606,2024-08-29T13:59:29,,H1,,,,"H1","HH_outdoor_temp","HH1_outdoor",27.0
307,3618,2024-08-29T14:55:26,,H2,,,,"H2","HH_outdoor_temp","HH2_outdoor",30.5625
308,3606,2024-08-29T14:56:51,,H1,,,,"H1","HH_outdoor_temp","HH1_outdoor",27.1875
309,3618,2024-08-29T15:54:28,,H2,,,,"H2","HH_outdoor_temp","HH2_outdoor",30.0
310,3606,2024-08-29T15:56:00,,H1,,,,"H1","HH_outdoor_temp","HH1_outdoor",26.5
311,3618,2024-08-29T16:53:31,,H2,,,,"H2","HH_outdoor_temp","HH2_outdoor",28.6875
312,3606,2024-08-29T16:55:36,,H1,,,,"H1","HH_outdoor_temp","HH1_outdoor",25.625
313,3618,2024-08-29T17:52:31,,H2,,,,"H2","HH_outdoor_temp","HH2_outdoor",27.3125
314,3606,2024-08-29T18:07:46,,H1,,,,"H1","HH_outdoor_temp","HH1_outdoor",25.5
315,3618,2024-08-29T18:51:34,,H2,,,,"H2","HH_outdoor_temp","HH2_outdoor",25.875
316,3606,2024-08-29T19:03:13,,H1,,,,"H1","HH_outdoor_temp","HH1_outdoor",24.0625
317,3618,2024-08-29T19:50:36,,H2,,,,"H2","HH_outdoor_temp","HH2_outdoor",24.125
318,3606,2024-08-29T20:06:37,,H1,,,,"H1","HH_outdoor_temp","HH1_outdoor",22.3125
319,3618,2024-08-29T20:49:38,,H2,,,,"H2","HH_outdoor_temp","HH2_outdoor",22.375
320,3606,2024-08-29T21:04:51,,H1,,,,"H1","HH_outdoor_temp","HH1_outdoor",20.5625
321,3618,2024-08-29T21:48:38,,H2,,,,"H2","HH_outdoor_temp","HH2_outdoor",21.125
322,3618,2024-08-29T22:47:35,,H2,,,,"H2","HH_outdoor_temp","HH2_outdoor",20.375
323,3606,2024-08-29T23:28:41,,H1,,,,"H1","HH_outdoor_temp","HH1_outdoor",19.0625
324,3618,2024-08-29T23:46:32,,H2,,,,"H2","HH_outdoor_temp","HH2_outdoor",20.1875
325,3606,2024-08-30T00:22:42,,H1,,,,"H1","HH_outdoor_temp","HH1_outdoor",18.6875
326,3618,2024-08-30T00:45:38,,H2,,,,"H2","HH_outdoor_temp","HH2_outdoor",19.875
327,3606,2024-08-30T01:28:54,,H1,,,,"H1","HH_outdoor_temp","HH1_outdoor",18.4375
328,3618,2024-08-30T01:44:42,,H2,,,,"H2","HH_outdoor_temp","HH2_outdoor",18.8125
329,3606,2024-08-30T02:23:51,,H1,,,,"H1","HH_outdoor_temp","HH1_outdoor",17.25
330,3618,2024-08-30T02:43:50,,H2,,,,"H2","HH_outdoor_temp","HH2_outdoor",18.0
331,3606,2024-08-30T03:26:53,,H1,,,,"H1","HH_outdoor_temp","HH1_outdoor",17.125
332,3618,2024-08-30T03:42:57,,H2,,,,"H2","HH_outdoor_temp","HH2_outdoor",17.8125
333,3618,2024-08-30T04:41:58,,H2,,,,"H2","HH_outdoor_temp","HH2_outdoor",17.5
334,3606,2024-08-30T05:24:28,,H1,,,,"H1","HH_outdoor_temp","HH1_outdoor",16.9375
335,3618,2024-08-30T05:41:00,,H2,,,,"H2","HH_outdoor_temp","HH2_outdoor",17.6875
336,3618,2024-08-30T06:40:03,,H2,,,,"H2","HH_outdoor_temp","HH2_outdoor",17.5625
337,3606,2024-08-30T06:44:17,,H1,,,,"H1","HH_outdoor_temp","HH1_outdoor",16.9375
338,3606,2024-08-30T07:38:41,,H1,,,,"H1","HH_outdoor_temp","HH1_outdoor",17.0625
339,3618,2024-08-30T07:39:05,,H2,,,,"H2","HH_outdoor_temp","HH2_outdoor",17.75
340,3606,2024-08-30T08:37:32,,H1,,,,"H1","HH_outdoor_temp","HH1_outdoor",17.5625
341,3618,2024-08-30T08:38:14,,H2,,,,"H2","HH_outdoor_temp","HH2_outdoor",17.875
342,3618,2024-08-30T09:37:20,,H2,,,,"H2","HH_outdoor_temp","HH2_outdoor",18.6875
343,3606,2024-08-30T09:37:56,,H1,,,,"H1","HH_outdoor_temp","HH1_outdoor",18.0
344,3606,2024-08-30T10:32:45,,H1,,,,"H1","HH_outdoor_temp","HH1_outdoor",19.0
345,3618,2024-08-30T10:36:31,,H2,,,,"H2","HH_outdoor_temp","HH2_outdoor",19.9375
346,3606,2024-08-30T11:34:32,,H1,,,,"H1","HH_outdoor_temp","HH1_outdoor",20.4375
347,3618,2024-08-30T11:35:37,,H2,,,,"H2","HH_outdoor_temp","HH2_outdoor",20.8125
348,3606,2024-08-30T12:31:45,,H1,,,,"H1","HH_outdoor_temp","HH1_outdoor",20.6875
349,3618,2024-08-30T12:34:40,,H2,,,,"H2","HH_outdoor_temp","HH2_outdoor",20.9375
350,3606,2024-08-30T13:32:29,,H1,,,,"H1","HH_outdoor_temp","HH1_outdoor",20.8125
351,3618,2024-08-30T13:33:49,,H2,,,,"H2","HH_outdoor_temp","HH2_outdoor",21.375
352,3606,2024-08-30T14:29:59,,H1,,,,"H1","HH_outdoor_temp","HH1_outdoor",21.3125
353,3618,2024-08-30T14:32:56,,H2,,,,"H2","HH_outdoor_temp","HH2_outdoor",22.375
354,3618,2024-08-30T15:32:02,,H2,,,,"H2","HH_outdoor_temp","HH2_outdoor",22.5625
355,3618,2024-08-30T16:31:11,,H2,,,,"H2","HH_outdoor_temp","HH2_outdoor",22.5
356,3606,2024-08-30T16:31:18,,H1,,,,"H1","HH_outdoor_temp","HH1_outdoor",23.125
357,3618,2024-08-30T17:30:16,,H2,,,,"H2","HH_outdoor_temp","HH2_outdoor",22.0
358,3618,2024-08-30T18:29:19,,H2,,,,"H2","HH_outdoor_temp","HH2_outdoor",21.875
359,3618,2024-08-30T19:28:15,,H2,,,,"H2","HH_outdoor_temp","HH2_outdoor",20.6875
360,3606,2024-08-30T19:32:15,,H1,,,,"H1","HH_outdoor_temp","HH1_outdoor",19.8125
361,3618,2024-08-30T20:27:23,,H2,,,,"H2","HH_outdoor_temp","HH2_outdoor",19.8125
362,3606,2024-08-30T20:30:09,,H1,,,,"H1","HH_outdoor_temp","HH1_outdoor",19.0
363,3618,2024-08-30T21:26:26,,H2,,,,"H2","HH_outdoor_temp","HH2_outdoor",19.5
364,3618,2024-08-30T22:25:31,,H2,,,,"H2","HH_outdoor_temp","HH2_outdoor",19.0625
365,3618,2024-08-30T23:24:33,,H2,,,,"H2","HH_outdoor_temp","HH2_outdoor",18.75
366,3606,2024-08-30T23:50:21,,H1,,,,"H1","HH_outdoor_temp","HH1_outdoor",17.6875
367,3618,2024-08-31T00:23:38,,H2,,,,"H2","HH_outdoor_temp","HH2_outdoor",18.3125
368,3606,2024-08-31T00:49:27,,H1,,,,"H1","HH_outdoor_temp","HH1_outdoor",16.25
369,3618,2024-08-31T01:22:39,,H2,,,,"H2","HH_outdoor_temp","HH2_outdoor",17.0
370,3606,2024-08-31T01:47:44,,H1,,,,"H1","HH_outdoor_temp","HH1_outdoor",15.875
371,3618,2024-08-31T02:21:37,,H2,,,,"H2","HH_outdoor_temp","HH2_outdoor",16.1875
372,3606,2024-08-31T02:49:23,,H1,,,,"H1","HH_outdoor_temp","HH1_outdoor",15.8125
373,3618,2024-08-31T03:20:37,,H2,,,,"H2","HH_outdoor_temp","HH2_outdoor",15.8125
374,3606,2024-08-31T03:48:46,,H1,,,,"H1","HH_outdoor_temp","HH1_outdoor",15.4375
375,3618,2024-08-31T04:19:44,,H2,,,,"H2","HH_outdoor_temp","HH2_outdoor",15.625
376,3618,2024-08-31T05:18:41,,H2,,,,"H2","HH_outdoor_temp","HH2_outdoor",15.6875
377,3618,2024-08-31T06:17:43,,H2,,,,"H2","HH_outdoor_temp","HH2_outdoor",15.625
378,3618,2024-08-31T07:16:48,,H2,,,,"H2","HH_outdoor_temp","HH2_outdoor",15.3125
379,3606,2024-08-31T07:48:03,,H1,,,,"H1","HH_outdoor_temp","HH1_outdoor",15.0
380,3618,2024-08-31T08:15:53,,H2,,,,"H2","HH_outdoor_temp","HH2_outdoor",17.125
381,3606,2024-08-31T08:48:33,,H1,,,,"H1","HH_outdoor_temp","HH1_outdoor",15.8125
382,3618,2024-08-31T09:15:21,,H2,,,,"H2","HH_outdoor_temp","HH2_outdoor",28.3125
383,3618,2024-08-31T10:14:54,,H2,,,,"H2","HH_outdoor_temp","HH2_outdoor",36.0
384,3606,2024-08-31T10:47:56,,H1,,,,"H1","HH_outdoor_temp","HH1_outdoor",18.375
385,3618,2024-08-31T11:14:17,,H2,,,,"H2","HH_outdoor_temp","HH2_outdoor",29.1875
386,3606,2024-08-31T12:04:38,,H1,,,,"H1","HH_outdoor_temp","HH1_outdoor",20.875
387,3618,2024-08-31T12:13:07,,H2,,,,"H2","HH_outdoor_temp","HH2_outdoor",27.75
388,3606,2024-08-31T13:03:29,,H1,,,,"H1","HH_outdoor_temp","HH1_outdoor",21.625
389,3618,2024-08-31T13:12:07,,H2,,,,"H2","HH_outdoor_temp","HH2_outdoor",27.3125
390,3618,2024-08-31T14:11:06,,H2,,,,"H2","HH_outdoor_temp","HH2_outdoor",25.9375
391,3606,2024-08-31T14:58:03,,H1,,,,"H1","HH_outdoor_temp","HH1_outdoor",25.3125
392,3618,2024-08-31T15:10:12,,H2,,,,"H2","HH_outdoor_temp","HH2_outdoor",26.1875
393,3606,2024-08-31T15:55:20,,H1,,,,"H1","HH_outdoor_temp","HH1_outdoor",26.1875
394,3618,2024-08-31T16:09:20,,H2,,,,"H2","HH_outdoor_temp","HH2_outdoor",25.75
395,3606,2024-08-31T16:53:36,,H1,,,,"H1","HH_outdoor_temp","HH1_outdoor",26.625
396,3618,2024-08-31T17:08:28,,H2,,,,"H2","HH_outdoor_temp","HH2_outdoor",25.3125
397,3606,2024-08-31T17:52:22,,H1,,,,"H1","HH_outdoor_temp","HH1_outdoor",26.5625
398,3606,2024-08-31T18:51:38,,H1,,,,"H1","HH_outdoor_temp","HH1_outdoor",24.4375
399,3618,2024-08-31T19:06:40,,H2,,,,"H2","HH_outdoor_temp","HH2_outdoor",24.4375
400,3606,2024-08-31T19:49:20,,H1,,,,"H1","HH_outdoor_temp","HH1_outdoor",22.75
401,3618,2024-08-31T20:05:42,,H2,,,,"H2","HH_outdoor_temp","HH2_outdoor",23.5625
402,3606,2024-08-31T20:48:31,,H1,,,,"H1","HH_outdoor_temp","HH1_outdoor",21.4375
403,3618,2024-08-31T21:04:44,,H2,,,,"H2","HH_outdoor_temp","HH2_outdoor",22.625
404,3606,2024-08-31T21:47:24,,H1,,,,"H1","HH_outdoor_temp","HH1_outdoor",20.6875
405,3618,2024-08-31T22:03:48,,H2,,,,"H2","HH_outdoor_temp","HH2_outdoor",21.8125
406,3606,2024-08-31T22:46:51,,H1,,,,"H1","HH_outdoor_temp","HH1_outdoor",19.8125
407,3618,2024-08-31T23:02:52,,H2,,,,"H2","HH_outdoor_temp","HH2_outdoor",21.375
408,3606,2024-08-31T23:46:27,,H1,,,,"H1","HH_outdoor_temp","HH1_outdoor",19.125
409,3618,2024-09-01T00:01:53,,H2,,,,"H2","HH_outdoor_temp","HH2_outdoor",20.8125
410,3618,2024-09-01T01:00:59,,H2,,,,"H2","HH_outdoor_temp","HH2_outdoor",20.25
411,3606,2024-09-01T01:43:17,,H1,,,,"H1","HH_outdoor_temp","HH1_outdoor",18.125
412,3618,2024-09-01T02:00:03,,H2,,,,"H2","HH_outdoor_temp","HH2_outdoor",19.75
413,3618,2024-09-01T02:59:08,,H2,,,,"H2","HH_outdoor_temp","HH2_outdoor",19.4375
414,3618,2024-09-01T03:58:11,,H2,,,,"H2","HH_outdoor_temp","HH2_outdoor",19.3125
415,3606,2024-09-01T04:41:02,,H1,,,,"H1","HH_outdoor_temp","HH1_outdoor",17.0625
416,3618,2024-09-01T04:57:17,,H2,,,,"H2","HH_outdoor_temp","HH2_outdoor",19.5
417,3606,2024-09-01T05:38:54,,H1,,,,"H1","HH_outdoor_temp","HH1_outdoor",16.6875
418,3618,2024-09-01T05:56:19,,H2,,,,"H2","HH_outdoor_temp","HH2_outdoor",19.0
419,3618,2024-09-01T06:55:27,,H2,,,,"H2","HH_outdoor_temp","HH2_outdoor",19.0
420,3606,2024-09-01T07:50:23,,H1,,,,"H1","HH_outdoor_temp","HH1_outdoor",16.9375
421,3618,2024-09-01T07:54:38,,H2,,,,"H2","HH_outdoor_temp","HH2_outdoor",19.625
422,3606,2024-09-01T08:47:47,,H1,,,,"H1","HH_outdoor_temp","HH1_outdoor",19.0625
423,3618,2024-09-01T08:53:40,,H2,,,,"H2","HH_outdoor_temp","HH2_outdoor",21.3125
424,3606,2024-09-01T09:45:02,,H1,,,,"H1","HH_outdoor_temp","HH1_outdoor",20.8125
425,3618,2024-09-01T09:53:39,,H2,,,,"H2","HH_outdoor_temp","HH2_outdoor",36.1875
426,3606,2024-09-01T10:44:17,,H1,,,,"H1","HH_outdoor_temp","HH1_outdoor",22.6875
427,3618,2024-09-01T10:53:00,,H2,,,,"H2","HH_outdoor_temp","HH2_outdoor",34.5
428,3618,2024-09-01T11:52:09,,H2,,,,"H2","HH_outdoor_temp","HH2_outdoor",31.75
429,3606,2024-09-01T12:39:57,,H1,,,,"H1","HH_outdoor_temp","HH1_outdoor",26.75
430,3618,2024-09-01T12:51:13,,H2,,,,"H2","HH_outdoor_temp","HH2_outdoor",32.5625
431,3618,2024-09-01T13:50:18,,H2,,,,"H2","HH_outdoor_temp","HH2_outdoor",31.0
432,3618,2024-09-01T14:49:14,,H2,,,,"H2","HH_outdoor_temp","HH2_outdoor",31.125
433,3606,2024-09-01T15:35:41,,H1,,,,"H1","HH_outdoor_temp","HH1_outdoor",32.25
434,3618,2024-09-01T15:48:23,,H2,,,,"H2","HH_outdoor_temp","HH2_outdoor",31.125
435,3618,2024-09-01T16:47:30,,H2,,,,"H2","HH_outdoor_temp","HH2_outdoor",31.1875
436,3606,2024-09-01T16:52:53,,H1,,,,"H1","HH_outdoor_temp","HH1_outdoor",33.125
437,3618,2024-09-01T17:46:38,,H2,,,,"H2","HH_outdoor_temp","HH2_outdoor",30.8125
438,3618,2024-09-01T18:45:42,,H2,,,,"H2","HH_outdoor_temp","HH2_outdoor",30.1875
439,3606,2024-09-01T18:57:43,,H1,,,,"H1","HH_outdoor_temp","HH1_outdoor",29.875
440,3618,2024-09-01T19:44:41,,H2,,,,"H2","HH_outdoor_temp","HH2_outdoor",29.0625
441,3618,2024-09-01T20:43:37,,H2,,,,"H2","HH_outdoor_temp","HH2_outdoor",27.875
442,3618,2024-09-01T21:42:36,,H2,,,,"H2","HH_outdoor_temp","HH2_outdoor",27.125
443,3606,2024-09-01T22:06:28,,H1,,,,"H1","HH_outdoor_temp","HH1_outdoor",24.875
444,3618,2024-09-01T22:41:38,,H2,,,,"H2","HH_outdoor_temp","HH2_outdoor",26.5
445,3618,2024-09-01T23:40:43,,H2,,,,"H2","HH_outdoor_temp","HH2_outdoor",25.9375
446,3618,2024-09-02T00:39:44,,H2,,,,"H2","HH_outdoor_temp","HH2_outdoor",25.0
447,3606,2024-09-02T01:00:46,,H1,,,,"H1","HH_outdoor_temp","HH1_outdoor",21.75
448,3618,2024-09-02T01:38:45,,H2,,,,"H2","HH_outdoor_temp","HH2_outdoor",24.1875
449,3606,2024-09-02T01:59:50,,H1,,,,"H1","HH_outdoor_temp","HH1_outdoor",20.9375
450,3618,2024-09-02T02:37:46,,H2,,,,"H2","HH_outdoor_temp","HH2_outdoor",23.5
451,3606,2024-09-02T02:58:10,,H1,,,,"H1","HH_outdoor_temp","HH1_outdoor",20.3125
452,3618,2024-09-02T03:36:52,,H2,,,,"H2","HH_outdoor_temp","HH2_outdoor",23.0
453,3606,2024-09-02T04:26:37,,H1,,,,"H1","HH_outdoor_temp","HH1_outdoor",20.3125
454,3618,2024-09-02T04:35:53,,H2,,,,"H2","HH_outdoor_temp","HH2_outdoor",22.5
455,3606,2024-09-02T05:23:29,,H1,,,,"H1","HH_outdoor_temp","HH1_outdoor",19.875
456,3618,2024-09-02T05:34:57,,H2,,,,"H2","HH_outdoor_temp","HH2_outdoor",21.9375
457,3606,2024-09-02T06:21:05,,H1,,,,"H1","HH_outdoor_temp","HH1_outdoor",19.625
458,3618,2024-09-02T06:34:05,,H2,,,,"H2","HH_outdoor_temp","HH2_outdoor",21.5625
459,3606,2024-09-02T07:19:20,,H1,,,,"H1","HH_outdoor_temp","HH1_outdoor",19.375
460,3618,2024-09-02T07:33:13,,H2,,,,"H2","HH_outdoor_temp","HH2_outdoor",21.6875
461,3618,2024-09-02T08:32:19,,H2,,,,"H2","HH_outdoor_temp","HH2_outdoor",23.5625
462,3606,2024-09-02T09:22:00,,H1,,,,"H1","HH_outdoor_temp","HH1_outdoor",21.375
463,3618,2024-09-02T09:31:55,,H2,,,,"H2","HH_outdoor_temp","HH2_outdoor",35.4375
464,3606,2024-09-02T10:20:27,,H1,,,,"H1","HH_outdoor_temp","HH1_outdoor",23.25
465,3618,2024-09-02T10:31:35,,H2,,,,"H2","HH_outdoor_temp","HH2_outdoor",39.875
466,3606,2024-09-02T11:16:25,,H1,,,,"H1","HH_outdoor_temp","HH1_outdoor",24.6875
467,3618,2024-09-02T11:30:49,,H2,,,,"H2","HH_outdoor_temp","HH2_outdoor",37.625
468,3606,2024-09-02T12:23:39,,H1,,,,"H1","HH_outdoor_temp","HH1_outdoor",26.5
469,3618,2024-09-02T12:29:41,,H2,,,,"H2","HH_outdoor_temp","HH2_outdoor",35.5625
470,3606,2024-09-02T13:19:23,,H1,,,,"H1","HH_outdoor_temp","HH1_outdoor",27.125
471,3618,2024-09-02T13:28:42,,H2,,,,"H2","HH_outdoor_temp","HH2_outdoor",34.5625
472,3606,2024-09-02T14:24:32,,H1,,,,"H1","HH_outdoor_temp","HH1_outdoor",28.5
473,3618,2024-09-02T14:27:46,,H2,,,,"H2","HH_outdoor_temp","HH2_outdoor",33.125
474,3606,2024-09-02T15:20:18,,H1,,,,"H1","HH_outdoor_temp","HH1_outdoor",30.1875
475,3618,2024-09-02T15:26:56,,H2,,,,"H2","HH_outdoor_temp","HH2_outdoor",33.0625
476,3606,2024-09-02T16:20:03,,H1,,,,"H1","HH_outdoor_temp","HH1_outdoor",28.5
477,3618,2024-09-02T16:26:04,,H2,,,,"H2","HH_outdoor_temp","HH2_outdoor",32.9375
478,3618,2024-09-02T17:25:05,,H2,,,,"H2","HH_outdoor_temp","HH2_outdoor",30.625
479,3618,2024-09-02T19:23:07,,H2,,,,"H2","HH_outdoor_temp","HH2_outdoor",28.6875
480,3606,2024-09-02T19:23:49,,H1,,,,"H1","HH_outdoor_temp","HH1_outdoor",19.3125
481,3606,2024-09-02T20:21:35,,H1,,,,"H1","HH_outdoor_temp","HH1_outdoor",19.875
482,3618,2024-09-02T20:22:10,,H2,,,,"H2","HH_outdoor_temp","HH2_outdoor",27.5
483,3618,2024-09-02T21:21:09,,H2,,,,"H2","HH_outdoor_temp","HH2_outdoor",26.3125
484,3606,2024-09-02T21:35:24,,H1,,,,"H1","HH_outdoor_temp","HH1_outdoor",19.75
485,3618,2024-09-02T22:20:14,,H2,,,,"H2","HH_outdoor_temp","HH2_outdoor",25.6875
486,3606,2024-09-02T22:36:12,,H1,,,,"H1","HH_outdoor_temp","HH1_outdoor",19.75
487,3618,2024-09-02T23:19:14,,H2,,,,"H2","HH_outdoor_temp","HH2_outdoor",25.1875
488,3618,2024-09-03T00:18:19,,H2,,,,"H2","HH_outdoor_temp","HH2_outdoor",24.5625
489,3618,2024-09-03T01:17:20,,H2,,,,"H2","HH_outdoor_temp","HH2_outdoor",24.3125
490,3618,2024-09-03T02:16:22,,H2,,,,"H2","HH_outdoor_temp","HH2_outdoor",23.5
491,3618,2024-09-03T03:15:25,,H2,,,,"H2","HH_outdoor_temp","HH2_outdoor",22.5
492,3618,2024-09-03T04:14:30,,H2,,,,"H2","HH_outdoor_temp","HH2_outdoor",22.0
493,3618,2024-09-03T05:13:28,,H2,,,,"H2","HH_outdoor_temp","HH2_outdoor",21.75
494,3618,2024-09-03T07:11:35,,H2,,,,"H2","HH_outdoor_temp","HH2_outdoor",21.6875
495,3618,2024-09-03T08:10:42,,H2,,,,"H2","HH_outdoor_temp","HH2_outdoor",22.5
496,3618,2024-09-03T09:09:47,,H2,,,,"H2","HH_outdoor_temp","HH2_outdoor",22.6875
497,3618,2024-09-03T10:08:49,,H2,,,,"H2","HH_outdoor_temp","HH2_outdoor",22.9375
498,3618,2024-09-03T11:07:59,,H2,,,,"H2","HH_outdoor_temp","HH2_outdoor",24.375
499,3618,2024-09-03T12:07:09,,H2,,,,"H2","HH_outdoor_temp","HH2_outdoor",25.9375
500,3618,2024-09-03T13:06:10,,H2,,,,"H2","HH_outdoor_temp","HH2_outdoor",26.5
501,3618,2024-09-03T14:05:09,,H2,,,,"H2","HH_outdoor_temp","HH2_outdoor",26.0
502,3618,2024-09-03T15:04:19,,H2,,,,"H2","HH_outdoor_temp","HH2_outdoor",25.4375
503,3618,2024-09-03T16:03:17,,H2,,,,"H2","HH_outdoor_temp","HH2_outdoor",25.9375
504,3618,2024-09-03T17:02:27,,H2,,,,"H2","HH_outdoor_temp","HH2_outdoor",26.0
505,3618,2024-09-03T18:01:32,,H2,,,,"H2","HH_outdoor_temp","HH2_outdoor",25.4375
506,3618,2024-09-03T19:00:40,,H2,,,,"H2","HH_outdoor_temp","HH2_outdoor",24.875
507,3618,2024-09-03T19:59:34,,H2,,,,"H2","HH_outdoor_temp","HH2_outdoor",22.625
508,3618,2024-09-03T20:58:40,,H2,,,,"H2","HH_outdoor_temp","HH2_outdoor",22.0625
509,3618,2024-09-03T21:57:46,,H2,,,,"H2","HH_outdoor_temp","HH2_outdoor",21.5
510,3618,2024-09-03T22:56:48,,H2,,,,"H2","HH_outdoor_temp","HH2_outdoor",21.0
511,3618,2024-09-03T23:55:50,,H2,,,,"H2","HH_outdoor_temp","HH2_outdoor",20.75
512,3618,2024-09-04T00:54:53,,H2,,,,"H2","HH_outdoor_temp","HH2_outdoor",20.3125
513,3618,2024-09-04T01:53:58,,H2,,,,"H2","HH_outdoor_temp","HH2_outdoor",20.25
514,3618,2024-09-04T02:53:02,,H2,,,,"H2","HH_outdoor_temp","HH2_outdoor",19.9375
515,3618,2024-09-04T03:52:05,,H2,,,,"H2","HH_outdoor_temp","HH2_outdoor",19.5
516,3618,2024-09-04T04:51:12,,H2,,,,"H2","HH_outdoor_temp","HH2_outdoor",19.3125
517,3618,2024-09-04T05:50:08,,H2,,,,"H2","HH_outdoor_temp","HH2_outdoor",18.5625
518,3618,2024-09-04T06:49:09,,H2,,,,"H2","HH_outdoor_temp","HH2_outdoor",18.3125
519,3618,2024-09-04T07:48:13,,H2,,,,"H2","HH_outdoor_temp","HH2_outdoor",18.4375
520,3618,2024-09-04T08:47:19,,H2,,,,"H2","HH_outdoor_temp","HH2_outdoor",18.6875
521,3618,2024-09-04T09:46:26,,H2,,,,"H2","HH_outdoor_temp","HH2_outdoor",19.1875
522,3618,2024-09-04T10:45:39,,H2,,,,"H2","HH_outdoor_temp","HH2_outdoor",21.0
523,3618,2024-09-04T11:44:48,,H2,,,,"H2","HH_outdoor_temp","HH2_outdoor",22.3125
524,3618,2024-09-04T12:44:06,,H2,,,,"H2","HH_outdoor_temp","HH2_outdoor",24.0
525,3618,2024-09-04T13:43:14,,H2,,,,"H2","HH_outdoor_temp","HH2_outdoor",23.6875
526,3618,2024-09-04T14:42:15,,H2,,,,"H2","HH_outdoor_temp","HH2_outdoor",23.5625
527,3618,2024-09-04T15:41:25,,H2,,,,"H2","HH_outdoor_temp","HH2_outdoor",24.875
528,3618,2024-09-04T16:40:32,,H2,,,,"H2","HH_outdoor_temp","HH2_outdoor",23.625
529,3618,2024-09-04T17:39:36,,H2,,,,"H2","HH_outdoor_temp","HH2_outdoor",23.25
530,3618,2024-09-04T18:38:38,,H2,,,,"H2","HH_outdoor_temp","HH2_outdoor",22.875
531,3618,2024-09-04T19:37:43,,H2,,,,"H2","HH_outdoor_temp","HH2_outdoor",22.0
532,3618,2024-09-04T20:36:37,,H2,,,,"H2","HH_outdoor_temp","HH2_outdoor",21.375
533,3618,2024-09-04T21:35:39,,H2,,,,"H2","HH_outdoor_temp","HH2_outdoor",20.9375
534,3618,2024-09-04T22:34:40,,H2,,,,"H2","HH_outdoor_temp","HH2_outdoor",20.5
535,3618,2024-09-04T23:33:42,,H2,,,,"H2","HH_outdoor_temp","HH2_outdoor",19.75
536,3618,2024-09-05T00:32:45,,H2,,,,"H2","HH_outdoor_temp","HH2_outdoor",19.3125
537,3618,2024-09-05T02:30:53,,H2,,,,"H2","HH_outdoor_temp","HH2_outdoor",18.25
538,3618,2024-09-05T03:29:58,,H2,,,,"H2","HH_outdoor_temp","HH2_outdoor",17.875
539,3618,2024-09-05T04:29:02,,H2,,,,"H2","HH_outdoor_temp","HH2_outdoor",17.75
540,3618,2024-09-05T05:28:04,,H2,,,,"H2","HH_outdoor_temp","HH2_outdoor",17.5625
541,3618,2024-09-05T06:27:09,,H2,,,,"H2","HH_outdoor_temp","HH2_outdoor",17.6875
542,3618,2024-09-05T07:26:10,,H2,,,,"H2","HH_outdoor_temp","HH2_outdoor",17.6875
543,3618,2024-09-05T08:25:11,,H2,,,,"H2","HH_outdoor_temp","HH2_outdoor",17.8125
544,3618,2024-09-05T09:24:11,,H2,,,,"H2","HH_outdoor_temp","HH2_outdoor",18.1875
545,3618,2024-09-05T10:23:15,,H2,,,,"H2","HH_outdoor_temp","HH2_outdoor",18.875
546,3618,2024-09-05T11:22:19,,H2,,,,"H2","HH_outdoor_temp","HH2_outdoor",19.3125
547,3618,2024-09-05T12:21:31,,H2,,,,"H2","HH_outdoor_temp","HH2_outdoor",20.125
548,3618,2024-09-05T13:20:43,,H2,,,,"H2","HH_outdoor_temp","HH2_outdoor",20.9375
549,3618,2024-09-05T16:49:02,,H2,,,,"H2","HH_outdoor_temp","HH2_outdoor",24.3125
550,3618,2024-09-05T17:48:12,,H2,,,,"H2","HH_outdoor_temp","HH2_outdoor",24.75
551,3618,2024-09-05T18:47:15,,H2,,,,"H2","HH_outdoor_temp","HH2_outdoor",24.1875
552,3618,2024-09-05T19:46:17,,H2,,,,"H2","HH_outdoor_temp","HH2_outdoor",23.375
553,3618,2024-09-05T20:45:14,,H2,,,,"H2","HH_outdoor_temp","HH2_outdoor",22.625
554,3618,2024-09-05T21:44:17,,H2,,,,"H2","HH_outdoor_temp","HH2_outdoor",22.1875
555,3618,2024-09-05T22:43:14,,H2,,,,"H2","HH_outdoor_temp","HH2_outdoor",21.875
556,3618,2024-09-05T23:42:21,,H2,,,,"H2","HH_outdoor_temp","HH2_outdoor",21.3125
557,3618,2024-09-06T00:41:21,,H2,,,,"H2","HH_outdoor_temp","HH2_outdoor",20.875
558,3618,2024-09-06T01:40:27,,H2,,,,"H2","HH_outdoor_temp","HH2_outdoor",20.5
559,3618,2024-09-06T02:39:28,,H2,,,,"H2","HH_outdoor_temp","HH2_outdoor",20.0625
560,3618,2024-09-06T03:38:28,,H2,,,,"H2","HH_outdoor_temp","HH2_outdoor",19.8125
561,3618,2024-09-06T04:37:32,,H2,,,,"H2","HH_outdoor_temp","HH2_outdoor",19.4375
562,3618,2024-09-06T05:36:35,,H2,,,,"H2","HH_outdoor_temp","HH2_outdoor",19.625
563,3618,2024-09-06T06:35:36,,H2,,,,"H2","HH_outdoor_temp","HH2_outdoor",19.6875
564,3618,2024-09-06T07:34:38,,H2,,,,"H2","HH_outdoor_temp","HH2_outdoor",19.875
565,3618,2024-09-06T08:33:42,,H2,,,,"H2","HH_outdoor_temp","HH2_outdoor",20.375
566,3623,2024-09-06T09:17:44,,H3,,,,"H3","HH_outdoor_temp","HH3_outdoor_test",23.875
567,3618,2024-09-06T09:32:49,,H2,,,,"H2","HH_outdoor_temp","HH2_outdoor",20.875
568,3623,2024-09-06T10:15:40,,H3,,,,"H3","HH_outdoor_temp","HH3_outdoor_test",21.6875
569,3618,2024-09-06T10:31:55,,H2,,,,"H2","HH_outdoor_temp","HH2_outdoor",21.0
570,3623,2024-09-06T11:14:24,,H3,,,,"H3","HH_outdoor_temp","HH3_outdoor_test",21.4375
571,3618,2024-09-06T11:30:52,,H2,,,,"H2","HH_outdoor_temp","HH2_outdoor",21.625
572,3623,2024-09-06T12:13:06,,H3,,,,"H3","HH_outdoor_temp","HH3_outdoor_test",21.3125
573,3618,2024-09-06T12:29:52,,H2,,,,"H2","HH_outdoor_temp","HH2_outdoor",21.5625
574,3623,2024-09-06T13:12:03,,H3,,,,"H3","HH_outdoor_temp","HH3_outdoor_test",21.3125
575,3618,2024-09-06T13:28:57,,H2,,,,"H2","HH_outdoor_temp","HH2_outdoor",21.875
576,3623,2024-09-06T14:11:23,,H3,,,,"H3","HH_outdoor_temp","HH3_outdoor",28.125
577,3618,2024-09-06T14:28:02,,H2,,,,"H2","HH_outdoor_temp","HH2_outdoor",21.25
578,3623,2024-09-06T15:07:18,,H3,,,,"H3","HH_outdoor_temp","HH3_outdoor",22.875
579,3618,2024-09-06T15:27:25,,H2,,,,"H2","HH_outdoor_temp","HH2_outdoor",20.5
580,3623,2024-09-06T16:06:13,,H3,,,,"H3","HH_outdoor_temp","HH3_outdoor",23.25
581,3618,2024-09-06T16:26:01,,H2,,,,"H2","HH_outdoor_temp","HH2_outdoor",19.5625
582,3623,2024-09-06T17:05:08,,H3,,,,"H3","HH_outdoor_temp","HH3_outdoor",19.375
583,3618,2024-09-06T17:25:03,,H2,,,,"H2","HH_outdoor_temp","HH2_outdoor",19.8125
584,3623,2024-09-06T18:03:36,,H3,,,,"H3","HH_outdoor_temp","HH3_outdoor",19.625
585,3618,2024-09-06T18:24:12,,H2,,,,"H2","HH_outdoor_temp","HH2_outdoor",19.625
586,3623,2024-09-06T19:02:28,,H3,,,,"H3","HH_outdoor_temp","HH3_outdoor",19.1875
587,3618,2024-09-06T19:23:13,,H2,,,,"H2","HH_outdoor_temp","HH2_outdoor",19.25
588,3623,2024-09-06T20:00:37,,H3,,,,"H3","HH_outdoor_temp","HH3_outdoor",18.9375
589,3618,2024-09-06T20:22:13,,H2,,,,"H2","HH_outdoor_temp","HH2_outdoor",19.125
590,3623,2024-09-06T20:59:18,,H3,,,,"H3","HH_outdoor_temp","HH3_outdoor",18.625
591,3618,2024-09-06T21:21:15,,H2,,,,"H2","HH_outdoor_temp","HH2_outdoor",18.875
592,3623,2024-09-06T21:57:55,,H3,,,,"H3","HH_outdoor_temp","HH3_outdoor",18.0
593,3618,2024-09-06T22:20:12,,H2,,,,"H2","HH_outdoor_temp","HH2_outdoor",18.3125
594,3623,2024-09-06T22:56:29,,H3,,,,"H3","HH_outdoor_temp","HH3_outdoor",17.75
595,3618,2024-09-06T23:19:10,,H2,,,,"H2","HH_outdoor_temp","HH2_outdoor",18.3125
596,3623,2024-09-06T23:54:54,,H3,,,,"H3","HH_outdoor_temp","HH3_outdoor",17.0625
597,3618,2024-09-07T00:18:12,,H2,,,,"H2","HH_outdoor_temp","HH2_outdoor",17.625
598,3623,2024-09-07T00:53:37,,H3,,,,"H3","HH_outdoor_temp","HH3_outdoor",17.3125
599,3618,2024-09-07T01:17:13,,H2,,,,"H2","HH_outdoor_temp","HH2_outdoor",18.0625
600,3623,2024-09-07T01:52:27,,H3,,,,"H3","HH_outdoor_temp","HH3_outdoor",17.625
601,3618,2024-09-07T02:16:17,,H2,,,,"H2","HH_outdoor_temp","HH2_outdoor",18.0625
602,3623,2024-09-07T02:50:31,,H3,,,,"H3","HH_outdoor_temp","HH3_outdoor",17.625
603,3618,2024-09-07T03:15:23,,H2,,,,"H2","HH_outdoor_temp","HH2_outdoor",18.0
604,3623,2024-09-07T03:48:44,,H3,,,,"H3","HH_outdoor_temp","HH3_outdoor",17.5
605,3618,2024-09-07T04:14:25,,H2,,,,"H2","HH_outdoor_temp","HH2_outdoor",17.9375
606,3623,2024-09-07T04:47:17,,H3,,,,"H3","HH_outdoor_temp","HH3_outdoor",17.6875
607,3618,2024-09-07T05:13:24,,H2,,,,"H2","HH_outdoor_temp","HH2_outdoor",16.6875
608,3623,2024-09-07T05:45:58,,H3,,,,"H3","HH_outdoor_temp","HH3_outdoor",16.3125
609,3618,2024-09-07T06:12:30,,H2,,,,"H2","HH_outdoor_temp","HH2_outdoor",16.125
610,3623,2024-09-07T06:43:58,,H3,,,,"H3","HH_outdoor_temp","HH3_outdoor",15.625
611,3618,2024-09-07T07:11:31,,H2,,,,"H2","HH_outdoor_temp","HH2_outdoor",15.8125
612,3623,2024-09-07T07:42:49,,H3,,,,"H3","HH_outdoor_temp","HH3_outdoor",15.4375
613,3618,2024-09-07T08:10:33,,H2,,,,"H2","HH_outdoor_temp","HH2_outdoor",16.6875
614,3623,2024-09-07T08:40:59,,H3,,,,"H3","HH_outdoor_temp","HH3_outdoor",16.5
615,3618,2024-09-07T09:09:42,,H2,,,,"H2","HH_outdoor_temp","HH2_outdoor",18.75
616,3623,2024-09-07T09:39:53,,H3,,,,"H3","HH_outdoor_temp","HH3_outdoor",18.0
617,3618,2024-09-07T10:09:10,,H2,,,,"H2","HH_outdoor_temp","HH2_outdoor",23.0
618,3623,2024-09-07T10:38:46,,H3,,,,"H3","HH_outdoor_temp","HH3_outdoor",19.375
619,3618,2024-09-07T11:09:04,,H2,,,,"H2","HH_outdoor_temp","HH2_outdoor",28.125
620,3623,2024-09-07T11:37:32,,H3,,,,"H3","HH_outdoor_temp","HH3_outdoor",20.8125
621,3618,2024-09-07T12:08:01,,H2,,,,"H2","HH_outdoor_temp","HH2_outdoor",27.6875
622,3623,2024-09-07T12:36:32,,H3,,,,"H3","HH_outdoor_temp","HH3_outdoor",21.75
623,3618,2024-09-07T13:07:00,,H2,,,,"H2","HH_outdoor_temp","HH2_outdoor",28.125
624,3623,2024-09-07T13:36:59,,H3,,,,"H3","HH_outdoor_temp","HH3_outdoor",22.875
625,3618,2024-09-07T14:06:04,,H2,,,,"H2","HH_outdoor_temp","HH2_outdoor",27.875
626,3623,2024-09-07T14:34:14,,H3,,,,"H3","HH_outdoor_temp","HH3_outdoor",23.25
627,3618,2024-09-07T15:05:08,,H2,,,,"H2","HH_outdoor_temp","HH2_outdoor",28.125
628,3623,2024-09-07T15:33:01,,H3,,,,"H3","HH_outdoor_temp","HH3_outdoor",24.5
629,3618,2024-09-07T16:04:07,,H2,,,,"H2","HH_outdoor_temp","HH2_outdoor",27.75
630,3623,2024-09-07T16:32:02,,H3,,,,"H3","HH_outdoor_temp","HH3_outdoor",24.4375
631,3618,2024-09-07T17:03:09,,H2,,,,"H2","HH_outdoor_temp","HH2_outdoor",27.875
632,3623,2024-09-07T17:35:18,,H3,,,,"H3","HH_outdoor_temp","HH3_outdoor",23.875
633,3618,2024-09-07T18:02:13,,H2,,,,"H2","HH_outdoor_temp","HH2_outdoor",27.0
634,3623,2024-09-07T18:33:06,,H3,,,,"H3","HH_outdoor_temp","HH3_outdoor",23.125
635,3618,2024-09-07T19:01:17,,H2,,,,"H2","HH_outdoor_temp","HH2_outdoor",26.25
636,3623,2024-09-07T19:32:59,,H3,,,,"H3","HH_outdoor_temp","HH3_outdoor",22.875
637,3618,2024-09-07T20:00:18,,H2,,,,"H2","HH_outdoor_temp","HH2_outdoor",25.5625
638,3623,2024-09-07T20:30:09,,H3,,,,"H3","HH_outdoor_temp","HH3_outdoor",22.125
639,3618,2024-09-07T20:59:20,,H2,,,,"H2","HH_outdoor_temp","HH2_outdoor",24.75
640,3618,2024-09-07T21:58:24,,H2,,,,"H2","HH_outdoor_temp","HH2_outdoor",24.3125
641,3618,2024-09-07T22:57:23,,H2,,,,"H2","HH_outdoor_temp","HH2_outdoor",24.0625
642,3623,2024-09-07T23:27:53,,H3,,,,"H3","HH_outdoor_temp","HH3_outdoor",21.6875
643,3618,2024-09-07T23:56:19,,H2,,,,"H2","HH_outdoor_temp","HH2_outdoor",21.0
644,3618,2024-09-08T00:55:25,,H2,,,,"H2","HH_outdoor_temp","HH2_outdoor",20.25
645,3623,2024-09-08T01:26:52,,H3,,,,"H3","HH_outdoor_temp","HH3_outdoor",19.6875
646,3618,2024-09-08T01:54:24,,H2,,,,"H2","HH_outdoor_temp","HH2_outdoor",19.125
647,3623,2024-09-08T02:27:14,,H3,,,,"H3","HH_outdoor_temp","HH3_outdoor",19.25
648,3618,2024-09-08T02:53:32,,H2,,,,"H2","HH_outdoor_temp","HH2_outdoor",19.1875
649,3623,2024-09-08T03:26:12,,H3,,,,"H3","HH_outdoor_temp","HH3_outdoor",18.9375
650,3618,2024-09-08T03:52:35,,H2,,,,"H2","HH_outdoor_temp","HH2_outdoor",19.125
651,3618,2024-09-08T04:51:40,,H2,,,,"H2","HH_outdoor_temp","HH2_outdoor",18.4375
652,3623,2024-09-08T05:29:41,,H3,,,,"H3","HH_outdoor_temp","HH3_outdoor",18.125
653,3618,2024-09-08T05:50:44,,H2,,,,"H2","HH_outdoor_temp","HH2_outdoor",18.0625
654,3618,2024-09-08T06:49:45,,H2,,,,"H2","HH_outdoor_temp","HH2_outdoor",17.4375
655,3618,2024-09-08T07:48:45,,H2,,,,"H2","HH_outdoor_temp","HH2_outdoor",16.625
656,3623,2024-09-08T08:45:49,,H3,,,,"H3","HH_outdoor_temp","HH3_outdoor",16.5625
657,3618,2024-09-08T08:47:50,,H2,,,,"H2","HH_outdoor_temp","HH2_outdoor",17.5
658,3623,2024-09-08T09:44:27,,H3,,,,"H3","HH_outdoor_temp","HH3_outdoor",17.75
659,3618,2024-09-08T09:47:55,,H2,,,,"H2","HH_outdoor_temp","HH2_outdoor",25.6875
660,3623,2024-09-08T10:43:15,,H3,,,,"H3","HH_outdoor_temp","HH3_outdoor",18.75
661,3618,2024-09-08T10:47:24,,H2,,,,"H2","HH_outdoor_temp","HH2_outdoor",32.3125
662,3623,2024-09-08T11:41:46,,H3,,,,"H3","HH_outdoor_temp","HH3_outdoor",20.0625
663,3618,2024-09-08T11:46:19,,H2,,,,"H2","HH_outdoor_temp","HH2_outdoor",27.5
664,3623,2024-09-08T12:40:43,,H3,,,,"H3","HH_outdoor_temp","HH3_outdoor",19.625
665,3618,2024-09-08T12:44:57,,H2,,,,"H2","HH_outdoor_temp","HH2_outdoor",24.0
666,3623,2024-09-08T13:39:39,,H3,,,,"H3","HH_outdoor_temp","HH3_outdoor",20.375
667,3618,2024-09-08T13:43:59,,H2,,,,"H2","HH_outdoor_temp","HH2_outdoor",24.125
668,3623,2024-09-08T14:37:57,,H3,,,,"H3","HH_outdoor_temp","HH3_outdoor",21.0
669,3618,2024-09-08T14:43:01,,H2,,,,"H2","HH_outdoor_temp","HH2_outdoor",24.4375
670,3623,2024-09-08T15:36:56,,H3,,,,"H3","HH_outdoor_temp","HH3_outdoor",21.25
671,3618,2024-09-08T15:42:06,,H2,,,,"H2","HH_outdoor_temp","HH2_outdoor",23.375
672,3623,2024-09-08T16:35:34,,H3,,,,"H3","HH_outdoor_temp","HH3_outdoor",21.4375
673,3618,2024-09-08T16:41:09,,H2,,,,"H2","HH_outdoor_temp","HH2_outdoor",23.75
674,3623,2024-09-08T17:34:19,,H3,,,,"H3","HH_outdoor_temp","HH3_outdoor",20.875
675,3618,2024-09-08T17:40:15,,H2,,,,"H2","HH_outdoor_temp","HH2_outdoor",23.375
676,3623,2024-09-08T18:33:08,,H3,,,,"H3","HH_outdoor_temp","HH3_outdoor",20.4375
677,3618,2024-09-08T18:39:18,,H2,,,,"H2","HH_outdoor_temp","HH2_outdoor",22.3125
678,3618,2024-09-08T19:38:22,,H2,,,,"H2","HH_outdoor_temp","HH2_outdoor",21.25
679,3623,2024-09-08T20:34:23,,H3,,,,"H3","HH_outdoor_temp","HH3_outdoor",17.5625
680,3618,2024-09-08T20:37:22,,H2,,,,"H2","HH_outdoor_temp","HH2_outdoor",19.8125
681,3623,2024-09-08T21:32:13,,H3,,,,"H3","HH_outdoor_temp","HH3_outdoor",16.5625
682,3618,2024-09-08T21:36:26,,H2,,,,"H2","HH_outdoor_temp","HH2_outdoor",18.875
683,3623,2024-09-08T22:30:16,,H3,,,,"H3","HH_outdoor_temp","HH3_outdoor",17.4375
684,3618,2024-09-08T22:35:31,,H2,,,,"H2","HH_outdoor_temp","HH2_outdoor",18.375
685,3623,2024-09-08T23:28:32,,H3,,,,"H3","HH_outdoor_temp","HH3_outdoor",17.6875
686,3618,2024-09-08T23:34:33,,H2,,,,"H2","HH_outdoor_temp","HH2_outdoor",17.75
687,3623,2024-09-09T00:27:21,,H3,,,,"H3","HH_outdoor_temp","HH3_outdoor",17.4375
688,3618,2024-09-09T00:33:34,,H2,,,,"H2","HH_outdoor_temp","HH2_outdoor",17.8125
689,3623,2024-09-09T01:24:55,,H3,,,,"H3","HH_outdoor_temp","HH3_outdoor",17.375
690,3618,2024-09-09T01:32:36,,H2,,,,"H2","HH_outdoor_temp","HH2_outdoor",17.25
691,3623,2024-09-09T02:23:30,,H3,,,,"H3","HH_outdoor_temp","HH3_outdoor",17.1875
692,3618,2024-09-09T02:31:43,,H2,,,,"H2","HH_outdoor_temp","HH2_outdoor",17.0625
693,3623,2024-09-09T03:22:11,,H3,,,,"H3","HH_outdoor_temp","HH3_outdoor",16.9375
694,3618,2024-09-09T03:30:48,,H2,,,,"H2","HH_outdoor_temp","HH2_outdoor",15.75
695,3623,2024-09-09T04:20:36,,H3,,,,"H3","HH_outdoor_temp","HH3_outdoor",15.625
696,3618,2024-09-09T04:29:47,,H2,,,,"H2","HH_outdoor_temp","HH2_outdoor",16.25
697,3623,2024-09-09T05:18:52,,H3,,,,"H3","HH_outdoor_temp","HH3_outdoor",16.0
698,3618,2024-09-09T05:28:47,,H2,,,,"H2","HH_outdoor_temp","HH2_outdoor",16.375
699,3623,2024-09-09T06:17:08,,H3,,,,"H3","HH_outdoor_temp","HH3_outdoor",15.9375
700,3618,2024-09-09T06:27:52,,H2,,,,"H2","HH_outdoor_temp","HH2_outdoor",16.0
701,3623,2024-09-09T07:15:00,,H3,,,,"H3","HH_outdoor_temp","HH3_outdoor",16.125
702,3618,2024-09-09T07:26:56,,H2,,,,"H2","HH_outdoor_temp","HH2_outdoor",16.375
703,3623,2024-09-09T08:13:38,,H3,,,,"H3","HH_outdoor_temp","HH3_outdoor",16.1875
704,3618,2024-09-09T08:26:02,,H2,,,,"H2","HH_outdoor_temp","HH2_outdoor",17.125
705,3623,2024-09-09T09:12:42,,H3,,,,"H3","HH_outdoor_temp","HH3_outdoor",16.4375
706,3618,2024-09-09T09:25:13,,H2,,,,"H2","HH_outdoor_temp","HH2_outdoor",18.0
707,3623,2024-09-09T10:11:29,,H3,,,,"H3","HH_outdoor_temp","HH3_outdoor",16.8125
708,3618,2024-09-09T10:24:23,,H2,,,,"H2","HH_outdoor_temp","HH2_outdoor",18.125
709,3618,2024-09-09T11:23:28,,H2,,,,"H2","HH_outdoor_temp","HH2_outdoor",19.6875
710,3618,2024-09-09T12:22:54,,H2,,,,"H2","HH_outdoor_temp","HH2_outdoor",23.375
711,3623,2024-09-09T13:17:26,,H3,,,,"H3","HH_outdoor_temp","HH3_outdoor",18.5625
712,3618,2024-09-09T13:22:02,,H2,,,,"H2","HH_outdoor_temp","HH2_outdoor",18.75
713,3623,2024-09-09T14:16:13,,H3,,,,"H3","HH_outdoor_temp","HH3_outdoor",18.25
714,3618,2024-09-09T14:20:57,,H2,,,,"H2","HH_outdoor_temp","HH2_outdoor",20.0
715,3618,2024-09-09T16:19:08,,H2,,,,"H2","HH_outdoor_temp","HH2_outdoor",21.4375
716,3618,2024-09-09T17:18:14,,H2,,,,"H2","HH_outdoor_temp","HH2_outdoor",21.8125
717,3618,2024-09-09T18:17:13,,H2,,,,"H2","HH_outdoor_temp","HH2_outdoor",20.375
718,3623,2024-09-09T18:17:23,,H3,,,,"H3","HH_outdoor_temp","HH3_outdoor",19.5
719,3623,2024-09-09T19:15:59,,H3,,,,"H3","HH_outdoor_temp","HH3_outdoor",18.4375
720,3618,2024-09-09T19:16:17,,H2,,,,"H2","HH_outdoor_temp","HH2_outdoor",18.625
721,3623,2024-09-09T20:14:47,,H3,,,,"H3","HH_outdoor_temp","HH3_outdoor",17.5
722,3618,2024-09-09T20:15:20,,H2,,,,"H2","HH_outdoor_temp","HH2_outdoor",18.0625
723,3623,2024-09-09T21:13:31,,H3,,,,"H3","HH_outdoor_temp","HH3_outdoor",16.9375
724,3618,2024-09-09T21:14:15,,H2,,,,"H2","HH_outdoor_temp","HH2_outdoor",17.4375
725,3623,2024-09-09T22:12:19,,H3,,,,"H3","HH_outdoor_temp","HH3_outdoor",16.3125
726,3618,2024-09-09T22:13:12,,H2,,,,"H2","HH_outdoor_temp","HH2_outdoor",16.5625
727,3623,2024-09-09T23:11:09,,H3,,,,"H3","HH_outdoor_temp","HH3_outdoor",15.8125
728,3618,2024-09-09T23:12:13,,H2,,,,"H2","HH_outdoor_temp","HH2_outdoor",15.75
729,3623,2024-09-10T00:09:59,,H3,,,,"H3","HH_outdoor_temp","HH3_outdoor",16.125
730,3618,2024-09-10T00:11:19,,H2,,,,"H2","HH_outdoor_temp","HH2_outdoor",16.25
731,3623,2024-09-10T01:08:42,,H3,,,,"H3","HH_outdoor_temp","HH3_outdoor",15.9375
732,3618,2024-09-10T01:10:20,,H2,,,,"H2","HH_outdoor_temp","HH2_outdoor",16.125
733,3623,2024-09-10T02:07:24,,H3,,,,"H3","HH_outdoor_temp","HH3_outdoor",15.375
734,3618,2024-09-10T02:09:26,,H2,,,,"H2","HH_outdoor_temp","HH2_outdoor",15.8125
735,3623,2024-09-10T03:06:00,,H3,,,,"H3","HH_outdoor_temp","HH3_outdoor",14.9375
736,3618,2024-09-10T03:08:29,,H2,,,,"H2","HH_outdoor_temp","HH2_outdoor",14.6875
737,3623,2024-09-10T04:04:52,,H3,,,,"H3","HH_outdoor_temp","HH3_outdoor",14.8125
738,3618,2024-09-10T04:07:36,,H2,,,,"H2","HH_outdoor_temp","HH2_outdoor",14.75
739,3623,2024-09-10T05:03:34,,H3,,,,"H3","HH_outdoor_temp","HH3_outdoor",14.625
740,3618,2024-09-10T05:06:40,,H2,,,,"H2","HH_outdoor_temp","HH2_outdoor",14.3125
741,3623,2024-09-10T06:02:22,,H3,,,,"H3","HH_outdoor_temp","HH3_outdoor",14.3125
742,3618,2024-09-10T06:05:38,,H2,,,,"H2","HH_outdoor_temp","HH2_outdoor",14.125
743,3623,2024-09-10T07:00:52,,H3,,,,"H3","HH_outdoor_temp","HH3_outdoor",14.125
744,3618,2024-09-10T07:04:45,,H2,,,,"H2","HH_outdoor_temp","HH2_outdoor",13.875
745,3623,2024-09-10T07:59:37,,H3,,,,"H3","HH_outdoor_temp","HH3_outdoor",14.0625
746,3618,2024-09-10T08:03:43,,H2,,,,"H2","HH_outdoor_temp","HH2_outdoor",13.9375
747,3623,2024-09-10T09:57:17,,H3,,,,"H3","HH_outdoor_temp","HH3_outdoor",15.875
748,3618,2024-09-10T10:02:57,,H2,,,,"H2","HH_outdoor_temp","HH2_outdoor",20.75
749,3623,2024-09-10T10:56:07,,H3,,,,"H3","HH_outdoor_temp","HH3_outdoor",16.1875
750,3618,2024-09-10T11:01:53,,H2,,,,"H2","HH_outdoor_temp","HH2_outdoor",23.1875
751,3623,2024-09-10T11:54:54,,H3,,,,"H3","HH_outdoor_temp","HH3_outdoor",16.8125
752,3618,2024-09-10T12:01:00,,H2,,,,"H2","HH_outdoor_temp","HH2_outdoor",20.625
753,3623,2024-09-10T12:53:39,,H3,,,,"H3","HH_outdoor_temp","HH3_outdoor",17.0
754,3618,2024-09-10T12:59:47,,H2,,,,"H2","HH_outdoor_temp","HH2_outdoor",20.0
755,3623,2024-09-10T13:52:28,,H3,,,,"H3","HH_outdoor_temp","HH3_outdoor",17.25
756,3618,2024-09-10T13:58:58,,H2,,,,"H2","HH_outdoor_temp","HH2_outdoor",20.25
757,3623,2024-09-10T14:51:21,,H3,,,,"H3","HH_outdoor_temp","HH3_outdoor",16.4375
758,3618,2024-09-10T14:58:02,,H2,,,,"H2","HH_outdoor_temp","HH2_outdoor",18.3125
759,3623,2024-09-10T15:49:44,,H3,,,,"H3","HH_outdoor_temp","HH3_outdoor",15.625
760,3618,2024-09-10T15:56:59,,H2,,,,"H2","HH_outdoor_temp","HH2_outdoor",16.75
761,3623,2024-09-10T16:48:33,,H3,,,,"H3","HH_outdoor_temp","HH3_outdoor",15.125
762,3618,2024-09-10T16:56:02,,H2,,,,"H2","HH_outdoor_temp","HH2_outdoor",16.1875
763,3623,2024-09-10T17:47:11,,H3,,,,"H3","HH_outdoor_temp","HH3_outdoor",14.875
764,3618,2024-09-10T17:55:03,,H2,,,,"H2","HH_outdoor_temp","HH2_outdoor",16.0625
765,3623,2024-09-10T18:46:11,,H3,,,,"H3","HH_outdoor_temp","HH3_outdoor",14.8125
766,3618,2024-09-10T18:54:07,,H2,,,,"H2","HH_outdoor_temp","HH2_outdoor",15.4375
767,3623,2024-09-10T19:44:20,,H3,,,,"H3","HH_outdoor_temp","HH3_outdoor",14.75
768,3618,2024-09-10T19:53:09,,H2,,,,"H2","HH_outdoor_temp","HH2_outdoor",15.125
769,3623,2024-09-10T20:43:07,,H3,,,,"H3","HH_outdoor_temp","HH3_outdoor",14.625
770,3618,2024-09-10T20:52:14,,H2,,,,"H2","HH_outdoor_temp","HH2_outdoor",14.9375
771,3618,2024-09-10T21:51:11,,H2,,,,"H2","HH_outdoor_temp","HH2_outdoor",14.75
772,3623,2024-09-10T22:40:36,,H3,,,,"H3","HH_outdoor_temp","HH3_outdoor",14.375
773,3618,2024-09-10T22:50:12,,H2,,,,"H2","HH_outdoor_temp","HH2_outdoor",14.75
774,3623,2024-09-10T23:39:21,,H3,,,,"H3","HH_outdoor_temp","HH3_outdoor",14.125
775,3618,2024-09-10T23:49:14,,H2,,,,"H2","HH_outdoor_temp","HH2_outdoor",14.4375
776,3623,2024-09-11T00:38:13,,H3,,,,"H3","HH_outdoor_temp","HH3_outdoor",14.0625
777,3618,2024-09-11T00:48:11,,H2,,,,"H2","HH_outdoor_temp","HH2_outdoor",14.3125
778,3623,2024-09-11T01:37:05,,H3,,,,"H3","HH_outdoor_temp","HH3_outdoor",13.125
779,3618,2024-09-11T01:47:11,,H2,,,,"H2","HH_outdoor_temp","HH2_outdoor",14.4375
780,3623,2024-09-11T02:35:34,,H3,,,,"H3","HH_outdoor_temp","HH3_outdoor",11.5
781,3618,2024-09-11T02:46:06,,H2,,,,"H2","HH_outdoor_temp","HH2_outdoor",11.8125
782,3623,2024-09-11T03:34:18,,H3,,,,"H3","HH_outdoor_temp","HH3_outdoor",12.0
783,3618,2024-09-11T03:45:11,,H2,,,,"H2","HH_outdoor_temp","HH2_outdoor",11.875
784,3623,2024-09-11T04:33:05,,H3,,,,"H3","HH_outdoor_temp","HH3_outdoor",11.1875
785,3618,2024-09-11T04:44:02,,H2,,,,"H2","HH_outdoor_temp","HH2_outdoor",11.375
786,3623,2024-09-11T05:31:59,,H3,,,,"H3","HH_outdoor_temp","HH3_outdoor",11.125
787,3618,2024-09-11T05:43:00,,H2,,,,"H2","HH_outdoor_temp","HH2_outdoor",11.0625
788,3623,2024-09-11T06:30:14,,H3,,,,"H3","HH_outdoor_temp","HH3_outdoor",10.8125
789,3618,2024-09-11T06:41:58,,H2,,,,"H2","HH_outdoor_temp","HH2_outdoor",10.5
790,3623,2024-09-11T07:29:04,,H3,,,,"H3","HH_outdoor_temp","HH3_outdoor",10.5625
791,3618,2024-09-11T07:40:56,,H2,,,,"H2","HH_outdoor_temp","HH2_outdoor",10.4375
792,3623,2024-09-11T08:27:54,,H3,,,,"H3","HH_outdoor_temp","HH3_outdoor",10.75
793,3618,2024-09-11T08:40:05,,H2,,,,"H2","HH_outdoor_temp","HH2_outdoor",11.0
794,3623,2024-09-11T09:26:30,,H3,,,,"H3","HH_outdoor_temp","HH3_outdoor",11.3125
795,3618,2024-09-11T09:39:49,,H2,,,,"H2","HH_outdoor_temp","HH2_outdoor",13.5
796,3623,2024-09-11T10:25:18,,H3,,,,"H3","HH_outdoor_temp","HH3_outdoor",12.8125
797,3618,2024-09-11T10:39:41,,H2,,,,"H2","HH_outdoor_temp","HH2_outdoor",25.625
798,3623,2024-09-11T11:24:04,,H3,,,,"H3","HH_outdoor_temp","HH3_outdoor",10.9375
799,3618,2024-09-11T11:38:16,,H2,,,,"H2","HH_outdoor_temp","HH2_outdoor",22.6875
800,3623,2024-09-11T12:22:24,,H3,,,,"H3","HH_outdoor_temp","HH3_outdoor",13.3125
801,3618,2024-09-11T12:37:35,,H2,,,,"H2","HH_outdoor_temp","HH2_outdoor",20.5625
802,3623,2024-09-11T13:20:57,,H3,,,,"H3","HH_outdoor_temp","HH3_outdoor",15.0625
803,3618,2024-09-11T13:36:29,,H2,,,,"H2","HH_outdoor_temp","HH2_outdoor",16.9375
804,-1,2024-09-11T14:19:38,,HH3_outdoor,,,,"H3","HH_outdoor_temp","HH3_outdoor",10.9375
805,3618,2024-09-11T14:35:35,,H2,,,,"H2","HH_outdoor_temp","HH2_outdoor",18.3125
806,-1,2024-09-11T15:18:05,,HH3_outdoor,,,,"H3","HH_outdoor_temp","HH3_outdoor",10.6875
807,3618,2024-09-11T15:34:19,,H2,,,,"H2","HH_outdoor_temp","HH2_outdoor",12.125
808,-1,2024-09-11T16:16:46,,HH3_outdoor,,,,"H3","HH_outdoor_temp","HH3_outdoor",10.6875
809,3618,2024-09-11T16:33:18,,H2,,,,"H2","HH_outdoor_temp","HH2_outdoor",14.75
810,-1,2024-09-11T17:15:20,,HH3_outdoor,,,,"H3","HH_outdoor_temp","HH3_outdoor",9.625
811,3618,2024-09-11T17:32:17,,H2,,,,"H2","HH_outdoor_temp","HH2_outdoor",11.4375
812,-1,2024-09-11T18:14:15,,HH3_outdoor,,,,"H3","HH_outdoor_temp","HH3_outdoor",10.5625
813,3618,2024-09-11T18:31:18,,H2,,,,"H2","HH_outdoor_temp","HH2_outdoor",11.4375
814,-1,2024-09-11T19:13:03,,HH3_outdoor,,,,"H3","HH_outdoor_temp","HH3_outdoor",10.625
815,3618,2024-09-11T19:30:20,,H2,,,,"H2","HH_outdoor_temp","HH2_outdoor",10.8125
816,-1,2024-09-11T20:11:45,,HH3_outdoor,,,,"H3","HH_outdoor_temp","HH3_outdoor",9.875
817,3618,2024-09-11T20:29:23,,H2,,,,"H2","HH_outdoor_temp","HH2_outdoor",10.5625
818,-1,2024-09-11T21:10:36,,HH3_outdoor,,,,"H3","HH_outdoor_temp","HH3_outdoor",9.8125
819,3618,2024-09-11T21:28:23,,H2,,,,"H2","HH_outdoor_temp","HH2_outdoor",10.25
820,-1,2024-09-11T22:08:45,,HH3_outdoor,,,,"H3","HH_outdoor_temp","HH3_outdoor",9.625
821,3618,2024-09-11T22:27:21,,H2,,,,"H2","HH_outdoor_temp","HH2_outdoor",9.625
822,-1,2024-09-11T23:07:34,,HH3_outdoor,,,,"H3","HH_outdoor_temp","HH3_outdoor",9.3125
823,3618,2024-09-11T23:26:22,,H2,,,,"H2","HH_outdoor_temp","HH2_outdoor",9.8125
824,-1,2024-09-12T00:06:17,,HH3_outdoor,,,,"H3","HH_outdoor_temp","HH3_outdoor",9.3125
825,3618,2024-09-12T00:25:21,,H2,,,,"H2","HH_outdoor_temp","HH2_outdoor",9.75
826,-1,2024-09-12T01:04:29,,HH3_outdoor,,,,"H3","HH_outdoor_temp","HH3_outdoor",9.25
827,3618,2024-09-12T01:24:27,,H2,,,,"H2","HH_outdoor_temp","HH2_outdoor",10.0625
828,-1,2024-09-12T02:03:15,,HH3_outdoor,,,,"H3","HH_outdoor_temp","HH3_outdoor",9.25
829,3618,2024-09-12T02:23:22,,H2,,,,"H2","HH_outdoor_temp","HH2_outdoor",9.0625
830,-1,2024-09-12T03:01:41,,HH3_outdoor,,,,"H3","HH_outdoor_temp","HH3_outdoor",8.5
831,3618,2024-09-12T03:22:15,,H2,,,,"H2","HH_outdoor_temp","HH2_outdoor",8.4375
832,-1,2024-09-12T04:00:24,,HH3_outdoor,,,,"H3","HH_outdoor_temp","HH3_outdoor",8.5625
833,3618,2024-09-12T04:21:18,,H2,,,,"H2","HH_outdoor_temp","HH2_outdoor",8.75
834,-1,2024-09-12T04:59:09,,HH3_outdoor,,,,"H3","HH_outdoor_temp","HH3_outdoor",8.5625
835,3618,2024-09-12T05:20:22,,H2,,,,"H2","HH_outdoor_temp","HH2_outdoor",9.0
836,3618,2024-09-12T06:19:24,,H2,,,,"H2","HH_outdoor_temp","HH2_outdoor",8.6875
837,-1,2024-09-12T06:56:18,,HH3_outdoor,,,,"H3","HH_outdoor_temp","HH3_outdoor",8.5
838,3618,2024-09-12T07:18:26,,H2,,,,"H2","HH_outdoor_temp","HH2_outdoor",8.25
839,-1,2024-09-12T07:54:58,,HH3_outdoor,,,,"H3","HH_outdoor_temp","HH3_outdoor",8.375
840,3618,2024-09-12T08:17:27,,H2,,,,"H2","HH_outdoor_temp","HH2_outdoor",8.75
841,-1,2024-09-12T08:53:49,,HH3_outdoor,,,,"H3","HH_outdoor_temp","HH3_outdoor",9.25
842,3618,2024-09-12T09:16:43,,H2,,,,"H2","HH_outdoor_temp","HH2_outdoor",14.625
843,-1,2024-09-12T09:52:41,,HH3_outdoor,,,,"H3","HH_outdoor_temp","HH3_outdoor",9.6875
844,3618,2024-09-12T10:15:31,,H2,,,,"H2","HH_outdoor_temp","HH2_outdoor",10.625
845,-1,2024-09-12T10:51:45,,HH3_outdoor,,,,"H3","HH_outdoor_temp","HH3_outdoor",11.5
846,3618,2024-09-12T11:15:10,,H2,,,,"H2","HH_outdoor_temp","HH2_outdoor",22.3125
847,-1,2024-09-12T11:49:56,,HH3_outdoor,,,,"H3","HH_outdoor_temp","HH3_outdoor",12.6875
848,3618,2024-09-12T12:14:29,,H2,,,,"H2","HH_outdoor_temp","HH2_outdoor",16.6875
849,-1,2024-09-12T12:48:39,,HH3_outdoor,,,,"H3","HH_outdoor_temp","HH3_outdoor",10.5625
850,3618,2024-09-12T13:13:20,,H2,,,,"H2","HH_outdoor_temp","HH2_outdoor",15.0
851,-1,2024-09-12T13:47:27,,HH3_outdoor,,,,"H3","HH_outdoor_temp","HH3_outdoor",10.875
852,3618,2024-09-12T14:12:31,,H2,,,,"H2","HH_outdoor_temp","HH2_outdoor",16.5625
853,-1,2024-09-12T14:46:14,,HH3_outdoor,,,,"H3","HH_outdoor_temp","HH3_outdoor",12.25
854,3618,2024-09-12T15:11:38,,H2,,,,"H2","HH_outdoor_temp","HH2_outdoor",16.8125
855,-1,2024-09-12T15:45:01,,HH3_outdoor,,,,"H3","HH_outdoor_temp","HH3_outdoor",12.625
856,3618,2024-09-12T16:10:35,,H2,,,,"H2","HH_outdoor_temp","HH2_outdoor",14.0625
857,-1,2024-09-12T16:43:52,,HH3_outdoor,,,,"H3","HH_outdoor_temp","HH3_outdoor",11.9375
858,3618,2024-09-12T17:09:31,,H2,,,,"H2","HH_outdoor_temp","HH2_outdoor",12.375
859,-1,2024-09-12T17:42:10,,HH3_outdoor,,,,"H3","HH_outdoor_temp","HH3_outdoor",12.625
860,3618,2024-09-12T18:08:29,,H2,,,,"H2","HH_outdoor_temp","HH2_outdoor",13.75
861,-1,2024-09-12T18:40:22,,HH3_outdoor,,,,"H3","HH_outdoor_temp","HH3_outdoor",12.9375
862,3618,2024-09-12T19:07:30,,H2,,,,"H2","HH_outdoor_temp","HH2_outdoor",13.4375
863,-1,2024-09-12T19:39:08,,HH3_outdoor,,,,"H3","HH_outdoor_temp","HH3_outdoor",11.875
864,3618,2024-09-12T20:06:32,,H2,,,,"H2","HH_outdoor_temp","HH2_outdoor",12.0
865,-1,2024-09-12T20:38:00,,HH3_outdoor,,,,"H3","HH_outdoor_temp","HH3_outdoor",10.5625
866,3618,2024-09-12T21:05:27,,H2,,,,"H2","HH_outdoor_temp","HH2_outdoor",11.0
867,-1,2024-09-12T21:36:47,,HH3_outdoor,,,,"H3","HH_outdoor_temp","HH3_outdoor",9.625
868,3618,2024-09-12T22:04:26,,H2,,,,"H2","HH_outdoor_temp","HH2_outdoor",10.0625
869,-1,2024-09-12T22:35:26,,HH3_outdoor,,,,"H3","HH_outdoor_temp","HH3_outdoor",8.6875
870,3618,2024-09-12T23:03:28,,H2,,,,"H2","HH_outdoor_temp","HH2_outdoor",9.4375
871,-1,2024-09-12T23:34:09,,HH3_outdoor,,,,"H3","HH_outdoor_temp","HH3_outdoor",8.625
872,3618,2024-09-13T00:02:30,,H2,,,,"H2","HH_outdoor_temp","HH2_outdoor",9.0
873,-1,2024-09-13T00:32:57,,HH3_outdoor,,,,"H3","HH_outdoor_temp","HH3_outdoor",8.4375
874,3618,2024-09-13T01:01:36,,H2,,,,"H2","HH_outdoor_temp","HH2_outdoor",8.25
875,-1,2024-09-13T01:32:06,,HH3_outdoor,,,,"H3","HH_outdoor_temp","HH3_outdoor",7.625
876,3618,2024-09-13T02:00:36,,H2,,,,"H2","HH_outdoor_temp","HH2_outdoor",7.625
877,-1,2024-09-13T02:30:00,,HH3_outdoor,,,,"H3","HH_outdoor_temp","HH3_outdoor",7.0625
878,3618,2024-09-13T02:59:37,,H2,,,,"H2","HH_outdoor_temp","HH2_outdoor",7.25
879,-1,2024-09-13T03:28:45,,HH3_outdoor,,,,"H3","HH_outdoor_temp","HH3_outdoor",7.0625
880,3618,2024-09-13T03:58:40,,H2,,,,"H2","HH_outdoor_temp","HH2_outdoor",6.8125
881,-1,2024-09-13T04:27:16,,HH3_outdoor,,,,"H3","HH_outdoor_temp","HH3_outdoor",6.625
882,3618,2024-09-13T04:57:39,,H2,,,,"H2","HH_outdoor_temp","HH2_outdoor",6.625
883,-1,2024-09-13T05:26:16,,HH3_outdoor,,,,"H3","HH_outdoor_temp","HH3_outdoor",6.25
884,3618,2024-09-13T05:56:41,,H2,,,,"H2","HH_outdoor_temp","HH2_outdoor",6.3125
885,-1,2024-09-13T06:24:25,,HH3_outdoor,,,,"H3","HH_outdoor_temp","HH3_outdoor",6.125
886,3618,2024-09-13T06:55:39,,H2,,,,"H2","HH_outdoor_temp","HH2_outdoor",6.0
887,-1,2024-09-13T07:23:10,,HH3_outdoor,,,,"H3","HH_outdoor_temp","HH3_outdoor",6.125
888,3618,2024-09-13T07:54:37,,H2,,,,"H2","HH_outdoor_temp","HH2_outdoor",6.75
889,-1,2024-09-13T08:22:09,,HH3_outdoor,,,,"H3","HH_outdoor_temp","HH3_outdoor",7.1875
890,3618,2024-09-13T08:53:44,,H2,,,,"H2","HH_outdoor_temp","HH2_outdoor",10.3125
891,-1,2024-09-13T09:20:23,,HH3_outdoor,,,,"H3","HH_outdoor_temp","HH3_outdoor",9.875
892,3618,2024-09-13T09:54:14,,H2,,,,"H2","HH_outdoor_temp","HH2_outdoor",22.375
893,-1,2024-09-13T10:19:00,,HH3_outdoor,,,,"H3","HH_outdoor_temp","HH3_outdoor",12.75
894,3618,2024-09-13T10:53:49,,H2,,,,"H2","HH_outdoor_temp","HH2_outdoor",28.6875
895,-1,2024-09-13T11:17:52,,HH3_outdoor,,,,"H3","HH_outdoor_temp","HH3_outdoor",14.8125
896,3618,2024-09-13T11:52:41,,H2,,,,"H2","HH_outdoor_temp","HH2_outdoor",21.125
897,-1,2024-09-13T12:16:43,,HH3_outdoor,,,,"H3","HH_outdoor_temp","HH3_outdoor",14.875
898,3618,2024-09-13T12:51:10,,H2,,,,"H2","HH_outdoor_temp","HH2_outdoor",18.8125
899,3618,2024-09-13T13:49:56,,H2,,,,"H2","HH_outdoor_temp","HH2_outdoor",14.5
900,-1,2024-09-13T14:14:11,,HH3_outdoor,,,,"H3","HH_outdoor_temp","HH3_outdoor",13.6875
901,3618,2024-09-13T14:49:02,,H2,,,,"H2","HH_outdoor_temp","HH2_outdoor",16.6875
902,-1,2024-09-13T15:13:04,,HH3_outdoor,,,,"H3","HH_outdoor_temp","HH3_outdoor",14.3125
903,3618,2024-09-13T15:48:03,,H2,,,,"H2","HH_outdoor_temp","HH2_outdoor",16.0625
904,-1,2024-09-13T16:11:57,,HH3_outdoor,,,,"H3","HH_outdoor_temp","HH3_outdoor",15.125
905,3618,2024-09-13T16:47:10,,H2,,,,"H2","HH_outdoor_temp","HH2_outdoor",17.4375
906,-1,2024-09-13T17:10:50,,HH3_outdoor,,,,"H3","HH_outdoor_temp","HH3_outdoor",16.0625
907,3618,2024-09-13T17:46:10,,H2,,,,"H2","HH_outdoor_temp","HH2_outdoor",17.25
908,-1,2024-09-13T18:09:40,,HH3_outdoor,,,,"H3","HH_outdoor_temp","HH3_outdoor",15.375
909,3618,2024-09-13T18:45:09,,H2,,,,"H2","HH_outdoor_temp","HH2_outdoor",15.8125
910,-1,2024-09-13T19:08:23,,HH3_outdoor,,,,"H3","HH_outdoor_temp","HH3_outdoor",14.625
911,3618,2024-09-13T19:44:07,,H2,,,,"H2","HH_outdoor_temp","HH2_outdoor",14.6875
912,-1,2024-09-13T20:07:06,,HH3_outdoor,,,,"H3","HH_outdoor_temp","HH3_outdoor",13.0
913,3618,2024-09-13T20:43:00,,H2,,,,"H2","HH_outdoor_temp","HH2_outdoor",12.5
914,-1,2024-09-13T21:05:40,,HH3_outdoor,,,,"H3","HH_outdoor_temp","HH3_outdoor",11.5
915,3618,2024-09-13T21:42:00,,H2,,,,"H2","HH_outdoor_temp","HH2_outdoor",11.3125
916,-1,2024-09-13T22:03:23,,HH3_outdoor,,,,"H3","HH_outdoor_temp","HH3_outdoor",10.4375
917,3618,2024-09-13T22:40:55,,H2,,,,"H2","HH_outdoor_temp","HH2_outdoor",10.375
918,-1,2024-09-13T23:01:16,,HH3_outdoor,,,,"H3","HH_outdoor_temp","HH3_outdoor",9.9375
919,3618,2024-09-13T23:39:53,,H2,,,,"H2","HH_outdoor_temp","HH2_outdoor",9.6875
920,-1,2024-09-14T00:00:01,,HH3_outdoor,,,,"H3","HH_outdoor_temp","HH3_outdoor",9.625
921,3618,2024-09-14T00:38:49,,H2,,,,"H2","HH_outdoor_temp","HH2_outdoor",9.375
922,-1,2024-09-14T00:58:45,,HH3_outdoor,,,,"H3","HH_outdoor_temp","HH3_outdoor",8.8125
923,3618,2024-09-14T01:37:46,,H2,,,,"H2","HH_outdoor_temp","HH2_outdoor",8.5
924,-1,2024-09-14T01:57:26,,HH3_outdoor,,,,"H3","HH_outdoor_temp","HH3_outdoor",8.3125
925,3618,2024-09-14T02:36:42,,H2,,,,"H2","HH_outdoor_temp","HH2_outdoor",7.75
926,-1,2024-09-14T02:56:28,,HH3_outdoor,,,,"H3","HH_outdoor_temp","HH3_outdoor",8.5625
927,3618,2024-09-14T03:35:42,,H2,,,,"H2","HH_outdoor_temp","HH2_outdoor",7.8125
928,-1,2024-09-14T03:54:42,,HH3_outdoor,,,,"H3","HH_outdoor_temp","HH3_outdoor",8.875
929,3618,2024-09-14T04:34:35,,H2,,,,"H2","HH_outdoor_temp","HH2_outdoor",8.875
930,-1,2024-09-14T04:52:36,,HH3_outdoor,,,,"H3","HH_outdoor_temp","HH3_outdoor",9.5625
931,3618,2024-09-14T05:33:38,,H2,,,,"H2","HH_outdoor_temp","HH2_outdoor",9.375
932,-1,2024-09-14T05:51:11,,HH3_outdoor,,,,"H3","HH_outdoor_temp","HH3_outdoor",9.0625
933,3618,2024-09-14T06:32:34,,H2,,,,"H2","HH_outdoor_temp","HH2_outdoor",7.8125
934,-1,2024-09-14T06:50:06,,HH3_outdoor,,,,"H3","HH_outdoor_temp","HH3_outdoor",8.375
935,3618,2024-09-14T07:31:35,,H2,,,,"H2","HH_outdoor_temp","HH2_outdoor",7.875
936,-1,2024-09-14T07:48:05,,HH3_outdoor,,,,"H3","HH_outdoor_temp","HH3_outdoor",8.0625
937,3618,2024-09-14T08:30:37,,H2,,,,"H2","HH_outdoor_temp","HH2_outdoor",9.0
938,3618,2024-09-14T09:30:11,,H2,,,,"H2","HH_outdoor_temp","HH2_outdoor",20.3125
939,-1,2024-09-14T09:45:22,,HH3_outdoor,,,,"H3","HH_outdoor_temp","HH3_outdoor",11.625
940,3618,2024-09-14T10:30:07,,H2,,,,"H2","HH_outdoor_temp","HH2_outdoor",28.125
941,-1,2024-09-14T10:43:39,,HH3_outdoor,,,,"H3","HH_outdoor_temp","HH3_outdoor",13.625
942,3618,2024-09-14T11:29:26,,H2,,,,"H2","HH_outdoor_temp","HH2_outdoor",29.125
943,-1,2024-09-14T11:42:25,,HH3_outdoor,,,,"H3","HH_outdoor_temp","HH3_outdoor",15.0625
944,3618,2024-09-14T12:28:06,,H2,,,,"H2","HH_outdoor_temp","HH2_outdoor",22.0625
945,-1,2024-09-14T12:40:50,,HH3_outdoor,,,,"H3","HH_outdoor_temp","HH3_outdoor",16.0625
946,3618,2024-09-14T13:26:56,,H2,,,,"H2","HH_outdoor_temp","HH2_outdoor",21.4375
947,-1,2024-09-14T13:39:09,,HH3_outdoor,,,,"H3","HH_outdoor_temp","HH3_outdoor",16.0
948,3618,2024-09-14T14:25:56,,H2,,,,"H2","HH_outdoor_temp","HH2_outdoor",20.5625
949,-1,2024-09-14T14:37:59,,HH3_outdoor,,,,"H3","HH_outdoor_temp","HH3_outdoor",16.1875
950,3618,2024-09-14T15:24:59,,H2,,,,"H2","HH_outdoor_temp","HH2_outdoor",20.375
951,-1,2024-09-14T15:36:38,,HH3_outdoor,,,,"H3","HH_outdoor_temp","HH3_outdoor",16.75
952,3618,2024-09-14T16:23:56,,H2,,,,"H2","HH_outdoor_temp","HH2_outdoor",19.25
953,-1,2024-09-14T16:35:38,,HH3_outdoor,,,,"H3","HH_outdoor_temp","HH3_outdoor",19.6875
954,3618,2024-09-14T17:22:56,,H2,,,,"H2","HH_outdoor_temp","HH2_outdoor",19.375
955,-1,2024-09-14T17:34:28,,HH3_outdoor,,,,"H3","HH_outdoor_temp","HH3_outdoor",17.9375
956,3618,2024-09-14T18:22:05,,H2,,,,"H2","HH_outdoor_temp","HH2_outdoor",17.4375
957,-1,2024-09-14T18:33:15,,HH3_outdoor,,,,"H3","HH_outdoor_temp","HH3_outdoor",16.5
958,3618,2024-09-14T19:21:07,,H2,,,,"H2","HH_outdoor_temp","HH2_outdoor",16.1875
959,-1,2024-09-14T19:31:49,,HH3_outdoor,,,,"H3","HH_outdoor_temp","HH3_outdoor",13.8125
960,3618,2024-09-14T20:20:05,,H2,,,,"H2","HH_outdoor_temp","HH2_outdoor",14.125
961,3618,2024-09-14T21:19:00,,H2,,,,"H2","HH_outdoor_temp","HH2_outdoor",12.875
962,3618,2024-09-14T22:18:05,,H2,,,,"H2","HH_outdoor_temp","HH2_outdoor",11.9375
963,3618,2024-09-14T23:16:59,,H2,,,,"H2","HH_outdoor_temp","HH2_outdoor",11.1875
964,3618,2024-09-15T00:15:58,,H2,,,,"H2","HH_outdoor_temp","HH2_outdoor",10.5625
965,3618,2024-09-15T01:15:00,,H2,,,,"H2","HH_outdoor_temp","HH2_outdoor",10.125
966,3618,2024-09-15T02:14:02,,H2,,,,"H2","HH_outdoor_temp","HH2_outdoor",9.375
967,3618,2024-09-15T03:13:03,,H2,,,,"H2","HH_outdoor_temp","HH2_outdoor",9.0625
968,3618,2024-09-15T04:12:03,,H2,,,,"H2","HH_outdoor_temp","HH2_outdoor",8.75
969,3618,2024-09-15T05:11:06,,H2,,,,"H2","HH_outdoor_temp","HH2_outdoor",8.4375
970,3618,2024-09-15T06:10:08,,H2,,,,"H2","HH_outdoor_temp","HH2_outdoor",8.0
971,3618,2024-09-15T07:09:07,,H2,,,,"H2","HH_outdoor_temp","HH2_outdoor",8.0625
972,3618,2024-09-15T08:08:06,,H2,,,,"H2","HH_outdoor_temp","HH2_outdoor",9.0
973,3618,2024-09-15T09:07:20,,H2,,,,"H2","HH_outdoor_temp","HH2_outdoor",13.6875
974,3618,2024-09-15T10:07:40,,H2,,,,"H2","HH_outdoor_temp","HH2_outdoor",24.25
975,3618,2024-09-15T11:07:10,,H2,,,,"H2","HH_outdoor_temp","HH2_outdoor",27.375
976,3618,2024-09-15T12:06:10,,H2,,,,"H2","HH_outdoor_temp","HH2_outdoor",25.625
977,3618,2024-09-15T13:05:01,,H2,,,,"H2","HH_outdoor_temp","HH2_outdoor",23.625
978,3618,2024-09-15T14:03:56,,H2,,,,"H2","HH_outdoor_temp","HH2_outdoor",21.625
979,-1,2024-09-15T14:41:56,,HH3_outdoor,,,,"H3","HH_outdoor_temp","HH3_outdoor",20.0
980,3618,2024-09-15T15:02:52,,H2,,,,"H2","HH_outdoor_temp","HH2_outdoor",21.5625
981,-1,2024-09-15T15:40:10,,HH3_outdoor,,,,"H3","HH_outdoor_temp","HH3_outdoor",21.0625
982,3618,2024-09-15T16:01:57,,H2,,,,"H2","HH_outdoor_temp","HH2_outdoor",21.6875
983,-1,2024-09-15T16:39:08,,HH3_outdoor,,,,"H3","HH_outdoor_temp","HH3_outdoor",21.3125
984,3618,2024-09-15T17:00:59,,H2,,,,"H2","HH_outdoor_temp","HH2_outdoor",20.625
985,-1,2024-09-15T17:37:50,,HH3_outdoor,,,,"H3","HH_outdoor_temp","HH3_outdoor",21.125
986,3618,2024-09-15T18:00:01,,H2,,,,"H2","HH_outdoor_temp","HH2_outdoor",20.25
987,-1,2024-09-15T18:36:38,,HH3_outdoor,,,,"H3","HH_outdoor_temp","HH3_outdoor",20.5
988,3618,2024-09-15T18:59:00,,H2,,,,"H2","HH_outdoor_temp","HH2_outdoor",18.8125
989,-1,2024-09-15T19:35:45,,HH3_outdoor,,,,"H3","HH_outdoor_temp","HH3_outdoor",19.0625
990,3618,2024-09-15T19:57:54,,H2,,,,"H2","HH_outdoor_temp","HH2_outdoor",16.6875
991,-1,2024-09-15T20:33:56,,HH3_outdoor,,,,"H3","HH_outdoor_temp","HH3_outdoor",17.5
992,3618,2024-09-15T20:56:52,,H2,,,,"H2","HH_outdoor_temp","HH2_outdoor",15.8125
993,-1,2024-09-15T21:32:44,,HH3_outdoor,,,,"H3","HH_outdoor_temp","HH3_outdoor",16.3125
994,3618,2024-09-15T21:55:55,,H2,,,,"H2","HH_outdoor_temp","HH2_outdoor",15.0625
995,-1,2024-09-15T22:32:00,,HH3_outdoor,,,,"H3","HH_outdoor_temp","HH3_outdoor",15.4375
996,3618,2024-09-15T22:55:01,,H2,,,,"H2","HH_outdoor_temp","HH2_outdoor",15.0
997,-1,2024-09-15T23:29:57,,HH3_outdoor,,,,"H3","HH_outdoor_temp","HH3_outdoor",14.875
998,3618,2024-09-15T23:54:03,,H2,,,,"H2","HH_outdoor_temp","HH2_outdoor",15.0
999,3618,2024-09-16T00:53:03,,H2,,,,"H2","HH_outdoor_temp","HH2_outdoor",14.375
1000,-1,2024-09-16T01:28:01,,HH3_outdoor,,,,"H3","HH_outdoor_temp","HH3_outdoor",13.8125
1001,3618,2024-09-16T01:52:08,,H2,,,,"H2","HH_outdoor_temp","HH2_outdoor",13.875
1002,-1,2024-09-16T02:25:55,,HH3_outdoor,,,,"H3","HH_outdoor_temp","HH3_outdoor",13.125
1003,3618,2024-09-16T02:51:10,,H2,,,,"H2","HH_outdoor_temp","HH2_outdoor",13.125
1004,-1,2024-09-16T03:24:50,,HH3_outdoor,,,,"H3","HH_outdoor_temp","HH3_outdoor",12.5
1005,3618,2024-09-16T03:50:09,,H2,,,,"H2","HH_outdoor_temp","HH2_outdoor",12.8125
1006,-1,2024-09-16T04:23:45,,HH3_outdoor,,,,"H3","HH_outdoor_temp","HH3_outdoor",11.875
1007,3618,2024-09-16T04:49:02,,H2,,,,"H2","HH_outdoor_temp","HH2_outdoor",12.0
1008,-1,2024-09-16T05:23:12,,HH3_outdoor,,,,"H3","HH_outdoor_temp","HH3_outdoor",11.375
1009,3618,2024-09-16T05:48:05,,H2,,,,"H2","HH_outdoor_temp","HH2_outdoor",11.8125
1010,-1,2024-09-16T06:21:17,,HH3_outdoor,,,,"H3","HH_outdoor_temp","HH3_outdoor",10.8125
1011,3618,2024-09-16T06:47:06,,H2,,,,"H2","HH_outdoor_temp","HH2_outdoor",11.5625
1012,3618,2024-09-16T07:46:04,,H2,,,,"H2","HH_outdoor_temp","HH2_outdoor",11.5
1013,3618,2024-09-16T08:45:12,,H2,,,,"H2","HH_outdoor_temp","HH2_outdoor",14.5
1014,3618,2024-09-16T09:44:19,,H2,,,,"H2","HH_outdoor_temp","HH2_outdoor",15.8125
1015,3618,2024-09-16T10:43:32,,H2,,,,"H2","HH_outdoor_temp","HH2_outdoor",16.4375
1016,3618,2024-09-16T11:42:35,,H2,,,,"H2","HH_outdoor_temp","HH2_outdoor",16.375
1017,3618,2024-09-16T12:41:48,,H2,,,,"H2","HH_outdoor_temp","HH2_outdoor",19.5625
1018,3618,2024-09-16T13:40:57,,H2,,,,"H2","HH_outdoor_temp","HH2_outdoor",21.5625
1019,3618,2024-09-16T14:39:58,,H2,,,,"H2","HH_outdoor_temp","HH2_outdoor",20.0625
1020,3618,2024-09-16T15:39:09,,H2,,,,"H2","HH_outdoor_temp","HH2_outdoor",19.875
1021,3618,2024-09-16T16:38:15,,H2,,,,"H2","HH_outdoor_temp","HH2_outdoor",19.6875
1022,3618,2024-09-16T17:37:15,,H2,,,,"H2","HH_outdoor_temp","HH2_outdoor",18.5
1023,3618,2024-09-16T18:36:15,,H2,,,,"H2","HH_outdoor_temp","HH2_outdoor",18.1875
1024,3618,2024-09-16T19:35:18,,H2,,,,"H2","HH_outdoor_temp","HH2_outdoor",17.5
1025,3618,2024-09-16T20:34:14,,H2,,,,"H2","HH_outdoor_temp","HH2_outdoor",16.5
1026,3618,2024-09-16T21:33:10,,H2,,,,"H2","HH_outdoor_temp","HH2_outdoor",15.125
1027,3618,2024-09-16T22:32:09,,H2,,,,"H2","HH_outdoor_temp","HH2_outdoor",14.375
1028,3618,2024-09-16T23:31:05,,H2,,,,"H2","HH_outdoor_temp","HH2_outdoor",14.0
1029,3618,2024-09-17T00:30:05,,H2,,,,"H2","HH_outdoor_temp","HH2_outdoor",13.5
1030,3618,2024-09-17T01:29:03,,H2,,,,"H2","HH_outdoor_temp","HH2_outdoor",12.875
1031,3618,2024-09-17T02:28:05,,H2,,,,"H2","HH_outdoor_temp","HH2_outdoor",13.4375
1032,3618,2024-09-17T03:27:06,,H2,,,,"H2","HH_outdoor_temp","HH2_outdoor",12.9375
1033,3618,2024-09-17T04:25:57,,H2,,,,"H2","HH_outdoor_temp","HH2_outdoor",12.875
1034,3618,2024-09-17T05:24:54,,H2,,,,"H2","HH_outdoor_temp","HH2_outdoor",12.9375
1035,3618,2024-09-17T06:24:01,,H2,,,,"H2","HH_outdoor_temp","HH2_outdoor",13.625
1036,3618,2024-09-17T07:23:04,,H2,,,,"H2","HH_outdoor_temp","HH2_outdoor",14.0
1037,3618,2024-09-17T08:22:07,,H2,,,,"H2","HH_outdoor_temp","HH2_outdoor",14.5625
1038,3618,2024-09-17T09:21:17,,H2,,,,"H2","HH_outdoor_temp","HH2_outdoor",19.75
1039,3618,2024-09-17T10:21:03,,H2,,,,"H2","HH_outdoor_temp","HH2_outdoor",26.375
1040,3618,2024-09-17T11:19:58,,H2,,,,"H2","HH_outdoor_temp","HH2_outdoor",28.3125
1041,3618,2024-09-17T12:18:42,,H2,,,,"H2","HH_outdoor_temp","HH2_outdoor",23.6875
1042,3618,2024-09-17T13:17:47,,H2,,,,"H2","HH_outdoor_temp","HH2_outdoor",23.375
1043,3618,2024-09-17T14:16:46,,H2,,,,"H2","HH_outdoor_temp","HH2_outdoor",22.25
1044,3618,2024-09-17T15:15:45,,H2,,,,"H2","HH_outdoor_temp","HH2_outdoor",22.0625
1045,3618,2024-09-17T16:14:44,,H2,,,,"H2","HH_outdoor_temp","HH2_outdoor",22.0625
1046,3618,2024-09-17T17:13:45,,H2,,,,"H2","HH_outdoor_temp","HH2_outdoor",21.0
1047,3618,2024-09-17T18:12:52,,H2,,,,"H2","HH_outdoor_temp","HH2_outdoor",20.6875
1048,3618,2024-09-17T19:11:55,,H2,,,,"H2","HH_outdoor_temp","HH2_outdoor",19.5
1049,3618,2024-09-17T20:10:54,,H2,,,,"H2","HH_outdoor_temp","HH2_outdoor",18.375
1050,3618,2024-09-17T21:09:51,,H2,,,,"H2","HH_outdoor_temp","HH2_outdoor",17.5
1051,3618,2024-09-17T22:08:46,,H2,,,,"H2","HH_outdoor_temp","HH2_outdoor",16.875
1052,3618,2024-09-17T23:07:49,,H2,,,,"H2","HH_outdoor_temp","HH2_outdoor",16.1875
1053,3618,2024-09-18T00:06:50,,H2,,,,"H2","HH_outdoor_temp","HH2_outdoor",15.5
1054,3618,2024-09-18T01:05:48,,H2,,,,"H2","HH_outdoor_temp","HH2_outdoor",14.8125
1055,3618,2024-09-18T02:04:49,,H2,,,,"H2","HH_outdoor_temp","HH2_outdoor",14.375
1056,3618,2024-09-18T03:03:47,,H2,,,,"H2","HH_outdoor_temp","HH2_outdoor",14.125
1057,3618,2024-09-18T04:02:48,,H2,,,,"H2","HH_outdoor_temp","HH2_outdoor",13.9375
1058,3618,2024-09-18T05:01:53,,H2,,,,"H2","HH_outdoor_temp","HH2_outdoor",13.6875
1059,3618,2024-09-18T06:01:00,,H2,,,,"H2","HH_outdoor_temp","HH2_outdoor",14.125
1060,3618,2024-09-18T07:00:06,,H2,,,,"H2","HH_outdoor_temp","HH2_outdoor",14.375
1061,3618,2024-09-18T07:59:09,,H2,,,,"H2","HH_outdoor_temp","HH2_outdoor",14.375
1062,3618,2024-09-18T08:58:20,,H2,,,,"H2","HH_outdoor_temp","HH2_outdoor",14.9375
1063,3618,2024-09-18T09:57:24,,H2,,,,"H2","HH_outdoor_temp","HH2_outdoor",15.5625
1064,3618,2024-09-18T10:56:29,,H2,,,,"H2","HH_outdoor_temp","HH2_outdoor",16.1875
1065,3618,2024-09-18T11:55:39,,H2,,,,"H2","HH_outdoor_temp","HH2_outdoor",17.4375
1066,3618,2024-09-18T12:54:59,,H2,,,,"H2","HH_outdoor_temp","HH2_outdoor",20.8125
1067,3618,2024-09-18T13:54:02,,H2,,,,"H2","HH_outdoor_temp","HH2_outdoor",21.0
1068,3618,2024-09-18T14:53:04,,H2,,,,"H2","HH_outdoor_temp","HH2_outdoor",21.125
1069,3618,2024-09-18T15:52:14,,H2,,,,"H2","HH_outdoor_temp","HH2_outdoor",22.0
1070,3618,2024-09-18T16:51:21,,H2,,,,"H2","HH_outdoor_temp","HH2_outdoor",22.375
1071,3618,2024-09-18T17:50:24,,H2,,,,"H2","HH_outdoor_temp","HH2_outdoor",21.9375
1072,3618,2024-09-18T18:49:23,,H2,,,,"H2","HH_outdoor_temp","HH2_outdoor",21.0625
1073,3618,2024-09-18T19:48:25,,H2,,,,"H2","HH_outdoor_temp","HH2_outdoor",19.5625
1074,3618,2024-09-18T20:47:25,,H2,,,,"H2","HH_outdoor_temp","HH2_outdoor",18.5625
1075,3618,2024-09-18T21:46:25,,H2,,,,"H2","HH_outdoor_temp","HH2_outdoor",17.9375
1076,3618,2024-09-18T22:45:36,,H2,,,,"H2","HH_outdoor_temp","HH2_outdoor",17.75
1077,3618,2024-09-18T23:44:31,,H2,,,,"H2","HH_outdoor_temp","HH2_outdoor",17.375
1078,3618,2024-09-19T00:43:29,,H2,,,,"H2","HH_outdoor_temp","HH2_outdoor",16.6875
1079,3618,2024-09-19T01:42:30,,H2,,,,"H2","HH_outdoor_temp","HH2_outdoor",15.9375
1080,3618,2024-09-19T02:41:31,,H2,,,,"H2","HH_outdoor_temp","HH2_outdoor",15.6875
1081,3618,2024-09-19T03:40:37,,H2,,,,"H2","HH_outdoor_temp","HH2_outdoor",15.4375
1082,3618,2024-09-19T04:39:39,,H2,,,,"H2","HH_outdoor_temp","HH2_outdoor",15.3125
1083,3618,2024-09-19T05:38:39,,H2,,,,"H2","HH_outdoor_temp","HH2_outdoor",15.1875
1084,3618,2024-09-19T06:37:43,,H2,,,,"H2","HH_outdoor_temp","HH2_outdoor",14.875
1085,3618,2024-09-19T07:36:45,,H2,,,,"H2","HH_outdoor_temp","HH2_outdoor",14.5625
1086,3618,2024-09-19T08:35:45,,H2,,,,"H2","HH_outdoor_temp","HH2_outdoor",15.5
1087,3618,2024-09-19T09:35:10,,H2,,,,"H2","HH_outdoor_temp","HH2_outdoor",22.5
1088,3618,2024-09-19T10:34:56,,H2,,,,"H2","HH_outdoor_temp","HH2_outdoor",27.75
1089,3618,2024-09-19T11:34:16,,H2,,,,"H2","HH_outdoor_temp","HH2_outdoor",28.6875
1090,3618,2024-09-19T12:32:52,,H2,,,,"H2","HH_outdoor_temp","HH2_outdoor",26.5
1091,3618,2024-09-19T13:31:46,,H2,,,,"H2","HH_outdoor_temp","HH2_outdoor",25.75
1092,3618,2024-09-19T14:30:49,,H2,,,,"H2","HH_outdoor_temp","HH2_outdoor",25.3125
1093,3618,2024-09-19T15:29:56,,H2,,,,"H2","HH_outdoor_temp","HH2_outdoor",24.9375
1094,3618,2024-09-19T16:29:04,,H2,,,,"H2","HH_outdoor_temp","HH2_outdoor",24.5625
1095,3618,2024-09-19T17:28:11,,H2,,,,"H2","HH_outdoor_temp","HH2_outdoor",24.0
1096,3618,2024-09-19T18:27:17,,H2,,,,"H2","HH_outdoor_temp","HH2_outdoor",23.0
1097,3618,2024-09-19T19:26:17,,H2,,,,"H2","HH_outdoor_temp","HH2_outdoor",21.125
1098,3618,2024-09-19T20:25:20,,H2,,,,"H2","HH_outdoor_temp","HH2_outdoor",19.6875
1099,3618,2024-09-19T21:24:23,,H2,,,,"H2","HH_outdoor_temp","HH2_outdoor",18.5625
1100,3618,2024-09-19T22:23:21,,H2,,,,"H2","HH_outdoor_temp","HH2_outdoor",17.5
1101,3618,2024-09-19T23:22:21,,H2,,,,"H2","HH_outdoor_temp","HH2_outdoor",16.875
1102,3618,2024-09-20T00:21:26,,H2,,,,"H2","HH_outdoor_temp","HH2_outdoor",16.375
1103,3618,2024-09-20T01:20:32,,H2,,,,"H2","HH_outdoor_temp","HH2_outdoor",15.9375
1104,3618,2024-09-20T02:19:30,,H2,,,,"H2","HH_outdoor_temp","HH2_outdoor",15.625
1105,3618,2024-09-20T03:18:30,,H2,,,,"H2","HH_outdoor_temp","HH2_outdoor",15.1875
1106,3618,2024-09-20T04:17:36,,H2,,,,"H2","HH_outdoor_temp","HH2_outdoor",14.875
1107,3618,2024-09-20T05:16:36,,H2,,,,"H2","HH_outdoor_temp","HH2_outdoor",14.75
1108,3618,2024-09-20T06:15:38,,H2,,,,"H2","HH_outdoor_temp","HH2_outdoor",14.375
1109,3618,2024-09-20T07:14:42,,H2,,,,"H2","HH_outdoor_temp","HH2_outdoor",14.0
1110,3618,2024-09-20T08:13:45,,H2,,,,"H2","HH_outdoor_temp","HH2_outdoor",14.375
1111,3618,2024-09-20T09:12:55,,H2,,,,"H2","HH_outdoor_temp","HH2_outdoor",18.75
1112,3618,2024-09-20T10:13:01,,H2,,,,"H2","HH_outdoor_temp","HH2_outdoor",24.9375
1113,3618,2024-09-20T11:12:29,,H2,,,,"H2","HH_outdoor_temp","HH2_outdoor",28.6875
1114,3618,2024-09-20T12:11:38,,H2,,,,"H2","HH_outdoor_temp","HH2_outdoor",25.4375
1115,3618,2024-09-20T13:10:30,,H2,,,,"H2","HH_outdoor_temp","HH2_outdoor",24.8125
1116,3618,2024-09-20T14:09:37,,H2,,,,"H2","HH_outdoor_temp","HH2_outdoor",24.625
1117,3618,2024-09-20T15:08:34,,H2,,,,"H2","HH_outdoor_temp","HH2_outdoor",24.375
1118,3618,2024-09-20T16:07:38,,H2,,,,"H2","HH_outdoor_temp","HH2_outdoor",24.25
1119,3618,2024-09-20T17:06:45,,H2,,,,"H2","HH_outdoor_temp","HH2_outdoor",24.125
1120,3618,2024-09-20T18:05:52,,H2,,,,"H2","HH_outdoor_temp","HH2_outdoor",23.375
1121,3618,2024-09-20T19:04:51,,H2,,,,"H2","HH_outdoor_temp","HH2_outdoor",22.0625
1122,3618,2024-09-20T20:03:53,,H2,,,,"H2","HH_outdoor_temp","HH2_outdoor",20.5625
1123,3618,2024-09-20T21:02:55,,H2,,,,"H2","HH_outdoor_temp","HH2_outdoor",19.5
1124,3618,2024-09-20T22:01:52,,H2,,,,"H2","HH_outdoor_temp","HH2_outdoor",18.8125
1125,3618,2024-09-20T23:00:55,,H2,,,,"H2","HH_outdoor_temp","HH2_outdoor",18.0
1126,3618,2024-09-20T23:59:41,,H2,,,,"H2","HH_outdoor_temp","HH2_outdoor",17.0625
1127,3618,2024-09-21T00:58:46,,H2,,,,"H2","HH_outdoor_temp","HH2_outdoor",16.4375
1128,3618,2024-09-21T01:57:51,,H2,,,,"H2","HH_outdoor_temp","HH2_outdoor",15.6875
1129,3618,2024-09-21T02:56:52,,H2,,,,"H2","HH_outdoor_temp","HH2_outdoor",14.9375
1130,3618,2024-09-21T03:55:56,,H2,,,,"H2","HH_outdoor_temp","HH2_outdoor",14.625
1131,3618,2024-09-21T04:55:04,,H2,,,,"H2","HH_outdoor_temp","HH2_outdoor",14.375
1132,3618,2024-09-21T05:54:07,,H2,,,,"H2","HH_outdoor_temp","HH2_outdoor",14.0
1133,3618,2024-09-21T06:53:06,,H2,,,,"H2","HH_outdoor_temp","HH2_outdoor",13.3125
1134,3618,2024-09-21T07:52:08,,H2,,,,"H2","HH_outdoor_temp","HH2_outdoor",13.5
1135,3618,2024-09-21T08:51:17,,H2,,,,"H2","HH_outdoor_temp","HH2_outdoor",15.625
1136,3618,2024-09-21T09:51:21,,H2,,,,"H2","HH_outdoor_temp","HH2_outdoor",26.1875
1137,3618,2024-09-21T10:51:02,,H2,,,,"H2","HH_outdoor_temp","HH2_outdoor",32.0
1138,3618,2024-09-21T11:50:31,,H2,,,,"H2","HH_outdoor_temp","HH2_outdoor",31.375
1139,3618,2024-09-21T12:49:00,,H2,,,,"H2","HH_outdoor_temp","HH2_outdoor",29.375
1140,3618,2024-09-21T13:47:49,,H2,,,,"H2","HH_outdoor_temp","HH2_outdoor",27.9375
1141,3618,2024-09-21T14:46:48,,H2,,,,"H2","HH_outdoor_temp","HH2_outdoor",26.5625
1142,3618,2024-09-21T15:45:50,,H2,,,,"H2","HH_outdoor_temp","HH2_outdoor",26.625
1143,3618,2024-09-21T16:44:48,,H2,,,,"H2","HH_outdoor_temp","HH2_outdoor",26.0625
1144,3618,2024-09-21T17:43:53,,H2,,,,"H2","HH_outdoor_temp","HH2_outdoor",25.5625
1145,3618,2024-09-21T18:42:51,,H2,,,,"H2","HH_outdoor_temp","HH2_outdoor",24.375
1146,3618,2024-09-21T19:41:50,,H2,,,,"H2","HH_outdoor_temp","HH2_outdoor",22.0
1147,3618,2024-09-21T20:40:50,,H2,,,,"H2","HH_outdoor_temp","HH2_outdoor",20.1875
1148,3618,2024-09-21T21:39:49,,H2,,,,"H2","HH_outdoor_temp","HH2_outdoor",19.25
1149,3618,2024-09-21T22:38:51,,H2,,,,"H2","HH_outdoor_temp","HH2_outdoor",18.6875
1150,3618,2024-09-21T23:37:52,,H2,,,,"H2","HH_outdoor_temp","HH2_outdoor",18.8125
1151,3618,2024-09-22T00:36:49,,H2,,,,"H2","HH_outdoor_temp","HH2_outdoor",18.375
1152,3618,2024-09-22T01:35:53,,H2,,,,"H2","HH_outdoor_temp","HH2_outdoor",17.3125
1153,3618,2024-09-22T02:34:53,,H2,,,,"H2","HH_outdoor_temp","HH2_outdoor",16.1875
1154,3618,2024-09-22T03:33:55,,H2,,,,"H2","HH_outdoor_temp","HH2_outdoor",15.75
1155,3618,2024-09-22T04:32:57,,H2,,,,"H2","HH_outdoor_temp","HH2_outdoor",15.3125
1156,3618,2024-09-22T05:31:56,,H2,,,,"H2","HH_outdoor_temp","HH2_outdoor",15.125
1157,3618,2024-09-22T06:31:04,,H2,,,,"H2","HH_outdoor_temp","HH2_outdoor",15.375
1158,3618,2024-09-22T07:30:10,,H2,,,,"H2","HH_outdoor_temp","HH2_outdoor",15.6875
1159,3618,2024-09-22T08:29:18,,H2,,,,"H2","HH_outdoor_temp","HH2_outdoor",16.1875
1160,3618,2024-09-22T09:28:27,,H2,,,,"H2","HH_outdoor_temp","HH2_outdoor",20.4375
1161,3618,2024-09-22T10:28:05,,H2,,,,"H2","HH_outdoor_temp","HH2_outdoor",21.625
1162,3618,2024-09-22T11:28:07,,H2,,,,"H2","HH_outdoor_temp","HH2_outdoor",27.25
1163,3618,2024-09-22T12:26:24,,H2,,,,"H2","HH_outdoor_temp","HH2_outdoor",23.0
1164,3618,2024-09-22T13:25:31,,H2,,,,"H2","HH_outdoor_temp","HH2_outdoor",23.4375
1165,3618,2024-09-22T14:24:37,,H2,,,,"H2","HH_outdoor_temp","HH2_outdoor",23.5
1166,3618,2024-09-22T15:23:44,,H2,,,,"H2","HH_outdoor_temp","HH2_outdoor",23.5625
1167,3618,2024-09-22T16:22:40,,H2,,,,"H2","HH_outdoor_temp","HH2_outdoor",23.375
1168,3618,2024-09-22T17:21:51,,H2,,,,"H2","HH_outdoor_temp","HH2_outdoor",23.5625
1169,3618,2024-09-22T18:20:58,,H2,,,,"H2","HH_outdoor_temp","HH2_outdoor",22.6875
1170,3618,2024-09-22T19:19:53,,H2,,,,"H2","HH_outdoor_temp","HH2_outdoor",21.375
1171,3618,2024-09-22T20:18:55,,H2,,,,"H2","HH_outdoor_temp","HH2_outdoor",19.3125
1172,3618,2024-09-22T21:17:56,,H2,,,,"H2","HH_outdoor_temp","HH2_outdoor",19.375
1173,3618,2024-09-22T22:16:55,,H2,,,,"H2","HH_outdoor_temp","HH2_outdoor",18.75
1174,3618,2024-09-22T23:16:02,,H2,,,,"H2","HH_outdoor_temp","HH2_outdoor",19.3125
1175,3618,2024-09-23T00:15:03,,H2,,,,"H2","HH_outdoor_temp","HH2_outdoor",18.4375
1176,3618,2024-09-23T01:14:02,,H2,,,,"H2","HH_outdoor_temp","HH2_outdoor",18.0
1177,3618,2024-09-23T02:13:07,,H2,,,,"H2","HH_outdoor_temp","HH2_outdoor",18.25
1178,3618,2024-09-23T03:12:14,,H2,,,,"H2","HH_outdoor_temp","HH2_outdoor",18.1875
1179,3618,2024-09-23T04:11:15,,H2,,,,"H2","HH_outdoor_temp","HH2_outdoor",17.8125
1180,3618,2024-09-23T05:10:20,,H2,,,,"H2","HH_outdoor_temp","HH2_outdoor",17.3125
1181,3618,2024-09-23T06:09:23,,H2,,,,"H2","HH_outdoor_temp","HH2_outdoor",17.0625
1182,3618,2024-09-23T07:08:30,,H2,,,,"H2","HH_outdoor_temp","HH2_outdoor",17.375
1183,3618,2024-09-23T08:07:30,,H2,,,,"H2","HH_outdoor_temp","HH2_outdoor",17.3125
1184,3618,2024-09-23T09:06:33,,H2,,,,"H2","HH_outdoor_temp","HH2_outdoor",20.0625
1185,3618,2024-09-23T10:06:38,,H2,,,,"H2","HH_outdoor_temp","HH2_outdoor",24.75
1186,3618,2024-09-23T11:05:52,,H2,,,,"H2","HH_outdoor_temp","HH2_outdoor",21.0625
1187,3618,2024-09-23T12:04:49,,H2,,,,"H2","HH_outdoor_temp","HH2_outdoor",22.3125
1188,3618,2024-09-23T13:03:56,,H2,,,,"H2","HH_outdoor_temp","HH2_outdoor",18.4375
1189,3618,2024-09-23T14:03:01,,H2,,,,"H2","HH_outdoor_temp","HH2_outdoor",21.875
1190,3618,2024-09-23T15:02:14,,H2,,,,"H2","HH_outdoor_temp","HH2_outdoor",22.5625
1191,3618,2024-09-23T16:01:21,,H2,,,,"H2","HH_outdoor_temp","HH2_outdoor",22.75
1192,3618,2024-09-23T17:00:27,,H2,,,,"H2","HH_outdoor_temp","HH2_outdoor",21.8125
1193,3618,2024-09-23T17:59:28,,H2,,,,"H2","HH_outdoor_temp","HH2_outdoor",21.375
1194,3618,2024-09-23T18:58:28,,H2,,,,"H2","HH_outdoor_temp","HH2_outdoor",19.625
1195,3618,2024-09-23T19:57:32,,H2,,,,"H2","HH_outdoor_temp","HH2_outdoor",18.4375
1196,3618,2024-09-23T20:56:35,,H2,,,,"H2","HH_outdoor_temp","HH2_outdoor",17.8125
1197,3618,2024-09-23T21:55:31,,H2,,,,"H2","HH_outdoor_temp","HH2_outdoor",17.125
1198,3618,2024-09-23T22:54:31,,H2,,,,"H2","HH_outdoor_temp","HH2_outdoor",15.9375
1199,3618,2024-09-23T23:53:31,,H2,,,,"H2","HH_outdoor_temp","HH2_outdoor",15.625
1200,3618,2024-09-24T00:52:36,,H2,,,,"H2","HH_outdoor_temp","HH2_outdoor",15.25
1201,3618,2024-09-24T01:51:41,,H2,,,,"H2","HH_outdoor_temp","HH2_outdoor",14.25
1202,3618,2024-09-24T02:50:42,,H2,,,,"H2","HH_outdoor_temp","HH2_outdoor",13.75
1203,3618,2024-09-24T03:49:40,,H2,,,,"H2","HH_outdoor_temp","HH2_outdoor",13.4375
1204,3618,2024-09-24T04:48:50,,H2,,,,"H2","HH_outdoor_temp","HH2_outdoor",13.8125
1205,3618,2024-09-24T05:47:46,,H2,,,,"H2","HH_outdoor_temp","HH2_outdoor",13.4375
1206,3618,2024-09-24T06:46:51,,H2,,,,"H2","HH_outdoor_temp","HH2_outdoor",13.625
1207,3618,2024-09-24T07:45:53,,H2,,,,"H2","HH_outdoor_temp","HH2_outdoor",13.625
1208,3618,2024-09-24T08:45:01,,H2,,,,"H2","HH_outdoor_temp","HH2_outdoor",14.6875
1209,3618,2024-09-24T09:44:09,,H2,,,,"H2","HH_outdoor_temp","HH2_outdoor",16.5625
1210,3618,2024-09-24T10:43:28,,H2,,,,"H2","HH_outdoor_temp","HH2_outdoor",18.6875
1211,3618,2024-09-24T11:42:41,,H2,,,,"H2","HH_outdoor_temp","HH2_outdoor",19.25
1212,3618,2024-09-24T12:41:50,,H2,,,,"H2","HH_outdoor_temp","HH2_outdoor",20.1875
1213,3618,2024-09-24T13:40:54,,H2,,,,"H2","HH_outdoor_temp","HH2_outdoor",20.875
1214,3618,2024-09-24T14:40:00,,H2,,,,"H2","HH_outdoor_temp","HH2_outdoor",20.0625
1215,3618,2024-09-24T15:39:09,,H2,,,,"H2","HH_outdoor_temp","HH2_outdoor",21.125
1216,3618,2024-09-24T16:38:09,,H2,,,,"H2","HH_outdoor_temp","HH2_outdoor",19.9375
1217,3618,2024-09-24T17:37:09,,H2,,,,"H2","HH_outdoor_temp","HH2_outdoor",17.25
1218,3618,2024-09-24T18:36:10,,H2,,,,"H2","HH_outdoor_temp","HH2_outdoor",17.4375
1219,3618,2024-09-24T19:35:12,,H2,,,,"H2","HH_outdoor_temp","HH2_outdoor",17.125
1220,3618,2024-09-24T20:34:16,,H2,,,,"H2","HH_outdoor_temp","HH2_outdoor",16.5625
1221,3618,2024-09-24T21:33:24,,H2,,,,"H2","HH_outdoor_temp","HH2_outdoor",16.3125
1222,3618,2024-09-24T22:32:25,,H2,,,,"H2","HH_outdoor_temp","HH2_outdoor",15.9375
1223,3618,2024-09-24T23:31:30,,H2,,,,"H2","HH_outdoor_temp","HH2_outdoor",15.375
1224,3618,2024-09-25T00:30:32,,H2,,,,"H2","HH_outdoor_temp","HH2_outdoor",15.4375
1225,3618,2024-09-25T01:29:38,,H2,,,,"H2","HH_outdoor_temp","HH2_outdoor",15.1875
1226,3618,2024-09-25T02:28:43,,H2,,,,"H2","HH_outdoor_temp","HH2_outdoor",14.8125
1227,3618,2024-09-25T03:27:52,,H2,,,,"H2","HH_outdoor_temp","HH2_outdoor",15.0
1228,3618,2024-09-25T04:26:55,,H2,,,,"H2","HH_outdoor_temp","HH2_outdoor",14.8125
1229,3618,2024-09-25T05:25:55,,H2,,,,"H2","HH_outdoor_temp","HH2_outdoor",14.75
1230,3618,2024-09-25T06:24:58,,H2,,,,"H2","HH_outdoor_temp","HH2_outdoor",14.5625
1231,3618,2024-09-25T07:23:54,,H2,,,,"H2","HH_outdoor_temp","HH2_outdoor",13.5
1232,3618,2024-09-25T08:23:00,,H2,,,,"H2","HH_outdoor_temp","HH2_outdoor",13.75
1233,3618,2024-09-25T09:21:59,,H2,,,,"H2","HH_outdoor_temp","HH2_outdoor",14.125
1234,3618,2024-09-25T10:21:04,,H2,,,,"H2","HH_outdoor_temp","HH2_outdoor",14.5625
1235,3618,2024-09-25T11:20:09,,H2,,,,"H2","HH_outdoor_temp","HH2_outdoor",15.0625
1236,3618,2024-09-25T12:19:23,,H2,,,,"H2","HH_outdoor_temp","HH2_outdoor",17.3125
1237,3618,2024-09-25T13:18:26,,H2,,,,"H2","HH_outdoor_temp","HH2_outdoor",15.6875
1238,3618,2024-09-25T14:17:29,,H2,,,,"H2","HH_outdoor_temp","HH2_outdoor",17.25
1239,3618,2024-09-25T15:16:36,,H2,,,,"H2","HH_outdoor_temp","HH2_outdoor",19.25
1240,3618,2024-09-25T16:15:38,,H2,,,,"H2","HH_outdoor_temp","HH2_outdoor",18.9375
1241,3618,2024-09-25T17:14:40,,H2,,,,"H2","HH_outdoor_temp","HH2_outdoor",18.4375
1242,3618,2024-09-25T18:13:45,,H2,,,,"H2","HH_outdoor_temp","HH2_outdoor",17.75
1243,3618,2024-09-25T19:12:45,,H2,,,,"H2","HH_outdoor_temp","HH2_outdoor",16.875
1244,3618,2024-09-25T20:11:47,,H2,,,,"H2","HH_outdoor_temp","HH2_outdoor",16.25
1245,3618,2024-09-25T21:10:50,,H2,,,,"H2","HH_outdoor_temp","HH2_outdoor",15.6875
1246,3618,2024-09-25T22:09:55,,H2,,,,"H2","HH_outdoor_temp","HH2_outdoor",15.625
1247,3618,2024-09-25T23:08:49,,H2,,,,"H2","HH_outdoor_temp","HH2_outdoor",14.0
1248,3618,2024-09-26T00:07:48,,H2,,,,"H2","HH_outdoor_temp","HH2_outdoor",14.0
1249,3618,2024-09-26T01:06:49,,H2,,,,"H2","HH_outdoor_temp","HH2_outdoor",13.9375
1250,3618,2024-09-26T02:05:52,,H2,,,,"H2","HH_outdoor_temp","HH2_outdoor",14.0625
1251,3618,2024-09-26T03:04:53,,H2,,,,"H2","HH_outdoor_temp","HH2_outdoor",14.3125
1252,3618,2024-09-26T04:03:53,,H2,,,,"H2","HH_outdoor_temp","HH2_outdoor",14.625
1253,3618,2024-09-26T05:02:58,,H2,,,,"H2","HH_outdoor_temp","HH2_outdoor",14.8125
1254,3618,2024-09-26T06:02:00,,H2,,,,"H2","HH_outdoor_temp","HH2_outdoor",14.9375
1255,3618,2024-09-26T07:01:05,,H2,,,,"H2","HH_outdoor_temp","HH2_outdoor",14.8125
1256,3618,2024-09-26T08:00:07,,H2,,,,"H2","HH_outdoor_temp","HH2_outdoor",14.75
1257,3618,2024-09-26T08:59:08,,H2,,,,"H2","HH_outdoor_temp","HH2_outdoor",15.0
1258,3618,2024-09-26T09:58:14,,H2,,,,"H2","HH_outdoor_temp","HH2_outdoor",15.625
1259,3618,2024-09-26T10:57:20,,H2,,,,"H2","HH_outdoor_temp","HH2_outdoor",15.875
1260,3618,2024-09-26T11:56:27,,H2,,,,"H2","HH_outdoor_temp","HH2_outdoor",17.5625
1261,3618,2024-09-26T12:55:29,,H2,,,,"H2","HH_outdoor_temp","HH2_outdoor",18.25
1262,3618,2024-09-26T13:54:39,,H2,,,,"H2","HH_outdoor_temp","HH2_outdoor",20.0
1263,3618,2024-09-26T14:53:41,,H2,,,,"H2","HH_outdoor_temp","HH2_outdoor",20.5
1264,3618,2024-09-26T15:52:45,,H2,,,,"H2","HH_outdoor_temp","HH2_outdoor",20.125
1265,3618,2024-09-26T16:51:47,,H2,,,,"H2","HH_outdoor_temp","HH2_outdoor",19.125
1266,3618,2024-09-26T17:50:48,,H2,,,,"H2","HH_outdoor_temp","HH2_outdoor",16.5
1267,3618,2024-09-26T18:49:49,,H2,,,,"H2","HH_outdoor_temp","HH2_outdoor",16.375
1268,3618,2024-09-26T19:48:49,,H2,,,,"H2","HH_outdoor_temp","HH2_outdoor",13.625
1269,3618,2024-09-26T20:47:49,,H2,,,,"H2","HH_outdoor_temp","HH2_outdoor",14.0625
1270,3618,2024-09-26T21:46:49,,H2,,,,"H2","HH_outdoor_temp","HH2_outdoor",14.1875
1271,3618,2024-09-26T22:45:48,,H2,,,,"H2","HH_outdoor_temp","HH2_outdoor",13.875
1272,3618,2024-09-26T23:44:55,,H2,,,,"H2","HH_outdoor_temp","HH2_outdoor",14.0625
1273,3618,2024-09-27T00:43:54,,H2,,,,"H2","HH_outdoor_temp","HH2_outdoor",14.0625
1274,3618,2024-09-27T01:42:55,,H2,,,,"H2","HH_outdoor_temp","HH2_outdoor",13.8125
1275,3618,2024-09-27T02:41:58,,H2,,,,"H2","HH_outdoor_temp","HH2_outdoor",13.9375
1276,3618,2024-09-27T03:41:03,,H2,,,,"H2","HH_outdoor_temp","HH2_outdoor",13.3125
1277,3618,2024-09-27T04:40:05,,H2,,,,"H2","HH_outdoor_temp","HH2_outdoor",12.875
1278,3618,2024-09-27T05:39:05,,H2,,,,"H2","HH_outdoor_temp","HH2_outdoor",12.9375
1279,3618,2024-09-27T06:38:07,,H2,,,,"H2","HH_outdoor_temp","HH2_outdoor",12.625
1280,3618,2024-09-27T07:37:10,,H2,,,,"H2","HH_outdoor_temp","HH2_outdoor",12.5
1281,3618,2024-09-27T08:36:16,,H2,,,,"H2","HH_outdoor_temp","HH2_outdoor",12.8125
1282,3618,2024-09-27T09:35:36,,H2,,,,"H2","HH_outdoor_temp","HH2_outdoor",14.8125
1283,3618,2024-09-27T10:34:38,,H2,,,,"H2","HH_outdoor_temp","HH2_outdoor",14.3125
1284,3618,2024-09-27T11:34:13,,H2,,,,"H2","HH_outdoor_temp","HH2_outdoor",16.125
1285,3618,2024-09-27T12:33:14,,H2,,,,"H2","HH_outdoor_temp","HH2_outdoor",15.875
1286,3618,2024-09-27T13:32:09,,H2,,,,"H2","HH_outdoor_temp","HH2_outdoor",16.0625
1287,3618,2024-09-27T14:31:09,,H2,,,,"H2","HH_outdoor_temp","HH2_outdoor",16.5
1288,3618,2024-09-27T15:30:14,,H2,,,,"H2","HH_outdoor_temp","HH2_outdoor",13.8125
1289,3618,2024-09-27T16:29:07,,H2,,,,"H2","HH_outdoor_temp","HH2_outdoor",12.6875
1290,3618,2024-09-27T17:28:01,,H2,,,,"H2","HH_outdoor_temp","HH2_outdoor",12.625
1291,3618,2024-09-27T18:27:05,,H2,,,,"H2","HH_outdoor_temp","HH2_outdoor",12.75
1292,3618,2024-09-27T19:26:13,,H2,,,,"H2","HH_outdoor_temp","HH2_outdoor",12.8125
1293,3618,2024-09-27T20:25:11,,H2,,,,"H2","HH_outdoor_temp","HH2_outdoor",11.875
1294,3618,2024-09-27T21:24:09,,H2,,,,"H2","HH_outdoor_temp","HH2_outdoor",12.0625
1295,3618,2024-09-27T22:23:11,,H2,,,,"H2","HH_outdoor_temp","HH2_outdoor",11.6875
1296,3618,2024-09-27T23:22:16,,H2,,,,"H2","HH_outdoor_temp","HH2_outdoor",11.375
1297,3618,2024-09-28T00:21:14,,H2,,,,"H2","HH_outdoor_temp","HH2_outdoor",10.5
1298,3618,2024-09-28T01:20:15,,H2,,,,"H2","HH_outdoor_temp","HH2_outdoor",10.6875
1299,3618,2024-09-28T02:19:18,,H2,,,,"H2","HH_outdoor_temp","HH2_outdoor",10.0625
1300,3618,2024-09-28T03:18:11,,H2,,,,"H2","HH_outdoor_temp","HH2_outdoor",9.375
1301,3618,2024-09-28T04:17:13,,H2,,,,"H2","HH_outdoor_temp","HH2_outdoor",8.875
1302,3618,2024-09-28T05:16:19,,H2,,,,"H2","HH_outdoor_temp","HH2_outdoor",8.8125
1303,3618,2024-09-28T06:15:17,,H2,,,,"H2","HH_outdoor_temp","HH2_outdoor",8.125
1304,3618,2024-09-28T07:14:22,,H2,,,,"H2","HH_outdoor_temp","HH2_outdoor",8.875
1305,3618,2024-09-28T08:13:19,,H2,,,,"H2","HH_outdoor_temp","HH2_outdoor",9.1875
1306,3618,2024-09-28T09:12:26,,H2,,,,"H2","HH_outdoor_temp","HH2_outdoor",11.1875
1307,3618,2024-09-28T10:11:17,,H2,,,,"H2","HH_outdoor_temp","HH2_outdoor",10.5
1308,3618,2024-09-28T11:11:08,,H2,,,,"H2","HH_outdoor_temp","HH2_outdoor",17.75
1309,3618,2024-09-28T12:10:28,,H2,,,,"H2","HH_outdoor_temp","HH2_outdoor",17.9375
1310,3618,2024-09-28T13:09:14,,H2,,,,"H2","HH_outdoor_temp","HH2_outdoor",18.4375
1311,3618,2024-09-28T14:07:57,,H2,,,,"H2","HH_outdoor_temp","HH2_outdoor",14.375
1312,3618,2024-09-28T15:06:53,,H2,,,,"H2","HH_outdoor_temp","HH2_outdoor",14.125
1313,3618,2024-09-28T16:05:58,,H2,,,,"H2","HH_outdoor_temp","HH2_outdoor",14.8125
1314,3618,2024-09-28T17:05:06,,H2,,,,"H2","HH_outdoor_temp","HH2_outdoor",16.3125
1315,3618,2024-09-28T18:03:58,,H2,,,,"H2","HH_outdoor_temp","HH2_outdoor",14.3125
1316,3618,2024-09-28T19:02:54,,H2,,,,"H2","HH_outdoor_temp","HH2_outdoor",12.0
1317,3618,2024-09-28T20:01:50,,H2,,,,"H2","HH_outdoor_temp","HH2_outdoor",12.1875
1318,3618,2024-09-28T21:00:50,,H2,,,,"H2","HH_outdoor_temp","HH2_outdoor",12.0625
1319,3618,2024-09-28T21:59:53,,H2,,,,"H2","HH_outdoor_temp","HH2_outdoor",11.25
1320,3618,2024-09-28T22:58:47,,H2,,,,"H2","HH_outdoor_temp","HH2_outdoor",9.9375
1321,3618,2024-09-28T23:57:41,,H2,,,,"H2","HH_outdoor_temp","HH2_outdoor",9.125
1322,3618,2024-09-29T00:56:32,,H2,,,,"H2","HH_outdoor_temp","HH2_outdoor",8.1875
1323,3618,2024-09-29T01:55:34,,H2,,,,"H2","HH_outdoor_temp","HH2_outdoor",7.8125
1324,3618,2024-09-29T02:54:35,,H2,,,,"H2","HH_outdoor_temp","HH2_outdoor",7.1875
1325,3618,2024-09-29T03:53:35,,H2,,,,"H2","HH_outdoor_temp","HH2_outdoor",6.4375
1326,3618,2024-09-29T04:52:30,,H2,,,,"H2","HH_outdoor_temp","HH2_outdoor",6.3125
1327,3618,2024-09-29T05:51:24,,H2,,,,"H2","HH_outdoor_temp","HH2_outdoor",5.75
1328,3618,2024-09-29T06:50:25,,H2,,,,"H2","HH_outdoor_temp","HH2_outdoor",5.5625
1329,3618,2024-09-29T07:49:13,,H2,,,,"H2","HH_outdoor_temp","HH2_outdoor",5.5
1330,3618,2024-09-29T08:48:09,,H2,,,,"H2","HH_outdoor_temp","HH2_outdoor",6.6875
1331,3618,2024-09-29T09:48:21,,H2,,,,"H2","HH_outdoor_temp","HH2_outdoor",18.9375
1332,3618,2024-09-29T10:47:46,,H2,,,,"H2","HH_outdoor_temp","HH2_outdoor",24.8125
1333,3618,2024-09-29T11:46:58,,H2,,,,"H2","HH_outdoor_temp","HH2_outdoor",22.0
1334,3618,2024-09-29T12:45:34,,H2,,,,"H2","HH_outdoor_temp","HH2_outdoor",17.5
1335,3618,2024-09-29T13:44:25,,H2,,,,"H2","HH_outdoor_temp","HH2_outdoor",16.375
1336,3618,2024-09-29T14:43:24,,H2,,,,"H2","HH_outdoor_temp","HH2_outdoor",15.875
1337,3618,2024-09-29T15:42:29,,H2,,,,"H2","HH_outdoor_temp","HH2_outdoor",16.1875
1338,3618,2024-09-29T16:41:34,,H2,,,,"H2","HH_outdoor_temp","HH2_outdoor",16.0
1339,3618,2024-09-29T17:40:35,,H2,,,,"H2","HH_outdoor_temp","HH2_outdoor",15.1875
1340,3618,2024-09-29T18:39:31,,H2,,,,"H2","HH_outdoor_temp","HH2_outdoor",14.0
1341,3618,2024-09-29T19:38:34,,H2,,,,"H2","HH_outdoor_temp","HH2_outdoor",12.5625
1342,3618,2024-09-29T20:37:35,,H2,,,,"H2","HH_outdoor_temp","HH2_outdoor",11.5
1343,3618,2024-09-29T21:36:31,,H2,,,,"H2","HH_outdoor_temp","HH2_outdoor",11.0
1344,3618,2024-09-29T22:35:34,,H2,,,,"H2","HH_outdoor_temp","HH2_outdoor",10.375
1345,3618,2024-09-29T23:34:35,,H2,,,,"H2","HH_outdoor_temp","HH2_outdoor",10.375
1346,3618,2024-09-30T00:33:37,,H2,,,,"H2","HH_outdoor_temp","HH2_outdoor",10.4375
1347,3618,2024-09-30T01:32:37,,H2,,,,"H2","HH_outdoor_temp","HH2_outdoor",10.0
1348,3618,2024-09-30T02:31:36,,H2,,,,"H2","HH_outdoor_temp","HH2_outdoor",9.75
1349,3618,2024-09-30T03:30:33,,H2,,,,"H2","HH_outdoor_temp","HH2_outdoor",10.0
1350,3618,2024-09-30T04:29:33,,H2,,,,"H2","HH_outdoor_temp","HH2_outdoor",10.1875
1351,3618,2024-09-30T05:28:37,,H2,,,,"H2","HH_outdoor_temp","HH2_outdoor",10.5
1352,3618,2024-09-30T06:27:33,,H2,,,,"H2","HH_outdoor_temp","HH2_outdoor",9.25
1353,3618,2024-09-30T07:26:34,,H2,,,,"H2","HH_outdoor_temp","HH2_outdoor",9.9375
1354,3618,2024-09-30T08:25:40,,H2,,,,"H2","HH_outdoor_temp","HH2_outdoor",10.5
1355,3618,2024-09-30T09:24:45,,H2,,,,"H2","HH_outdoor_temp","HH2_outdoor",11.4375
1356,3618,2024-09-30T10:23:50,,H2,,,,"H2","HH_outdoor_temp","HH2_outdoor",10.9375
1357,3618,2024-09-30T11:22:54,,H2,,,,"H2","HH_outdoor_temp","HH2_outdoor",12.25
1358,3618,2024-09-30T12:21:55,,H2,,,,"H2","HH_outdoor_temp","HH2_outdoor",12.125
1359,3618,2024-09-30T13:21:00,,H2,,,,"H2","HH_outdoor_temp","HH2_outdoor",12.75
1360,3618,2024-09-30T14:20:04,,H2,,,,"H2","HH_outdoor_temp","HH2_outdoor",13.3125
1361,3618,2024-09-30T15:19:09,,H2,,,,"H2","HH_outdoor_temp","HH2_outdoor",14.5
1362,3618,2024-09-30T16:18:15,,H2,,,,"H2","HH_outdoor_temp","HH2_outdoor",15.0625
1363,3618,2024-09-30T17:17:22,,H2,,,,"H2","HH_outdoor_temp","HH2_outdoor",15.125
1364,3618,2024-09-30T18:16:21,,H2,,,,"H2","HH_outdoor_temp","HH2_outdoor",15.0
1365,3618,2024-09-30T19:15:23,,H2,,,,"H2","HH_outdoor_temp","HH2_outdoor",14.5
1366,3618,2024-09-30T20:14:27,,H2,,,,"H2","HH_outdoor_temp","HH2_outdoor",14.25
1367,3618,2024-09-30T21:13:31,,H2,,,,"H2","HH_outdoor_temp","HH2_outdoor",13.875
1368,3618,2024-09-30T22:12:34,,H2,,,,"H2","HH_outdoor_temp","HH2_outdoor",14.0
1369,3618,2024-09-30T23:11:34,,H2,,,,"H2","HH_outdoor_temp","HH2_outdoor",13.4375
1370,3618,2024-10-01T00:10:37,,H2,,,,"H2","HH_outdoor_temp","HH2_outdoor",13.375
1371,3618,2024-10-01T01:09:40,,H2,,,,"H2","HH_outdoor_temp","HH2_outdoor",13.1875
1372,3618,2024-10-01T02:08:40,,H2,,,,"H2","HH_outdoor_temp","HH2_outdoor",13.4375
1373,3618,2024-10-01T03:07:45,,H2,,,,"H2","HH_outdoor_temp","HH2_outdoor",13.375
1374,3618,2024-10-01T04:06:46,,H2,,,,"H2","HH_outdoor_temp","HH2_outdoor",13.1875
1375,3618,2024-10-01T05:05:48,,H2,,,,"H2","HH_outdoor_temp","HH2_outdoor",13.0625
1376,3618,2024-10-01T06:04:52,,H2,,,,"H2","HH_outdoor_temp","HH2_outdoor",11.9375
1377,3618,2024-10-01T07:03:58,,H2,,,,"H2","HH_outdoor_temp","HH2_outdoor",11.8125
1378,3618,2024-10-01T08:02:59,,H2,,,,"H2","HH_outdoor_temp","HH2_outdoor",11.8125
1379,3618,2024-10-01T09:02:04,,H2,,,,"H2","HH_outdoor_temp","HH2_outdoor",12.0
1380,3618,2024-10-01T10:01:04,,H2,,,,"H2","HH_outdoor_temp","HH2_outdoor",12.5
1381,3618,2024-10-01T11:00:09,,H2,,,,"H2","HH_outdoor_temp","HH2_outdoor",12.6875
1382,3618,2024-10-01T11:59:17,,H2,,,,"H2","HH_outdoor_temp","HH2_outdoor",13.5625
1383,3618,2024-10-01T12:58:28,,H2,,,,"H2","HH_outdoor_temp","HH2_outdoor",15.1875
1384,3618,2024-10-01T13:57:27,,H2,,,,"H2","HH_outdoor_temp","HH2_outdoor",14.8125
1385,3618,2024-10-01T14:56:24,,H2,,,,"H2","HH_outdoor_temp","HH2_outdoor",14.5625
1386,3618,2024-10-01T15:55:28,,H2,,,,"H2","HH_outdoor_temp","HH2_outdoor",15.625
1387,3618,2024-10-01T16:54:30,,H2,,,,"H2","HH_outdoor_temp","HH2_outdoor",15.5625
1388,3618,2024-10-01T17:53:33,,H2,,,,"H2","HH_outdoor_temp","HH2_outdoor",15.25
1389,3618,2024-10-01T18:52:41,,H2,,,,"H2","HH_outdoor_temp","HH2_outdoor",14.8125
1390,3618,2024-10-01T19:51:41,,H2,,,,"H2","HH_outdoor_temp","HH2_outdoor",13.625
1391,3618,2024-10-01T20:50:36,,H2,,,,"H2","HH_outdoor_temp","HH2_outdoor",12.4375
1392,3618,2024-10-01T21:49:37,,H2,,,,"H2","HH_outdoor_temp","HH2_outdoor",11.75
1393,3618,2024-10-01T22:48:33,,H2,,,,"H2","HH_outdoor_temp","HH2_outdoor",10.875
1394,3618,2024-10-01T23:47:34,,H2,,,,"H2","HH_outdoor_temp","HH2_outdoor",10.1875
1395,3618,2024-10-02T00:46:30,,H2,,,,"H2","HH_outdoor_temp","HH2_outdoor",9.6875
1396,3618,2024-10-02T01:45:30,,H2,,,,"H2","HH_outdoor_temp","HH2_outdoor",9.3125
1397,3618,2024-10-02T02:44:32,,H2,,,,"H2","HH_outdoor_temp","HH2_outdoor",8.8125
1398,3618,2024-10-02T03:43:33,,H2,,,,"H2","HH_outdoor_temp","HH2_outdoor",8.125
1399,3618,2024-10-02T04:42:32,,H2,,,,"H2","HH_outdoor_temp","HH2_outdoor",7.8125
1400,3618,2024-10-02T05:41:37,,H2,,,,"H2","HH_outdoor_temp","HH2_outdoor",7.5625
1401,3618,2024-10-02T06:40:37,,H2,,,,"H2","HH_outdoor_temp","HH2_outdoor",7.0
1402,3618,2024-10-02T07:39:39,,H2,,,,"H2","HH_outdoor_temp","HH2_outdoor",6.625
1403,3618,2024-10-02T08:38:40,,H2,,,,"H2","HH_outdoor_temp","HH2_outdoor",8.0
1404,3618,2024-10-02T09:38:07,,H2,,,,"H2","HH_outdoor_temp","HH2_outdoor",10.875
1405,3618,2024-10-02T10:37:06,,H2,,,,"H2","HH_outdoor_temp","HH2_outdoor",12.25
1406,3618,2024-10-02T11:36:11,,H2,,,,"H2","HH_outdoor_temp","HH2_outdoor",11.75
1407,3618,2024-10-02T12:35:15,,H2,,,,"H2","HH_outdoor_temp","HH2_outdoor",11.875
1408,3618,2024-10-02T13:34:17,,H2,,,,"H2","HH_outdoor_temp","HH2_outdoor",11.6875
1409,3618,2024-10-02T14:33:14,,H2,,,,"H2","HH_outdoor_temp","HH2_outdoor",11.875
1410,3618,2024-10-02T15:32:13,,H2,,,,"H2","HH_outdoor_temp","HH2_outdoor",12.0
1411,3618,2024-10-02T16:31:12,,H2,,,,"H2","HH_outdoor_temp","HH2_outdoor",12.125
1412,3618,2024-10-02T17:30:12,,H2,,,,"H2","HH_outdoor_temp","HH2_outdoor",11.6875
1413,3618,2024-10-02T18:29:15,,H2,,,,"H2","HH_outdoor_temp","HH2_outdoor",11.6875
1414,3618,2024-10-02T19:28:12,,H2,,,,"H2","HH_outdoor_temp","HH2_outdoor",11.1875
1415,3618,2024-10-02T20:27:09,,H2,,,,"H2","HH_outdoor_temp","HH2_outdoor",11.125
1416,3618,2024-10-02T21:26:10,,H2,,,,"H2","HH_outdoor_temp","HH2_outdoor",11.1875
1417,3618,2024-10-02T22:25:12,,H2,,,,"H2","HH_outdoor_temp","HH2_outdoor",11.1875
1418,3618,2024-10-02T23:24:13,,H2,,,,"H2","HH_outdoor_temp","HH2_outdoor",10.875
1419,3618,2024-10-03T00:23:09,,H2,,,,"H2","HH_outdoor_temp","HH2_outdoor",10.6875
1420,3618,2024-10-03T01:22:05,,H2,,,,"H2","HH_outdoor_temp","HH2_outdoor",9.6875
1421,3618,2024-10-03T02:21:06,,H2,,,,"H2","HH_outdoor_temp","HH2_outdoor",8.8125
1422,3618,2024-10-03T03:20:05,,H2,,,,"H2","HH_outdoor_temp","HH2_outdoor",8.375
1423,3618,2024-10-03T04:19:04,,H2,,,,"H2","HH_outdoor_temp","HH2_outdoor",8.0
1424,3618,2024-10-03T05:18:04,,H2,,,,"H2","HH_outdoor_temp","HH2_outdoor",7.4375
1425,3618,2024-10-03T06:16:59,,H2,,,,"H2","HH_outdoor_temp","HH2_outdoor",7.0
1426,3618,2024-10-03T07:15:55,,H2,,,,"H2","HH_outdoor_temp","HH2_outdoor",6.6875
1427,3618,2024-10-03T08:14:55,,H2,,,,"H2","HH_outdoor_temp","HH2_outdoor",6.8125
1428,3618,2024-10-03T09:14:05,,H2,,,,"H2","HH_outdoor_temp","HH2_outdoor",13.4375
1429,3618,2024-10-03T10:13:58,,H2,,,,"H2","HH_outdoor_temp","HH2_outdoor",22.5625
1430,3618,2024-10-03T11:13:18,,H2,,,,"H2","HH_outdoor_temp","HH2_outdoor",24.0625
1431,3618,2024-10-03T12:12:42,,H2,,,,"H2","HH_outdoor_temp","HH2_outdoor",19.875
1432,3618,2024-10-03T13:11:22,,H2,,,,"H2","HH_outdoor_temp","HH2_outdoor",18.375
1433,3618,2024-10-03T14:10:12,,H2,,,,"H2","HH_outdoor_temp","HH2_outdoor",16.125
1434,3618,2024-10-03T15:09:11,,H2,,,,"H2","HH_outdoor_temp","HH2_outdoor",16.125
1435,3618,2024-10-03T16:08:16,,H2,,,,"H2","HH_outdoor_temp","HH2_outdoor",16.1875
1436,3618,2024-10-03T17:07:17,,H2,,,,"H2","HH_outdoor_temp","HH2_outdoor",15.375
1437,3618,2024-10-03T18:06:15,,H2,,,,"H2","HH_outdoor_temp","HH2_outdoor",15.0
1438,3618,2024-10-03T19:05:17,,H2,,,,"H2","HH_outdoor_temp","HH2_outdoor",13.1875
1439,3618,2024-10-03T20:04:16,,H2,,,,"H2","HH_outdoor_temp","HH2_outdoor",11.0625
1440,3618,2024-10-03T21:03:12,,H2,,,,"H2","HH_outdoor_temp","HH2_outdoor",10.0
1441,3618,2024-10-03T22:02:10,,H2,,,,"H2","HH_outdoor_temp","HH2_outdoor",9.4375
1442,3618,2024-10-03T23:01:14,,H2,,,,"H2","HH_outdoor_temp","HH2_outdoor",9.875
1443,3618,2024-10-04T00:00:15,,H2,,,,"H2","HH_outdoor_temp","HH2_outdoor",9.1875
1444,3618,2024-10-04T00:59:10,,H2,,,,"H2","HH_outdoor_temp","HH2_outdoor",8.5625
1445,3618,2024-10-04T01:58:12,,H2,,,,"H2","HH_outdoor_temp","HH2_outdoor",8.375
1446,3618,2024-10-04T02:57:07,,H2,,,,"H2","HH_outdoor_temp","HH2_outdoor",7.4375
1447,3618,2024-10-04T03:56:03,,H2,,,,"H2","HH_outdoor_temp","HH2_outdoor",6.9375
1448,3618,2024-10-04T04:55:00,,H2,,,,"H2","HH_outdoor_temp","HH2_outdoor",6.5
1449,3618,2024-10-04T05:54:00,,H2,,,,"H2","HH_outdoor_temp","HH2_outdoor",5.9375
1450,3618,2024-10-04T06:52:59,,H2,,,,"H2","HH_outdoor_temp","HH2_outdoor",5.5
1451,3618,2024-10-04T07:51:56,,H2,,,,"H2","HH_outdoor_temp","HH2_outdoor",5.4375
1452,3618,2024-10-04T08:50:51,,H2,,,,"H2","HH_outdoor_temp","HH2_outdoor",6.6875
1453,3618,2024-10-04T09:51:14,,H2,,,,"H2","HH_outdoor_temp","HH2_outdoor",18.5625
1454,3618,2024-10-04T10:50:59,,H2,,,,"H2","HH_outdoor_temp","HH2_outdoor",23.875
1455,3618,2024-10-04T11:50:33,,H2,,,,"H2","HH_outdoor_temp","HH2_outdoor",26.5
1456,3618,2024-10-04T12:49:11,,H2,,,,"H2","HH_outdoor_temp","HH2_outdoor",18.375
1457,3618,2024-10-04T13:47:48,,H2,,,,"H2","HH_outdoor_temp","HH2_outdoor",18.5625
1458,3618,2024-10-04T14:46:44,,H2,,,,"H2","HH_outdoor_temp","HH2_outdoor",17.375
1459,3618,2024-10-04T15:45:48,,H2,,,,"H2","HH_outdoor_temp","HH2_outdoor",16.6875
1460,3618,2024-10-04T16:44:52,,H2,,,,"H2","HH_outdoor_temp","HH2_outdoor",16.5
1461,3618,2024-10-04T17:43:57,,H2,,,,"H2","HH_outdoor_temp","HH2_outdoor",15.5625
1462,3618,2024-10-04T18:42:54,,H2,,,,"H2","HH_outdoor_temp","HH2_outdoor",14.8125
1463,3618,2024-10-04T19:41:46,,H2,,,,"H2","HH_outdoor_temp","HH2_outdoor",12.125
1464,3618,2024-10-04T20:40:41,,H2,,,,"H2","HH_outdoor_temp","HH2_outdoor",10.6875
