ISO-10303-21;
HEADER;
FILE_DESCRIPTION (( 'STEP AP214' ),
    '1' );
FILE_NAME ('Indoor_box.STEP',
    '2024-08-24T11:27:20',
    ( '' ),
    ( '' ),
    'SwSTEP 2.0',
    'SolidWorks 2024',
    '' );
FILE_SCHEMA (( 'AUTOMOTIVE_DESIGN' ));
ENDSEC;

DATA;
#1 = CARTESIAN_POINT ( 'NONE',  ( -8.587879467014941426, 0.000000000000000000, 39.38081116844904983 ) ) ;
#2 = DIRECTION ( 'NONE',  ( 1.000000000000000000, 0.000000000000000000, -0.000000000000000000 ) ) ;
#3 = DIRECTION ( 'NONE',  ( 0.000000000000000000, 0.000000000000000000, -1.000000000000000000 ) ) ;
#4 = VERTEX_POINT ( 'NONE', #5180 ) ;
#5 = CARTESIAN_POINT ( 'NONE',  ( -8.983999305057773554, 1.000000000000000000, 41.71094548779758071 ) ) ;
#6 = CARTESIAN_POINT ( 'NONE',  ( -3.212710256357517391, 0.000000000000000000, 39.09080860388372258 ) ) ;
#7 = CARTESIAN_POINT ( 'NONE',  ( -19.90041507641943141, 24.00000000000000000, -81.85104867949057450 ) ) ;
#8 = DIRECTION ( 'NONE',  ( 8.651987411355645508E-17, -0.000000000000000000, -1.000000000000000000 ) ) ;
#9 = ORIENTED_EDGE ( 'NONE', *, *, #186, .F. ) ;
#10 = CARTESIAN_POINT ( 'NONE',  ( -8.820831392957019901, 1.000000000000000000, 39.34834681919642208 ) ) ;
#11 = EDGE_LOOP ( 'NONE', ( #3881, #720, #4149, #4588, #1097 ) ) ;
#12 = CARTESIAN_POINT ( 'NONE',  ( -12.04109315252923551, 1.000000000000000000, 40.86058714234982858 ) ) ;
#13 = CARTESIAN_POINT ( 'NONE',  ( -9.252967633269921777, 0.000000000000000000, 41.58568926665002863 ) ) ;
#14 = CARTESIAN_POINT ( 'NONE',  ( 18.32936710573393313, 24.26250250639703765, 43.88563610791426584 ) ) ;
#15 = FACE_OUTER_BOUND ( 'NONE', #4988, .T. ) ;
#16 = VECTOR ( 'NONE', #6063, 1000.000000000000000 ) ;
#17 = CARTESIAN_POINT ( 'NONE',  ( -7.015594507192638218, 1.000000000000000000, 40.23813822362329518 ) ) ;
#18 = EDGE_CURVE ( 'NONE', #4636, #6369, #2179, .T. ) ;
#19 = DIRECTION ( 'NONE',  ( -0.000000000000000000, -1.000000000000000000, -0.000000000000000000 ) ) ;
#20 = DIRECTION ( 'NONE',  ( 0.000000000000000000, 0.000000000000000000, -1.000000000000000000 ) ) ;
#21 = EDGE_CURVE ( 'NONE', #2939, #6503, #5305, .T. ) ;
#22 = VERTEX_POINT ( 'NONE', #7213 ) ;
#23 = CARTESIAN_POINT ( 'NONE',  ( 10.75000000000000533, 19.25000000000000000, 41.99999999999999289 ) ) ;
#24 = ORIENTED_EDGE ( 'NONE', *, *, #7415, .T. ) ;
#25 = CARTESIAN_POINT ( 'NONE',  ( -5.927108922447454908, 0.000000000000000000, 39.40880381279465183 ) ) ;
#26 = CARTESIAN_POINT ( 'NONE',  ( -12.40051162680342323, 1.000000000000000000, 40.22635658692237826 ) ) ;
#27 = CARTESIAN_POINT ( 'NONE',  ( 11.65000000000000036, 5.000000000000000000, -39.05000000000001847 ) ) ;
#28 = CARTESIAN_POINT ( 'NONE',  ( -11.65000000000000036, 2.000000000000000000, -39.05000000000001847 ) ) ;
#29 = EDGE_CURVE ( 'NONE', #3104, #4391, #5877, .T. ) ;
#30 = EDGE_CURVE ( 'NONE', #6399, #2422, #2158, .T. ) ;
#31 = CARTESIAN_POINT ( 'NONE',  ( 8.250000000000001776, 19.24999999999999645, 43.00000000000000000 ) ) ;
#32 = CARTESIAN_POINT ( 'NONE',  ( 3.345277028269577180, 1.000000000000000000, 42.19999999999999574 ) ) ;
#33 = EDGE_CURVE ( 'NONE', #4165, #5609, #973, .T. ) ;
#34 = VECTOR ( 'NONE', #6775, 1000.000000000000000 ) ;
#35 = ORIENTED_EDGE ( 'NONE', *, *, #1220, .T. ) ;
#36 = CARTESIAN_POINT ( 'NONE',  ( -5.202170331775579193, 0.000000000000000000, 41.58568747885375672 ) ) ;
#37 = ORIENTED_EDGE ( 'NONE', *, *, #8048, .F. ) ;
#38 = CARTESIAN_POINT ( 'NONE',  ( 6.000000000000003553, 14.50000000000000000, 39.99999999999999289 ) ) ;
#39 = ORIENTED_EDGE ( 'NONE', *, *, #7415, .F. ) ;
#40 = DIRECTION ( 'NONE',  ( 0.000000000000000000, 0.000000000000000000, -1.000000000000000000 ) ) ;
#41 = AXIS2_PLACEMENT_3D ( 'NONE', #6697, #5510, #7345 ) ;
#42 = CARTESIAN_POINT ( 'NONE',  ( -8.211958864812951120, 0.000000000000000000, 39.72779942703726164 ) ) ;
#43 = DIRECTION ( 'NONE',  ( 0.000000000000000000, -0.000000000000000000, 1.000000000000000000 ) ) ;
#44 = CARTESIAN_POINT ( 'NONE',  ( 7.525000000000002132, 2.000000000000000000, 4.724999999999996980 ) ) ;
#45 = ORIENTED_EDGE ( 'NONE', *, *, #4351, .T. ) ;
#46 = LINE ( 'NONE', #3017, #5673 ) ;
#47 = CARTESIAN_POINT ( 'NONE',  ( -2.845194598856444657, 0.000000000000000000, 38.92537552526993494 ) ) ;
#48 = VERTEX_POINT ( 'NONE', #4641 ) ;
#49 = FACE_OUTER_BOUND ( 'NONE', #3743, .T. ) ;
#50 = EDGE_LOOP ( 'NONE', ( #7145, #255, #1558, #5191 ) ) ;
#51 = CARTESIAN_POINT ( 'NONE',  ( -8.793330778103314316, 1.000000000000000000, 39.34912196363719517 ) ) ;
#52 = ORIENTED_EDGE ( 'NONE', *, *, #933, .T. ) ;
#53 = ORIENTED_EDGE ( 'NONE', *, *, #7611, .T. ) ;
#54 = CARTESIAN_POINT ( 'NONE',  ( 4.119968255444916849E-15, 19.25000000000000355, -44.00099999999999767 ) ) ;
#55 = DIRECTION ( 'NONE',  ( -0.1483404529302818631, 0.000000000000000000, 0.9889363528682919569 ) ) ;
#56 = CARTESIAN_POINT ( 'NONE',  ( -3.148579966557493393, 1.000000000000000000, 40.25771633494984059 ) ) ;
#57 = CARTESIAN_POINT ( 'NONE',  ( -0.001229793994459750517, 0.000000000000000000, 41.14750773937670658 ) ) ;
#58 = CARTESIAN_POINT ( 'NONE',  ( -5.673771256569889232, 0.000000000000000000, 38.83091906519467784 ) ) ;
#59 = VECTOR ( 'NONE', #874, 1000.000000000000000 ) ;
#60 = CARTESIAN_POINT ( 'NONE',  ( -11.40784251720874387, 0.000000000000000000, 42.19999999999999574 ) ) ;
#61 = DIRECTION ( 'NONE',  ( 0.000000000000000000, 1.000000000000000000, 0.000000000000000000 ) ) ;
#62 = ORIENTED_EDGE ( 'NONE', *, *, #6322, .F. ) ;
#63 = CARTESIAN_POINT ( 'NONE',  ( -7.465946415003858583, 1.000000000000000000, 41.12598433912934581 ) ) ;
#64 = ORIENTED_EDGE ( 'NONE', *, *, #7762, .T. ) ;
#65 = CARTESIAN_POINT ( 'NONE',  ( -5.623523281146955988, 1.000000000000000000, 39.34834681919642208 ) ) ;
#66 = CARTESIAN_POINT ( 'NONE',  ( -9.547557465903290463, 1.000000000000000000, 40.20052702401105194 ) ) ;
#67 = CARTESIAN_POINT ( 'NONE',  ( -5.707587244282433581, 1.000000000000000000, 41.72230437016766302 ) ) ;
#68 = EDGE_CURVE ( 'NONE', #3090, #4438, #1263, .T. ) ;
#69 = AXIS2_PLACEMENT_3D ( 'NONE', #3094, #1224, #5629 ) ;
#70 = VECTOR ( 'NONE', #7512, 1000.000000000000000 ) ;
#71 = DIRECTION ( 'NONE',  ( 1.000000000000000000, 0.000000000000000000, 0.000000000000000000 ) ) ;
#72 = CARTESIAN_POINT ( 'NONE',  ( 0.000000000000000000, 0.000000000000000000, 0.000000000000000000 ) ) ;
#73 = FACE_OUTER_BOUND ( 'NONE', #4137, .T. ) ;
#74 = AXIS2_PLACEMENT_3D ( 'NONE', #4386, #6889, #3780 ) ;
#75 = AXIS2_PLACEMENT_3D ( 'NONE', #7691, #2057, #6396 ) ;
#76 = VERTEX_POINT ( 'NONE', #5838 ) ;
#77 = CARTESIAN_POINT ( 'NONE',  ( -3.762519982319842526, 1.000000000000000000, 41.24041774624000567 ) ) ;
#78 = ORIENTED_EDGE ( 'NONE', *, *, #580, .F. ) ;
#79 = DIRECTION ( 'NONE',  ( 0.000000000000000000, 1.000000000000000000, 0.000000000000000000 ) ) ;
#80 = EDGE_CURVE ( 'NONE', #7957, #178, #4858, .T. ) ;
#81 = CIRCLE ( 'NONE', #6728, 3.000000000000002665 ) ;
#82 = ORIENTED_EDGE ( 'NONE', *, *, #6383, .T. ) ;
#83 = CARTESIAN_POINT ( 'NONE',  ( -3.719396478671860962, 1.000000000000000000, 39.70722293578302242 ) ) ;
#84 = EDGE_CURVE ( 'NONE', #4037, #4119, #561, .T. ) ;
#85 = CARTESIAN_POINT ( 'NONE',  ( -8.293551037676106574, 0.000000000000000000, 39.59505128259326767 ) ) ;
#86 = LINE ( 'NONE', #7594, #4956 ) ;
#87 = AXIS2_PLACEMENT_3D ( 'NONE', #7346, #1153, #2753 ) ;
#88 = PLANE ( 'NONE',  #6985 ) ;
#89 = EDGE_CURVE ( 'NONE', #8037, #7196, #1661, .T. ) ;
#90 = EDGE_CURVE ( 'NONE', #346, #4389, #3038, .T. ) ;
#91 = ORIENTED_EDGE ( 'NONE', *, *, #377, .T. ) ;
#92 = CARTESIAN_POINT ( 'NONE',  ( -9.058205309460076293, 1.000000000000000000, 41.69116160432314899 ) ) ;
#93 = CARTESIAN_POINT ( 'NONE',  ( -5.052651142675540719, 0.000000000000000000, 39.65901123847051934 ) ) ;
#94 = ORIENTED_EDGE ( 'NONE', *, *, #2316, .F. ) ;
#95 = ORIENTED_EDGE ( 'NONE', *, *, #4804, .F. ) ;
#96 = AXIS2_PLACEMENT_3D ( 'NONE', #117, #3778, #6280 ) ;
#97 = CARTESIAN_POINT ( 'NONE',  ( 0.000000000000000000, 2.200000000000000178, 26.52499999999999858 ) ) ;
#98 = ORIENTED_EDGE ( 'NONE', *, *, #1379, .T. ) ;
#99 = CARTESIAN_POINT ( 'NONE',  ( -12.34785294336308148, 1.000000000000000000, 40.93813698826512137 ) ) ;
#100 = ORIENTED_EDGE ( 'NONE', *, *, #5915, .T. ) ;
#101 = VERTEX_POINT ( 'NONE', #4917 ) ;
#102 = CARTESIAN_POINT ( 'NONE',  ( 11.65000000000000036, 2.000000000000000000, -14.60000000000001918 ) ) ;
#103 = CARTESIAN_POINT ( 'NONE',  ( -6.867448959171622569, 0.000000000000000000, 41.51656985354617291 ) ) ;
#104 = CARTESIAN_POINT ( 'NONE',  ( -3.147922526808703214, 1.000000000000000000, 40.22640960053409032 ) ) ;
#105 = DIRECTION ( 'NONE',  ( 8.896017825522088106E-17, -0.000000000000000000, -1.000000000000000000 ) ) ;
#106 = CARTESIAN_POINT ( 'NONE',  ( -5.916540725781524124, 1.000000000000000000, 38.85255935333744048 ) ) ;
#107 = CARTESIAN_POINT ( 'NONE',  ( 11.65000000000000036, 5.000000000000000000, -15.45000000000001883 ) ) ;
#108 = CIRCLE ( 'NONE', #7395, 3.000000000000002665 ) ;
#109 = CARTESIAN_POINT ( 'NONE',  ( 17.49999999999999645, 2.000000000000000000, 40.99999999999999289 ) ) ;
#110 = ORIENTED_EDGE ( 'NONE', *, *, #3323, .T. ) ;
#111 = DIRECTION ( 'NONE',  ( 0.000000000000000000, 1.000000000000000000, 0.000000000000000000 ) ) ;
#112 = ORIENTED_EDGE ( 'NONE', *, *, #5964, .T. ) ;
#113 = DIRECTION ( 'NONE',  ( 1.000000000000000000, 0.000000000000000000, -0.000000000000000000 ) ) ;
#114 = CARTESIAN_POINT ( 'NONE',  ( -12.53767207382356830, 0.000000000000000000, 39.89880890832505145 ) ) ;
#115 = CARTESIAN_POINT ( 'NONE',  ( -6.350613829377412145, 0.000000000000000000, 40.83358285086494988 ) ) ;
#116 = VECTOR ( 'NONE', #3247, 1000.000000000000000 ) ;
#117 = CARTESIAN_POINT ( 'NONE',  ( 2.958039891549773870, 2.200000000000000178, 26.52499999999999858 ) ) ;
#118 = DIRECTION ( 'NONE',  ( -0.5117350094200470156, 0.000000000000000000, -0.8591433408540536387 ) ) ;
#119 = LINE ( 'NONE', #4997, #4492 ) ;
#120 = ORIENTED_EDGE ( 'NONE', *, *, #4161, .F. ) ;
#121 = CARTESIAN_POINT ( 'NONE',  ( -5.625548603008321713, 1.000000000000000000, 41.72472446986606798 ) ) ;
#122 = ORIENTED_EDGE ( 'NONE', *, *, #2515, .F. ) ;
#123 = CARTESIAN_POINT ( 'NONE',  ( -5.335218292760532499, 0.000000000000000000, 42.22051789684429224 ) ) ;
#124 = CARTESIAN_POINT ( 'NONE',  ( 6.000000000000005329, 22.00000000000000000, 39.99999999999999289 ) ) ;
#125 = ORIENTED_EDGE ( 'NONE', *, *, #5014, .F. ) ;
#126 = DIRECTION ( 'NONE',  ( 1.000000000000000000, 0.000000000000000000, 0.000000000000000000 ) ) ;
#127 = EDGE_CURVE ( 'NONE', #4722, #3392, #6153, .T. ) ;
#128 = CARTESIAN_POINT ( 'NONE',  ( -12.80814740002413821, 0.000000000000000000, 40.63673712748850875 ) ) ;
#129 = DIRECTION ( 'NONE',  ( 1.000000000000000000, 0.000000000000000000, 0.000000000000000000 ) ) ;
#130 = CARTESIAN_POINT ( 'NONE',  ( -2.749999999999997335, 19.25000000000000355, 39.99999999999999289 ) ) ;
#131 = ORIENTED_EDGE ( 'NONE', *, *, #7717, .F. ) ;
#132 = ADVANCED_FACE ( 'NONE', ( #522 ), #4141, .F. ) ;
#133 = CARTESIAN_POINT ( 'NONE',  ( -5.322340952355658850, -2.168404344971008868E-16, 39.40921460729319392 ) ) ;
#134 = CARTESIAN_POINT ( 'NONE',  ( -7.448490465710707831, 1.000000000000000000, 40.09117111749755935 ) ) ;
#135 = ORIENTED_EDGE ( 'NONE', *, *, #7999, .F. ) ;
#136 = B_SPLINE_SURFACE_WITH_KNOTS ( 'NONE', 3, 1, ( 
 ( #226, #2178 ),
 ( #4657, #7156 ),
 ( #4150, #3536 ),
 ( #2054, #1061 ),
 ( #6039, #449 ),
 ( #5113, #2008 ),
 ( #2351, #1747 ),
 ( #4836, #7337 ),
 ( #7951, #4188 ),
 ( #5544, #1183 ),
 ( #1144, #7297 ),
 ( #4228, #7987 ),
 ( #1789, #3660 ),
 ( #6690, #1867 ),
 ( #2925, #5425 ),
 ( #2971, #2391 ),
 ( #4310, #6736 ),
 ( #4925, #6164 ),
 ( #4882, #6854 ) ),
 .UNSPECIFIED., .F., .F., .F.,
 ( 4, 1, 1, 1, 1, 1, 1, 1, 1, 1, 1, 1, 1, 1, 1, 1, 4 ),
 ( 2, 2 ),
 ( 0.000000000000000000, 0.06579783688550046306, 0.1280235417969586842, 0.1886888656408765574, 0.2467057464450110316, 0.3037432482044406523, 0.3594303855343031207, 0.4157704389918597254, 0.4726227911395777803, 0.5302064488511945006, 0.5894206072400510754, 0.6493207522301672752, 0.7120316962960571150, 0.7783879971017142463, 0.8478019893456194556, 0.9220327674879322810, 1.000000000000000000 ),
 ( 0.000000000000000000, 1.000000000000000000 ),
 .UNSPECIFIED. ) ;
#137 = VECTOR ( 'NONE', #3539, 1000.000000000000000 ) ;
#138 = EDGE_CURVE ( 'NONE', #3104, #7333, #7329, .T. ) ;
#139 = DIRECTION ( 'NONE',  ( 0.000000000000000000, -1.000000000000000000, 0.000000000000000000 ) ) ;
#140 = EDGE_CURVE ( 'NONE', #3186, #4647, #7289, .T. ) ;
#141 = CARTESIAN_POINT ( 'NONE',  ( 3.706649960732684935E-15, 16.50000000000000000, 43.50000000000000000 ) ) ;
#142 = ORIENTED_EDGE ( 'NONE', *, *, #3795, .T. ) ;
#143 = CARTESIAN_POINT ( 'NONE',  ( -8.211958864812951120, 0.000000000000000000, 39.72779942703726164 ) ) ;
#144 = ORIENTED_EDGE ( 'NONE', *, *, #4143, .T. ) ;
#145 = CARTESIAN_POINT ( 'NONE',  ( -18.49999999999999289, 26.00000000000000355, 43.82842712474619873 ) ) ;
#146 = CARTESIAN_POINT ( 'NONE',  ( -6.423830186181517909, 0.000000000000000000, 42.02095732157948760 ) ) ;
#147 = DIRECTION ( 'NONE',  ( -0.5735764363510501562, 0.8191520442889889120, 0.000000000000000000 ) ) ;
#148 = CARTESIAN_POINT ( 'NONE',  ( -6.530479707489701191, 0.000000000000000000, 39.13452977689640733 ) ) ;
#149 = DIRECTION ( 'NONE',  ( 0.000000000000000000, -0.000000000000000000, -1.000000000000000000 ) ) ;
#150 = CARTESIAN_POINT ( 'NONE',  ( 0.000000000000000000, 24.00000000000000000, 42.85000000000000142 ) ) ;
#151 = ORIENTED_EDGE ( 'NONE', *, *, #7203, .T. ) ;
#152 = CARTESIAN_POINT ( 'NONE',  ( 20.49999999999999645, 1.000000000000000000, -14.50000000000004086 ) ) ;
#153 = EDGE_LOOP ( 'NONE', ( #98, #1299, #1141, #448 ) ) ;
#154 = COLOUR_RGB ( '',0.7921568627450980005, 0.8196078431372548767, 0.9333333333333333481 ) ;
#155 = FACE_OUTER_BOUND ( 'NONE', #7803, .T. ) ;
#156 = DIRECTION ( 'NONE',  ( -1.000000000000000000, -0.000000000000000000, -0.000000000000000000 ) ) ;
#157 = CARTESIAN_POINT ( 'NONE',  ( -6.304025162388811943, 0.000000000000000000, 41.19105569659328836 ) ) ;
#158 = CARTESIAN_POINT ( 'NONE',  ( -0.5000000000000004441, -0.2360679774997919977, 29.48303989154980798 ) ) ;
#159 = CARTESIAN_POINT ( 'NONE',  ( -12.52546318663356750, 1.000000000000000000, 41.16705463990547287 ) ) ;
#160 = DIRECTION ( 'NONE',  ( -3.016910393003142859E-16, -1.000000000000000000, 0.000000000000000000 ) ) ;
#161 = EDGE_LOOP ( 'NONE', ( #2120, #5242, #3097, #679 ) ) ;
#162 = PLANE ( 'NONE',  #6586 ) ;
#163 = EDGE_LOOP ( 'NONE', ( #2328, #5200, #5753, #4706, #1309, #5458 ) ) ;
#164 = CARTESIAN_POINT ( 'NONE',  ( -5.783534581603631430, 1.000000000000000000, 39.36219628023814465 ) ) ;
#165 = CARTESIAN_POINT ( 'NONE',  ( -9.547921941187476946, 1.000000000000000000, 40.23206225803919978 ) ) ;
#166 = VERTEX_POINT ( 'NONE', #4751 ) ;
#167 = DIRECTION ( 'NONE',  ( 0.000000000000000000, 0.000000000000000000, 1.000000000000000000 ) ) ;
#168 = AXIS2_PLACEMENT_3D ( 'NONE', #7728, #4614, #5815 ) ;
#169 = CARTESIAN_POINT ( 'NONE',  ( -6.349543230571986996, 1.000000000000000000, 40.92878304598652761 ) ) ;
#170 = CARTESIAN_POINT ( 'NONE',  ( -8.396405928901764071, 0.000000000000000000, 39.48636578538302899 ) ) ;
#171 = LINE ( 'NONE', #4436, #674 ) ;
#172 = CYLINDRICAL_SURFACE ( 'NONE', #7627, 0.5000000000000004441 ) ;
#173 = VERTEX_POINT ( 'NONE', #2266 ) ;
#174 = EDGE_CURVE ( 'NONE', #3181, #2800, #5549, .T. ) ;
#175 = ORIENTED_EDGE ( 'NONE', *, *, #1112, .F. ) ;
#176 = VECTOR ( 'NONE', #3779, 1000.000000000000000 ) ;
#177 = DIRECTION ( 'NONE',  ( 0.000000000000000000, 0.000000000000000000, 1.000000000000000000 ) ) ;
#178 = VERTEX_POINT ( 'NONE', #2880 ) ;
#179 = CARTESIAN_POINT ( 'NONE',  ( -12.53797211585106908, 1.000000000000000000, 39.88033136144860435 ) ) ;
#180 = ORIENTED_EDGE ( 'NONE', *, *, #4351, .F. ) ;
#181 = CARTESIAN_POINT ( 'NONE',  ( -2.704308353593626091, 1.000000000000000000, 41.62308925713873720 ) ) ;
#182 = CARTESIAN_POINT ( 'NONE',  ( -12.51937082655303612, 1.000000000000000000, 39.72556611132146287 ) ) ;
#183 = CARTESIAN_POINT ( 'NONE',  ( -2.772713189023752189, 0.000000000000000000, 39.48394958280908895 ) ) ;
#184 = ADVANCED_FACE ( 'NONE', ( #3569 ), #484, .F. ) ;
#185 = DIRECTION ( 'NONE',  ( -1.000000000000000000, 0.000000000000000000, 0.000000000000000000 ) ) ;
#186 = EDGE_CURVE ( 'NONE', #7336, #611, #2343, .T. ) ;
#187 = CARTESIAN_POINT ( 'NONE',  ( 6.000000000000005329, 22.00000000000000000, 43.00000000000000000 ) ) ;
#188 = CARTESIAN_POINT ( 'NONE',  ( -13.49999999999999822, 0.2999999999999999889, -22.50000000000002132 ) ) ;
#189 = ORIENTED_EDGE ( 'NONE', *, *, #8060, .T. ) ;
#190 = CARTESIAN_POINT ( 'NONE',  ( 2.958039891549808509, -0.2360679774997919977, 26.02499999999999858 ) ) ;
#191 = ORIENTED_EDGE ( 'NONE', *, *, #1774, .T. ) ;
#192 = CARTESIAN_POINT ( 'NONE',  ( -5.675797107724261714, 0.000000000000000000, 42.24215401961486549 ) ) ;
#193 = ADVANCED_FACE ( 'NONE', ( #3610 ), #7372, .F. ) ;
#194 = DIRECTION ( 'NONE',  ( -0.000000000000000000, -1.000000000000000000, -0.000000000000000000 ) ) ;
#195 = CARTESIAN_POINT ( 'NONE',  ( -4.251253180634250839, 1.000000000000000000, 40.98255925636070884 ) ) ;
#196 = EDGE_CURVE ( 'NONE', #5583, #231, #6114, .T. ) ;
#197 = CARTESIAN_POINT ( 'NONE',  ( -9.381253812750307119, 0.000000000000000000, 38.92738053809848253 ) ) ;
#198 = CARTESIAN_POINT ( 'NONE',  ( -2.894332937788466342, 0.000000000000000000, 41.49790934490502536 ) ) ;
#199 = CARTESIAN_POINT ( 'NONE',  ( -3.148579966557493393, 1.000000000000000000, 40.81062920310279907 ) ) ;
#200 = ORIENTED_EDGE ( 'NONE', *, *, #383, .T. ) ;
#201 = CARTESIAN_POINT ( 'NONE',  ( -1.279882995803637735, 0.000000000000000000, 42.19999999999999574 ) ) ;
#202 = VERTEX_POINT ( 'NONE', #1781 ) ;
#203 = CARTESIAN_POINT ( 'NONE',  ( -13.19153083017208417, 1.000000000000000000, 41.10834370833413942 ) ) ;
#204 = VECTOR ( 'NONE', #2060, 1000.000000000000000 ) ;
#205 = CARTESIAN_POINT ( 'NONE',  ( -9.440550537951432730, 0.000000000000000000, 39.72928893388638016 ) ) ;
#206 = VECTOR ( 'NONE', #4437, 1000.000000000000000 ) ;
#207 = ORIENTED_EDGE ( 'NONE', *, *, #7344, .T. ) ;
#208 = CARTESIAN_POINT ( 'NONE',  ( -3.595841961355080052, 1.000000000000000000, 39.46968449338162799 ) ) ;
#209 = VECTOR ( 'NONE', #6001, 1000.000000000000000 ) ;
#210 = CARTESIAN_POINT ( 'NONE',  ( -2.958039891549808065, 2.000000000000000000, 27.02500000000000213 ) ) ;
#211 = VECTOR ( 'NONE', #764, 1000.000000000000000 ) ;
#212 = DIRECTION ( 'NONE',  ( 0.000000000000000000, 0.000000000000000000, 1.000000000000000000 ) ) ;
#213 = DIRECTION ( 'NONE',  ( -1.000000000000000000, 0.000000000000000000, -0.000000000000000000 ) ) ;
#214 = DIRECTION ( 'NONE',  ( 0.000000000000000000, 0.000000000000000000, 1.000000000000000000 ) ) ;
#215 = AXIS2_PLACEMENT_3D ( 'NONE', #2218, #1687, #2941 ) ;
#216 = VERTEX_POINT ( 'NONE', #3650 ) ;
#217 = VERTEX_POINT ( 'NONE', #6931 ) ;
#218 = AXIS2_PLACEMENT_3D ( 'NONE', #510, #1160, #2292 ) ;
#219 = DIRECTION ( 'NONE',  ( 0.000000000000000000, 0.000000000000000000, -1.000000000000000000 ) ) ;
#220 = ORIENTED_EDGE ( 'NONE', *, *, #5452, .F. ) ;
#221 = CARTESIAN_POINT ( 'NONE',  ( -12.53708810889349756, 1.000000000000000000, 39.93477133485399833 ) ) ;
#222 = ORIENTED_EDGE ( 'NONE', *, *, #7452, .F. ) ;
#223 = CARTESIAN_POINT ( 'NONE',  ( -2.631275774971848946, 1.000000000000000000, 41.64918290755145591 ) ) ;
#224 = CARTESIAN_POINT ( 'NONE',  ( -12.36408918645031463, 1.000000000000000000, 39.49169528706581644 ) ) ;
#225 = CARTESIAN_POINT ( 'NONE',  ( -3.146637659894378380, 0.000000000000000000, 40.16522530597276130 ) ) ;
#226 = CARTESIAN_POINT ( 'NONE',  ( -12.53797211585106908, 1.000000000000000000, 39.88033136144860435 ) ) ;
#227 = AXIS2_PLACEMENT_3D ( 'NONE', #6843, #646, #3121 ) ;
#228 = DIRECTION ( 'NONE',  ( -0.5735764363510501562, 0.8191520442889889120, 0.000000000000000000 ) ) ;
#229 = EDGE_CURVE ( 'NONE', #3333, #3259, #7540, .T. ) ;
#230 = CARTESIAN_POINT ( 'NONE',  ( -12.55822533446472988, 0.000000000000000000, 41.62683391323336934 ) ) ;
#231 = VERTEX_POINT ( 'NONE', #5126 ) ;
#232 = CARTESIAN_POINT ( 'NONE',  ( -8.146205259079499328, 1.000000000000000000, 42.08951814818546922 ) ) ;
#233 = ORIENTED_EDGE ( 'NONE', *, *, #5168, .T. ) ;
#234 = CARTESIAN_POINT ( 'NONE',  ( -20.50000000000000355, 0.5000000000000000000, 44.00000000000000000 ) ) ;
#235 = DIRECTION ( 'NONE',  ( 0.000000000000000000, -1.000000000000000000, 0.000000000000000000 ) ) ;
#236 = CARTESIAN_POINT ( 'NONE',  ( -12.30540656166395586, 0.000000000000000000, 40.91335487656210290 ) ) ;
#237 = ADVANCED_FACE ( 'NONE', ( #1420 ), #5748, .T. ) ;
#238 = CARTESIAN_POINT ( 'NONE',  ( -8.969695581608789325, 0.000000000000000000, 38.83298889685600841 ) ) ;
#239 = CARTESIAN_POINT ( 'NONE',  ( -2.772713093988969035, 0.000000000000000000, 41.58912165807024053 ) ) ;
#240 = EDGE_CURVE ( 'NONE', #4720, #780, #903, .T. ) ;
#241 = LINE ( 'NONE', #2717, #3848 ) ;
#242 = ORIENTED_EDGE ( 'NONE', *, *, #774, .F. ) ;
#243 = CARTESIAN_POINT ( 'NONE',  ( -2.553529537335983868, 1.000000000000000000, 39.40461494052632219 ) ) ;
#244 = ORIENTED_EDGE ( 'NONE', *, *, #1537, .T. ) ;
#245 = LINE ( 'NONE', #2194, #4485 ) ;
#246 = CARTESIAN_POINT ( 'NONE',  ( -8.848322269388122052, 1.000000000000000000, 39.34916050897395934 ) ) ;
#247 = VECTOR ( 'NONE', #5439, 1000.000000000000000 ) ;
#248 = CARTESIAN_POINT ( 'NONE',  ( -18.67973828072085851, 24.33550604667211203, 43.76108363968667447 ) ) ;
#249 = CARTESIAN_POINT ( 'NONE',  ( -11.65000000000000036, 5.000000000000000000, -15.45000000000001883 ) ) ;
#250 = FACE_BOUND ( 'NONE', #6953, .T. ) ;
#251 = CARTESIAN_POINT ( 'NONE',  ( -13.22320601227995596, 1.000000000000000000, 41.38514550444367046 ) ) ;
#252 = PLANE ( 'NONE',  #5617 ) ;
#253 = ORIENTED_EDGE ( 'NONE', *, *, #6018, .F. ) ;
#254 = CARTESIAN_POINT ( 'NONE',  ( -13.12833298676244986, 1.000000000000000000, 40.19356535273515618 ) ) ;
#255 = ORIENTED_EDGE ( 'NONE', *, *, #4054, .T. ) ;
#256 = EDGE_LOOP ( 'NONE', ( #1582, #5496, #2922, #3992, #1977 ) ) ;
#257 = CARTESIAN_POINT ( 'NONE',  ( -7.444962741802267914, 1.000000000000000000, 40.83493306543919488 ) ) ;
#258 = EDGE_LOOP ( 'NONE', ( #949, #7455, #2780, #7596, #5065, #813, #4497, #1485, #5462, #7793, #3920, #6548, #5105, #4185, #1613, #6995 ) ) ;
#259 = CARTESIAN_POINT ( 'NONE',  ( 19.99999999999999645, 0.000000000000000000, -40.99999999999999289 ) ) ;
#260 = ORIENTED_EDGE ( 'NONE', *, *, #6227, .F. ) ;
#261 = CARTESIAN_POINT ( 'NONE',  ( -18.93923626713003827, 25.37270560060938251, 43.67313365323082763 ) ) ;
#262 = DIRECTION ( 'NONE',  ( -1.000000000000000000, 0.000000000000000000, 0.000000000000000000 ) ) ;
#263 = VECTOR ( 'NONE', #8, 1000.000000000000000 ) ;
#264 = APPLICATION_CONTEXT ( 'automotive_design' ) ;
#265 = FACE_BOUND ( 'NONE', #5622, .T. ) ;
#266 = B_SPLINE_SURFACE_WITH_KNOTS ( 'NONE', 3, 1, ( 
 ( #5867, #3407 ),
 ( #7740, #7619 ),
 ( #4631, #1380 ),
 ( #3861, #6367 ),
 ( #772, #7699 ),
 ( #159, #1421 ),
 ( #3897, #6404 ),
 ( #809, #2067 ),
 ( #4545, #7051 ),
 ( #6489, #4584 ),
 ( #473, #2989 ),
 ( #512, #1005 ),
 ( #3486, #4091 ),
 ( #5946, #1691 ),
 ( #2256, #394 ),
 ( #2373, #3520 ),
 ( #4209, #4740 ),
 ( #1082, #7931 ),
 ( #7241, #4703 ) ),
 .UNSPECIFIED., .F., .F., .F.,
 ( 4, 1, 1, 1, 1, 1, 1, 1, 1, 1, 1, 1, 1, 1, 1, 1, 4 ),
 ( 2, 2 ),
 ( 0.000000000000000000, 0.07228250537338813675, 0.1417792298526898143, 0.2071137172815571970, 0.2690824588548207386, 0.3299020253643352163, 0.3887838206447167821, 0.4464549620732678470, 0.5039190452201486314, 0.5613158139161780191, 0.6187967133585402513, 0.6770403836484710780, 0.7360697183437151514, 0.7975059020896776429, 0.8614196338882013082, 0.9293219695156609284, 1.000000000000000000 ),
 ( 0.000000000000000000, 1.000000000000000000 ),
 .UNSPECIFIED. ) ;
#267 = DIRECTION ( 'NONE',  ( -0.000000000000000000, -1.000000000000000000, -0.000000000000000000 ) ) ;
#268 = FACE_OUTER_BOUND ( 'NONE', #2682, .T. ) ;
#269 = ORIENTED_EDGE ( 'NONE', *, *, #4354, .F. ) ;
#270 = CARTESIAN_POINT ( 'NONE',  ( -7.444962741802267914, 1.000000000000000000, 40.83493306543919488 ) ) ;
#271 = ORIENTED_EDGE ( 'NONE', *, *, #529, .T. ) ;
#272 = CARTESIAN_POINT ( 'NONE',  ( -13.22320601227995596, 0.000000000000000000, 41.63155966424321974 ) ) ;
#273 = LINE ( 'NONE', #2790, #3484 ) ;
#274 = CARTESIAN_POINT ( 'NONE',  ( -12.45489647053752691, 0.000000000000000000, 41.03568055280742755 ) ) ;
#275 = ADVANCED_FACE ( 'NONE', ( #3735 ), #7618, .T. ) ;
#276 = DIRECTION ( 'NONE',  ( 0.000000000000000000, -0.000000000000000000, -1.000000000000000000 ) ) ;
#277 = CARTESIAN_POINT ( 'NONE',  ( -12.62647425041788019, 1.000000000000000000, 42.09968338836450386 ) ) ;
#278 = DIRECTION ( 'NONE',  ( -0.000000000000000000, -1.000000000000000000, -0.000000000000000000 ) ) ;
#279 = ADVANCED_FACE ( 'NONE', ( #606 ), #3471, .T. ) ;
#280 = CARTESIAN_POINT ( 'NONE',  ( -11.65000000000000036, 2.000000000000000000, -16.30000000000001847 ) ) ;
#281 = ORIENTED_EDGE ( 'NONE', *, *, #5507, .T. ) ;
#282 = CARTESIAN_POINT ( 'NONE',  ( -8.109223244550250342, 1.000000000000000000, 40.92873881434072558 ) ) ;
#283 = ORIENTED_EDGE ( 'NONE', *, *, #1770, .T. ) ;
#284 = DIRECTION ( 'NONE',  ( 1.000000000000000000, 0.000000000000000000, 0.000000000000000000 ) ) ;
#285 = CARTESIAN_POINT ( 'NONE',  ( -6.307076957686229335, 1.000000000000000000, 38.98344578767328272 ) ) ;
#286 = CARTESIAN_POINT ( 'NONE',  ( -4.935491413426158047, 0.000000000000000000, 41.10818612692378338 ) ) ;
#287 = ADVANCED_FACE ( 'NONE', ( #6240 ), #5705, .T. ) ;
#288 = B_SPLINE_CURVE_WITH_KNOTS ( 'NONE', 3,
 ( #3947, #656, #5671, #6982, #4554, #2039, #6413, #1468, #5795, #5627, #2517, #208, #5004, #83, #7506, #2687, #6940, #5181, #2559 ),
 .UNSPECIFIED., .F., .F.,
 ( 4, 1, 1, 1, 1, 1, 1, 1, 1, 1, 1, 1, 1, 1, 1, 1, 4 ),
 ( 0.000000000000000000, 0.06729469765281936855, 0.1323083183792489737, 0.1949623356769687177, 0.2564310776043090545, 0.3167578526268597372, 0.3773010139992366563, 0.4381281660048146898, 0.5000330122741468708, 0.5618955944281553982, 0.6226566775423103550, 0.6829362082077644613, 0.7433890452025619933, 0.8046644911138022271, 0.8673863065367776182, 0.9323999272632071955, 1.000000000000000000 ),
 .UNSPECIFIED. ) ;
#289 = EDGE_CURVE ( 'NONE', #2841, #2356, #4503, .T. ) ;
#290 = DIRECTION ( 'NONE',  ( 0.000000000000000000, 1.000000000000000000, 0.000000000000000000 ) ) ;
#291 = CIRCLE ( 'NONE', #2308, 4.750000000000000888 ) ;
#292 = ADVANCED_FACE ( 'NONE', ( #4425 ), #2634, .T. ) ;
#293 = CARTESIAN_POINT ( 'NONE',  ( -5.653263737648797971, 1.000000000000000000, 41.72390688698143890 ) ) ;
#294 = FACE_OUTER_BOUND ( 'NONE', #7019, .T. ) ;
#295 = ORIENTED_EDGE ( 'NONE', *, *, #1972, .T. ) ;
#296 = DIRECTION ( 'NONE',  ( 0.000000000000000000, 0.000000000000000000, 1.000000000000000000 ) ) ;
#297 = ORIENTED_EDGE ( 'NONE', *, *, #3225, .F. ) ;
#298 = ADVANCED_FACE ( 'NONE', ( #7013 ), #686, .T. ) ;
#299 = ORIENTED_EDGE ( 'NONE', *, *, #3862, .T. ) ;
#300 = CARTESIAN_POINT ( 'NONE',  ( -20.50000000000000355, 1.000000000000000000, -15.50000000000004086 ) ) ;
#301 = ORIENTED_EDGE ( 'NONE', *, *, #5102, .T. ) ;
#302 = CARTESIAN_POINT ( 'NONE',  ( -12.46132166490330562, 1.000000000000000000, 40.16082976774723079 ) ) ;
#303 = AXIS2_PLACEMENT_3D ( 'NONE', #7710, #2115, #2727 ) ;
#304 = ORIENTED_EDGE ( 'NONE', *, *, #2906, .T. ) ;
#305 = CARTESIAN_POINT ( 'NONE',  ( -0.6776872956907611378, 1.000000000000000000, 38.87307128906249432 ) ) ;
#306 = CARTESIAN_POINT ( 'NONE',  ( -12.46076795228589695, 1.000000000000000000, 39.59561847010406410 ) ) ;
#307 = FACE_OUTER_BOUND ( 'NONE', #5700, .T. ) ;
#308 = AXIS2_PLACEMENT_3D ( 'NONE', #6644, #7943, #6729 ) ;
#309 = CARTESIAN_POINT ( 'NONE',  ( -7.015594507192638218, 1.000000000000000000, 40.83493306543919488 ) ) ;
#310 = CARTESIAN_POINT ( 'NONE',  ( -4.461548989254240816, 0.000000000000000000, 41.63289887886230645 ) ) ;
#311 = VERTEX_POINT ( 'NONE', #2466 ) ;
#312 = LINE ( 'NONE', #190, #586 ) ;
#313 = ORIENTED_EDGE ( 'NONE', *, *, #6333, .F. ) ;
#314 = CARTESIAN_POINT ( 'NONE',  ( -16.49999999999999645, 1.000000000000000000, 38.08197506309361557 ) ) ;
#315 = DIRECTION ( 'NONE',  ( -0.000000000000000000, -1.000000000000000000, -0.000000000000000000 ) ) ;
#316 = CARTESIAN_POINT ( 'NONE',  ( -4.299430975043786241, 1.000000000000000000, 41.26258314496016766 ) ) ;
#317 = CARTESIAN_POINT ( 'NONE',  ( -11.99316053514356817, 1.000000000000000000, 38.87307128906249432 ) ) ;
#318 = LINE ( 'NONE', #5905, #4977 ) ;
#319 = CARTESIAN_POINT ( 'NONE',  ( -12.55822533446472988, 0.000000000000000000, 41.62683391323336934 ) ) ;
#320 = ADVANCED_FACE ( 'NONE', ( #4464 ), #4953, .T. ) ;
#321 = VERTEX_POINT ( 'NONE', #4995 ) ;
#322 = CARTESIAN_POINT ( 'NONE',  ( 1.338183063655702609, 1.000000000000000000, 39.92556354968578347 ) ) ;
#323 = ORIENTED_EDGE ( 'NONE', *, *, #3509, .T. ) ;
#324 = CARTESIAN_POINT ( 'NONE',  ( -10.21290261900270480, 1.000000000000000000, 40.83493306543919488 ) ) ;
#325 = CARTESIAN_POINT ( 'NONE',  ( -8.795592123969401044, 1.000000000000000000, 41.72390468822391796 ) ) ;
#326 = CARTESIAN_POINT ( 'NONE',  ( -7.923295693091808367, 0.000000000000000000, 39.13456531561291740 ) ) ;
#327 = DIRECTION ( 'NONE',  ( -1.000000000000000000, 0.000000000000000000, 0.000000000000000000 ) ) ;
#328 = CARTESIAN_POINT ( 'NONE',  ( -6.325046521548595813, 1.000000000000000000, 41.10816754691646935 ) ) ;
#329 = CARTESIAN_POINT ( 'NONE',  ( -13.50000000000000000, 2.000000000000000000, -37.00000000000002132 ) ) ;
#330 = EDGE_CURVE ( 'NONE', #2422, #527, #487, .T. ) ;
#331 = ORIENTED_EDGE ( 'NONE', *, *, #7108, .F. ) ;
#332 = PLANE ( 'NONE',  #5674 ) ;
#333 = ORIENTED_EDGE ( 'NONE', *, *, #1132, .F. ) ;
#334 = ADVANCED_FACE ( 'NONE', ( #3859 ), #2548, .F. ) ;
#335 = ADVANCED_FACE ( 'NONE', ( #6366 ), #1296, .F. ) ;
#336 = ORIENTED_EDGE ( 'NONE', *, *, #3548, .T. ) ;
#337 = B_SPLINE_CURVE_WITH_KNOTS ( 'NONE', 3,
 ( #4153, #4765, #496, #6653, #534, #3538, #1100, #4884, #4926, #2928, #2888, #7914, #3582, #6086, #6618, #5385, #1184, #3662, #1791 ),
 .UNSPECIFIED., .F., .F.,
 ( 4, 1, 1, 1, 1, 1, 1, 1, 1, 1, 1, 1, 1, 1, 1, 1, 4 ),
 ( 0.000000000000000000, 0.06725487302720209448, 0.1322381225825242923, 0.1948031581500086484, 0.2562468496294657005, 0.3166976563282773993, 0.3770420711781234391, 0.4378748038330637082, 0.4994890483826037730, 0.5612269675233085842, 0.6217977186905822018, 0.6819241721295510317, 0.7424712588206616726, 0.8038193238971659271, 0.8668136612825509957, 0.9321374888020109717, 1.000000000000000000 ),
 .UNSPECIFIED. ) ;
#338 = VECTOR ( 'NONE', #3802, 1000.000000000000000 ) ;
#339 = VECTOR ( 'NONE', #450, 1000.000000000000000 ) ;
#340 = VECTOR ( 'NONE', #7057, 1000.000000000000000 ) ;
#341 = EDGE_CURVE ( 'NONE', #983, #527, #5043, .T. ) ;
#342 = FACE_OUTER_BOUND ( 'NONE', #1073, .T. ) ;
#343 = EDGE_CURVE ( 'NONE', #8037, #2669, #3347, .T. ) ;
#344 = FACE_OUTER_BOUND ( 'NONE', #6944, .T. ) ;
#345 = VECTOR ( 'NONE', #2030, 1000.000000000000000 ) ;
#346 = VERTEX_POINT ( 'NONE', #4544 ) ;
#347 = CARTESIAN_POINT ( 'NONE',  ( -2.845046675454771634, 0.000000000000000000, 42.14747470112353511 ) ) ;
#348 = CARTESIAN_POINT ( 'NONE',  ( -5.573498472289083239, 0.000000000000000000, 38.83090765209404083 ) ) ;
#349 = VECTOR ( 'NONE', #5489, 1000.000000000000000 ) ;
#350 = CARTESIAN_POINT ( 'NONE',  ( -13.22407759558715412, 0.000000000000000000, 41.70330414871190072 ) ) ;
#351 = DIRECTION ( 'NONE',  ( -0.8591433408540531946, 0.000000000000000000, -0.5117350094200474597 ) ) ;
#352 = CARTESIAN_POINT ( 'NONE',  ( 2.958039891549808065, 2.200000000000000178, 26.02499999999999858 ) ) ;
#353 = CIRCLE ( 'NONE', #5820, 0.8500000000000000888 ) ;
#354 = ORIENTED_EDGE ( 'NONE', *, *, #2666, .T. ) ;
#355 = CARTESIAN_POINT ( 'NONE',  ( -12.70404850848309586, 1.000000000000000000, 42.20000000000000284 ) ) ;
#356 = FACE_OUTER_BOUND ( 'NONE', #4405, .T. ) ;
#357 = CARTESIAN_POINT ( 'NONE',  ( -9.305001309962182887, 0.000000000000000000, 39.53825140067257848 ) ) ;
#358 = CARTESIAN_POINT ( 'NONE',  ( -5.335218292760532499, 1.000000000000000000, 42.22051789684429224 ) ) ;
#359 = DIRECTION ( 'NONE',  ( 0.000000000000000000, 1.000000000000000000, 0.000000000000000000 ) ) ;
#360 = PLANE ( 'NONE',  #7729 ) ;
#361 = CARTESIAN_POINT ( 'NONE',  ( -12.60483469751801522, 1.000000000000000000, 38.97199958352549487 ) ) ;
#362 = EDGE_LOOP ( 'NONE', ( #3730, #7044, #6532, #4634, #750 ) ) ;
#363 = CARTESIAN_POINT ( 'NONE',  ( -2.704308327381213406, 1.000000000000000000, 39.44998204521358787 ) ) ;
#364 = ORIENTED_EDGE ( 'NONE', *, *, #2316, .T. ) ;
#365 = LINE ( 'NONE', #1504, #6585 ) ;
#366 = CARTESIAN_POINT ( 'NONE',  ( -12.38217419680454334, 0.000000000000000000, 38.90778857078750974 ) ) ;
#367 = CARTESIAN_POINT ( 'NONE',  ( -8.265613356696665193, 1.000000000000000000, 38.92754240160103052 ) ) ;
#368 = DIRECTION ( 'NONE',  ( -1.000000000000000000, -0.000000000000000000, -0.000000000000000000 ) ) ;
#369 = DIRECTION ( 'NONE',  ( 1.000000000000000000, 0.000000000000000000, -0.000000000000000000 ) ) ;
#370 = FACE_OUTER_BOUND ( 'NONE', #7257, .T. ) ;
#371 = VECTOR ( 'NONE', #4205, 1000.000000000000000 ) ;
#372 = VECTOR ( 'NONE', #1771, 1000.000000000000000 ) ;
#373 = ORIENTED_EDGE ( 'NONE', *, *, #6802, .T. ) ;
#374 = CARTESIAN_POINT ( 'NONE',  ( -6.422321384578626002, 0.000000000000000000, 39.05285795492782341 ) ) ;
#375 = VERTEX_POINT ( 'NONE', #3977 ) ;
#376 = ORIENTED_EDGE ( 'NONE', *, *, #6113, .F. ) ;
#377 = EDGE_CURVE ( 'NONE', #3835, #6298, #3937, .T. ) ;
#378 = LINE ( 'NONE', #2852, #4281 ) ;
#379 = EDGE_CURVE ( 'NONE', #5025, #2721, #2714, .T. ) ;
#380 = CARTESIAN_POINT ( 'NONE',  ( -4.911915132740187317, 1.000000000000000000, 40.92873881434073979 ) ) ;
#381 = ORIENTED_EDGE ( 'NONE', *, *, #2773, .F. ) ;
#382 = CARTESIAN_POINT ( 'NONE',  ( -4.340408835849436819, 0.000000000000000000, 39.68163377784200208 ) ) ;
#383 = EDGE_CURVE ( 'NONE', #7681, #4331, #1576, .T. ) ;
#384 = EDGE_CURVE ( 'NONE', #527, #2422, #5040, .T. ) ;
#385 = LINE ( 'NONE', #1035, #6096 ) ;
#386 = CARTESIAN_POINT ( 'NONE',  ( -4.982069472248840114, 1.000000000000000000, 39.80088522246153815 ) ) ;
#387 = ORIENTED_EDGE ( 'NONE', *, *, #5618, .T. ) ;
#388 = CARTESIAN_POINT ( 'NONE',  ( -2.704308327381213406, 0.000000000000000000, 39.44998204521358787 ) ) ;
#389 = CARTESIAN_POINT ( 'NONE',  ( -12.79257228029990756, 1.000000000000000000, 40.52897135994680866 ) ) ;
#390 = CARTESIAN_POINT ( 'NONE',  ( -8.848322269388122052, 1.000000000000000000, 39.34916050897395934 ) ) ;
#391 = CARTESIAN_POINT ( 'NONE',  ( -5.623523281146955988, 1.000000000000000000, 38.82986442268668270 ) ) ;
#392 = DIRECTION ( 'NONE',  ( 0.000000000000000000, 0.000000000000000000, 1.000000000000000000 ) ) ;
#393 = VECTOR ( 'NONE', #1521, 1000.000000000000000 ) ;
#394 = CARTESIAN_POINT ( 'NONE',  ( -12.20947290700478050, 0.000000000000000000, 40.87894742444168372 ) ) ;
#395 = DIRECTION ( 'NONE',  ( 0.000000000000000000, 0.000000000000000000, 1.000000000000000000 ) ) ;
#396 = ORIENTED_EDGE ( 'NONE', *, *, #3665, .F. ) ;
#397 = CARTESIAN_POINT ( 'NONE',  ( -12.38217419680454334, 0.000000000000000000, 38.90778857078750974 ) ) ;
#398 = B_SPLINE_SURFACE_WITH_KNOTS ( 'NONE', 3, 1, ( 
 ( #5132, #1261 ),
 ( #2513, #3089 ),
 ( #1909, #3741 ),
 ( #5712, #123 ),
 ( #1950, #3170 ),
 ( #5666, #652 ),
 ( #7624, #4390 ),
 ( #6204, #2474 ),
 ( #3127, #778 ),
 ( #4431, #1991 ),
 ( #8073, #5584 ),
 ( #5049, #5625 ),
 ( #4963, #7458 ),
 ( #2035, #7546 ),
 ( #2599, #5092 ),
 ( #1219, #1864 ),
 ( #1344, #3697 ),
 ( #5001, #7502 ),
 ( #6893, #1302 ) ),
 .UNSPECIFIED., .F., .F., .F.,
 ( 4, 1, 1, 1, 1, 1, 1, 1, 1, 1, 1, 1, 1, 1, 1, 1, 4 ),
 ( 2, 2 ),
 ( 0.000000000000000000, 0.06754833664786011327, 0.1325516695759136609, 0.1952254823667963213, 0.2565522035029128012, 0.3168088224495000937, 0.3766733412029139583, 0.4372649060884284955, 0.4990499599808042586, 0.5607315244112556218, 0.6216531320571607733, 0.6821090900150487135, 0.7427014245273788617, 0.8043186927919614426, 0.8672227418442761682, 0.9324516633521389153, 1.000000000000000000 ),
 ( 0.000000000000000000, 1.000000000000000000 ),
 .UNSPECIFIED. ) ;
#399 = ORIENTED_EDGE ( 'NONE', *, *, #1716, .F. ) ;
#400 = DIRECTION ( 'NONE',  ( -0.000000000000000000, -1.000000000000000000, -0.000000000000000000 ) ) ;
#401 = CARTESIAN_POINT ( 'NONE',  ( -8.458867835266184798, 0.000000000000000000, 41.62871846951555455 ) ) ;
#402 = CARTESIAN_POINT ( 'NONE',  ( -2.704308353593626091, 1.000000000000000000, 41.62308925713873720 ) ) ;
#403 = CARTESIAN_POINT ( 'NONE',  ( -12.46076795228589695, 0.000000000000000000, 39.59561847010406410 ) ) ;
#404 = CARTESIAN_POINT ( 'NONE',  ( -20.50000000000000355, 0.5000000000000000000, -43.50000000000000000 ) ) ;
#405 = CARTESIAN_POINT ( 'NONE',  ( -4.910609985946062572, 1.000000000000000000, 40.23206225803919978 ) ) ;
#406 = ORIENTED_EDGE ( 'NONE', *, *, #1285, .F. ) ;
#407 = CARTESIAN_POINT ( 'NONE',  ( -6.350249354093224774, 1.000000000000000000, 40.20052702401105194 ) ) ;
#408 = ORIENTED_EDGE ( 'NONE', *, *, #4955, .T. ) ;
#409 = CIRCLE ( 'NONE', #6281, 0.5000000000000004441 ) ;
#410 = VERTEX_POINT ( 'NONE', #5207 ) ;
#411 = FACE_OUTER_BOUND ( 'NONE', #2602, .T. ) ;
#412 = CARTESIAN_POINT ( 'NONE',  ( -11.40784251720874387, 1.000000000000000000, 40.86058714234982858 ) ) ;
#413 = EDGE_CURVE ( 'NONE', #4467, #5851, #7201, .T. ) ;
#414 = ORIENTED_EDGE ( 'NONE', *, *, #4908, .F. ) ;
#415 = CARTESIAN_POINT ( 'NONE',  ( -2.419464096465670622, 1.000000000000000000, 42.19999999999999574 ) ) ;
#416 = DIRECTION ( 'NONE',  ( 1.000000000000000000, 0.000000000000000000, 0.000000000000000000 ) ) ;
#417 = VECTOR ( 'NONE', #2946, 1000.000000000000000 ) ;
#418 = VECTOR ( 'NONE', #542, 1000.000000000000000 ) ;
#419 = LINE ( 'NONE', #7880, #1665 ) ;
#420 = CARTESIAN_POINT ( 'NONE',  ( -19.50000000000000355, 26.00000000000000355, -14.50000000000004086 ) ) ;
#421 = EDGE_CURVE ( 'NONE', #2048, #6201, #3368, .T. ) ;
#422 = ORIENTED_EDGE ( 'NONE', *, *, #2568, .F. ) ;
#423 = CARTESIAN_POINT ( 'NONE',  ( -3.099297329026661885, 0.000000000000000000, 39.90983797553068513 ) ) ;
#424 = CARTESIAN_POINT ( 'NONE',  ( 3.345277028269577180, 1.000000000000000000, 42.19999999999999574 ) ) ;
#425 = CARTESIAN_POINT ( 'NONE',  ( -2.436698586202240335, 2.200000000000000178, 24.77499999999999858 ) ) ;
#426 = CARTESIAN_POINT ( 'NONE',  ( -3.815585966234085635, 1.000000000000000000, 40.26244208595968388 ) ) ;
#427 = UNCERTAINTY_MEASURE_WITH_UNIT (LENGTH_MEASURE( 1.000000000000000082E-05 ), #2571, 'distance_accuracy_value', 'NONE');
#428 = CARTESIAN_POINT ( 'NONE',  ( 18.49999999999999645, 26.00000000000000355, 41.99999999999999289 ) ) ;
#429 = ADVANCED_FACE ( 'NONE', ( #4668 ), #2144, .F. ) ;
#430 = VECTOR ( 'NONE', #7133, 1000.000000000000000 ) ;
#431 = CARTESIAN_POINT ( 'NONE',  ( 1.338183063655702609, 1.000000000000000000, 38.87307128906249432 ) ) ;
#432 = EDGE_CURVE ( 'NONE', #2721, #4401, #3928, .T. ) ;
#433 = CARTESIAN_POINT ( 'NONE',  ( 3.158039891549775824, 2.000000000000000000, 26.52499999999999858 ) ) ;
#434 = CARTESIAN_POINT ( 'NONE',  ( -9.997293152983871778, 1.000000000000000000, 39.44100827606358450 ) ) ;
#435 = EDGE_CURVE ( 'NONE', #707, #2885, #3000, .T. ) ;
#436 = ORIENTED_EDGE ( 'NONE', *, *, #2623, .F. ) ;
#437 = CARTESIAN_POINT ( 'NONE',  ( -12.12865481463962780, 0.000000000000000000, 38.87525926817654920 ) ) ;
#438 = ORIENTED_EDGE ( 'NONE', *, *, #3216, .T. ) ;
#439 = CARTESIAN_POINT ( 'NONE',  ( 3.345277028269577180, 0.000000000000000000, 38.87307128906249432 ) ) ;
#440 = CARTESIAN_POINT ( 'NONE',  ( -8.742165451578719271, 0.000000000000000000, 41.72229827478204101 ) ) ;
#441 = CARTESIAN_POINT ( 'NONE',  ( 2.436698586202240335, 2.200000000000000178, 24.77499999999999858 ) ) ;
#442 = CARTESIAN_POINT ( 'NONE',  ( -12.40063199776768776, 0.000000000000000000, 39.52317005246205639 ) ) ;
#443 = DIRECTION ( 'NONE',  ( -1.000000000000000000, 0.000000000000000000, 0.000000000000000000 ) ) ;
#444 = FACE_OUTER_BOUND ( 'NONE', #5800, .T. ) ;
#445 = EDGE_LOOP ( 'NONE', ( #6848, #244, #304, #7396 ) ) ;
#446 = ORIENTED_EDGE ( 'NONE', *, *, #4115, .F. ) ;
#447 = CARTESIAN_POINT ( 'NONE',  ( -8.591373256759883503, 0.000000000000000000, 41.69100458942324394 ) ) ;
#448 = ORIENTED_EDGE ( 'NONE', *, *, #6814, .F. ) ;
#449 = CARTESIAN_POINT ( 'NONE',  ( -12.51937082655303612, 0.000000000000000000, 39.72556611132146287 ) ) ;
#450 = DIRECTION ( 'NONE',  ( -0.000000000000000000, -1.000000000000000000, -0.000000000000000000 ) ) ;
#451 = DIRECTION ( 'NONE',  ( -1.000000000000000000, 3.016910393003142859E-16, 0.000000000000000000 ) ) ;
#452 = B_SPLINE_CURVE_WITH_KNOTS ( 'NONE', 3,
 ( #1446, #2700, #5735, #7117, #182, #3276, #6999, #306, #4612, #5812, #224, #796, #5238, #2657, #2134, #7687, #7077, #7727, #2176 ),
 .UNSPECIFIED., .F., .F.,
 ( 4, 1, 1, 1, 1, 1, 1, 1, 1, 1, 1, 1, 1, 1, 1, 1, 4 ),
 ( 0.000000000000000000, 0.06579783688550046306, 0.1280235417969586842, 0.1886888656408765574, 0.2467057464450110316, 0.3037432482044406523, 0.3594303855343031207, 0.4157704389918597254, 0.4726227911395777803, 0.5302064488511945006, 0.5894206072400510754, 0.6493207522301672752, 0.7120316962960571150, 0.7783879971017142463, 0.8478019893456194556, 0.9220327674879322810, 1.000000000000000000 ),
 .UNSPECIFIED. ) ;
#453 = ORIENTED_EDGE ( 'NONE', *, *, #2622, .T. ) ;
#454 = CARTESIAN_POINT ( 'NONE',  ( -2.566470627445001096, 1.000000000000000000, 42.19662674984159167 ) ) ;
#455 = CARTESIAN_POINT ( 'NONE',  ( -4.460624613754827550, 0.000000000000000000, 39.44123848650360742 ) ) ;
#456 = VECTOR ( 'NONE', #7235, 1000.000000000000000 ) ;
#457 = VECTOR ( 'NONE', #5881, 1000.000000000000000 ) ;
#458 = VECTOR ( 'NONE', #3052, 1000.000000000000000 ) ;
#459 = DIRECTION ( 'NONE',  ( 0.000000000000000000, 0.000000000000000000, 1.000000000000000000 ) ) ;
#460 = DIRECTION ( 'NONE',  ( 0.000000000000000000, 0.000000000000000000, -1.000000000000000000 ) ) ;
#461 = LINE ( 'NONE', #2937, #5714 ) ;
#462 = VECTOR ( 'NONE', #2336, 1000.000000000000000 ) ;
#463 = AXIS2_PLACEMENT_3D ( 'NONE', #150, #882, #3360 ) ;
#464 = PLANE ( 'NONE',  #3841 ) ;
#465 = ORIENTED_EDGE ( 'NONE', *, *, #6269, .T. ) ;
#466 = CARTESIAN_POINT ( 'NONE',  ( -3.035801255232417173, 0.000000000000000000, 39.76191223119189289 ) ) ;
#467 = LINE ( 'NONE', #508, #3331 ) ;
#468 = DIRECTION ( 'NONE',  ( 1.000000000000000000, -0.000000000000000000, -0.000000000000000000 ) ) ;
#469 = DIRECTION ( 'NONE',  ( 0.000000000000000000, 0.000000000000000000, -1.000000000000000000 ) ) ;
#470 = VECTOR ( 'NONE', #7163, 1000.000000000000000 ) ;
#471 = LINE ( 'NONE', #6143, #6422 ) ;
#472 = EDGE_CURVE ( 'NONE', #666, #7075, #7659, .T. ) ;
#473 = CARTESIAN_POINT ( 'NONE',  ( -12.38726671202868523, 1.000000000000000000, 40.96655251413022825 ) ) ;
#474 = AXIS2_PLACEMENT_3D ( 'NONE', #1313, #4974, #3713 ) ;
#475 = FACE_OUTER_BOUND ( 'NONE', #6276, .T. ) ;
#476 = CARTESIAN_POINT ( 'NONE',  ( -9.504385069496292360, 1.000000000000000000, 38.98344578767328272 ) ) ;
#477 = EDGE_CURVE ( 'NONE', #6203, #968, #2017, .T. ) ;
#478 = ORIENTED_EDGE ( 'NONE', *, *, #2313, .T. ) ;
#479 = CARTESIAN_POINT ( 'NONE',  ( -8.664385522316301547, 1.000000000000000000, 41.71097785711829431 ) ) ;
#480 = ORIENTED_EDGE ( 'NONE', *, *, #4110, .T. ) ;
#481 = CARTESIAN_POINT ( 'NONE',  ( -6.350249354093224774, 0.000000000000000000, 40.20052702401105194 ) ) ;
#482 = CARTESIAN_POINT ( 'NONE',  ( 3.035766082959412415E-15, 16.50000000000000000, 43.00000000000000000 ) ) ;
#483 = CARTESIAN_POINT ( 'NONE',  ( -3.147929291326182710, 0.000000000000000000, 40.84238612686667125 ) ) ;
#484 = PLANE ( 'NONE',  #6490 ) ;
#485 = ADVANCED_FACE ( 'NONE', ( #2792 ), #845, .F. ) ;
#486 = ADVANCED_FACE ( 'NONE', ( #3329 ), #2372, .T. ) ;
#487 = CIRCLE ( 'NONE', #5702, 0.8500000000000035305 ) ;
#488 = CARTESIAN_POINT ( 'NONE',  ( 6.000000000000004441, 19.24999999999999645, 39.99999999999999289 ) ) ;
#489 = DIRECTION ( 'NONE',  ( -1.000000000000000000, 0.000000000000000000, 0.000000000000000000 ) ) ;
#490 = ORIENTED_EDGE ( 'NONE', *, *, #4847, .T. ) ;
#491 = VERTEX_POINT ( 'NONE', #3028 ) ;
#492 = CARTESIAN_POINT ( 'NONE',  ( -8.458867835266184798, 0.000000000000000000, 41.62871846951555455 ) ) ;
#493 = ORIENTED_EDGE ( 'NONE', *, *, #635, .F. ) ;
#494 = CARTESIAN_POINT ( 'NONE',  ( -7.592082127366043487, 1.000000000000000000, 39.55827786110704380 ) ) ;
#495 = AXIS2_PLACEMENT_3D ( 'NONE', #4781, #7970, #2334 ) ;
#496 = CARTESIAN_POINT ( 'NONE',  ( -10.20961612260595253, 1.000000000000000000, 40.98263487574882902 ) ) ;
#497 = CARTESIAN_POINT ( 'NONE',  ( 3.073477462871951528E-15, 16.50000000000000000, 43.00000000000000000 ) ) ;
#498 = DIRECTION ( 'NONE',  ( -1.000000000000000000, 0.000000000000000000, -0.000000000000000000 ) ) ;
#499 = EDGE_LOOP ( 'NONE', ( #3837, #5344, #7533, #364 ) ) ;
#500 = CARTESIAN_POINT ( 'NONE',  ( -2.419464096465670622, 0.000000000000000000, 42.19999999999999574 ) ) ;
#501 = CARTESIAN_POINT ( 'NONE',  ( -5.623523281146955988, 0.000000000000000000, 38.82986442268668270 ) ) ;
#502 = FACE_OUTER_BOUND ( 'NONE', #4235, .T. ) ;
#503 = CARTESIAN_POINT ( 'NONE',  ( -13.49999999999999822, 0.2999999999999999889, -22.50000000000002132 ) ) ;
#504 = DIRECTION ( 'NONE',  ( 0.000000000000000000, 0.000000000000000000, 1.000000000000000000 ) ) ;
#505 = DIRECTION ( 'NONE',  ( -1.000000000000000000, 0.000000000000000000, -0.000000000000000000 ) ) ;
#506 = ORIENTED_EDGE ( 'NONE', *, *, #1577, .F. ) ;
#507 = DIRECTION ( 'NONE',  ( 0.000000000000000000, 0.000000000000000000, -1.000000000000000000 ) ) ;
#508 = CARTESIAN_POINT ( 'NONE',  ( 3.345277028269577180, 1.000000000000000000, 42.19999999999999574 ) ) ;
#509 = DIRECTION ( 'NONE',  ( -0.8591433408540534167, 0.000000000000000000, 0.5117350094200471267 ) ) ;
#510 = CARTESIAN_POINT ( 'NONE',  ( -12.82997082567927905, 1.000000000000000000, 39.09217889878923557 ) ) ;
#511 = CARTESIAN_POINT ( 'NONE',  ( -19.50000000000000355, 24.57185199325789071, -14.50000000000004086 ) ) ;
#512 = CARTESIAN_POINT ( 'NONE',  ( -12.34785294336308148, 1.000000000000000000, 40.93813698826512137 ) ) ;
#513 = CARTESIAN_POINT ( 'NONE',  ( 6.000000000000003553, 17.00000000000000000, 43.00000000000000000 ) ) ;
#514 = EDGE_LOOP ( 'NONE', ( #7445, #7973, #1414, #5727, #4687, #7006, #4524, #7418 ) ) ;
#515 = CARTESIAN_POINT ( 'NONE',  ( -13.07789302836373402, 0.000000000000000000, 39.35114978080439130 ) ) ;
#516 = ORIENTED_EDGE ( 'NONE', *, *, #6015, .F. ) ;
#517 = CARTESIAN_POINT ( 'NONE',  ( -20.50000000000000355, 1.000000000000000000, -14.50000000000004086 ) ) ;
#518 = CARTESIAN_POINT ( 'NONE',  ( -12.04794859222061021, 0.000000000000000000, 40.34090303210286521 ) ) ;
#519 = CARTESIAN_POINT ( 'NONE',  ( -3.121801229433724956, 1.000000000000000000, 41.08063309869420010 ) ) ;
#520 = EDGE_CURVE ( 'NONE', #3659, #410, #471, .T. ) ;
#521 = AXIS2_PLACEMENT_3D ( 'NONE', #5804, #219, #754 ) ;
#522 = FACE_OUTER_BOUND ( 'NONE', #7897, .T. ) ;
#523 = FACE_BOUND ( 'NONE', #2531, .T. ) ;
#524 = DIRECTION ( 'NONE',  ( 0.000000000000000000, -0.000000000000000000, -1.000000000000000000 ) ) ;
#525 = ORIENTED_EDGE ( 'NONE', *, *, #2906, .F. ) ;
#526 = CARTESIAN_POINT ( 'NONE',  ( -5.015265358092706904, 1.000000000000000000, 41.34338491910011726 ) ) ;
#527 = VERTEX_POINT ( 'NONE', #5441 ) ;
#528 = CARTESIAN_POINT ( 'NONE',  ( -20.00000000000000355, 0.000000000000000000, -14.50000000000004086 ) ) ;
#529 = EDGE_CURVE ( 'NONE', #4960, #2696, #1610, .T. ) ;
#530 = EDGE_CURVE ( 'NONE', #5538, #4726, #4859, .T. ) ;
#531 = ORIENTED_EDGE ( 'NONE', *, *, #6207, .T. ) ;
#532 = CARTESIAN_POINT ( 'NONE',  ( 1.324680917913261480, 1.000000000000000000, 39.92353822782441597 ) ) ;
#533 = EDGE_CURVE ( 'NONE', #2565, #1501, #6597, .T. ) ;
#534 = CARTESIAN_POINT ( 'NONE',  ( -10.16156595613018077, 1.000000000000000000, 41.26281078938649216 ) ) ;
#535 = DIRECTION ( 'NONE',  ( 0.000000000000000000, 0.000000000000000000, 1.000000000000000000 ) ) ;
#536 = VECTOR ( 'NONE', #4312, 1000.000000000000000 ) ;
#537 = CARTESIAN_POINT ( 'NONE',  ( -20.50000000000000355, 1.000000000000000000, -15.50000000000004086 ) ) ;
#538 = ADVANCED_FACE ( 'NONE', ( #7890 ), #6290, .T. ) ;
#539 = VERTEX_POINT ( 'NONE', #1161 ) ;
#540 = DIRECTION ( 'NONE',  ( 0.000000000000000000, 0.000000000000000000, 1.000000000000000000 ) ) ;
#541 = CARTESIAN_POINT ( 'NONE',  ( -5.322340952355658850, 0.000000000000000000, 39.40921460729319392 ) ) ;
#542 = DIRECTION ( 'NONE',  ( 0.000000000000000000, 0.000000000000000000, 1.000000000000000000 ) ) ;
#543 = LINE ( 'NONE', #317, #7777 ) ;
#544 = DIRECTION ( 'NONE',  ( 0.000000000000000000, 0.000000000000000000, -1.000000000000000000 ) ) ;
#545 = DIRECTION ( 'NONE',  ( -0.000000000000000000, -1.000000000000000000, -0.000000000000000000 ) ) ;
#546 = EDGE_LOOP ( 'NONE', ( #841, #7992, #4155, #1037 ) ) ;
#547 = PLANE ( 'NONE',  #3182 ) ;
#548 = CARTESIAN_POINT ( 'NONE',  ( -6.799649897467602955, 0.000000000000000000, 41.63291854017213467 ) ) ;
#549 = CARTESIAN_POINT ( 'NONE',  ( -7.525000000000000355, 2.000000000000000000, 24.77499999999999858 ) ) ;
#550 = LINE ( 'NONE', #4169, #2817 ) ;
#551 = DIRECTION ( 'NONE',  ( 0.000000000000000000, 0.000000000000000000, 1.000000000000000000 ) ) ;
#552 = CARTESIAN_POINT ( 'NONE',  ( -5.390571355204873072, 1.000000000000000000, 39.38081116844903562 ) ) ;
#553 = CARTESIAN_POINT ( 'NONE',  ( -5.860897197650010604, 0.000000000000000000, 41.69116160432315610 ) ) ;
#554 = CARTESIAN_POINT ( 'NONE',  ( 6.000000000000005329, 24.00000000000000000, 39.99999999999999289 ) ) ;
#555 = VERTEX_POINT ( 'NONE', #2988 ) ;
#556 = DIRECTION ( 'NONE',  ( -1.000000000000000000, 0.000000000000000000, 0.000000000000000000 ) ) ;
#557 = ORIENTED_EDGE ( 'NONE', *, *, #8048, .T. ) ;
#558 = CARTESIAN_POINT ( 'NONE',  ( -6.325183942123373981, 1.000000000000000000, 39.96187102888313802 ) ) ;
#559 = CARTESIAN_POINT ( 'NONE',  ( -13.12254975935153212, 1.000000000000000000, 39.43880160086681030 ) ) ;
#560 = CARTESIAN_POINT ( 'NONE',  ( -12.74248918307775291, 0.000000000000000000, 40.60854555426416113 ) ) ;
#561 = LINE ( 'NONE', #2304, #6868 ) ;
#562 = B_SPLINE_CURVE_WITH_KNOTS ( 'NONE', 3,
 ( #1345, #3378, #3296, #6373, #2723, #5216, #285, #3985, #7705, #5793, #2112, #4591, #739, #7096, #3824, #6331, #4675, #4711, #1697 ),
 .UNSPECIFIED., .F., .F.,
 ( 4, 1, 1, 1, 1, 1, 1, 1, 1, 1, 1, 1, 1, 1, 1, 1, 4 ),
 ( 0.000000000000000000, 0.06783476080002130704, 0.1331318760422834369, 0.1961004537276329895, 0.2577112487511462602, 0.3182335764741356932, 0.3784912559011866517, 0.4390372384234385028, 0.5009718130433356009, 0.5627891854896924784, 0.6237737777959446728, 0.6839424706586768599, 0.7444915047399522923, 0.8058159897780451386, 0.8684211412816833509, 0.9330763203446418297, 1.000000000000000000 ),
 .UNSPECIFIED. ) ;
#563 = CARTESIAN_POINT ( 'NONE',  ( -9.918857049744550736, 0.000000000000000000, 41.74364952252324912 ) ) ;
#564 = CARTESIAN_POINT ( 'NONE',  ( -8.143990389967262544, 0.000000000000000000, 38.98344318218652660 ) ) ;
#565 = EDGE_LOOP ( 'NONE', ( #6494, #5543, #6421, #1562 ) ) ;
#566 = CARTESIAN_POINT ( 'NONE',  ( 18.93923626713004538, 25.37270560060937896, 43.67313365323083474 ) ) ;
#567 = ORIENTED_EDGE ( 'NONE', *, *, #4943, .T. ) ;
#568 = CARTESIAN_POINT ( 'NONE',  ( -8.154040974098400341, 0.000000000000000000, 41.19090075861952016 ) ) ;
#569 = ORIENTED_EDGE ( 'NONE', *, *, #689, .T. ) ;
#570 = CARTESIAN_POINT ( 'NONE',  ( 17.50000000000000000, 0.000000000000000000, -40.99999999999999289 ) ) ;
#571 = EDGE_CURVE ( 'NONE', #2746, #1301, #1769, .T. ) ;
#572 = DIRECTION ( 'NONE',  ( -1.000000000000000000, 0.000000000000000000, 0.000000000000000000 ) ) ;
#573 = PLANE ( 'NONE',  #6791 ) ;
#574 = CARTESIAN_POINT ( 'NONE',  ( -11.99316053514356817, 1.000000000000000000, 39.39155368557223369 ) ) ;
#575 = ORIENTED_EDGE ( 'NONE', *, *, #7252, .T. ) ;
#576 = EDGE_CURVE ( 'NONE', #5926, #173, #6019, .T. ) ;
#577 = DIRECTION ( 'NONE',  ( -0.000000000000000000, -1.000000000000000000, -0.000000000000000000 ) ) ;
#578 = CARTESIAN_POINT ( 'NONE',  ( -2.709108999133828632, 0.000000000000000000, 38.89498084162867286 ) ) ;
#579 = CARTESIAN_POINT ( 'NONE',  ( -16.49999999999999645, 0.000000000000000000, 38.08197506309361557 ) ) ;
#580 = EDGE_CURVE ( 'NONE', #2939, #3090, #2870, .T. ) ;
#581 = DIRECTION ( 'NONE',  ( 1.000000000000000000, 0.000000000000000000, 0.000000000000000000 ) ) ;
#582 = EDGE_CURVE ( 'NONE', #4438, #2014, #7930, .T. ) ;
#583 = ORIENTED_EDGE ( 'NONE', *, *, #4017, .T. ) ;
#584 = DIRECTION ( 'NONE',  ( 0.000000000000000000, -0.000000000000000000, 1.000000000000000000 ) ) ;
#585 = CARTESIAN_POINT ( 'NONE',  ( -8.455303753858736115, 1.000000000000000000, 39.44350706053320010 ) ) ;
#586 = VECTOR ( 'NONE', #7007, 1000.000000000000000 ) ;
#587 = VECTOR ( 'NONE', #5373, 1000.000000000000000 ) ;
#588 = VERTEX_POINT ( 'NONE', #1690 ) ;
#589 = LINE ( 'NONE', #3191, #5007 ) ;
#590 = DIRECTION ( 'NONE',  ( 0.9889363528682919569, 0.000000000000000000, 0.1483404529302818631 ) ) ;
#591 = DIRECTION ( 'NONE',  ( 1.239088197126291063E-16, 0.000000000000000000, 1.000000000000000000 ) ) ;
#592 = LINE ( 'NONE', #1933, #5304 ) ;
#593 = CARTESIAN_POINT ( 'NONE',  ( -5.623523281146955988, 0.000000000000000000, 38.82986442268668270 ) ) ;
#594 = VECTOR ( 'NONE', #5235, 1000.000000000000000 ) ;
#595 = VECTOR ( 'NONE', #4276, 1000.000000000000000 ) ;
#596 = VECTOR ( 'NONE', #2441, 1000.000000000000000 ) ;
#597 = DIRECTION ( 'NONE',  ( 0.000000000000000000, 0.000000000000000000, 1.000000000000000000 ) ) ;
#598 = DIRECTION ( 'NONE',  ( -0.000000000000000000, -1.000000000000000000, -0.000000000000000000 ) ) ;
#599 = VECTOR ( 'NONE', #6363, 1000.000000000000000 ) ;
#600 = ORIENTED_EDGE ( 'NONE', *, *, #2773, .T. ) ;
#601 = CARTESIAN_POINT ( 'NONE',  ( -7.826415757015599439, 1.000000000000000000, 41.84561132268298422 ) ) ;
#602 = ORIENTED_EDGE ( 'NONE', *, *, #1479, .T. ) ;
#603 = CARTESIAN_POINT ( 'NONE',  ( -5.857498725272484386, 0.000000000000000000, 39.38194406229027322 ) ) ;
#604 = CARTESIAN_POINT ( 'NONE',  ( -12.43299988338930717, 1.000000000000000000, 40.19513745864936993 ) ) ;
#605 = CARTESIAN_POINT ( 'NONE',  ( -20.50000000000000355, 0.5000000000000000000, -44.00000000000000000 ) ) ;
#606 = FACE_OUTER_BOUND ( 'NONE', #6505, .T. ) ;
#607 = CARTESIAN_POINT ( 'NONE',  ( -10.21290261900270480, 1.000000000000000000, 40.83493306543919488 ) ) ;
#608 = CARTESIAN_POINT ( 'NONE',  ( -6.243242426141363488, 0.000000000000000000, 39.72928893388636595 ) ) ;
#609 = ORIENTED_EDGE ( 'NONE', *, *, #1122, .T. ) ;
#610 = CARTESIAN_POINT ( 'NONE',  ( -2.845046675454771634, 1.000000000000000000, 42.14747470112353511 ) ) ;
#611 = VERTEX_POINT ( 'NONE', #1042 ) ;
#612 = CARTESIAN_POINT ( 'NONE',  ( -5.704891215557157835, 1.000000000000000000, 39.35075519117447840 ) ) ;
#613 = EDGE_LOOP ( 'NONE', ( #7975, #978, #4975, #5062 ) ) ;
#614 = VECTOR ( 'NONE', #7865, 1000.000000000000000 ) ;
#615 = DIRECTION ( 'NONE',  ( 0.000000000000000000, 0.000000000000000000, 1.000000000000000000 ) ) ;
#616 = CARTESIAN_POINT ( 'NONE',  ( -12.86899862219522284, 0.000000000000000000, 40.66755302084575163 ) ) ;
#617 = DIRECTION ( 'NONE',  ( 1.000000000000000000, 0.000000000000000000, -0.000000000000000000 ) ) ;
#618 = CARTESIAN_POINT ( 'NONE',  ( 5.000000000000000888, 0.3000000000000001554, -38.50000000000002132 ) ) ;
#619 = EDGE_LOOP ( 'NONE', ( #3757, #6796 ) ) ;
#620 = DIRECTION ( 'NONE',  ( -1.000000000000000000, 0.000000000000000000, 0.000000000000000000 ) ) ;
#621 = CARTESIAN_POINT ( 'NONE',  ( -4.935715435780513971, 0.000000000000000000, 39.96094187914432894 ) ) ;
#622 = EDGE_CURVE ( 'NONE', #1269, #2575, #7399, .T. ) ;
#623 = CARTESIAN_POINT ( 'NONE',  ( -4.247654629992202224, 1.000000000000000000, 40.83493306543919488 ) ) ;
#624 = EDGE_CURVE ( 'NONE', #1182, #4998, #5521, .T. ) ;
#625 = DIRECTION ( 'NONE',  ( 0.000000000000000000, 0.000000000000000000, -1.000000000000000000 ) ) ;
#626 = CARTESIAN_POINT ( 'NONE',  ( -12.06091977755754208, 1.000000000000000000, 40.86089534692937519 ) ) ;
#627 = VECTOR ( 'NONE', #5290, 1000.000000000000000 ) ;
#628 = AXIS2_PLACEMENT_3D ( 'NONE', #4133, #6635, #6105 ) ;
#629 = VERTEX_POINT ( 'NONE', #3597 ) ;
#630 = DIRECTION ( 'NONE',  ( -0.000000000000000000, -1.000000000000000000, -0.000000000000000000 ) ) ;
#631 = CARTESIAN_POINT ( 'NONE',  ( -9.474225585137016736, 1.000000000000000000, 41.26930175355269625 ) ) ;
#632 = ADVANCED_FACE ( 'NONE', ( #1729 ), #4737, .F. ) ;
#633 = CARTESIAN_POINT ( 'NONE',  ( -8.133023547590578772, 1.000000000000000000, 39.96094187914432183 ) ) ;
#634 = DIRECTION ( 'NONE',  ( 1.000000000000000000, 0.000000000000000000, 0.000000000000000000 ) ) ;
#635 = EDGE_CURVE ( 'NONE', #6369, #6332, #6709, .T. ) ;
#636 = CARTESIAN_POINT ( 'NONE',  ( -6.963087056531314545, 0.000000000000000000, 39.81188535139720841 ) ) ;
#637 = EDGE_CURVE ( 'NONE', #7908, #3243, #7969, .T. ) ;
#638 = DIRECTION ( 'NONE',  ( 1.000000000000000000, 0.000000000000000000, 0.000000000000000000 ) ) ;
#639 = DIRECTION ( 'NONE',  ( 0.000000000000000000, 0.000000000000000000, 1.000000000000000000 ) ) ;
#640 = ORIENTED_EDGE ( 'NONE', *, *, #6903, .F. ) ;
#641 = CARTESIAN_POINT ( 'NONE',  ( -7.496739086853851930, 0.000000000000000000, 41.26258314496016055 ) ) ;
#642 = ORIENTED_EDGE ( 'NONE', *, *, #6811, .F. ) ;
#643 = CARTESIAN_POINT ( 'NONE',  ( -1.279882995803637735, 1.000000000000000000, 38.87307128906249432 ) ) ;
#644 = LINE ( 'NONE', #1133, #2705 ) ;
#645 = CARTESIAN_POINT ( 'NONE',  ( -6.349543230571986996, 0.000000000000000000, 40.92878304598652761 ) ) ;
#646 = DIRECTION ( 'NONE',  ( 0.000000000000000000, 0.000000000000000000, -1.000000000000000000 ) ) ;
#647 = CARTESIAN_POINT ( 'NONE',  ( -9.996958009277673085, 0.000000000000000000, 41.63291854017214888 ) ) ;
#648 = DIRECTION ( 'NONE',  ( -0.5074448117530484526, 0.000000000000000000, 0.8616842594738012284 ) ) ;
#649 = ORIENTED_EDGE ( 'NONE', *, *, #1922, .F. ) ;
#650 = DIRECTION ( 'NONE',  ( 0.000000000000000000, 0.000000000000000000, 1.000000000000000000 ) ) ;
#651 = VERTEX_POINT ( 'NONE', #1004 ) ;
#652 = CARTESIAN_POINT ( 'NONE',  ( -5.070479970654021784, 0.000000000000000000, 42.14572451139514442 ) ) ;
#653 = VECTOR ( 'NONE', #6002, 1000.000000000000000 ) ;
#654 = B_SPLINE_CURVE_WITH_KNOTS ( 'NONE', 3,
 ( #871, #6350, #3308, #3235, #7600, #7073, #2049, #7036, #3882, #2003, #7113, #302, #6510, #6427, #4482, #1403, #221, #2089, #179 ),
 .UNSPECIFIED., .F., .F.,
 ( 4, 1, 1, 1, 1, 1, 1, 1, 1, 1, 1, 1, 1, 1, 1, 1, 4 ),
 ( 0.000000000000000000, 0.08165513800375961972, 0.1586537995249809596, 0.2312574998216623268, 0.2983684890556113078, 0.3628935140114161184, 0.4224805491741313035, 0.4798809901063415539, 0.5358714627918198525, 0.5901339013618933649, 0.6429089031005708055, 0.6968079661654269508, 0.7526733735533781555, 0.8094553955144911939, 0.8696541661594477945, 0.9330281216425050372, 0.9999999999999998890 ),
 .UNSPECIFIED. ) ;
#655 = EDGE_LOOP ( 'NONE', ( #2736, #7324, #5015 ) ) ;
#656 = CARTESIAN_POINT ( 'NONE',  ( -2.469028257614060085, 1.000000000000000000, 38.87420266041139172 ) ) ;
#657 = CARTESIAN_POINT ( 'NONE',  ( 11.65000000000000036, 5.000000000000000000, -39.90000000000001990 ) ) ;
#658 = CARTESIAN_POINT ( 'NONE',  ( -2.385033624822445297, 1.000000000000000000, 41.68151760349024926 ) ) ;
#659 = CARTESIAN_POINT ( 'NONE',  ( 20.49999999999999645, 0.5000000000000000000, 40.99999999999999289 ) ) ;
#660 = VERTEX_POINT ( 'NONE', #6056 ) ;
#661 = CARTESIAN_POINT ( 'NONE',  ( -9.546851342382055350, 1.000000000000000000, 40.92878304598654182 ) ) ;
#662 = CARTESIAN_POINT ( 'NONE',  ( -1.945538780905986309, 1.000000000000000000, 39.39155368557223369 ) ) ;
#663 = ORIENTED_EDGE ( 'NONE', *, *, #186, .T. ) ;
#664 = LINE ( 'NONE', #3756, #7168 ) ;
#665 = ADVANCED_FACE ( 'NONE', ( #5983 ), #5363, .T. ) ;
#666 = VERTEX_POINT ( 'NONE', #1325 ) ;
#667 = CARTESIAN_POINT ( 'NONE',  ( -12.54055446861018908, 1.000000000000000000, 41.21774020021141638 ) ) ;
#668 = ORIENTED_EDGE ( 'NONE', *, *, #2171, .F. ) ;
#669 = VERTEX_POINT ( 'NONE', #6958 ) ;
#670 = CARTESIAN_POINT ( 'NONE',  ( -3.814453231110129572, -0.000000000000000000, 40.86334080205804042 ) ) ;
#671 = CARTESIAN_POINT ( 'NONE',  ( -7.014486533966848292, -0.000000000000000000, 40.88472762824026319 ) ) ;
#672 = DIRECTION ( 'NONE',  ( 0.000000000000000000, 0.000000000000000000, 1.000000000000000000 ) ) ;
#673 = CARTESIAN_POINT ( 'NONE',  ( -5.675797107724261714, 1.000000000000000000, 42.24215401961486549 ) ) ;
#674 = VECTOR ( 'NONE', #129, 1000.000000000000000 ) ;
#675 = CARTESIAN_POINT ( 'NONE',  ( -7.014461490717955883, 0.000000000000000000, 40.18857519758690700 ) ) ;
#676 = CARTESIAN_POINT ( 'NONE',  ( 4.119968255444916849E-15, 19.25000000000000355, 39.99999999999999289 ) ) ;
#677 = EDGE_CURVE ( 'NONE', #1423, #3900, #2454, .T. ) ;
#678 = LINE ( 'NONE', #3031, #4749 ) ;
#679 = ORIENTED_EDGE ( 'NONE', *, *, #2207, .T. ) ;
#680 = CARTESIAN_POINT ( 'NONE',  ( -4.832795841804705894, 0.000000000000000000, 39.05288680998296513 ) ) ;
#681 = ORIENTED_EDGE ( 'NONE', *, *, #3467, .F. ) ;
#682 = CARTESIAN_POINT ( 'NONE',  ( 3.903127820947815962E-15, 19.25000000000000000, 39.99999999999999289 ) ) ;
#683 = CARTESIAN_POINT ( 'NONE',  ( -13.20020821340926176, 0.000000000000000000, 39.81118044994734362 ) ) ;
#684 = CARTESIAN_POINT ( 'NONE',  ( -6.160934828942357555, 0.000000000000000000, 41.47669141429479822 ) ) ;
#685 = EDGE_CURVE ( 'NONE', #6538, #4, #4942, .T. ) ;
#686 = PLANE ( 'NONE',  #3732 ) ;
#687 = EDGE_CURVE ( 'NONE', #1467, #2516, #4452, .T. ) ;
#688 = CARTESIAN_POINT ( 'NONE',  ( -10.11849518362360634, 1.000000000000000000, 41.39259482211423347 ) ) ;
#689 = EDGE_CURVE ( 'NONE', #3659, #4, #3109, .T. ) ;
#690 = DIRECTION ( 'NONE',  ( 1.000000000000000000, -0.000000000000000000, 0.000000000000000000 ) ) ;
#691 = VECTOR ( 'NONE', #7121, 1000.000000000000000 ) ;
#692 = ORIENTED_EDGE ( 'NONE', *, *, #5669, .F. ) ;
#693 = CARTESIAN_POINT ( 'NONE',  ( -5.394065144949816926, 1.000000000000000000, 41.69100458942323684 ) ) ;
#694 = ORIENTED_EDGE ( 'NONE', *, *, #4307, .T. ) ;
#695 = CARTESIAN_POINT ( 'NONE',  ( 0.000000000000000000, 0.000000000000000000, 0.000000000000000000 ) ) ;
#696 = EDGE_LOOP ( 'NONE', ( #3719, #3398, #4880, #6149 ) ) ;
#697 = CARTESIAN_POINT ( 'NONE',  ( -11.65000000000000036, 5.000000000000000000, -39.90000000000001990 ) ) ;
#698 = VECTOR ( 'NONE', #2468, 1000.000000000000000 ) ;
#699 = PLANE ( 'NONE',  #1891 ) ;
#700 = CARTESIAN_POINT ( 'NONE',  ( -12.53000374477614010, 0.000000000000000000, 39.98693370578899220 ) ) ;
#701 = LINE ( 'NONE', #5057, #7492 ) ;
#702 = ORIENTED_EDGE ( 'NONE', *, *, #4905, .T. ) ;
#703 = CARTESIAN_POINT ( 'NONE',  ( 0.5000000000000004441, 2.000000000000000000, 29.68303989154977529 ) ) ;
#704 = FACE_OUTER_BOUND ( 'NONE', #6798, .T. ) ;
#705 = ORIENTED_EDGE ( 'NONE', *, *, #6486, .T. ) ;
#706 = PLANE ( 'NONE',  #2983 ) ;
#707 = VERTEX_POINT ( 'NONE', #4328 ) ;
#708 = CARTESIAN_POINT ( 'NONE',  ( -12.50565553840695365, 1.000000000000000000, 41.12008747361034011 ) ) ;
#709 = VERTEX_POINT ( 'NONE', #1364 ) ;
#710 = B_SPLINE_SURFACE_WITH_KNOTS ( 'NONE', 3, 1, ( 
 ( #6674, #2375 ),
 ( #2226, #5948 ),
 ( #4822, #4783 ),
 ( #7205, #3560 ),
 ( #1084, #7364 ),
 ( #2838, #6636 ),
 ( #476, #2258 ),
 ( #4741, #7243 ),
 ( #1773, #4134 ),
 ( #3444, #1044 ),
 ( #3522, #6023 ),
 ( #434, #5445 ),
 ( #7894, #2296 ),
 ( #7282, #1692 ),
 ( #5650, #8059 ),
 ( #4376, #3075 ),
 ( #5569, #3727 ),
 ( #6757, #5524 ),
 ( #3807, #1936 ) ),
 .UNSPECIFIED., .F., .F., .F.,
 ( 4, 1, 1, 1, 1, 1, 1, 1, 1, 1, 1, 1, 1, 1, 1, 1, 4 ),
 ( 2, 2 ),
 ( 0.000000000000000000, 0.06783476080002165398, 0.1331318760422837422, 0.1961004537276329063, 0.2577112487511464822, 0.3182335764741359152, 0.3784912559011868183, 0.4390372384234389469, 0.5009718130433357119, 0.5627891854896923673, 0.6237737777959448948, 0.6839424706586768599, 0.7444915047399524033, 0.8058159897780450276, 0.8684211412816832398, 0.9330763203446418297, 1.000000000000000000 ),
 ( 0.000000000000000000, 1.000000000000000000 ),
 .UNSPECIFIED. ) ;
#711 = ORIENTED_EDGE ( 'NONE', *, *, #2177, .F. ) ;
#712 = LINE ( 'NONE', #7566, #2793 ) ;
#713 = CARTESIAN_POINT ( 'NONE',  ( -6.921187071813537095, 0.000000000000000000, 41.39259482211423347 ) ) ;
#714 = CARTESIAN_POINT ( 'NONE',  ( -3.070975182948192828, 1.000000000000000000, 39.83354105273711809 ) ) ;
#715 = CARTESIAN_POINT ( 'NONE',  ( -10.74218673210639530, 1.000000000000000000, 42.19999999999999574 ) ) ;
#716 = CARTESIAN_POINT ( 'NONE',  ( -6.422321384578626002, 1.000000000000000000, 39.05285795492782341 ) ) ;
#717 = VECTOR ( 'NONE', #6180, 1000.000000000000000 ) ;
#718 = DIRECTION ( 'NONE',  ( -0.000000000000000000, 1.000000000000000000, -0.000000000000000000 ) ) ;
#719 = DIRECTION ( 'NONE',  ( 0.000000000000000000, 0.000000000000000000, 1.000000000000000000 ) ) ;
#720 = ORIENTED_EDGE ( 'NONE', *, *, #3762, .T. ) ;
#721 = DIRECTION ( 'NONE',  ( -0.000000000000000000, -1.000000000000000000, -0.000000000000000000 ) ) ;
#722 = ORIENTED_EDGE ( 'NONE', *, *, #3649, .T. ) ;
#723 = DIRECTION ( 'NONE',  ( 0.8591433408540535277, 0.000000000000000000, 0.5117350094200469046 ) ) ;
#724 = DIRECTION ( 'NONE',  ( 1.000000000000000000, 0.000000000000000000, 0.000000000000000000 ) ) ;
#725 = CARTESIAN_POINT ( 'NONE',  ( -6.349543230571986996, 1.000000000000000000, 40.92878304598652761 ) ) ;
#726 = CIRCLE ( 'NONE', #6197, 0.5000000000000004441 ) ;
#727 = VECTOR ( 'NONE', #2175, 1000.000000000000000 ) ;
#728 = ADVANCED_FACE ( 'NONE', ( #2536 ), #1366, .T. ) ;
#729 = CIRCLE ( 'NONE', #7761, 2.999999999999999112 ) ;
#730 = DIRECTION ( 'NONE',  ( 1.000000000000000000, 0.000000000000000000, 0.000000000000000000 ) ) ;
#731 = CARTESIAN_POINT ( 'NONE',  ( -9.115868248705591981, 0.000000000000000000, 42.22049188216874427 ) ) ;
#732 = EDGE_CURVE ( 'NONE', #2748, #5025, #8055, .T. ) ;
#733 = DIRECTION ( 'NONE',  ( -0.000000000000000000, -1.000000000000000000, -0.000000000000000000 ) ) ;
#734 = VECTOR ( 'NONE', #2270, 1000.000000000000000 ) ;
#735 = ORIENTED_EDGE ( 'NONE', *, *, #1112, .T. ) ;
#736 = CARTESIAN_POINT ( 'NONE',  ( -3.096994002659582801, 1.000000000000000000, 42.05072138570804441 ) ) ;
#737 = VERTEX_POINT ( 'NONE', #4415 ) ;
#738 = LINE ( 'NONE', #7589, #7361 ) ;
#739 = CARTESIAN_POINT ( 'NONE',  ( -6.866346012793241194, 1.000000000000000000, 39.55829294552089692 ) ) ;
#740 = EDGE_CURVE ( 'NONE', #709, #3666, #1890, .T. ) ;
#741 = AXIS2_PLACEMENT_3D ( 'NONE', #3025, #1887, #4325 ) ;
#742 = EDGE_CURVE ( 'NONE', #6563, #1402, #6920, .T. ) ;
#743 = EDGE_LOOP ( 'NONE', ( #5346, #7501, #6328, #3213, #5833, #7917, #998, #2320, #4227, #2710, #6677, #2050 ) ) ;
#744 = CARTESIAN_POINT ( 'NONE',  ( -8.143990389967262544, 1.000000000000000000, 38.98344318218652660 ) ) ;
#745 = B_SPLINE_CURVE_WITH_KNOTS ( 'NONE', 3,
 ( #4369, #670, #3144, #5644, #5027, #7525, #1930, #1967, #4449, #5517, #8003, #7397, #4569, #7770, #6998, #5153, #5237, #1406, #832 ),
 .UNSPECIFIED., .F., .F.,
 ( 4, 1, 1, 1, 1, 1, 1, 1, 1, 1, 1, 1, 1, 1, 1, 1, 4 ),
 ( 0.000000000000000000, 0.06794493716412419726, 0.1329963633457003913, 0.1957546515378124075, 0.2573556140642163093, 0.3175654473667056110, 0.3778800306114095675, 0.4384306039546655431, 0.5001043934369067134, 0.5620452374073775514, 0.6227284889903226262, 0.6831530576973183777, 0.7435149127717378681, 0.8049242936207946508, 0.8676147442630081086, 0.9326661704445839973, 1.000000000000000000 ),
 .UNSPECIFIED. ) ;
#746 = CARTESIAN_POINT ( 'NONE',  ( -12.80814740002413821, 1.000000000000000000, 40.63673712748850875 ) ) ;
#747 = CARTESIAN_POINT ( 'NONE',  ( -13.22320601227995596, 1.000000000000000000, 41.63155966424321974 ) ) ;
#748 = CIRCLE ( 'NONE', #474, 2.999999999999999112 ) ;
#749 = LINE ( 'NONE', #4523, #2920 ) ;
#750 = ORIENTED_EDGE ( 'NONE', *, *, #3869, .F. ) ;
#751 = CARTESIAN_POINT ( 'NONE',  ( -5.145156753558784324, 1.000000000000000000, 39.53714583903604307 ) ) ;
#752 = CARTESIAN_POINT ( 'NONE',  ( -3.814447738981405323, 1.000000000000000000, 40.21265535997371643 ) ) ;
#753 = EDGE_LOOP ( 'NONE', ( #4841, #3514, #3922, #1179 ) ) ;
#754 = DIRECTION ( 'NONE',  ( -1.000000000000000000, 0.000000000000000000, 0.000000000000000000 ) ) ;
#755 = ORIENTED_EDGE ( 'NONE', *, *, #3313, .F. ) ;
#756 = CARTESIAN_POINT ( 'NONE',  ( -8.211958864812951120, 1.000000000000000000, 39.72779942703726164 ) ) ;
#757 = VERTEX_POINT ( 'NONE', #3965 ) ;
#758 = DIRECTION ( 'NONE',  ( 0.000000000000000000, -0.000000000000000000, 1.000000000000000000 ) ) ;
#759 = LINE ( 'NONE', #3238, #5156 ) ;
#760 = CARTESIAN_POINT ( 'NONE',  ( -2.835478529406902926, 0.000000000000000000, 39.52630200732073007 ) ) ;
#761 = CARTESIAN_POINT ( 'NONE',  ( -6.993675077343516122, 1.000000000000000000, 39.94826238671202390 ) ) ;
#762 = DIRECTION ( 'NONE',  ( 0.000000000000000000, -1.000000000000000000, 0.000000000000000000 ) ) ;
#763 = AXIS2_PLACEMENT_3D ( 'NONE', #2744, #4536, #228 ) ;
#764 = DIRECTION ( 'NONE',  ( 0.000000000000000000, 1.000000000000000000, 0.000000000000000000 ) ) ;
#765 = ORIENTED_EDGE ( 'NONE', *, *, #4341, .F. ) ;
#766 = CARTESIAN_POINT ( 'NONE',  ( -4.946682278157195967, 0.000000000000000000, 38.98344318218652660 ) ) ;
#767 = ORIENTED_EDGE ( 'NONE', *, *, #2011, .T. ) ;
#768 = LINE ( 'NONE', #5745, #7503 ) ;
#769 = CARTESIAN_POINT ( 'NONE',  ( -12.53797211585106908, 0.000000000000000000, 39.88033136144860435 ) ) ;
#770 = CARTESIAN_POINT ( 'NONE',  ( -5.625548603008321713, 1.000000000000000000, 41.72472446986606798 ) ) ;
#771 = DIRECTION ( 'NONE',  ( 1.000000000000000000, 0.000000000000000000, 0.000000000000000000 ) ) ;
#772 = CARTESIAN_POINT ( 'NONE',  ( -12.54055446861018908, 1.000000000000000000, 41.21774020021141638 ) ) ;
#773 = CARTESIAN_POINT ( 'NONE',  ( -6.350249354093224774, -0.000000000000000000, 40.20052702401105194 ) ) ;
#774 = EDGE_CURVE ( 'NONE', #4764, #6232, #7079, .T. ) ;
#775 = ORIENTED_EDGE ( 'NONE', *, *, #4667, .F. ) ;
#776 = CARTESIAN_POINT ( 'NONE',  ( -3.793871375374599619, 1.000000000000000000, 41.10441885722578803 ) ) ;
#777 = ORIENTED_EDGE ( 'NONE', *, *, #2119, .F. ) ;
#778 = CARTESIAN_POINT ( 'NONE',  ( -4.727336352657547813, 0.000000000000000000, 41.93943188650531795 ) ) ;
#779 = CARTESIAN_POINT ( 'NONE',  ( -9.305001309962182887, 1.000000000000000000, 39.53825140067257848 ) ) ;
#780 = VERTEX_POINT ( 'NONE', #4491 ) ;
#781 = DIRECTION ( 'NONE',  ( 0.000000000000000000, 0.000000000000000000, 1.000000000000000000 ) ) ;
#782 = DIRECTION ( 'NONE',  ( -1.084202172485503571E-16, 0.000000000000000000, 1.000000000000000000 ) ) ;
#783 = CARTESIAN_POINT ( 'NONE',  ( 20.49999999999999645, 26.00000000000000355, -15.50000000000004086 ) ) ;
#784 = EDGE_CURVE ( 'NONE', #4708, #7407, #3278, .T. ) ;
#785 = CARTESIAN_POINT ( 'NONE',  ( -13.49999999999999822, 0.000000000000000000, -22.50000000000002132 ) ) ;
#786 = ORIENTED_EDGE ( 'NONE', *, *, #4341, .T. ) ;
#787 = EDGE_CURVE ( 'NONE', #7950, #2719, #5853, .T. ) ;
#788 = ORIENTED_EDGE ( 'NONE', *, *, #6659, .F. ) ;
#789 = AXIS2_PLACEMENT_3D ( 'NONE', #97, #3233, #3955 ) ;
#790 = EDGE_CURVE ( 'NONE', #5477, #1850, #5776, .T. ) ;
#791 = PLANE ( 'NONE',  #5864 ) ;
#792 = ORIENTED_EDGE ( 'NONE', *, *, #2416, .T. ) ;
#793 = CARTESIAN_POINT ( 'NONE',  ( -8.396405928901764071, 1.000000000000000000, 39.48636578538302899 ) ) ;
#794 = VERTEX_POINT ( 'NONE', #1409 ) ;
#795 = CARTESIAN_POINT ( 'NONE',  ( 4.176073880299687069, 0.9819660112500995242, 27.02500000000000213 ) ) ;
#796 = CARTESIAN_POINT ( 'NONE',  ( -12.32293490107982059, 1.000000000000000000, 39.46482750425766284 ) ) ;
#797 = CARTESIAN_POINT ( 'NONE',  ( -2.414090638984117465, 1.000000000000000000, 39.39242812109369396 ) ) ;
#798 = DIRECTION ( 'NONE',  ( -0.000000000000000000, -1.000000000000000000, -0.000000000000000000 ) ) ;
#799 = PLANE ( 'NONE',  #763 ) ;
#800 = CARTESIAN_POINT ( 'NONE',  ( -5.070479970654021784, 0.000000000000000000, 42.14572451139514442 ) ) ;
#801 = EDGE_LOOP ( 'NONE', ( #5094, #2528, #4148, #1786 ) ) ;
#802 = CARTESIAN_POINT ( 'NONE',  ( -12.55822533446472988, 1.000000000000000000, 41.62683391323336934 ) ) ;
#803 = VERTEX_POINT ( 'NONE', #2094 ) ;
#804 = VECTOR ( 'NONE', #6738, 1000.000000000000227 ) ;
#805 = CARTESIAN_POINT ( 'NONE',  ( -6.055772742852389534, 0.000000000000000000, 42.18996141059078298 ) ) ;
#806 = CARTESIAN_POINT ( 'NONE',  ( 19.49999999999999645, 26.00000000000000355, -14.50000000000004086 ) ) ;
#807 = CARTESIAN_POINT ( 'NONE',  ( -12.42328055138422371, 0.000000000000000000, 40.99896127141653324 ) ) ;
#808 = CARTESIAN_POINT ( 'NONE',  ( -10.06365412460330511, 0.000000000000000000, 39.55829294552088982 ) ) ;
#809 = CARTESIAN_POINT ( 'NONE',  ( -12.48314576540662735, 1.000000000000000000, 41.07561947919430168 ) ) ;
#810 = CARTESIAN_POINT ( 'NONE',  ( -9.192791543303609814, 0.000000000000000000, 41.62894252004939233 ) ) ;
#811 = ORIENTED_EDGE ( 'NONE', *, *, #790, .T. ) ;
#812 = DIRECTION ( 'NONE',  ( 0.000000000000000000, 0.000000000000000000, -1.000000000000000000 ) ) ;
#813 = ORIENTED_EDGE ( 'NONE', *, *, #2945, .F. ) ;
#814 = CARTESIAN_POINT ( 'NONE',  ( -13.20596893479630829, 1.000000000000000000, 41.17317999644649973 ) ) ;
#815 = CARTESIAN_POINT ( 'NONE',  ( -9.547557465903290463, -0.000000000000000000, 40.20052702401105194 ) ) ;
#816 = VERTEX_POINT ( 'NONE', #3926 ) ;
#817 = PLANE ( 'NONE',  #7724 ) ;
#818 = CIRCLE ( 'NONE', #1070, 2.500000000000002220 ) ;
#819 = DIRECTION ( 'NONE',  ( 0.000000000000000000, 0.000000000000000000, -1.000000000000000000 ) ) ;
#820 = CARTESIAN_POINT ( 'NONE',  ( -30.90413761649823954, 8.285055587643343600, -14.50000000000004086 ) ) ;
#821 = PLANE ( 'NONE',  #7184 ) ;
#822 = DIRECTION ( 'NONE',  ( 1.000000000000000000, 0.000000000000000000, 0.000000000000000000 ) ) ;
#823 = ORIENTED_EDGE ( 'NONE', *, *, #3372, .F. ) ;
#824 = ORIENTED_EDGE ( 'NONE', *, *, #2508, .T. ) ;
#825 = VECTOR ( 'NONE', #6215, 1000.000000000000000 ) ;
#826 = ADVANCED_FACE ( 'NONE', ( #7002 ), #5197, .T. ) ;
#827 = DIRECTION ( 'NONE',  ( -1.000000000000000000, 0.000000000000000000, -0.000000000000000000 ) ) ;
#828 = EDGE_CURVE ( 'NONE', #7725, #803, #1673, .T. ) ;
#829 = EDGE_LOOP ( 'NONE', ( #663, #2059, #2524, #3942, #2572, #7092 ) ) ;
#830 = CARTESIAN_POINT ( 'NONE',  ( -8.109230760797112580, 0.000000000000000000, 40.13825685875954719 ) ) ;
#831 = ORIENTED_EDGE ( 'NONE', *, *, #6483, .T. ) ;
#832 = CARTESIAN_POINT ( 'NONE',  ( -2.419464096465670622, 0.000000000000000000, 42.19999999999999574 ) ) ;
#833 = DIRECTION ( 'NONE',  ( -1.000000000000000000, 0.000000000000000000, -0.000000000000000000 ) ) ;
#834 = CARTESIAN_POINT ( 'NONE',  ( 3.345277028269577180, 0.000000000000000000, 42.19999999999999574 ) ) ;
#835 = EDGE_CURVE ( 'NONE', #6912, #7181, #3887, .T. ) ;
#836 = PLANE ( 'NONE',  #3287 ) ;
#837 = CARTESIAN_POINT ( 'NONE',  ( 11.65000000000000036, 5.000000000000000000, -14.60000000000001918 ) ) ;
#838 = CARTESIAN_POINT ( 'NONE',  ( -8.820831392957019901, 1.000000000000000000, 39.34834681919642208 ) ) ;
#839 = ORIENTED_EDGE ( 'NONE', *, *, #1392, .F. ) ;
#840 = CARTESIAN_POINT ( 'NONE',  ( -2.958039891549808065, 2.000000000000000000, 26.02499999999999858 ) ) ;
#841 = ORIENTED_EDGE ( 'NONE', *, *, #1519, .F. ) ;
#842 = CARTESIAN_POINT ( 'NONE',  ( -7.014486533966848292, 0.000000000000000000, 40.88472762824026319 ) ) ;
#843 = FACE_OUTER_BOUND ( 'NONE', #3497, .T. ) ;
#844 = DIRECTION ( 'NONE',  ( 0.000000000000000000, 0.000000000000000000, -1.000000000000000000 ) ) ;
#845 = PLANE ( 'NONE',  #5365 ) ;
#846 = CARTESIAN_POINT ( 'NONE',  ( -8.873105219534329180, 0.000000000000000000, 42.24215401961486549 ) ) ;
#847 = B_SPLINE_CURVE_WITH_KNOTS ( 'NONE', 3,
 ( #3761, #671, #2533, #1931, #7567, #713, #103, #548, #2742, #2092, #5278, #146, #4533, #1487, #916, #7646, #1407, #5154, #875 ),
 .UNSPECIFIED., .F., .F.,
 ( 4, 1, 1, 1, 1, 1, 1, 1, 1, 1, 1, 1, 1, 1, 1, 1, 4 ),
 ( 0.000000000000000000, 0.06725487302720212224, 0.1322381225825242645, 0.1948031581500086207, 0.2562468496294656450, 0.3166976563282773438, 0.3770420711781236056, 0.4378748038330633752, 0.4994890483826037730, 0.5612269675233089172, 0.6217977186905819798, 0.6819241721295511427, 0.7424712588206616726, 0.8038193238971660382, 0.8668136612825515508, 0.9321374888020109717, 1.000000000000000000 ),
 .UNSPECIFIED. ) ;
#848 = CARTESIAN_POINT ( 'NONE',  ( -2.749999999999996003, 16.50000000000000000, -44.00099999999999767 ) ) ;
#849 = ORIENTED_EDGE ( 'NONE', *, *, #3359, .T. ) ;
#850 = CARTESIAN_POINT ( 'NONE',  ( -2.894334285305907972, 1.000000000000000000, 39.57516126095884346 ) ) ;
#851 = ORIENTED_EDGE ( 'NONE', *, *, #883, .F. ) ;
#852 = CARTESIAN_POINT ( 'NONE',  ( -13.22283344101944103, 1.000000000000000000, 41.36060300094856501 ) ) ;
#853 = VECTOR ( 'NONE', #5287, 1000.000000000000000 ) ;
#854 = CARTESIAN_POINT ( 'NONE',  ( -8.107918097756128262, 1.000000000000000000, 40.23206225803919978 ) ) ;
#855 = VECTOR ( 'NONE', #6613, 1000.000000000000000 ) ;
#856 = ORIENTED_EDGE ( 'NONE', *, *, #6516, .F. ) ;
#857 = DIRECTION ( 'NONE',  ( 0.000000000000000000, 1.000000000000000000, -0.000000000000000000 ) ) ;
#858 = VECTOR ( 'NONE', #1568, 1000.000000000000000 ) ;
#859 = CARTESIAN_POINT ( 'NONE',  ( -6.055659521459856975, 1.000000000000000000, 41.58568926665001442 ) ) ;
#860 = VECTOR ( 'NONE', #5938, 1000.000000000000000 ) ;
#861 = CARTESIAN_POINT ( 'NONE',  ( -13.22210079120285009, 1.000000000000000000, 41.31234092979578776 ) ) ;
#862 = CARTESIAN_POINT ( 'NONE',  ( -11.98168371126249276, 0.000000000000000000, 40.34210474584009631 ) ) ;
#863 = ORIENTED_EDGE ( 'NONE', *, *, #2660, .T. ) ;
#864 = DIRECTION ( 'NONE',  ( 1.000000000000000000, 0.000000000000000000, -0.000000000000000000 ) ) ;
#865 = VECTOR ( 'NONE', #2912, 1000.000000000000000 ) ;
#866 = ORIENTED_EDGE ( 'NONE', *, *, #1530, .F. ) ;
#867 = VERTEX_POINT ( 'NONE', #7606 ) ;
#868 = AXIS2_PLACEMENT_3D ( 'NONE', #5433, #1543, #2980 ) ;
#869 = DIRECTION ( 'NONE',  ( 0.000000000000000000, 0.000000000000000000, -1.000000000000000000 ) ) ;
#870 = ORIENTED_EDGE ( 'NONE', *, *, #6766, .T. ) ;
#871 = CARTESIAN_POINT ( 'NONE',  ( -11.98168371126249276, 1.000000000000000000, 40.34210474584009631 ) ) ;
#872 = EDGE_CURVE ( 'NONE', #1467, #5670, #1489, .T. ) ;
#873 = ORIENTED_EDGE ( 'NONE', *, *, #4605, .F. ) ;
#874 = DIRECTION ( 'NONE',  ( 0.000000000000000000, 0.000000000000000000, 1.000000000000000000 ) ) ;
#875 = CARTESIAN_POINT ( 'NONE',  ( -5.625548603008321713, 0.000000000000000000, 42.24320686637580025 ) ) ;
#876 = DIRECTION ( 'NONE',  ( -1.000000000000000000, 0.000000000000000000, 0.000000000000000000 ) ) ;
#877 = DIRECTION ( 'NONE',  ( 0.000000000000000000, -0.000000000000000000, 1.000000000000000000 ) ) ;
#878 = ADVANCED_FACE ( 'NONE', ( #6651, #307 ), #836, .F. ) ;
#879 = VECTOR ( 'NONE', #5377, 1000.000000000000000 ) ;
#880 = CARTESIAN_POINT ( 'NONE',  ( -13.06863111576659975, 0.000000000000000000, 40.29149230053953090 ) ) ;
#881 = ADVANCED_FACE ( 'NONE', ( #265, #5893 ), #5280, .T. ) ;
#882 = DIRECTION ( 'NONE',  ( -1.000000000000000000, 0.000000000000000000, 0.000000000000000000 ) ) ;
#883 = EDGE_CURVE ( 'NONE', #6158, #1963, #6514, .T. ) ;
#884 = EDGE_LOOP ( 'NONE', ( #3839, #692, #940, #7638 ) ) ;
#885 = DIRECTION ( 'NONE',  ( -1.000000000000000000, -0.000000000000000000, -0.000000000000000000 ) ) ;
#886 = ORIENTED_EDGE ( 'NONE', *, *, #637, .T. ) ;
#887 = CARTESIAN_POINT ( 'NONE',  ( -7.015594507192638218, 0.000000000000000000, 40.83493306543919488 ) ) ;
#888 = CARTESIAN_POINT ( 'NONE',  ( -0.4999999999999958922, 2.000000000000000000, 29.48303989154980798 ) ) ;
#889 = CARTESIAN_POINT ( 'NONE',  ( -12.50565553840695365, 0.000000000000000000, 41.12008747361034011 ) ) ;
#890 = EDGE_CURVE ( 'NONE', #4165, #5756, #2659, .T. ) ;
#891 = DIRECTION ( 'NONE',  ( -0.000000000000000000, 1.000000000000000000, -0.000000000000000000 ) ) ;
#892 = DIRECTION ( 'NONE',  ( 0.000000000000000000, 0.000000000000000000, 1.000000000000000000 ) ) ;
#893 = CARTESIAN_POINT ( 'NONE',  ( -3.070953911146864002, 0.000000000000000000, 41.23882797743167572 ) ) ;
#894 = ADVANCED_FACE ( 'NONE', ( #7648 ), #136, .T. ) ;
#895 = CARTESIAN_POINT ( 'NONE',  ( 11.65000000000000036, 5.000000000000000000, -39.05000000000001847 ) ) ;
#896 = ORIENTED_EDGE ( 'NONE', *, *, #5265, .F. ) ;
#897 = DIRECTION ( 'NONE',  ( 0.000000000000000000, 0.000000000000000000, 1.000000000000000000 ) ) ;
#898 = ORIENTED_EDGE ( 'NONE', *, *, #3426, .T. ) ;
#899 = PLANE ( 'NONE',  #7878 ) ;
#900 = CARTESIAN_POINT ( 'NONE',  ( -9.522492053933440559, 1.000000000000000000, 39.96187102888314513 ) ) ;
#901 = VECTOR ( 'NONE', #156, 1000.000000000000000 ) ;
#902 = CARTESIAN_POINT ( 'NONE',  ( -5.202170331775579193, 0.000000000000000000, 41.58568747885375672 ) ) ;
#903 = LINE ( 'NONE', #3816, #2693 ) ;
#904 = CARTESIAN_POINT ( 'NONE',  ( -5.625548603008321713, 1.000000000000000000, 41.72472446986606798 ) ) ;
#905 = CARTESIAN_POINT ( 'NONE',  ( -13.22210079120285009, 0.000000000000000000, 41.31234092979578776 ) ) ;
#906 = CARTESIAN_POINT ( 'NONE',  ( -17.50000000000000355, 26.00000000000000355, -40.99999999999999289 ) ) ;
#907 = VERTEX_POINT ( 'NONE', #7913 ) ;
#908 = CARTESIAN_POINT ( 'NONE',  ( 11.65000000000000036, 2.000000000000000000, -15.45000000000001883 ) ) ;
#909 = VERTEX_POINT ( 'NONE', #532 ) ;
#910 = VERTEX_POINT ( 'NONE', #6813 ) ;
#911 = DIRECTION ( 'NONE',  ( -0.000000000000000000, -1.000000000000000000, -0.000000000000000000 ) ) ;
#912 = ORIENTED_EDGE ( 'NONE', *, *, #5854, .F. ) ;
#913 = CARTESIAN_POINT ( 'NONE',  ( 3.706649960732684935E-15, 17.00000000000000000, 43.50000000000000000 ) ) ;
#914 = VERTEX_POINT ( 'NONE', #1222 ) ;
#915 = CARTESIAN_POINT ( 'NONE',  ( -3.121801229433724956, 1.000000000000000000, 41.08063309869420010 ) ) ;
#916 = CARTESIAN_POINT ( 'NONE',  ( -6.055772742852389534, 0.000000000000000000, 42.18996141059078298 ) ) ;
#917 = CIRCLE ( 'NONE', #789, 1.500000000000001332 ) ;
#918 = CARTESIAN_POINT ( 'NONE',  ( 6.000000000000005329, 22.00000000000000000, 44.00000000000000000 ) ) ;
#919 = EDGE_CURVE ( 'NONE', #7665, #1467, #6249, .T. ) ;
#920 = DIRECTION ( 'NONE',  ( -0.000000000000000000, -1.000000000000000000, -0.000000000000000000 ) ) ;
#921 = DIRECTION ( 'NONE',  ( 0.000000000000000000, 0.000000000000000000, -1.000000000000000000 ) ) ;
#922 = EDGE_LOOP ( 'NONE', ( #6786, #6081, #4920, #991 ) ) ;
#923 = CARTESIAN_POINT ( 'NONE',  ( -8.532526404570599965, 1.000000000000000000, 42.22051789684428513 ) ) ;
#924 = ORIENTED_EDGE ( 'NONE', *, *, #6116, .F. ) ;
#925 = CARTESIAN_POINT ( 'NONE',  ( -6.921187071813537095, 0.000000000000000000, 41.39259482211423347 ) ) ;
#926 = CARTESIAN_POINT ( 'NONE',  ( 2.003838848758051405, 0.000000000000000000, 42.19999999999999574 ) ) ;
#927 = CARTESIAN_POINT ( 'NONE',  ( -4.340408835849436819, 1.000000000000000000, 39.68163377784200208 ) ) ;
#928 = CARTESIAN_POINT ( 'NONE',  ( 3.706649960732684935E-15, 17.00000000000000000, 43.00000000000000000 ) ) ;
#929 = EDGE_CURVE ( 'NONE', #2487, #4224, #4348, .T. ) ;
#930 = FACE_OUTER_BOUND ( 'NONE', #4929, .T. ) ;
#931 = CARTESIAN_POINT ( 'NONE',  ( -8.971722471548737587, 1.000000000000000000, 42.24008771227013170 ) ) ;
#932 = CARTESIAN_POINT ( 'NONE',  ( -18.50000000000000355, 1.000000000000000000, 41.99999999999999289 ) ) ;
#933 = EDGE_CURVE ( 'NONE', #1423, #7183, #1264, .T. ) ;
#934 = EDGE_LOOP ( 'NONE', ( #516, #1205, #5598, #1475 ) ) ;
#935 = DIRECTION ( 'NONE',  ( 0.000000000000000000, 1.000000000000000000, 0.000000000000000000 ) ) ;
#936 = VERTEX_POINT ( 'NONE', #4965 ) ;
#937 = CARTESIAN_POINT ( 'NONE',  ( -13.22320601227995596, 1.000000000000000000, 41.38514550444367046 ) ) ;
#938 = CARTESIAN_POINT ( 'NONE',  ( -12.03909432757722264, 1.000000000000000000, 38.87381303387155640 ) ) ;
#939 = CARTESIAN_POINT ( 'NONE',  ( -5.098349079590729360, 0.000000000000000000, 41.47644860127867616 ) ) ;
#940 = ORIENTED_EDGE ( 'NONE', *, *, #4656, .T. ) ;
#941 = EDGE_CURVE ( 'NONE', #4448, #3890, #818, .T. ) ;
#942 = EDGE_CURVE ( 'NONE', #7557, #952, #6124, .T. ) ;
#943 = CARTESIAN_POINT ( 'NONE',  ( -6.304025162388811943, 1.000000000000000000, 41.19105569659328836 ) ) ;
#944 = DIRECTION ( 'NONE',  ( 0.1483404529302795871, 0.000000000000000000, -0.9889363528682922899 ) ) ;
#945 =( NAMED_UNIT ( * ) PLANE_ANGLE_UNIT ( ) SI_UNIT ( $, .RADIAN. ) );
#946 = ORIENTED_EDGE ( 'NONE', *, *, #4664, .T. ) ;
#947 = CARTESIAN_POINT ( 'NONE',  ( -13.17029376894973680, 1.000000000000000000, 40.08643186166186467 ) ) ;
#948 = ORIENTED_EDGE ( 'NONE', *, *, #4596, .F. ) ;
#949 = ORIENTED_EDGE ( 'NONE', *, *, #4251, .T. ) ;
#950 = CARTESIAN_POINT ( 'NONE',  ( 18.50000000000000000, 24.00000000000000000, 39.49999999999999289 ) ) ;
#951 = CARTESIAN_POINT ( 'NONE',  ( -5.394065144949816926, 1.000000000000000000, 41.69100458942323684 ) ) ;
#952 = VERTEX_POINT ( 'NONE', #3744 ) ;
#953 = CARTESIAN_POINT ( 'NONE',  ( -19.90041507641943141, 24.00000000000000000, -81.85104867949057450 ) ) ;
#954 = CARTESIAN_POINT ( 'NONE',  ( -13.24343231412400179, 1.000000000000000000, 41.85009010864629175 ) ) ;
#955 = DIRECTION ( 'NONE',  ( 0.000000000000000000, 0.000000000000000000, -1.000000000000000000 ) ) ;
#956 = CARTESIAN_POINT ( 'NONE',  ( -5.014650753002883654, 1.000000000000000000, 39.72779942703725453 ) ) ;
#957 = CARTESIAN_POINT ( 'NONE',  ( -18.49999999999999289, 24.00000000000000000, 41.99999999999999289 ) ) ;
#958 = VERTEX_POINT ( 'NONE', #1098 ) ;
#959 = CARTESIAN_POINT ( 'NONE',  ( 6.000000000000003553, 16.49999999999999645, 39.99999999999999289 ) ) ;
#960 = CARTESIAN_POINT ( 'NONE',  ( -13.38995751219910524, 0.000000000000000000, 42.15139227532721122 ) ) ;
#961 = CARTESIAN_POINT ( 'NONE',  ( -9.400498364806038509, 1.000000000000000000, 39.66064185272751530 ) ) ;
#962 = CARTESIAN_POINT ( 'NONE',  ( -4.538649189797069106, 1.000000000000000000, 39.33103954169592953 ) ) ;
#963 = DIRECTION ( 'NONE',  ( 0.000000000000000000, 0.000000000000000000, -1.000000000000000000 ) ) ;
#964 = CARTESIAN_POINT ( 'NONE',  ( 2.958039891549808509, -0.2360679774997919977, 27.02500000000000213 ) ) ;
#965 = FACE_OUTER_BOUND ( 'NONE', #6244, .T. ) ;
#966 = VERTEX_POINT ( 'NONE', #5501 ) ;
#967 = CARTESIAN_POINT ( 'NONE',  ( -8.180026550382637041, 1.000000000000000000, 41.26947296769148466 ) ) ;
#968 = VERTEX_POINT ( 'NONE', #3579 ) ;
#969 = FACE_OUTER_BOUND ( 'NONE', #5722, .T. ) ;
#970 = CARTESIAN_POINT ( 'NONE',  ( -12.25928822143882968, 1.000000000000000000, 38.88753216466480467 ) ) ;
#971 = CARTESIAN_POINT ( 'NONE',  ( -4.910609985946062572, 0.000000000000000000, 40.83358285086494988 ) ) ;
#972 = EDGE_CURVE ( 'NONE', #1632, #7748, #4799, .T. ) ;
#973 = LINE ( 'NONE', #5956, #2045 ) ;
#974 = EDGE_CURVE ( 'NONE', #7748, #757, #7483, .T. ) ;
#975 = CARTESIAN_POINT ( 'NONE',  ( -6.304025162388811943, 0.000000000000000000, 41.19105569659328836 ) ) ;
#976 = VECTOR ( 'NONE', #1886, 1000.000000000000000 ) ;
#977 = CARTESIAN_POINT ( 'NONE',  ( -12.92490098347637506, 0.000000000000000000, 40.70191667146841041 ) ) ;
#978 = ORIENTED_EDGE ( 'NONE', *, *, #3370, .F. ) ;
#979 = CARTESIAN_POINT ( 'NONE',  ( -6.630381384954339374, 0.000000000000000000, 39.22785229367399751 ) ) ;
#980 = EDGE_CURVE ( 'NONE', #7283, #3472, #3936, .T. ) ;
#981 = ADVANCED_FACE ( 'NONE', ( #3872 ), #4518, .T. ) ;
#982 = ORIENTED_EDGE ( 'NONE', *, *, #5159, .T. ) ;
#983 = VERTEX_POINT ( 'NONE', #697 ) ;
#984 = AXIS2_PLACEMENT_3D ( 'NONE', #3505, #1639, #5928 ) ;
#985 = VECTOR ( 'NONE', #4930, 1000.000000000000000 ) ;
#986 = AXIS2_PLACEMENT_3D ( 'NONE', #4674, #7175, #1585 ) ;
#987 = DIRECTION ( 'NONE',  ( -1.000000000000000000, 0.000000000000000000, 0.000000000000000000 ) ) ;
#988 = VECTOR ( 'NONE', #262, 1000.000000000000000 ) ;
#989 = CARTESIAN_POINT ( 'NONE',  ( 1.338183063655702609, 0.000000000000000000, 39.92556354968578347 ) ) ;
#990 = CIRCLE ( 'NONE', #2031, 3.000000000000002665 ) ;
#991 = ORIENTED_EDGE ( 'NONE', *, *, #7889, .F. ) ;
#992 = CARTESIAN_POINT ( 'NONE',  ( -2.974619445318801070, 0.000000000000000000, 42.10619183328534376 ) ) ;
#993 = CARTESIAN_POINT ( 'NONE',  ( -4.627444030273671238, 1.000000000000000000, 39.22789410885823003 ) ) ;
#994 = PRODUCT_DEFINITION_FORMATION_WITH_SPECIFIED_SOURCE ( 'ANY', '', #3644, .NOT_KNOWN. ) ;
#995 = DIRECTION ( 'NONE',  ( -0.000000000000000000, -1.000000000000000000, -0.000000000000000000 ) ) ;
#996 = CARTESIAN_POINT ( 'NONE',  ( 19.65534243804603065, 24.35000000000000142, 42.85000000000000142 ) ) ;
#997 = LINE ( 'NONE', #7810, #2538 ) ;
#998 = ORIENTED_EDGE ( 'NONE', *, *, #4896, .T. ) ;
#999 = CARTESIAN_POINT ( 'NONE',  ( -2.894334285305907972, 0.000000000000000000, 39.57516126095884346 ) ) ;
#1000 = DIRECTION ( 'NONE',  ( 0.000000000000000000, -1.000000000000000000, 0.000000000000000000 ) ) ;
#1001 = CARTESIAN_POINT ( 'NONE',  ( -9.536704537624450140, 0.000000000000000000, 40.04827691292732084 ) ) ;
#1002 = CARTESIAN_POINT ( 'NONE',  ( -14.50000000000000178, 1.000000000000000000, 39.27324312067139545 ) ) ;
#1003 = VECTOR ( 'NONE', #963, 1000.000000000000000 ) ;
#1004 = CARTESIAN_POINT ( 'NONE',  ( -12.67231846598835787, 1.000000000000000000, 40.58649358377827809 ) ) ;
#1005 = CARTESIAN_POINT ( 'NONE',  ( -12.34785294336308148, 0.000000000000000000, 40.93813698826512137 ) ) ;
#1006 = CARTESIAN_POINT ( 'NONE',  ( -12.88152142756190521, 1.000000000000000000, 39.12834846772272357 ) ) ;
#1007 = ORIENTED_EDGE ( 'NONE', *, *, #5059, .F. ) ;
#1008 = CARTESIAN_POINT ( 'NONE',  ( -8.267788082464088362, 1.000000000000000000, 42.14572451139512310 ) ) ;
#1009 = ORIENTED_EDGE ( 'NONE', *, *, #6459, .F. ) ;
#1010 = CARTESIAN_POINT ( 'NONE',  ( -6.203190252995969267, 1.000000000000000000, 39.66064185272752241 ) ) ;
#1011 = CARTESIAN_POINT ( 'NONE',  ( -8.251130300227963232, 1.000000000000000000, 41.41263195574053668 ) ) ;
#1012 = CARTESIAN_POINT ( 'NONE',  ( -3.812214834283711440, 1.000000000000000000, 40.11498680206921108 ) ) ;
#1013 = ORIENTED_EDGE ( 'NONE', *, *, #1677, .T. ) ;
#1014 = DIRECTION ( 'NONE',  ( 8.896017825522089339E-17, 0.000000000000000000, -1.000000000000000000 ) ) ;
#1015 = ADVANCED_FACE ( 'NONE', ( #2603, #7027 ), #817, .F. ) ;
#1016 = CARTESIAN_POINT ( 'NONE',  ( -7.495915505090168018, 0.000000000000000000, 39.81177443701671592 ) ) ;
#1017 = AXIS2_PLACEMENT_3D ( 'NONE', #4069, #5919, #3948 ) ;
#1018 = VECTOR ( 'NONE', #4617, 1000.000000000000000 ) ;
#1019 = ORIENTED_EDGE ( 'NONE', *, *, #1382, .F. ) ;
#1020 = CARTESIAN_POINT ( 'NONE',  ( 6.000000000000005329, 21.50000000000000000, 43.00000000000000000 ) ) ;
#1021 = VERTEX_POINT ( 'NONE', #1995 ) ;
#1022 = ORIENTED_EDGE ( 'NONE', *, *, #7260, .T. ) ;
#1023 = EDGE_CURVE ( 'NONE', #3392, #5038, #3537, .T. ) ;
#1024 = DIRECTION ( 'NONE',  ( 0.000000000000000000, 0.000000000000000000, 1.000000000000000000 ) ) ;
#1025 = CARTESIAN_POINT ( 'NONE',  ( -3.148579966557493393, 1.000000000000000000, 40.25771633494984059 ) ) ;
#1026 = CARTESIAN_POINT ( 'NONE',  ( -4.935491413426158047, 0.000000000000000000, 41.10818612692378338 ) ) ;
#1027 = EDGE_CURVE ( 'NONE', #202, #5849, #7674, .T. ) ;
#1028 = EDGE_LOOP ( 'NONE', ( #3297, #2770, #1522, #6616 ) ) ;
#1029 = ADVANCED_FACE ( 'NONE', ( #3129 ), #5374, .T. ) ;
#1030 = CARTESIAN_POINT ( 'NONE',  ( -3.423205036185305694, 1.000000000000000000, 41.81399671450299138 ) ) ;
#1031 = CARTESIAN_POINT ( 'NONE',  ( -20.50000000000000355, 26.00000000000000355, -15.50000000000004086 ) ) ;
#1032 = B_SPLINE_CURVE_WITH_KNOTS ( 'NONE', 3,
 ( #6743, #3791, #4277, #6782, #1796, #541, #4890, #3709, #6214, #5634, #93, #3136, #5552, #3180, #621, #6296, #3018, #1190, #1271 ),
 .UNSPECIFIED., .F., .F.,
 ( 4, 1, 1, 1, 1, 1, 1, 1, 1, 1, 1, 1, 1, 1, 1, 1, 4 ),
 ( 0.000000000000000000, 0.06446381892914707090, 0.1258150915620539212, 0.1846969363889005566, 0.2422245544822581587, 0.2986646420830950666, 0.3553533927496381750, 0.4124801843501519905, 0.4720135607638127340, 0.5327626201293295116, 0.5937107934902152717, 0.6560840948965374064, 0.7201709165251821698, 0.7859626150842671244, 0.8545056633784311462, 0.9255567339690852213, 1.000000000000000000 ),
 .UNSPECIFIED. ) ;
#1033 = EDGE_CURVE ( 'NONE', #5143, #5486, #288, .T. ) ;
#1034 = EDGE_CURVE ( 'NONE', #1827, #4303, #6334, .T. ) ;
#1035 = CARTESIAN_POINT ( 'NONE',  ( -0.6776872956907611378, 1.000000000000000000, 42.19999999999999574 ) ) ;
#1036 = DIRECTION ( 'NONE',  ( 0.000000000000000000, 1.000000000000000000, 0.000000000000000000 ) ) ;
#1037 = ORIENTED_EDGE ( 'NONE', *, *, #80, .T. ) ;
#1038 = DIRECTION ( 'NONE',  ( -0.000000000000000000, -1.000000000000000000, -0.000000000000000000 ) ) ;
#1039 = DIRECTION ( 'NONE',  ( 1.000000000000000000, 0.000000000000000000, 0.000000000000000000 ) ) ;
#1040 = CARTESIAN_POINT ( 'NONE',  ( -9.522492053933440559, 0.000000000000000000, 39.96187102888314513 ) ) ;
#1041 = DIRECTION ( 'NONE',  ( 0.000000000000000000, -0.000000000000000000, 1.000000000000000000 ) ) ;
#1042 = CARTESIAN_POINT ( 'NONE',  ( -6.350613829377412145, 0.000000000000000000, 40.23206225803919978 ) ) ;
#1043 = FACE_OUTER_BOUND ( 'NONE', #655, .T. ) ;
#1044 = CARTESIAN_POINT ( 'NONE',  ( -9.827689496764405064, 0.000000000000000000, 39.22785229367399751 ) ) ;
#1045 = ORIENTED_EDGE ( 'NONE', *, *, #3899, .T. ) ;
#1046 = CARTESIAN_POINT ( 'NONE',  ( 6.000000000000004441, 19.24999999999999645, 43.00000000000000000 ) ) ;
#1047 = B_SPLINE_CURVE_WITH_KNOTS ( 'NONE', 3,
 ( #6082, #2434, #1828, #6037, #6810, #568, #6773, #4834, #1096, #7985, #1669, #3498, #492, #2923, #447, #2966, #1180, #5459, #7258 ),
 .UNSPECIFIED., .F., .F.,
 ( 4, 1, 1, 1, 1, 1, 1, 1, 1, 1, 1, 1, 1, 1, 1, 1, 4 ),
 ( 0.000000000000000000, 0.07508138526919318212, 0.1467848926127365006, 0.2154666963927280854, 0.2815318614138199171, 0.3457619938168169926, 0.4082707809681710986, 0.4695961891400196597, 0.5303076506397792489, 0.5895122297284517421, 0.6474493612319588420, 0.7038250251780918676, 0.7602055749988271272, 0.8172201389990155773, 0.8754039741109082007, 0.9364164093463513971, 1.000000000000000000 ),
 .UNSPECIFIED. ) ;
#1048 = ORIENTED_EDGE ( 'NONE', *, *, #7901, .F. ) ;
#1049 = LINE ( 'NONE', #5989, #349 ) ;
#1050 = CARTESIAN_POINT ( 'NONE',  ( -8.109223244550250342, 0.000000000000000000, 40.92873881434072558 ) ) ;
#1051 = CARTESIAN_POINT ( 'NONE',  ( -2.704308353593626091, 0.000000000000000000, 41.62308925713873720 ) ) ;
#1052 = CARTESIAN_POINT ( 'NONE',  ( -12.53767858343320540, -0.000000000000000000, 39.86207747711731741 ) ) ;
#1053 = FACE_OUTER_BOUND ( 'NONE', #1743, .T. ) ;
#1054 = CARTESIAN_POINT ( 'NONE',  ( -9.251242718952347843, 1.000000000000000000, 38.88322787360075949 ) ) ;
#1055 = ORIENTED_EDGE ( 'NONE', *, *, #1868, .F. ) ;
#1056 = ORIENTED_EDGE ( 'NONE', *, *, #6271, .T. ) ;
#1057 = DIRECTION ( 'NONE',  ( 0.000000000000000000, 0.000000000000000000, -1.000000000000000000 ) ) ;
#1058 = ORIENTED_EDGE ( 'NONE', *, *, #1609, .T. ) ;
#1059 = VECTOR ( 'NONE', #6145, 1000.000000000000000 ) ;
#1060 = EDGE_LOOP ( 'NONE', ( #1102, #2555, #531, #2061 ) ) ;
#1061 = CARTESIAN_POINT ( 'NONE',  ( -12.52987843984458749, 0.000000000000000000, 39.77464893600133422 ) ) ;
#1062 = CARTESIAN_POINT ( 'NONE',  ( 17.41555055467425461, 27.54875431375454298, -15.50000000000004086 ) ) ;
#1063 = LINE ( 'NONE', #7836, #5465 ) ;
#1064 = ORIENTED_EDGE ( 'NONE', *, *, #5726, .T. ) ;
#1065 = FACE_OUTER_BOUND ( 'NONE', #5835, .T. ) ;
#1066 = CARTESIAN_POINT ( 'NONE',  ( -4.946682278157195967, 1.000000000000000000, 38.98344318218652660 ) ) ;
#1067 = ADVANCED_FACE ( 'NONE', ( #3826 ), #6377, .T. ) ;
#1068 = CARTESIAN_POINT ( 'NONE',  ( 1.836970198721030674E-16, -2.242640687119287879, 25.02499999999999858 ) ) ;
#1069 = ADVANCED_FACE ( 'NONE', ( #5758 ), #2644, .T. ) ;
#1070 = AXIS2_PLACEMENT_3D ( 'NONE', #570, #3699, #615 ) ;
#1071 = LINE ( 'NONE', #2286, #5050 ) ;
#1072 = DIRECTION ( 'NONE',  ( 0.5117350094200474597, 0.000000000000000000, -0.8591433408540531946 ) ) ;
#1073 = EDGE_LOOP ( 'NONE', ( #1165, #7046, #7234, #5886 ) ) ;
#1074 = CARTESIAN_POINT ( 'NONE',  ( -2.835478529406902926, 0.000000000000000000, 39.52630200732073007 ) ) ;
#1075 = DIRECTION ( 'NONE',  ( 1.000000000000000000, -0.000000000000000000, 0.000000000000000000 ) ) ;
#1076 = EDGE_CURVE ( 'NONE', #6253, #4073, #5839, .T. ) ;
#1077 = DIRECTION ( 'NONE',  ( 0.000000000000000000, 0.000000000000000000, -1.000000000000000000 ) ) ;
#1078 = CARTESIAN_POINT ( 'NONE',  ( -11.40784251720874387, 0.000000000000000000, 40.34210474584009631 ) ) ;
#1079 = EDGE_CURVE ( 'NONE', #3265, #958, #4594, .T. ) ;
#1080 = CARTESIAN_POINT ( 'NONE',  ( -1.945538780905986309, 1.000000000000000000, 41.68151760349024926 ) ) ;
#1081 = VECTOR ( 'NONE', #6021, 1000.000000000000000 ) ;
#1082 = CARTESIAN_POINT ( 'NONE',  ( -12.06091977755754208, 1.000000000000000000, 40.86089534692937519 ) ) ;
#1083 = DIRECTION ( 'NONE',  ( 0.000000000000000000, 0.000000000000000000, 1.000000000000000000 ) ) ;
#1084 = CARTESIAN_POINT ( 'NONE',  ( -9.251242718952347843, 1.000000000000000000, 38.88322787360075949 ) ) ;
#1085 = ORIENTED_EDGE ( 'NONE', *, *, #7862, .F. ) ;
#1086 = CARTESIAN_POINT ( 'NONE',  ( -8.675337864130856502, 0.000000000000000000, 42.24008301392173337 ) ) ;
#1087 = EDGE_LOOP ( 'NONE', ( #1604, #260, #6260, #95, #7612 ) ) ;
#1088 = CARTESIAN_POINT ( 'NONE',  ( -8.822856714818387402, 1.000000000000000000, 41.72472446986606798 ) ) ;
#1089 = CARTESIAN_POINT ( 'NONE',  ( -8.344679296680588720, 0.000000000000000000, 41.53505539339037256 ) ) ;
#1090 = CARTESIAN_POINT ( 'NONE',  ( -2.894332937788466342, 1.000000000000000000, 41.49790934490502536 ) ) ;
#1091 = DIRECTION ( 'NONE',  ( 1.000000000000000000, 0.000000000000000000, 0.000000000000000000 ) ) ;
#1092 = DIRECTION ( 'NONE',  ( 0.000000000000000000, 0.000000000000000000, -1.000000000000000000 ) ) ;
#1093 = CARTESIAN_POINT ( 'NONE',  ( -8.820831392957019901, 0.000000000000000000, 38.82986442268668270 ) ) ;
#1094 = ORIENTED_EDGE ( 'NONE', *, *, #5123, .T. ) ;
#1095 = ORIENTED_EDGE ( 'NONE', *, *, #1384, .F. ) ;
#1096 = CARTESIAN_POINT ( 'NONE',  ( -8.251130300227963232, 0.000000000000000000, 41.41263195574053668 ) ) ;
#1097 = ORIENTED_EDGE ( 'NONE', *, *, #2772, .T. ) ;
#1098 = CARTESIAN_POINT ( 'NONE',  ( -20.50000000000000355, 26.00000000000000355, 40.99999999999999289 ) ) ;
#1099 = VECTOR ( 'NONE', #721, 1000.000000000000000 ) ;
#1100 = CARTESIAN_POINT ( 'NONE',  ( -10.06475707098168648, 1.000000000000000000, 41.51656985354617291 ) ) ;
#1101 = DIRECTION ( 'NONE',  ( -0.000000000000000000, -1.000000000000000000, -0.000000000000000000 ) ) ;
#1102 = ORIENTED_EDGE ( 'NONE', *, *, #1674, .F. ) ;
#1103 = DIRECTION ( 'NONE',  ( 0.000000000000000000, 0.000000000000000000, -1.000000000000000000 ) ) ;
#1104 = CARTESIAN_POINT ( 'NONE',  ( -5.623523281146955988, 1.000000000000000000, 38.82986442268668270 ) ) ;
#1105 = AXIS2_PLACEMENT_3D ( 'NONE', #1801, #5515, #5687 ) ;
#1106 = AXIS2_PLACEMENT_3D ( 'NONE', #2847, #944, #1590 ) ;
#1107 = AXIS2_PLACEMENT_3D ( 'NONE', #2043, #7031, #1435 ) ;
#1108 = DIRECTION ( 'NONE',  ( -0.000000000000000000, -1.000000000000000000, -0.000000000000000000 ) ) ;
#1109 = LINE ( 'NONE', #5250, #7892 ) ;
#1110 = DIRECTION ( 'NONE',  ( 1.000000000000000000, 0.000000000000000000, 0.000000000000000000 ) ) ;
#1111 = VECTOR ( 'NONE', #1139, 1000.000000000000000 ) ;
#1112 = EDGE_CURVE ( 'NONE', #6492, #555, #6947, .T. ) ;
#1113 = CIRCLE ( 'NONE', #5019, 0.8500000000000035305 ) ;
#1114 = CARTESIAN_POINT ( 'NONE',  ( -4.955859011096387157, -2.168404344971008868E-16, 39.87868280993804859 ) ) ;
#1115 = VERTEX_POINT ( 'NONE', #1757 ) ;
#1116 = CARTESIAN_POINT ( 'NONE',  ( -2.947320248032017531, 0.000000000000000000, 39.63184194384736969 ) ) ;
#1117 = PLANE ( 'NONE',  #1768 ) ;
#1118 = LINE ( 'NONE', #3107, #3745 ) ;
#1119 = LINE ( 'NONE', #4901, #6210 ) ;
#1120 = AXIS2_PLACEMENT_3D ( 'NONE', #2620, #3354, #833 ) ;
#1121 = CARTESIAN_POINT ( 'NONE',  ( 5.204170427930421283E-15, 24.00000000000000000, 39.99999999999999289 ) ) ;
#1122 = EDGE_CURVE ( 'NONE', #7075, #375, #2484, .T. ) ;
#1123 = FACE_OUTER_BOUND ( 'NONE', #6299, .T. ) ;
#1124 = CIRCLE ( 'NONE', #1903, 4.750000000000000888 ) ;
#1125 = EDGE_CURVE ( 'NONE', #7623, #4023, #4278, .T. ) ;
#1126 = PLANE ( 'NONE',  #1705 ) ;
#1127 = CARTESIAN_POINT ( 'NONE',  ( -0.01473193973690074127, 1.000000000000000000, 38.87307128906249432 ) ) ;
#1128 = ORIENTED_EDGE ( 'NONE', *, *, #3072, .T. ) ;
#1129 = CARTESIAN_POINT ( 'NONE',  ( -8.822856714818387402, 1.000000000000000000, 41.72472446986606798 ) ) ;
#1130 = ORIENTED_EDGE ( 'NONE', *, *, #1808, .F. ) ;
#1131 = LINE ( 'NONE', #517, #5947 ) ;
#1132 = EDGE_CURVE ( 'NONE', #5351, #7725, #5554, .T. ) ;
#1133 = CARTESIAN_POINT ( 'NONE',  ( -20.00000000000000355, 0.000000000000000000, 0.000000000000000000 ) ) ;
#1134 = CARTESIAN_POINT ( 'NONE',  ( -2.553529539393398107, 1.000000000000000000, 41.66845634957928723 ) ) ;
#1135 = DIRECTION ( 'NONE',  ( -1.000000000000000000, 0.000000000000000000, 8.896017825522089339E-17 ) ) ;
#1136 = EDGE_CURVE ( 'NONE', #909, #7868, #6783, .T. ) ;
#1137 = AXIS2_PLACEMENT_3D ( 'NONE', #6969, #3249, #1902 ) ;
#1138 = DIRECTION ( 'NONE',  ( 0.000000000000000000, 0.000000000000000000, -1.000000000000000000 ) ) ;
#1139 = DIRECTION ( 'NONE',  ( -0.000000000000000000, -1.000000000000000000, -0.000000000000000000 ) ) ;
#1140 = ORIENTED_EDGE ( 'NONE', *, *, #1567, .F. ) ;
#1141 = ORIENTED_EDGE ( 'NONE', *, *, #3765, .F. ) ;
#1142 = CARTESIAN_POINT ( 'NONE',  ( -6.203190252995969267, 1.000000000000000000, 39.66064185272752241 ) ) ;
#1143 = ORIENTED_EDGE ( 'NONE', *, *, #5974, .F. ) ;
#1144 = CARTESIAN_POINT ( 'NONE',  ( -12.36408918645031463, 1.000000000000000000, 39.49169528706581644 ) ) ;
#1145 = VECTOR ( 'NONE', #2585, 1000.000000000000000 ) ;
#1146 = CARTESIAN_POINT ( 'NONE',  ( 6.000000000000004441, 19.25000000000000000, 41.99999999999999289 ) ) ;
#1147 = CARTESIAN_POINT ( 'NONE',  ( -11.99316053514356817, 0.000000000000000000, 39.39155368557223369 ) ) ;
#1148 = FACE_OUTER_BOUND ( 'NONE', #6274, .T. ) ;
#1149 = ORIENTED_EDGE ( 'NONE', *, *, #6652, .T. ) ;
#1150 = CARTESIAN_POINT ( 'NONE',  ( -9.501333274198879408, 1.000000000000000000, 41.19105569659330257 ) ) ;
#1151 = CARTESIAN_POINT ( 'NONE',  ( -13.38995751219910524, 1.000000000000000000, 42.15139227532721122 ) ) ;
#1152 = DIRECTION ( 'NONE',  ( -0.000000000000000000, -1.000000000000000000, -0.000000000000000000 ) ) ;
#1153 = DIRECTION ( 'NONE',  ( 1.000000000000000000, 0.000000000000000000, -1.084202172485503571E-16 ) ) ;
#1154 = CARTESIAN_POINT ( 'NONE',  ( -9.115868248705591981, 0.000000000000000000, 42.22049188216874427 ) ) ;
#1155 = CARTESIAN_POINT ( 'NONE',  ( -8.587879467014941426, 0.000000000000000000, 39.38081116844904983 ) ) ;
#1156 = VERTEX_POINT ( 'NONE', #3058 ) ;
#1157 = CYLINDRICAL_SURFACE ( 'NONE', #6461, 1.500000000000001332 ) ;
#1158 = CARTESIAN_POINT ( 'NONE',  ( -13.06863111576659975, 0.000000000000000000, 40.29149230053953090 ) ) ;
#1159 = CARTESIAN_POINT ( 'NONE',  ( -11.65000000000000036, 2.000000000000000000, -14.60000000000001918 ) ) ;
#1160 = DIRECTION ( 'NONE',  ( 0.000000000000000000, -1.000000000000000000, 0.000000000000000000 ) ) ;
#1161 = CARTESIAN_POINT ( 'NONE',  ( -2.385033624822445297, 0.000000000000000000, 41.68151760349024926 ) ) ;
#1162 = DIRECTION ( 'NONE',  ( 0.000000000000000000, 0.000000000000000000, -1.000000000000000000 ) ) ;
#1163 = CARTESIAN_POINT ( 'NONE',  ( 15.99999999999999645, 2.000000000000000000, 39.49999999999999289 ) ) ;
#1164 = CARTESIAN_POINT ( 'NONE',  ( -16.49999999999999645, 1.000000000000000000, 38.08197506309361557 ) ) ;
#1165 = ORIENTED_EDGE ( 'NONE', *, *, #1969, .T. ) ;
#1166 = FACE_OUTER_BOUND ( 'NONE', #2272, .T. ) ;
#1167 = ORIENTED_EDGE ( 'NONE', *, *, #2810, .T. ) ;
#1168 = PLANE ( 'NONE',  #1895 ) ;
#1169 = CARTESIAN_POINT ( 'NONE',  ( -12.17073608243399896, 1.000000000000000000, 40.32707850571679131 ) ) ;
#1170 = CARTESIAN_POINT ( 'NONE',  ( -2.835478884830091140, 1.000000000000000000, 41.54676946194324927 ) ) ;
#1171 = AXIS2_PLACEMENT_3D ( 'NONE', #4038, #5313, #2205 ) ;
#1172 = EDGE_CURVE ( 'NONE', #4708, #2746, #6045, .T. ) ;
#1173 = DIRECTION ( 'NONE',  ( 8.896017825522089339E-17, 0.000000000000000000, 1.000000000000000000 ) ) ;
#1174 = DIRECTION ( 'NONE',  ( 1.000000000000000000, 0.000000000000000000, 8.896017825522089339E-17 ) ) ;
#1175 = EDGE_CURVE ( 'NONE', #3348, #4293, #1191, .T. ) ;
#1176 = LINE ( 'NONE', #6079, #3580 ) ;
#1177 = EDGE_LOOP ( 'NONE', ( #3065, #6038, #3810, #6119 ) ) ;
#1178 = CARTESIAN_POINT ( 'NONE',  ( 0.000000000000000000, 0.000000000000000000, 0.000000000000000000 ) ) ;
#1179 = ORIENTED_EDGE ( 'NONE', *, *, #1530, .T. ) ;
#1180 = CARTESIAN_POINT ( 'NONE',  ( -8.742165451578719271, 0.000000000000000000, 41.72229827478204101 ) ) ;
#1181 = EDGE_CURVE ( 'NONE', #4113, #968, #8040, .T. ) ;
#1182 = VERTEX_POINT ( 'NONE', #5432 ) ;
#1183 = CARTESIAN_POINT ( 'NONE',  ( -12.40063199776768776, 0.000000000000000000, 39.52317005246205639 ) ) ;
#1184 = CARTESIAN_POINT ( 'NONE',  ( -8.971722471548737587, 1.000000000000000000, 42.24008771227013170 ) ) ;
#1185 = CARTESIAN_POINT ( 'NONE',  ( 18.50000000000000000, 27.53553390593273775, 39.49999999999999289 ) ) ;
#1186 = MECHANICAL_DESIGN_GEOMETRIC_PRESENTATION_REPRESENTATION (  '', ( #2872 ), #2224 ) ;
#1187 = CARTESIAN_POINT ( 'NONE',  ( -1.279882995803637735, 0.000000000000000000, 38.87307128906249432 ) ) ;
#1188 = ORIENTED_EDGE ( 'NONE', *, *, #4263, .F. ) ;
#1189 = CARTESIAN_POINT ( 'NONE',  ( -12.70404850848309408, 1.000000000000000000, 42.19999999999999574 ) ) ;
#1190 = CARTESIAN_POINT ( 'NONE',  ( -4.911054288888308861, -0.000000000000000000, 40.20031152415153741 ) ) ;
#1191 = LINE ( 'NONE', #5473, #5257 ) ;
#1192 = ORIENTED_EDGE ( 'NONE', *, *, #1079, .F. ) ;
#1193 = DIRECTION ( 'NONE',  ( 0.000000000000000000, 1.000000000000000000, 0.000000000000000000 ) ) ;
#1194 = CARTESIAN_POINT ( 'NONE',  ( -12.55736049708272617, 1.000000000000000000, 41.32981794285805677 ) ) ;
#1195 = ORIENTED_EDGE ( 'NONE', *, *, #740, .T. ) ;
#1196 = LINE ( 'NONE', #7476, #6701 ) ;
#1197 = CARTESIAN_POINT ( 'NONE',  ( -1.279882995803637735, 0.000000000000000000, 38.87307128906249432 ) ) ;
#1198 = CARTESIAN_POINT ( 'NONE',  ( 18.67973360540383965, 24.33550547544455256, 43.76108574993018863 ) ) ;
#1199 = CARTESIAN_POINT ( 'NONE',  ( -7.012308010795884172, 1.000000000000000000, 40.98263487574882902 ) ) ;
#1200 = CARTESIAN_POINT ( 'NONE',  ( -7.012233863435423764, 0.000000000000000000, 40.09112917498210749 ) ) ;
#1201 = AXIS2_PLACEMENT_3D ( 'NONE', #1953, #2078, #7629 ) ;
#1202 = CARTESIAN_POINT ( 'NONE',  ( -5.542349265720526219, 1.000000000000000000, 39.35063482574200577 ) ) ;
#1203 = CARTESIAN_POINT ( 'NONE',  ( -5.625548603008321713, 0.000000000000000000, 41.72472446986606798 ) ) ;
#1204 = FACE_OUTER_BOUND ( 'NONE', #5236, .T. ) ;
#1205 = ORIENTED_EDGE ( 'NONE', *, *, #3712, .F. ) ;
#1206 = CARTESIAN_POINT ( 'NONE',  ( -7.446176146961263065, 0.000000000000000000, 40.88471154557890941 ) ) ;
#1207 = VERTEX_POINT ( 'NONE', #579 ) ;
#1208 = CARTESIAN_POINT ( 'NONE',  ( -16.49999999999999645, 0.000000000000000000, 38.08197506309361557 ) ) ;
#1209 = CARTESIAN_POINT ( 'NONE',  ( -12.11150751302224116, 0.000000000000000000, 40.33534261267758581 ) ) ;
#1210 = CARTESIAN_POINT ( 'NONE',  ( -11.40784251720874387, 1.000000000000000000, 42.19999999999999574 ) ) ;
#1211 = VECTOR ( 'NONE', #5619, 1000.000000000000000 ) ;
#1212 = DIRECTION ( 'NONE',  ( 0.000000000000000000, 0.000000000000000000, -1.000000000000000000 ) ) ;
#1213 = CARTESIAN_POINT ( 'NONE',  ( 18.49999999999999645, 26.00000000000000355, -42.00000000000000711 ) ) ;
#1214 = CARTESIAN_POINT ( 'NONE',  ( -8.107918097756128262, 1.000000000000000000, 40.83358285086494988 ) ) ;
#1215 = ADVANCED_FACE ( 'NONE', ( #4362 ), #6864, .T. ) ;
#1216 = ORIENTED_EDGE ( 'NONE', *, *, #3509, .F. ) ;
#1217 = DIRECTION ( 'NONE',  ( 0.000000000000000000, -0.000000000000000000, 1.000000000000000000 ) ) ;
#1218 = ORIENTED_EDGE ( 'NONE', *, *, #2957, .F. ) ;
#1219 = CARTESIAN_POINT ( 'NONE',  ( -4.268638303193791117, 1.000000000000000000, 41.12598433912933160 ) ) ;
#1220 = EDGE_CURVE ( 'NONE', #202, #7266, #7921, .T. ) ;
#1221 = ORIENTED_EDGE ( 'NONE', *, *, #3561, .F. ) ;
#1222 = CARTESIAN_POINT ( 'NONE',  ( 7.525000000000002132, 0.000000000000000000, 4.724999999999996980 ) ) ;
#1223 = ADVANCED_FACE ( 'NONE', ( #3711 ), #7995, .T. ) ;
#1224 = DIRECTION ( 'NONE',  ( -1.000000000000000000, 0.000000000000000000, 0.000000000000000000 ) ) ;
#1225 = DIRECTION ( 'NONE',  ( 0.000000000000000000, 1.000000000000000000, -0.000000000000000000 ) ) ;
#1226 = ADVANCED_FACE ( 'NONE', ( #4808 ), #6174, .T. ) ;
#1227 = DIRECTION ( 'NONE',  ( 1.000000000000000000, -0.000000000000000000, -0.000000000000000000 ) ) ;
#1228 = ORIENTED_EDGE ( 'NONE', *, *, #384, .F. ) ;
#1229 = DIRECTION ( 'NONE',  ( 0.000000000000000000, 0.000000000000000000, 1.000000000000000000 ) ) ;
#1230 = CARTESIAN_POINT ( 'NONE',  ( -13.30986312531619653, 1.000000000000000000, 42.05706901167678780 ) ) ;
#1231 = EDGE_CURVE ( 'NONE', #629, #611, #2445, .T. ) ;
#1232 = CARTESIAN_POINT ( 'NONE',  ( 1.324680917913261480, 0.000000000000000000, 39.92353822782441597 ) ) ;
#1233 = ORIENTED_EDGE ( 'NONE', *, *, #7357, .T. ) ;
#1234 = CARTESIAN_POINT ( 'NONE',  ( -8.873105219534329180, -0.000000000000000000, 42.24215401961486549 ) ) ;
#1235 = CARTESIAN_POINT ( 'NONE',  ( -12.42328055138422371, 1.000000000000000000, 40.99896127141653324 ) ) ;
#1236 = AXIS2_PLACEMENT_3D ( 'NONE', #7197, #7885, #4166 ) ;
#1237 = VECTOR ( 'NONE', #1751, 1000.000000000000000 ) ;
#1238 = ORIENTED_EDGE ( 'NONE', *, *, #5669, .T. ) ;
#1239 = CARTESIAN_POINT ( 'NONE',  ( -17.50000000000000711, 26.00000000000000355, -44.00000000000000000 ) ) ;
#1240 = CARTESIAN_POINT ( 'NONE',  ( -9.442123887993673748, 1.000000000000000000, 41.34361849979201509 ) ) ;
#1241 = CARTESIAN_POINT ( 'NONE',  ( -8.820831392957019901, 1.000000000000000000, 39.34834681919642208 ) ) ;
#1242 = DIRECTION ( 'NONE',  ( -0.9889363528682919569, 0.000000000000000000, -0.1483404529302818908 ) ) ;
#1243 = CARTESIAN_POINT ( 'NONE',  ( -6.307076957686229335, 1.000000000000000000, 38.98344578767328272 ) ) ;
#1244 = AXIS2_PLACEMENT_3D ( 'NONE', #1749, #6737, #3012 ) ;
#1245 = CIRCLE ( 'NONE', #7498, 0.5000000000000004441 ) ;
#1246 = CARTESIAN_POINT ( 'NONE',  ( -7.015594507192638218, 1.000000000000000000, 40.23813822362329518 ) ) ;
#1247 = CARTESIAN_POINT ( 'NONE',  ( 6.000000000000004441, 19.25000000000000000, 39.99999999999999289 ) ) ;
#1248 = VECTOR ( 'NONE', #6678, 1000.000000000000000 ) ;
#1249 = ORIENTED_EDGE ( 'NONE', *, *, #2673, .F. ) ;
#1250 = CARTESIAN_POINT ( 'NONE',  ( -4.268923723303605477, 0.000000000000000000, 39.94831373857041257 ) ) ;
#1251 = ORIENTED_EDGE ( 'NONE', *, *, #3372, .T. ) ;
#1252 = FACE_OUTER_BOUND ( 'NONE', #2203, .T. ) ;
#1253 = CARTESIAN_POINT ( 'NONE',  ( -12.36329879952784339, 0.000000000000000000, 40.25397607504197595 ) ) ;
#1254 = CARTESIAN_POINT ( 'NONE',  ( -6.111092360122184708, 0.000000000000000000, 41.53505624808691721 ) ) ;
#1255 = VECTOR ( 'NONE', #6753, 1000.000000000000000 ) ;
#1256 = CARTESIAN_POINT ( 'NONE',  ( -9.505540522072642773, 0.000000000000000000, 42.08952340269906500 ) ) ;
#1257 = CARTESIAN_POINT ( 'NONE',  ( -5.927108922447454908, 0.000000000000000000, 39.40880381279465183 ) ) ;
#1258 = ORIENTED_EDGE ( 'NONE', *, *, #7996, .F. ) ;
#1259 = CARTESIAN_POINT ( 'NONE',  ( -5.261559723456119109, 1.000000000000000000, 41.62871846951557586 ) ) ;
#1260 = VERTEX_POINT ( 'NONE', #7305 ) ;
#1261 = CARTESIAN_POINT ( 'NONE',  ( -5.625548603008321713, 0.000000000000000000, 42.24320686637580025 ) ) ;
#1262 = ORIENTED_EDGE ( 'NONE', *, *, #5265, .T. ) ;
#1263 = CIRCLE ( 'NONE', #5831, 2.500000000000002220 ) ;
#1264 = LINE ( 'NONE', #3010, #1720 ) ;
#1265 = EDGE_CURVE ( 'NONE', #5446, #6542, #5593, .T. ) ;
#1266 = DIRECTION ( 'NONE',  ( 0.000000000000000000, 0.000000000000000000, 1.000000000000000000 ) ) ;
#1267 = CARTESIAN_POINT ( 'NONE',  ( -3.423439662392884220, 0.000000000000000000, 39.26109334934799477 ) ) ;
#1268 = CARTESIAN_POINT ( 'NONE',  ( -3.148579966557493393, 0.000000000000000000, 40.81062920310279907 ) ) ;
#1269 = VERTEX_POINT ( 'NONE', #4932 ) ;
#1270 = CARTESIAN_POINT ( 'NONE',  ( 6.000000000000005329, 21.99999999999999289, 44.00000000000000000 ) ) ;
#1271 = CARTESIAN_POINT ( 'NONE',  ( -4.910609985946062572, 0.000000000000000000, 40.23206225803919978 ) ) ;
#1272 = CARTESIAN_POINT ( 'NONE',  ( -11.40784251720874387, 0.000000000000000000, 39.39155368557223369 ) ) ;
#1273 = EDGE_CURVE ( 'NONE', #4576, #2575, #1478, .T. ) ;
#1274 = ORIENTED_EDGE ( 'NONE', *, *, #127, .F. ) ;
#1275 = LINE ( 'NONE', #5514, #1303 ) ;
#1276 = EDGE_CURVE ( 'NONE', #7868, #3930, #6824, .T. ) ;
#1277 = ORIENTED_EDGE ( 'NONE', *, *, #1822, .F. ) ;
#1278 = DIRECTION ( 'NONE',  ( 0.000000000000000000, 0.000000000000000000, -1.000000000000000000 ) ) ;
#1279 = CIRCLE ( 'NONE', #7149, 0.5000000000000004441 ) ;
#1280 = VERTEX_POINT ( 'NONE', #623 ) ;
#1281 = DIRECTION ( 'NONE',  ( -1.000000000000000000, 0.000000000000000000, 0.000000000000000000 ) ) ;
#1282 = CARTESIAN_POINT ( 'NONE',  ( -9.547921941187476946, 0.000000000000000000, 40.83358285086494988 ) ) ;
#1283 = CARTESIAN_POINT ( 'NONE',  ( -10.74218673210639530, 1.000000000000000000, 42.19999999999999574 ) ) ;
#1284 = CARTESIAN_POINT ( 'NONE',  ( -6.531833265712951864, 1.000000000000000000, 41.93942928358850963 ) ) ;
#1285 = EDGE_CURVE ( 'NONE', #5244, #7266, #3100, .T. ) ;
#1286 = ADVANCED_FACE ( 'NONE', ( #502 ), #2979, .F. ) ;
#1287 = CARTESIAN_POINT ( 'NONE',  ( -19.90041507641942431, 24.00000000000000000, -42.00000000000000000 ) ) ;
#1288 = CARTESIAN_POINT ( 'NONE',  ( -4.955859011096387157, 1.000000000000000000, 39.87868280993804859 ) ) ;
#1289 = DIRECTION ( 'NONE',  ( -1.000000000000000000, 0.000000000000000000, 0.000000000000000000 ) ) ;
#1290 = ORIENTED_EDGE ( 'NONE', *, *, #4260, .T. ) ;
#1291 = LINE ( 'NONE', #152, #1099 ) ;
#1292 = ORIENTED_EDGE ( 'NONE', *, *, #7601, .T. ) ;
#1293 = LINE ( 'NONE', #3246, #2165 ) ;
#1294 = CARTESIAN_POINT ( 'NONE',  ( -12.50448668108969486, 1.000000000000000000, 40.08094160474740164 ) ) ;
#1295 = CARTESIAN_POINT ( 'NONE',  ( -13.22283344101944103, -0.000000000000000000, 41.36060300094856501 ) ) ;
#1296 = PLANE ( 'NONE',  #96 ) ;
#1297 = CARTESIAN_POINT ( 'NONE',  ( 20.49999999999999645, 26.00000000000000355, 44.00000000000000000 ) ) ;
#1298 = CARTESIAN_POINT ( 'NONE',  ( -6.052271067782140079, 0.000000000000000000, 39.48709226286085539 ) ) ;
#1299 = ORIENTED_EDGE ( 'NONE', *, *, #2615, .T. ) ;
#1300 = CARTESIAN_POINT ( 'NONE',  ( 6.000000000000004441, 19.24999999999999645, 43.00000000000000000 ) ) ;
#1301 = VERTEX_POINT ( 'NONE', #4182 ) ;
#1302 = CARTESIAN_POINT ( 'NONE',  ( -4.247654629992202224, 0.000000000000000000, 40.83493306543919488 ) ) ;
#1303 = VECTOR ( 'NONE', #4365, 1000.000000000000000 ) ;
#1304 = ORIENTED_EDGE ( 'NONE', *, *, #7166, .T. ) ;
#1305 = CARTESIAN_POINT ( 'NONE',  ( -18.50000000000000355, 1.000000000000000000, 39.27324312067140255 ) ) ;
#1306 = CARTESIAN_POINT ( 'NONE',  ( -8.342464865368846461, 0.000000000000000000, 39.53714583903603597 ) ) ;
#1307 = DIRECTION ( 'NONE',  ( 0.000000000000000000, 0.000000000000000000, -1.000000000000000000 ) ) ;
#1308 = DIRECTION ( 'NONE',  ( -0.000000000000000000, -1.000000000000000000, -0.000000000000000000 ) ) ;
#1309 = ORIENTED_EDGE ( 'NONE', *, *, #4307, .F. ) ;
#1310 = DIRECTION ( 'NONE',  ( 0.000000000000000000, 1.000000000000000000, 0.000000000000000000 ) ) ;
#1311 = CARTESIAN_POINT ( 'NONE',  ( -2.845194598856444657, 1.000000000000000000, 38.92537552526993494 ) ) ;
#1312 = ORIENTED_EDGE ( 'NONE', *, *, #8060, .F. ) ;
#1313 = CARTESIAN_POINT ( 'NONE',  ( 0.000000000000000000, 2.200000000000000178, 26.52499999999999858 ) ) ;
#1314 = EDGE_LOOP ( 'NONE', ( #2698, #1584, #3698, #7680, #1979 ) ) ;
#1315 = CARTESIAN_POINT ( 'NONE',  ( -9.253080854662458776, 0.000000000000000000, 42.18996141059079008 ) ) ;
#1316 = ORIENTED_EDGE ( 'NONE', *, *, #7549, .T. ) ;
#1317 = DIRECTION ( 'NONE',  ( 0.000000000000000000, 0.000000000000000000, 1.000000000000000000 ) ) ;
#1318 = ORIENTED_EDGE ( 'NONE', *, *, #3162, .F. ) ;
#1319 = EDGE_CURVE ( 'NONE', #6080, #7428, #6078, .T. ) ;
#1320 = EDGE_LOOP ( 'NONE', ( #2390, #898, #1274, #2608, #3272, #506, #7845, #4718 ) ) ;
#1321 = CARTESIAN_POINT ( 'NONE',  ( -5.000000000000000888, 0.3000000000000001554, -41.50000000000002132 ) ) ;
#1322 = DIRECTION ( 'NONE',  ( 1.000000000000000000, 0.000000000000000000, 0.000000000000000000 ) ) ;
#1323 = CARTESIAN_POINT ( 'NONE',  ( -11.40784251720874387, 1.000000000000000000, 40.34210474584009631 ) ) ;
#1324 = CARTESIAN_POINT ( 'NONE',  ( -6.964257844320117741, 1.000000000000000000, 41.26281078938650637 ) ) ;
#1325 = CARTESIAN_POINT ( 'NONE',  ( -8.107918097756128262, 1.000000000000000000, 40.23206225803919978 ) ) ;
#1326 = EDGE_CURVE ( 'NONE', #7484, #3876, #5418, .T. ) ;
#1327 = CARTESIAN_POINT ( 'NONE',  ( 20.49999999999999645, 2.000000000000000000, -40.99999999999999289 ) ) ;
#1328 = ADVANCED_FACE ( 'NONE', ( #1053 ), #4871, .T. ) ;
#1329 = CARTESIAN_POINT ( 'NONE',  ( -5.623523281146955988, 1.000000000000000000, 38.82986442268668270 ) ) ;
#1330 = ADVANCED_FACE ( 'NONE', ( #3495 ), #3530, .T. ) ;
#1331 = EDGE_LOOP ( 'NONE', ( #6581, #7732, #5347, #2099 ) ) ;
#1332 = CARTESIAN_POINT ( 'NONE',  ( -5.623523281146955988, 0.000000000000000000, 38.82986442268668270 ) ) ;
#1333 = ORIENTED_EDGE ( 'NONE', *, *, #1917, .F. ) ;
#1334 = CARTESIAN_POINT ( 'NONE',  ( -6.203190252995969267, 0.000000000000000000, 39.66064185272752241 ) ) ;
#1335 = CARTESIAN_POINT ( 'NONE',  ( -11.40784251720874387, 1.000000000000000000, 39.39155368557223369 ) ) ;
#1336 = CARTESIAN_POINT ( 'NONE',  ( -6.350613829377412145, 1.000000000000000000, 40.83358285086494988 ) ) ;
#1337 = DIRECTION ( 'NONE',  ( 0.000000000000000000, -0.000000000000000000, 1.000000000000000000 ) ) ;
#1338 = CARTESIAN_POINT ( 'NONE',  ( -9.253080854662458776, 0.000000000000000000, 42.18996141059079008 ) ) ;
#1339 = CARTESIAN_POINT ( 'NONE',  ( -6.339396425814388003, 0.000000000000000000, 40.04827691292733505 ) ) ;
#1340 = VECTOR ( 'NONE', #3766, 1000.000000000000000 ) ;
#1341 = ORIENTED_EDGE ( 'NONE', *, *, #1856, .F. ) ;
#1342 = CARTESIAN_POINT ( 'NONE',  ( -5.202170331775579193, 1.000000000000000000, 41.58568747885375672 ) ) ;
#1343 = EDGE_LOOP ( 'NONE', ( #722, #1316, #6962, #1192 ) ) ;
#1344 = CARTESIAN_POINT ( 'NONE',  ( -4.251253180634250839, 1.000000000000000000, 40.98255925636070884 ) ) ;
#1345 = CARTESIAN_POINT ( 'NONE',  ( -5.623523281146955988, 1.000000000000000000, 38.82986442268668270 ) ) ;
#1346 = ORIENTED_EDGE ( 'NONE', *, *, #2560, .T. ) ;
#1347 = DIRECTION ( 'NONE',  ( 1.000000000000000000, 0.000000000000000000, 0.000000000000000000 ) ) ;
#1348 = AXIS2_PLACEMENT_3D ( 'NONE', #488, #1138, #1622 ) ;
#1349 = CARTESIAN_POINT ( 'NONE',  ( -12.69609325622486296, 0.000000000000000000, 40.59396509033186362 ) ) ;
#1350 = CARTESIAN_POINT ( 'NONE',  ( -12.51946945996820837, 0.000000000000000000, 40.03558791188721955 ) ) ;
#1351 = CARTESIAN_POINT ( 'NONE',  ( -20.00000000000000355, 0.5000000000000000000, -44.00000000000000000 ) ) ;
#1352 = ORIENTED_EDGE ( 'NONE', *, *, #6660, .F. ) ;
#1353 = CARTESIAN_POINT ( 'NONE',  ( -5.322340952355658850, 1.000000000000000000, 39.40921460729319392 ) ) ;
#1354 = CARTESIAN_POINT ( 'NONE',  ( -5.544857339768650029, 0.000000000000000000, 41.72229827478202679 ) ) ;
#1355 = EDGE_LOOP ( 'NONE', ( #5500, #120, #4888, #2639 ) ) ;
#1356 = DIRECTION ( 'NONE',  ( -0.000000000000000000, -0.000000000000000000, 1.000000000000000000 ) ) ;
#1357 = EDGE_LOOP ( 'NONE', ( #1277, #1925, #3616, #2297 ) ) ;
#1358 = CARTESIAN_POINT ( 'NONE',  ( -8.108362400698375438, 0.000000000000000000, 40.20031152415153031 ) ) ;
#1359 = ORIENTED_EDGE ( 'NONE', *, *, #2859, .T. ) ;
#1360 = ORIENTED_EDGE ( 'NONE', *, *, #1382, .T. ) ;
#1361 = CARTESIAN_POINT ( 'NONE',  ( 20.49999999999999645, 26.00000000000000355, 44.00000000000000000 ) ) ;
#1362 = DIRECTION ( 'NONE',  ( 0.000000000000000000, 1.000000000000000000, 0.000000000000000000 ) ) ;
#1363 = CARTESIAN_POINT ( 'NONE',  ( -3.070975182948192828, 0.000000000000000000, 39.83354105273711809 ) ) ;
#1364 = CARTESIAN_POINT ( 'NONE',  ( 19.90041507641943141, 24.00000000000000000, -42.00000000000000711 ) ) ;
#1365 = EDGE_CURVE ( 'NONE', #1400, #4, #7374, .T. ) ;
#1366 = B_SPLINE_SURFACE_WITH_KNOTS ( 'NONE', 3, 1, ( 
 ( #6184, #593 ),
 ( #6268, #58 ),
 ( #7572, #5605 ),
 ( #106, #1973 ),
 ( #5737, #3847 ),
 ( #5032, #2624 ),
 ( #1243, #3148 ),
 ( #716, #5695 ),
 ( #2584, #148 ),
 ( #5075, #7402 ),
 ( #1807, #6357 ),
 ( #7529, #2494 ),
 ( #3073, #3725 ),
 ( #4374, #6229 ),
 ( #1934, #636 ),
 ( #761, #4287 ),
 ( #6792, #1200 ),
 ( #6877, #675 ),
 ( #17, #5567 ) ),
 .UNSPECIFIED., .F., .F., .F.,
 ( 4, 1, 1, 1, 1, 1, 1, 1, 1, 1, 1, 1, 1, 1, 1, 1, 4 ),
 ( 2, 2 ),
 ( 0.000000000000000000, 0.06783476080002130704, 0.1331318760422834369, 0.1961004537276329895, 0.2577112487511462602, 0.3182335764741356932, 0.3784912559011866517, 0.4390372384234385028, 0.5009718130433356009, 0.5627891854896924784, 0.6237737777959446728, 0.6839424706586768599, 0.7444915047399522923, 0.8058159897780451386, 0.8684211412816833509, 0.9330763203446418297, 1.000000000000000000 ),
 ( 0.000000000000000000, 1.000000000000000000 ),
 .UNSPECIFIED. ) ;
#1367 = FACE_OUTER_BOUND ( 'NONE', #5081, .T. ) ;
#1368 = DIRECTION ( 'NONE',  ( 0.7071067811865512365, 0.7071067811865439090, -0.000000000000000000 ) ) ;
#1369 = EDGE_LOOP ( 'NONE', ( #6288, #7174, #6835, #5070 ) ) ;
#1370 = DIRECTION ( 'NONE',  ( 1.000000000000000000, 0.000000000000000000, 0.000000000000000000 ) ) ;
#1371 = ORIENTED_EDGE ( 'NONE', *, *, #7518, .T. ) ;
#1372 = CARTESIAN_POINT ( 'NONE',  ( -5.623523281146955988, 0.000000000000000000, 39.34834681919642208 ) ) ;
#1373 = DIRECTION ( 'NONE',  ( -0.000000000000000000, -1.000000000000000000, -0.000000000000000000 ) ) ;
#1374 = CARTESIAN_POINT ( 'NONE',  ( -6.111092360122184708, 1.000000000000000000, 41.53505624808691721 ) ) ;
#1375 = VECTOR ( 'NONE', #1862, 1000.000000000000000 ) ;
#1376 = AXIS2_PLACEMENT_3D ( 'NONE', #2482, #3178, #5679 ) ;
#1377 = CIRCLE ( 'NONE', #5936, 2.749999999999997335 ) ;
#1378 = DIRECTION ( 'NONE',  ( 0.000000000000000000, 0.000000000000000000, -1.000000000000000000 ) ) ;
#1379 = EDGE_CURVE ( 'NONE', #6481, #6732, #7904, .T. ) ;
#1380 = CARTESIAN_POINT ( 'NONE',  ( -12.55736049708272617, 0.000000000000000000, 41.32981794285805677 ) ) ;
#1381 = DIRECTION ( 'NONE',  ( -1.000000000000000000, -0.000000000000000000, -0.000000000000000000 ) ) ;
#1382 = EDGE_CURVE ( 'NONE', #5949, #1115, #2504, .T. ) ;
#1383 = VECTOR ( 'NONE', #7321, 1000.000000000000000 ) ;
#1384 = EDGE_CURVE ( 'NONE', #216, #5420, #4220, .T. ) ;
#1385 = EDGE_LOOP ( 'NONE', ( #2851, #3388, #2367, #1994, #436 ) ) ;
#1386 = FACE_OUTER_BOUND ( 'NONE', #7106, .T. ) ;
#1387 = EDGE_LOOP ( 'NONE', ( #2166, #1218, #4774, #5540 ) ) ;
#1388 = CARTESIAN_POINT ( 'NONE',  ( -12.67231846598835787, 1.000000000000000000, 40.58649358377827809 ) ) ;
#1389 = CARTESIAN_POINT ( 'NONE',  ( -9.188917180351293013, 1.000000000000000000, 39.44455716969038406 ) ) ;
#1390 = VECTOR ( 'NONE', #6052, 1000.000000000000000 ) ;
#1391 = ORIENTED_EDGE ( 'NONE', *, *, #174, .T. ) ;
#1392 = EDGE_CURVE ( 'NONE', #3785, #4011, #7866, .T. ) ;
#1393 = CARTESIAN_POINT ( 'NONE',  ( 0.000000000000000000, 2.200000000000000178, 26.52499999999999858 ) ) ;
#1394 =( BOUNDED_CURVE ( )  B_SPLINE_CURVE ( 3, ( #4773, #6589, #5324, #996 ),
 .UNSPECIFIED., .F., .F. ) 
 B_SPLINE_CURVE_WITH_KNOTS ( ( 4, 4 ),
 ( 4.712388980384689674, 6.283185307179586232 ),
 .UNSPECIFIED. ) 
 CURVE ( )  GEOMETRIC_REPRESENTATION_ITEM ( )  RATIONAL_B_SPLINE_CURVE ( ( 1.000000000000000000, 0.8047378541243649375, 0.8047378541243649375, 1.000000000000000000 ) ) 
 REPRESENTATION_ITEM ( '' )  );
#1395 = DIRECTION ( 'NONE',  ( 0.000000000000000000, 0.000000000000000000, -1.000000000000000000 ) ) ;
#1396 = DIRECTION ( 'NONE',  ( -0.000000000000000000, -0.000000000000000000, 1.000000000000000000 ) ) ;
#1397 = AXIS2_PLACEMENT_3D ( 'NONE', #6054, #4735, #469 ) ;
#1398 = PLANE ( 'NONE',  #3574 ) ;
#1399 = ORIENTED_EDGE ( 'NONE', *, *, #4257, .F. ) ;
#1400 = VERTEX_POINT ( 'NONE', #6115 ) ;
#1401 = CARTESIAN_POINT ( 'NONE',  ( -3.815585966234085635, 1.000000000000000000, 40.26244208595968388 ) ) ;
#1402 = VERTEX_POINT ( 'NONE', #6768 ) ;
#1403 = CARTESIAN_POINT ( 'NONE',  ( -12.53000374477614010, 1.000000000000000000, 39.98693370578899220 ) ) ;
#1404 = B_SPLINE_CURVE_WITH_KNOTS ( 'NONE', 3,
 ( #5759, #5138, #3174, #5718, #1, #3130, #3746, #170, #1306, #85, #2646, #42, #6291, #6338, #7593, #6856, #7634, #1913, #4311 ),
 .UNSPECIFIED., .F., .F.,
 ( 4, 1, 1, 1, 1, 1, 1, 1, 1, 1, 1, 1, 1, 1, 1, 1, 4 ),
 ( 0.000000000000000000, 0.06446381892914643252, 0.1258150915620533106, 0.1846969363889006677, 0.2422245544822576591, 0.2986646420830946780, 0.3553533927496377864, 0.4124801843501516019, 0.4720135607638124009, 0.5327626201293291786, 0.5937107934902150497, 0.6560840948965371844, 0.7201709165251817257, 0.7859626150842670134, 0.8545056633784310351, 0.9255567339690851103, 1.000000000000000000 ),
 .UNSPECIFIED. ) ;
#1405 = VERTEX_POINT ( 'NONE', #5493 ) ;
#1406 = CARTESIAN_POINT ( 'NONE',  ( -2.469026273690760664, -0.000000000000000000, 42.19886273336930316 ) ) ;
#1407 = CARTESIAN_POINT ( 'NONE',  ( -5.774414359738670122, 0.000000000000000000, 42.24008771227013881 ) ) ;
#1408 = CARTESIAN_POINT ( 'NONE',  ( -2.470833318061973483, 1.000000000000000000, 39.39413572304797384 ) ) ;
#1409 = CARTESIAN_POINT ( 'NONE',  ( 1.836970198721029934E-16, 2.200000000000000178, 25.02499999999999858 ) ) ;
#1410 = CARTESIAN_POINT ( 'NONE',  ( -12.55960526786820708, -0.000000000000000000, 41.68000662022670610 ) ) ;
#1411 = VECTOR ( 'NONE', #3026, 1000.000000000000000 ) ;
#1412 = CIRCLE ( 'NONE', #4527, 2.750000000000000888 ) ;
#1413 = CARTESIAN_POINT ( 'NONE',  ( -8.107918097756128262, 1.000000000000000000, 40.23206225803919978 ) ) ;
#1414 = ORIENTED_EDGE ( 'NONE', *, *, #4263, .T. ) ;
#1415 = CARTESIAN_POINT ( 'NONE',  ( -12.55960526786820708, 0.000000000000000000, 41.68000662022670610 ) ) ;
#1416 = ORIENTED_EDGE ( 'NONE', *, *, #413, .T. ) ;
#1417 = CARTESIAN_POINT ( 'NONE',  ( -6.993425462155824945, 0.000000000000000000, 41.12581091917764553 ) ) ;
#1418 = CARTESIAN_POINT ( 'NONE',  ( -5.000000000000000888, 0.3000000000000001554, -38.50000000000002132 ) ) ;
#1419 = CARTESIAN_POINT ( 'NONE',  ( -6.325046521548595813, 0.000000000000000000, 41.10816754691646935 ) ) ;
#1420 = FACE_OUTER_BOUND ( 'NONE', #3533, .T. ) ;
#1421 = CARTESIAN_POINT ( 'NONE',  ( -12.52546318663356750, 0.000000000000000000, 41.16705463990547287 ) ) ;
#1422 = FACE_OUTER_BOUND ( 'NONE', #1438, .T. ) ;
#1423 = VERTEX_POINT ( 'NONE', #1782 ) ;
#1424 = CARTESIAN_POINT ( 'NONE',  ( -3.663571565116871653, 1.000000000000000000, 41.49155299151663456 ) ) ;
#1425 = ORIENTED_EDGE ( 'NONE', *, *, #4505, .F. ) ;
#1426 = CARTESIAN_POINT ( 'NONE',  ( -5.000000000000000888, 0.3000000000000001554, -38.50000000000002132 ) ) ;
#1427 = DIRECTION ( 'NONE',  ( 0.000000000000000000, 0.000000000000000000, -1.000000000000000000 ) ) ;
#1428 = EDGE_CURVE ( 'NONE', #3781, #3472, #4106, .T. ) ;
#1429 = ORIENTED_EDGE ( 'NONE', *, *, #6383, .F. ) ;
#1430 = DIRECTION ( 'NONE',  ( 1.000000000000000000, 0.000000000000000000, -0.000000000000000000 ) ) ;
#1431 = EDGE_CURVE ( 'NONE', #2694, #1482, #4589, .T. ) ;
#1432 = CARTESIAN_POINT ( 'NONE',  ( -6.160934828942357555, 1.000000000000000000, 41.47669141429479822 ) ) ;
#1433 = CARTESIAN_POINT ( 'NONE',  ( -13.12640226976545677, 0.000000000000000000, 40.93124373366098467 ) ) ;
#1434 = FACE_OUTER_BOUND ( 'NONE', #6924, .T. ) ;
#1435 = DIRECTION ( 'NONE',  ( 0.000000000000000000, 0.000000000000000000, -1.000000000000000000 ) ) ;
#1436 = EDGE_CURVE ( 'NONE', #6158, #4333, #2776, .T. ) ;
#1437 = EDGE_CURVE ( 'NONE', #6977, #3488, #2846, .T. ) ;
#1438 = EDGE_LOOP ( 'NONE', ( #24, #5995 ) ) ;
#1439 = ORIENTED_EDGE ( 'NONE', *, *, #576, .F. ) ;
#1440 = VECTOR ( 'NONE', #987, 1000.000000000000000 ) ;
#1441 = CARTESIAN_POINT ( 'NONE',  ( 1.338183063655702609, 1.000000000000000000, 38.87307128906249432 ) ) ;
#1442 = EDGE_LOOP ( 'NONE', ( #6860, #1947, #144, #6675 ) ) ;
#1443 = CARTESIAN_POINT ( 'NONE',  ( -8.133023547590578772, 0.000000000000000000, 39.96094187914432183 ) ) ;
#1444 = ORIENTED_EDGE ( 'NONE', *, *, #5005, .F. ) ;
#1445 = FACE_OUTER_BOUND ( 'NONE', #4529, .T. ) ;
#1446 = CARTESIAN_POINT ( 'NONE',  ( -12.53797211585106908, 1.000000000000000000, 39.88033136144860435 ) ) ;
#1447 = CARTESIAN_POINT ( 'NONE',  ( -2.835478529406902926, 1.000000000000000000, 39.52630200732073007 ) ) ;
#1448 = DIRECTION ( 'NONE',  ( 0.000000000000000000, 0.000000000000000000, -1.000000000000000000 ) ) ;
#1449 = CARTESIAN_POINT ( 'NONE',  ( -12.57982868963411605, 0.000000000000000000, 41.92527184479979496 ) ) ;
#1450 = DIRECTION ( 'NONE',  ( 1.000000000000000000, 0.000000000000000000, 0.000000000000000000 ) ) ;
#1451 = ORIENTED_EDGE ( 'NONE', *, *, #2968, .F. ) ;
#1452 = CARTESIAN_POINT ( 'NONE',  ( -12.60038992562543925, 0.000000000000000000, 42.03134024879537378 ) ) ;
#1453 = VERTEX_POINT ( 'NONE', #4715 ) ;
#1454 = VECTOR ( 'NONE', #3828, 1000.000000000000000 ) ;
#1455 =( BOUNDED_CURVE ( )  B_SPLINE_CURVE ( 3, ( #145, #261, #7726, #6512 ),
 .UNSPECIFIED., .F., .F. ) 
 B_SPLINE_CURVE_WITH_KNOTS ( ( 4, 4 ),
 ( 5.052225889838807049, 5.513956742642203146 ),
 .UNSPECIFIED. ) 
 CURVE ( )  GEOMETRIC_REPRESENTATION_ITEM ( )  RATIONAL_B_SPLINE_CURVE ( ( 1.000000000000000000, 0.9823124884281214664, 0.9823124884281214664, 1.000000000000000000 ) ) 
 REPRESENTATION_ITEM ( '' )  );
#1456 = CARTESIAN_POINT ( 'NONE',  ( -7.015594507192638218, 1.000000000000000000, 40.83493306543919488 ) ) ;
#1457 = CYLINDRICAL_SURFACE ( 'NONE', #4915, 0.8500000000000000888 ) ;
#1458 = CARTESIAN_POINT ( 'NONE',  ( -5.475550118608421002, 1.000000000000000000, 38.83295029064272086 ) ) ;
#1459 = CARTESIAN_POINT ( 'NONE',  ( -19.90041507641943141, 24.00000000000000000, 42.49999999999999289 ) ) ;
#1460 = CARTESIAN_POINT ( 'NONE',  ( -2.414090638796244193, -0.000000000000000000, 41.68064316787355494 ) ) ;
#1461 = DIRECTION ( 'NONE',  ( 0.000000000000000000, 0.000000000000000000, -1.000000000000000000 ) ) ;
#1462 = ORIENTED_EDGE ( 'NONE', *, *, #4346, .T. ) ;
#1463 = CARTESIAN_POINT ( 'NONE',  ( -20.50000000000000355, 0.5000000000000000000, -15.50000000000004086 ) ) ;
#1464 = ORIENTED_EDGE ( 'NONE', *, *, #5014, .T. ) ;
#1465 = CARTESIAN_POINT ( 'NONE',  ( -13.17438062680041888, 1.000000000000000000, 41.04624192865701815 ) ) ;
#1466 = CARTESIAN_POINT ( 'NONE',  ( -8.902199327367220860, 0.000000000000000000, 39.35075519117446419 ) ) ;
#1467 = VERTEX_POINT ( 'NONE', #5993 ) ;
#1468 = CARTESIAN_POINT ( 'NONE',  ( -3.212710256357517391, 1.000000000000000000, 39.09080860388372258 ) ) ;
#1469 = VECTOR ( 'NONE', #3240, 1000.000000000000000 ) ;
#1470 = CARTESIAN_POINT ( 'NONE',  ( -19.00000000000000355, 1.000000000000000000, 42.49999999999999289 ) ) ;
#1471 = ADVANCED_FACE ( 'NONE', ( #2960 ), #2881, .T. ) ;
#1472 = CARTESIAN_POINT ( 'NONE',  ( -12.92490098347637506, 1.000000000000000000, 40.70191667146841041 ) ) ;
#1473 = CARTESIAN_POINT ( 'NONE',  ( -2.385033624822445297, 0.000000000000000000, 39.39155368557223369 ) ) ;
#1474 = FACE_OUTER_BOUND ( 'NONE', #884, .T. ) ;
#1475 = ORIENTED_EDGE ( 'NONE', *, *, #5013, .F. ) ;
#1476 = ADVANCED_FACE ( 'NONE', ( #2344, #2384, #523, #4830, #1662, #7330, #3001, #4338, #3652 ), #5044, .F. ) ;
#1477 = ORIENTED_EDGE ( 'NONE', *, *, #7518, .F. ) ;
#1478 = CIRCLE ( 'NONE', #4321, 0.5000000000000004441 ) ;
#1479 = EDGE_CURVE ( 'NONE', #7473, #4066, #2507, .T. ) ;
#1480 = EDGE_CURVE ( 'NONE', #6904, #4852, #6888, .T. ) ;
#1481 = CARTESIAN_POINT ( 'NONE',  ( -9.825950971825877289, 1.000000000000000000, 41.84503344709662542 ) ) ;
#1482 = VERTEX_POINT ( 'NONE', #8025 ) ;
#1483 = DIRECTION ( 'NONE',  ( 0.000000000000000000, 0.000000000000000000, -1.000000000000000000 ) ) ;
#1484 = ADVANCED_FACE ( 'NONE', ( #5087 ), #4957, .F. ) ;
#1485 = ORIENTED_EDGE ( 'NONE', *, *, #5364, .T. ) ;
#1486 = CARTESIAN_POINT ( 'NONE',  ( -3.035981515448400891, 1.000000000000000000, 41.31102423902202503 ) ) ;
#1487 = CARTESIAN_POINT ( 'NONE',  ( -6.185493587716105246, 0.000000000000000000, 42.14558066666308633 ) ) ;
#1488 = DIRECTION ( 'NONE',  ( 0.000000000000000000, 0.000000000000000000, 1.000000000000000000 ) ) ;
#1489 = LINE ( 'NONE', #6434, #6679 ) ;
#1490 = CARTESIAN_POINT ( 'NONE',  ( -17.50000000000000355, 0.000000000000000000, 43.50000000000000000 ) ) ;
#1491 = CARTESIAN_POINT ( 'NONE',  ( -5.478029752320794366, 0.000000000000000000, 42.24008301392174047 ) ) ;
#1492 = ORIENTED_EDGE ( 'NONE', *, *, #3762, .F. ) ;
#1493 = CARTESIAN_POINT ( 'NONE',  ( -7.538566537288216018, 1.000000000000000000, 41.39259125174281451 ) ) ;
#1494 = EDGE_LOOP ( 'NONE', ( #4578, #3171, #1736, #5824, #8072, #4315 ) ) ;
#1495 = CARTESIAN_POINT ( 'NONE',  ( -4.910609985946062572, 0.000000000000000000, 40.23206225803919978 ) ) ;
#1496 = CARTESIAN_POINT ( 'NONE',  ( -9.547921941187476946, 1.000000000000000000, 40.23206225803919978 ) ) ;
#1497 = CARTESIAN_POINT ( 'NONE',  ( -5.199174252558260712, 1.000000000000000000, 42.18983138524004772 ) ) ;
#1498 = CARTESIAN_POINT ( 'NONE',  ( -9.504385069496292360, 0.000000000000000000, 38.98344578767328272 ) ) ;
#1499 = CARTESIAN_POINT ( 'NONE',  ( -2.553529539393398107, 0.000000000000000000, 41.66845634957928723 ) ) ;
#1500 = LINE ( 'NONE', #3980, #3457 ) ;
#1501 = VERTEX_POINT ( 'NONE', #1213 ) ;
#1502 = DIRECTION ( 'NONE',  ( 0.000000000000000000, 0.000000000000000000, 1.000000000000000000 ) ) ;
#1503 = ORIENTED_EDGE ( 'NONE', *, *, #6861, .T. ) ;
#1504 = CARTESIAN_POINT ( 'NONE',  ( -13.38995751219910524, 0.000000000000000000, 42.19999999999999574 ) ) ;
#1505 = VECTOR ( 'NONE', #2490, 1000.000000000000000 ) ;
#1506 = CARTESIAN_POINT ( 'NONE',  ( -9.355554944398967621, 0.000000000000000000, 39.59632042104874472 ) ) ;
#1507 = AXIS2_PLACEMENT_3D ( 'NONE', #6250, #6986, #1395 ) ;
#1508 = CARTESIAN_POINT ( 'NONE',  ( -4.920899298970889291, 0.000000000000000000, 41.02078900649159721 ) ) ;
#1509 = ORIENTED_EDGE ( 'NONE', *, *, #413, .F. ) ;
#1510 = DIRECTION ( 'NONE',  ( 0.000000000000000000, 0.000000000000000000, 1.000000000000000000 ) ) ;
#1511 = CIRCLE ( 'NONE', #2407, 4.750000000000000888 ) ;
#1512 = DIRECTION ( 'NONE',  ( -1.000000000000000000, 0.000000000000000000, 0.000000000000000000 ) ) ;
#1513 = VECTOR ( 'NONE', #2214, 1000.000000000000000 ) ;
#1514 = CARTESIAN_POINT ( 'NONE',  ( -10.74218673210639530, 1.000000000000000000, 42.19999999999999574 ) ) ;
#1515 = ORIENTED_EDGE ( 'NONE', *, *, #2715, .F. ) ;
#1516 = CARTESIAN_POINT ( 'NONE',  ( -13.19959118351404648, 1.000000000000000000, 39.88993288442766527 ) ) ;
#1517 = AXIS2_PLACEMENT_3D ( 'NONE', #4422, #4991, #7487 ) ;
#1518 = ORIENTED_EDGE ( 'NONE', *, *, #520, .F. ) ;
#1519 = EDGE_CURVE ( 'NONE', #7428, #178, #4465, .T. ) ;
#1520 = ORIENTED_EDGE ( 'NONE', *, *, #4804, .T. ) ;
#1521 = DIRECTION ( 'NONE',  ( -0.000000000000000000, -1.000000000000000000, -0.000000000000000000 ) ) ;
#1522 = ORIENTED_EDGE ( 'NONE', *, *, #1480, .F. ) ;
#1523 = CARTESIAN_POINT ( 'NONE',  ( -8.249959254485604632, 0.000000000000000000, 39.65901123847051224 ) ) ;
#1524 = ORIENTED_EDGE ( 'NONE', *, *, #2011, .F. ) ;
#1525 = CARTESIAN_POINT ( 'NONE',  ( -2.994221725123150435, 1.000000000000000000, 41.37837517515146857 ) ) ;
#1526 = DIRECTION ( 'NONE',  ( 1.000000000000000000, 0.000000000000000000, 0.000000000000000000 ) ) ;
#1527 = EDGE_CURVE ( 'NONE', #2841, #1672, #3736, .T. ) ;
#1528 = CARTESIAN_POINT ( 'NONE',  ( -9.547921941187476946, 1.000000000000000000, 40.83358285086494988 ) ) ;
#1529 = AXIS2_PLACEMENT_3D ( 'NONE', #7493, #2593, #730 ) ;
#1530 = EDGE_CURVE ( 'NONE', #1453, #7547, #5660, .T. ) ;
#1531 = CARTESIAN_POINT ( 'NONE',  ( -12.90039709384089051, 0.000000000000000000, 40.45936558615927225 ) ) ;
#1532 = LINE ( 'NONE', #230, #5809 ) ;
#1533 = EDGE_LOOP ( 'NONE', ( #3773, #39, #2274, #3466 ) ) ;
#1534 = DIRECTION ( 'NONE',  ( 0.000000000000000000, 0.000000000000000000, 1.000000000000000000 ) ) ;
#1535 = ORIENTED_EDGE ( 'NONE', *, *, #1630, .T. ) ;
#1536 = CARTESIAN_POINT ( 'NONE',  ( -6.799649897467602955, 1.000000000000000000, 41.63291854017213467 ) ) ;
#1537 = EDGE_CURVE ( 'NONE', #2686, #217, #4918, .T. ) ;
#1538 = CARTESIAN_POINT ( 'NONE',  ( -13.38995751219910524, 1.000000000000000000, 42.15139227532721122 ) ) ;
#1539 = CARTESIAN_POINT ( 'NONE',  ( -12.15620243772142750, 0.000000000000000000, 40.86856592298573077 ) ) ;
#1540 = ADVANCED_FACE ( 'NONE', ( #6154 ), #6976, .T. ) ;
#1541 = CARTESIAN_POINT ( 'NONE',  ( -10.11899054285857602, 0.000000000000000000, 39.68145957347608999 ) ) ;
#1542 = AXIS2_PLACEMENT_3D ( 'NONE', #4494, #762, #149 ) ;
#1543 = DIRECTION ( 'NONE',  ( -0.000000000000000000, -1.000000000000000000, -0.000000000000000000 ) ) ;
#1544 = DIRECTION ( 'NONE',  ( -0.000000000000000000, -1.000000000000000000, -0.000000000000000000 ) ) ;
#1545 = CARTESIAN_POINT ( 'NONE',  ( -9.252967633269921777, 0.000000000000000000, 41.58568926665002863 ) ) ;
#1546 = ORIENTED_EDGE ( 'NONE', *, *, #140, .T. ) ;
#1547 = CARTESIAN_POINT ( 'NONE',  ( -3.136862484297294085, 1.000000000000000000, 40.07566312800436492 ) ) ;
#1548 = ORIENTED_EDGE ( 'NONE', *, *, #289, .T. ) ;
#1549 = CARTESIAN_POINT ( 'NONE',  ( -12.74248918307775291, 1.000000000000000000, 40.60854555426416113 ) ) ;
#1550 = CARTESIAN_POINT ( 'NONE',  ( -8.399478443585644882, 0.000000000000000000, 41.58568747885377093 ) ) ;
#1551 = VECTOR ( 'NONE', #5880, 1000.000000000000000 ) ;
#1552 = CARTESIAN_POINT ( 'NONE',  ( -3.762680386008024236, 0.000000000000000000, 39.83619575229770504 ) ) ;
#1553 = CARTESIAN_POINT ( 'NONE',  ( -18.79365512710639763, 24.35000000000000853, 43.70974167736893179 ) ) ;
#1554 = CARTESIAN_POINT ( 'NONE',  ( -6.349543230571986996, 0.000000000000000000, 40.92878304598652761 ) ) ;
#1555 = CARTESIAN_POINT ( 'NONE',  ( -3.148579966557493393, 0.000000000000000000, 40.25771633494984059 ) ) ;
#1556 = VERTEX_POINT ( 'NONE', #3289 ) ;
#1557 = FACE_OUTER_BOUND ( 'NONE', #2798, .T. ) ;
#1558 = ORIENTED_EDGE ( 'NONE', *, *, #5828, .T. ) ;
#1559 = ORIENTED_EDGE ( 'NONE', *, *, #2312, .T. ) ;
#1560 = CARTESIAN_POINT ( 'NONE',  ( -19.65534243804603065, 24.35000000000000142, 43.08674362937994573 ) ) ;
#1561 = DIRECTION ( 'NONE',  ( 0.000000000000000000, -0.000000000000000000, 1.000000000000000000 ) ) ;
#1562 = ORIENTED_EDGE ( 'NONE', *, *, #576, .T. ) ;
#1563 = DIRECTION ( 'NONE',  ( 1.000000000000000000, 0.000000000000000000, -0.000000000000000000 ) ) ;
#1564 = CARTESIAN_POINT ( 'NONE',  ( -20.50000000000000355, 0.5000000000000000000, -44.00000000000000000 ) ) ;
#1565 = AXIS2_PLACEMENT_3D ( 'NONE', #6094, #4976, #504 ) ;
#1566 = CARTESIAN_POINT ( 'NONE',  ( -13.38995751219910524, 1.000000000000000000, 42.15139227532721122 ) ) ;
#1567 = EDGE_CURVE ( 'NONE', #5134, #3876, #2189, .T. ) ;
#1568 = DIRECTION ( 'NONE',  ( 0.000000000000000000, 0.000000000000000000, -1.000000000000000000 ) ) ;
#1569 = FACE_OUTER_BOUND ( 'NONE', #3032, .T. ) ;
#1570 = ORIENTED_EDGE ( 'NONE', *, *, #3114, .F. ) ;
#1571 = CARTESIAN_POINT ( 'NONE',  ( -8.822856714818387402, 1.000000000000000000, 42.24320686637580025 ) ) ;
#1572 = CARTESIAN_POINT ( 'NONE',  ( -13.22407759558715412, 0.000000000000000000, 41.70330414871190072 ) ) ;
#1573 = CARTESIAN_POINT ( 'NONE',  ( -9.522492053933440559, 1.000000000000000000, 39.96187102888314513 ) ) ;
#1574 = CARTESIAN_POINT ( 'NONE',  ( -12.55006478137655002, 0.000000000000000000, 41.27213640130365491 ) ) ;
#1575 = EDGE_CURVE ( 'NONE', #539, #6232, #7554, .T. ) ;
#1576 = LINE ( 'NONE', #5863, #1003 ) ;
#1577 = EDGE_CURVE ( 'NONE', #6419, #6656, #318, .T. ) ;
#1578 = DIRECTION ( 'NONE',  ( -0.000000000000000000, 1.000000000000000000, -0.000000000000000000 ) ) ;
#1579 = EDGE_CURVE ( 'NONE', #7183, #2876, #5749, .T. ) ;
#1580 = VECTOR ( 'NONE', #535, 1000.000000000000000 ) ;
#1581 = LINE ( 'NONE', #5174, #6725 ) ;
#1582 = ORIENTED_EDGE ( 'NONE', *, *, #5878, .T. ) ;
#1583 = CARTESIAN_POINT ( 'NONE',  ( -19.90041507641943141, 24.00000000000000000, -14.50000000000004086 ) ) ;
#1584 = ORIENTED_EDGE ( 'NONE', *, *, #4161, .T. ) ;
#1585 = DIRECTION ( 'NONE',  ( 0.000000000000000000, 0.000000000000000000, 1.000000000000000000 ) ) ;
#1586 = CARTESIAN_POINT ( 'NONE',  ( -8.180026550382637041, 1.000000000000000000, 41.26947296769148466 ) ) ;
#1587 = CARTESIAN_POINT ( 'NONE',  ( -8.143990389967262544, 0.000000000000000000, 38.98344318218652660 ) ) ;
#1588 = CARTESIAN_POINT ( 'NONE',  ( -2.958039891549808509, -0.2360679774997919977, 27.02500000000000213 ) ) ;
#1589 = LINE ( 'NONE', #1470, #1551 ) ;
#1590 = DIRECTION ( 'NONE',  ( -0.9889363528682922899, 0.000000000000000000, -0.1483404529302795871 ) ) ;
#1591 = ORIENTED_EDGE ( 'NONE', *, *, #4359, .F. ) ;
#1592 = CARTESIAN_POINT ( 'NONE',  ( 11.65000000000000036, 5.000000000000000000, -14.60000000000001918 ) ) ;
#1593 = ORIENTED_EDGE ( 'NONE', *, *, #1630, .F. ) ;
#1594 = ORIENTED_EDGE ( 'NONE', *, *, #3602, .T. ) ;
#1595 = CARTESIAN_POINT ( 'NONE',  ( -2.749999999999996447, 19.25000000000000355, 43.50000000000000000 ) ) ;
#1596 = CARTESIAN_POINT ( 'NONE',  ( -5.325343364215927799, 1.000000000000000000, 41.66423967152967123 ) ) ;
#1597 = ORIENTED_EDGE ( 'NONE', *, *, #1717, .T. ) ;
#1598 = CARTESIAN_POINT ( 'NONE',  ( -3.793871375374599619, 1.000000000000000000, 41.10441885722578803 ) ) ;
#1599 = CARTESIAN_POINT ( 'NONE',  ( -4.394774015555976021, 0.000000000000000000, 39.55827786110705091 ) ) ;
#1600 = AXIS2_PLACEMENT_3D ( 'NONE', #72, #2429, #5706 ) ;
#1601 = CARTESIAN_POINT ( 'NONE',  ( -13.38995751219910524, 0.000000000000000000, 42.15139227532721122 ) ) ;
#1602 = CARTESIAN_POINT ( 'NONE',  ( -4.911922648987047779, 1.000000000000000000, 40.13825685875954719 ) ) ;
#1603 = FACE_OUTER_BOUND ( 'NONE', #4077, .T. ) ;
#1604 = ORIENTED_EDGE ( 'NONE', *, *, #3166, .F. ) ;
#1605 = CYLINDRICAL_SURFACE ( 'NONE', #1236, 2.249999999999997780 ) ;
#1606 = CARTESIAN_POINT ( 'NONE',  ( -8.107918097756128262, 0.000000000000000000, 40.23206225803919978 ) ) ;
#1607 = CARTESIAN_POINT ( 'NONE',  ( -9.355554944398967621, 0.000000000000000000, 39.59632042104874472 ) ) ;
#1608 = LINE ( 'NONE', #7888, #6599 ) ;
#1609 = EDGE_CURVE ( 'NONE', #216, #1021, #5251, .T. ) ;
#1610 = LINE ( 'NONE', #1080, #417 ) ;
#1611 = LINE ( 'NONE', #2871, #5639 ) ;
#1612 = CARTESIAN_POINT ( 'NONE',  ( -13.20092747180492943, 1.000000000000000000, 39.84860131895386814 ) ) ;
#1613 = ORIENTED_EDGE ( 'NONE', *, *, #3611, .F. ) ;
#1614 = CARTESIAN_POINT ( 'NONE',  ( -2.772713189023752189, 1.000000000000000000, 39.48394958280908895 ) ) ;
#1615 = EDGE_LOOP ( 'NONE', ( #1188, #4342, #3167, #7409 ) ) ;
#1616 = CARTESIAN_POINT ( 'NONE',  ( -6.276303917562395362, 0.000000000000000000, 39.80272785000476432 ) ) ;
#1617 = CARTESIAN_POINT ( 'NONE',  ( -8.118207410780955868, 1.000000000000000000, 41.02078900649161852 ) ) ;
#1618 = CARTESIAN_POINT ( 'NONE',  ( -7.448490465710707831, 0.000000000000000000, 40.09117111749755935 ) ) ;
#1619 = ADVANCED_FACE ( 'NONE', ( #2716 ), #5295, .F. ) ;
#1620 = DIRECTION ( 'NONE',  ( -0.000000000000000000, -1.000000000000000000, -0.000000000000000000 ) ) ;
#1621 = ADVANCED_FACE ( 'NONE', ( #4020 ), #266, .T. ) ;
#1622 = DIRECTION ( 'NONE',  ( -1.000000000000000000, 0.000000000000000000, 0.000000000000000000 ) ) ;
#1623 = EDGE_CURVE ( 'NONE', #651, #6649, #3443, .T. ) ;
#1624 = AXIS2_PLACEMENT_3D ( 'NONE', #6448, #4587, #2681 ) ;
#1625 = CARTESIAN_POINT ( 'NONE',  ( -13.49999999999999822, 0.2999999999999999889, -17.50000000000001776 ) ) ;
#1626 = AXIS2_PLACEMENT_3D ( 'NONE', #537, #7991, #2395 ) ;
#1627 = VERTEX_POINT ( 'NONE', #431 ) ;
#1628 = LINE ( 'NONE', #7679, #855 ) ;
#1629 = ORIENTED_EDGE ( 'NONE', *, *, #2825, .F. ) ;
#1630 = EDGE_CURVE ( 'NONE', #2579, #5336, #1611, .T. ) ;
#1631 = EDGE_CURVE ( 'NONE', #1280, #6544, #2905, .T. ) ;
#1632 = VERTEX_POINT ( 'NONE', #6561 ) ;
#1633 = PRODUCT_DEFINITION_SHAPE ( 'NONE', 'NONE',  #2613 ) ;
#1634 = VECTOR ( 'NONE', #1907, 1000.000000000000000 ) ;
#1635 = AXIS2_PLACEMENT_3D ( 'NONE', #5930, #3586, #2977 ) ;
#1636 = VECTOR ( 'NONE', #7082, 1000.000000000000000 ) ;
#1637 = LINE ( 'NONE', #950, #653 ) ;
#1638 = CIRCLE ( 'NONE', #2678, 3.000000000000002665 ) ;
#1639 = DIRECTION ( 'NONE',  ( 0.000000000000000000, 1.000000000000000000, -0.000000000000000000 ) ) ;
#1640 = ORIENTED_EDGE ( 'NONE', *, *, #3512, .F. ) ;
#1641 = CARTESIAN_POINT ( 'NONE',  ( -3.322377784943332468, 1.000000000000000000, 41.90501854322032216 ) ) ;
#1642 = CARTESIAN_POINT ( 'NONE',  ( -4.268923723303605477, 1.000000000000000000, 39.94831373857041257 ) ) ;
#1643 = VECTOR ( 'NONE', #2464, 1000.000000000000000 ) ;
#1644 = CARTESIAN_POINT ( 'NONE',  ( -13.25997604510657268, 0.000000000000000000, 41.92392805582012727 ) ) ;
#1645 = DIRECTION ( 'NONE',  ( 0.000000000000000000, 0.000000000000000000, 1.000000000000000000 ) ) ;
#1646 = ORIENTED_EDGE ( 'NONE', *, *, #5273, .T. ) ;
#1647 = DIRECTION ( 'NONE',  ( 0.000000000000000000, 0.000000000000000000, 1.000000000000000000 ) ) ;
#1648 = CARTESIAN_POINT ( 'NONE',  ( -13.50000000000000000, 0.000000000000000000, -37.00000000000002132 ) ) ;
#1649 = PLANE ( 'NONE',  #1664 ) ;
#1650 = FACE_BOUND ( 'NONE', #362, .T. ) ;
#1651 = VECTOR ( 'NONE', #7583, 1000.000000000000000 ) ;
#1652 = CARTESIAN_POINT ( 'NONE',  ( 0.000000000000000000, 2.200000000000000178, 26.52499999999999858 ) ) ;
#1653 = DIRECTION ( 'NONE',  ( 0.000000000000000000, 0.000000000000000000, 1.000000000000000000 ) ) ;
#1654 = CARTESIAN_POINT ( 'NONE',  ( -12.55822533446472988, 1.000000000000000000, 41.38987125545352797 ) ) ;
#1655 = EDGE_LOOP ( 'NONE', ( #4048, #2995, #3500, #7756, #6520 ) ) ;
#1656 = LINE ( 'NONE', #3643, #6979 ) ;
#1657 = ORIENTED_EDGE ( 'NONE', *, *, #3467, .T. ) ;
#1658 = CARTESIAN_POINT ( 'NONE',  ( 18.49999999999999645, 26.00000000000000355, -42.00000000000000711 ) ) ;
#1659 = CARTESIAN_POINT ( 'NONE',  ( -8.107918097756128262, 1.000000000000000000, 40.83358285086494988 ) ) ;
#1660 = CARTESIAN_POINT ( 'NONE',  ( -3.146661855316991829, 1.000000000000000000, 40.90424474201378757 ) ) ;
#1661 = LINE ( 'NONE', #4181, #879 ) ;
#1662 = FACE_OUTER_BOUND ( 'NONE', #2339, .T. ) ;
#1663 = CARTESIAN_POINT ( 'NONE',  ( -8.030103953614771584, 0.000000000000000000, 39.05288680998297224 ) ) ;
#1664 = AXIS2_PLACEMENT_3D ( 'NONE', #4128, #6632, #2185 ) ;
#1665 = VECTOR ( 'NONE', #5323, 1000.000000000000000 ) ;
#1666 = ADVANCED_FACE ( 'NONE', ( #1043 ), #360, .T. ) ;
#1667 = EDGE_LOOP ( 'NONE', ( #5624, #3685, #7642, #490, #7937, #5186 ) ) ;
#1668 = VERTEX_POINT ( 'NONE', #6598 ) ;
#1669 = CARTESIAN_POINT ( 'NONE',  ( -8.344679296680588720, 0.000000000000000000, 41.53505539339037256 ) ) ;
#1670 = ORIENTED_EDGE ( 'NONE', *, *, #4509, .T. ) ;
#1671 = ADVANCED_FACE ( 'NONE', ( #1123 ), #7820, .T. ) ;
#1672 = VERTEX_POINT ( 'NONE', #5984 ) ;
#1673 = LINE ( 'NONE', #2702, #4189 ) ;
#1674 = EDGE_CURVE ( 'NONE', #2800, #5351, #2947, .T. ) ;
#1675 = DIRECTION ( 'NONE',  ( 0.000000000000000000, 0.000000000000000000, -1.000000000000000000 ) ) ;
#1676 = DIRECTION ( 'NONE',  ( 0.000000000000000000, 0.000000000000000000, 1.000000000000000000 ) ) ;
#1677 = EDGE_CURVE ( 'NONE', #3281, #2748, #5443, .T. ) ;
#1678 = ORIENTED_EDGE ( 'NONE', *, *, #5968, .F. ) ;
#1679 = CARTESIAN_POINT ( 'NONE',  ( -3.663571565116871653, 0.000000000000000000, 41.49155299151663456 ) ) ;
#1680 = CARTESIAN_POINT ( 'NONE',  ( -4.460624613754827550, 1.000000000000000000, 39.44123848650360742 ) ) ;
#1681 = PLANE ( 'NONE',  #6858 ) ;
#1682 = FACE_OUTER_BOUND ( 'NONE', #6689, .T. ) ;
#1683 = CARTESIAN_POINT ( 'NONE',  ( -4.911054288888308861, -2.168404344971008868E-16, 40.20031152415153741 ) ) ;
#1684 = VECTOR ( 'NONE', #4766, 1000.000000000000000 ) ;
#1685 = ORIENTED_EDGE ( 'NONE', *, *, #1319, .T. ) ;
#1686 = CARTESIAN_POINT ( 'NONE',  ( 17.50000000000000000, 0.000000000000000000, 43.50000000000000000 ) ) ;
#1687 = DIRECTION ( 'NONE',  ( -1.000000000000000000, 0.000000000000000000, 0.000000000000000000 ) ) ;
#1688 = CARTESIAN_POINT ( 'NONE',  ( -9.188917180351293013, 1.000000000000000000, 39.44455716969038406 ) ) ;
#1689 = CARTESIAN_POINT ( 'NONE',  ( -5.573498472289083239, 1.000000000000000000, 38.83090765209404083 ) ) ;
#1690 = CARTESIAN_POINT ( 'NONE',  ( -19.50000000000000355, 26.00000000000000355, -15.50000000000004086 ) ) ;
#1691 = CARTESIAN_POINT ( 'NONE',  ( -12.25868008685203137, 0.000000000000000000, 40.89498948717196924 ) ) ;
#1692 = CARTESIAN_POINT ( 'NONE',  ( -10.11899054285857602, 0.000000000000000000, 39.68145957347608999 ) ) ;
#1693 = ORIENTED_EDGE ( 'NONE', *, *, #5064, .F. ) ;
#1694 = CARTESIAN_POINT ( 'NONE',  ( -8.399478443585644882, 1.000000000000000000, 41.58568747885377093 ) ) ;
#1695 = ORIENTED_EDGE ( 'NONE', *, *, #1076, .F. ) ;
#1696 = CARTESIAN_POINT ( 'NONE',  ( -10.74218673210639530, 1.000000000000000000, 38.87307128906249432 ) ) ;
#1697 = CARTESIAN_POINT ( 'NONE',  ( -7.015594507192638218, 1.000000000000000000, 40.23813822362329518 ) ) ;
#1698 = FACE_OUTER_BOUND ( 'NONE', #4823, .T. ) ;
#1699 = CARTESIAN_POINT ( 'NONE',  ( -11.99316053514356817, 0.000000000000000000, 39.39155368557223369 ) ) ;
#1700 = CARTESIAN_POINT ( 'NONE',  ( 6.000000000000005329, 21.50000000000000000, 43.00000000000000000 ) ) ;
#1701 = CARTESIAN_POINT ( 'NONE',  ( -9.727787819299765104, 1.000000000000000000, 39.13452977689640733 ) ) ;
#1702 = ORIENTED_EDGE ( 'NONE', *, *, #89, .F. ) ;
#1703 = ORIENTED_EDGE ( 'NONE', *, *, #2065, .T. ) ;
#1704 = CARTESIAN_POINT ( 'NONE',  ( -8.396482364368326401, 0.000000000000000000, 42.18983138524006193 ) ) ;
#1705 = AXIS2_PLACEMENT_3D ( 'NONE', #7714, #4598, #3030 ) ;
#1706 = ORIENTED_EDGE ( 'NONE', *, *, #3225, .T. ) ;
#1707 = DIRECTION ( 'NONE',  ( 0.8591433408540535277, 0.000000000000000000, -0.5117350094200469046 ) ) ;
#1708 = EDGE_CURVE ( 'NONE', #3728, #1156, #108, .T. ) ;
#1709 = CARTESIAN_POINT ( 'NONE',  ( -0.01473193973690074127, 1.000000000000000000, 41.14548241751533908 ) ) ;
#1710 = CARTESIAN_POINT ( 'NONE',  ( -3.212710256357517391, 0.000000000000000000, 39.09080860388372258 ) ) ;
#1711 = ADVANCED_FACE ( 'NONE', ( #7854 ), #2294, .F. ) ;
#1712 = ORIENTED_EDGE ( 'NONE', *, *, #5556, .T. ) ;
#1713 = CYLINDRICAL_SURFACE ( 'NONE', #1635, 0.5000000000000004441 ) ;
#1714 = DIRECTION ( 'NONE',  ( 0.000000000000000000, 1.000000000000000000, -0.000000000000000000 ) ) ;
#1715 = CARTESIAN_POINT ( 'NONE',  ( -5.625548603008321713, 1.000000000000000000, 42.24320686637580025 ) ) ;
#1716 = EDGE_CURVE ( 'NONE', #2521, #2885, #4171, .T. ) ;
#1717 = EDGE_CURVE ( 'NONE', #7748, #3243, #3599, .T. ) ;
#1718 = CARTESIAN_POINT ( 'NONE',  ( -6.350613829377412145, 1.000000000000000000, 40.83358285086494988 ) ) ;
#1719 = EDGE_CURVE ( 'NONE', #4331, #1627, #4055, .T. ) ;
#1720 = VECTOR ( 'NONE', #3619, 1000.000000000000000 ) ;
#1721 = CARTESIAN_POINT ( 'NONE',  ( -13.37515933669722479, 1.000000000000000000, 42.13799337199600359 ) ) ;
#1722 = LINE ( 'NONE', #2326, #2155 ) ;
#1723 = EDGE_LOOP ( 'NONE', ( #4408, #4969, #5698, #3915 ) ) ;
#1724 = CYLINDRICAL_SURFACE ( 'NONE', #5932, 4.750000000000001776 ) ;
#1725 = FACE_OUTER_BOUND ( 'NONE', #2758, .T. ) ;
#1726 = CARTESIAN_POINT ( 'NONE',  ( -8.519649064165722763, 1.000000000000000000, 39.40921460729319392 ) ) ;
#1727 = PLANE ( 'NONE',  #4111 ) ;
#1728 = EDGE_CURVE ( 'NONE', #3930, #780, #3805, .T. ) ;
#1729 = FACE_OUTER_BOUND ( 'NONE', #7811, .T. ) ;
#1730 = VECTOR ( 'NONE', #4891, 1000.000000000000000 ) ;
#1731 = CARTESIAN_POINT ( 'NONE',  ( 2.003838848758051405, 1.000000000000000000, 38.87307128906249432 ) ) ;
#1732 = DIRECTION ( 'NONE',  ( -1.000000000000000000, -0.000000000000000000, -0.000000000000000000 ) ) ;
#1733 = CARTESIAN_POINT ( 'NONE',  ( 17.50000000000000000, 26.00000000000000355, -40.99999999999999289 ) ) ;
#1734 = ORIENTED_EDGE ( 'NONE', *, *, #2772, .F. ) ;
#1735 = CARTESIAN_POINT ( 'NONE',  ( -12.03909432757722264, -0.000000000000000000, 38.87381303387155640 ) ) ;
#1736 = ORIENTED_EDGE ( 'NONE', *, *, #6228, .T. ) ;
#1737 = LINE ( 'NONE', #7286, #1248 ) ;
#1738 = CARTESIAN_POINT ( 'NONE',  ( -12.36329879952784339, 1.000000000000000000, 40.25397607504197595 ) ) ;
#1739 = CARTESIAN_POINT ( 'NONE',  ( -9.547921941187476946, 1.000000000000000000, 40.23206225803919978 ) ) ;
#1740 = DIRECTION ( 'NONE',  ( -1.000000000000000000, 0.000000000000000000, 0.000000000000000000 ) ) ;
#1741 = CARTESIAN_POINT ( 'NONE',  ( 4.119968255444916849E-15, 19.25000000000000355, 44.00000000000000000 ) ) ;
#1742 = CARTESIAN_POINT ( 'NONE',  ( -7.537716947659503397, 0.000000000000000000, 39.68163377784200918 ) ) ;
#1743 = EDGE_LOOP ( 'NONE', ( #6160, #5121, #253 ) ) ;
#1744 = ORIENTED_EDGE ( 'NONE', *, *, #6472, .F. ) ;
#1745 = CARTESIAN_POINT ( 'NONE',  ( -6.325183942123373981, 1.000000000000000000, 39.96187102888313802 ) ) ;
#1746 = ORIENTED_EDGE ( 'NONE', *, *, #4903, .F. ) ;
#1747 = CARTESIAN_POINT ( 'NONE',  ( -12.48493726452301189, 0.000000000000000000, 39.63584353947666017 ) ) ;
#1748 = VECTOR ( 'NONE', #4898, 1000.000000000000000 ) ;
#1749 = CARTESIAN_POINT ( 'NONE',  ( -11.40784251720874387, 1.000000000000000000, 40.86058714234982858 ) ) ;
#1750 = CARTESIAN_POINT ( 'NONE',  ( -4.910609985946062572, 1.000000000000000000, 40.23206225803919978 ) ) ;
#1751 = DIRECTION ( 'NONE',  ( -1.000000000000000000, 0.000000000000000000, 0.000000000000000000 ) ) ;
#1752 = ADVANCED_FACE ( 'NONE', ( #2539 ), #7530, .T. ) ;
#1753 = ORIENTED_EDGE ( 'NONE', *, *, #2718, .T. ) ;
#1754 = DIRECTION ( 'NONE',  ( -1.000000000000000000, 0.000000000000000000, 0.000000000000000000 ) ) ;
#1755 = CARTESIAN_POINT ( 'NONE',  ( -2.709108999133828632, 1.000000000000000000, 38.89498084162867286 ) ) ;
#1756 = CIRCLE ( 'NONE', #5401, 1.500000000000001332 ) ;
#1757 = CARTESIAN_POINT ( 'NONE',  ( -2.749999999999996447, 19.25000000000000355, 44.00000000000000000 ) ) ;
#1758 = CARTESIAN_POINT ( 'NONE',  ( -20.00000000000000355, 0.5000000000000000000, -40.99999999999999289 ) ) ;
#1759 = CARTESIAN_POINT ( 'NONE',  ( 11.65000000000000036, 5.000000000000000000, -15.45000000000001883 ) ) ;
#1760 = VECTOR ( 'NONE', #733, 1000.000000000000000 ) ;
#1761 = CARTESIAN_POINT ( 'NONE',  ( -8.661640571336075567, 1.000000000000000000, 39.36250293755926322 ) ) ;
#1762 = EDGE_CURVE ( 'NONE', #7950, #6246, #1921, .T. ) ;
#1763 = ORIENTED_EDGE ( 'NONE', *, *, #529, .F. ) ;
#1764 = DIRECTION ( 'NONE',  ( -0.000000000000000000, -0.000000000000000000, 1.000000000000000000 ) ) ;
#1765 = DIRECTION ( 'NONE',  ( 0.000000000000000000, 0.000000000000000000, 1.000000000000000000 ) ) ;
#1766 = CARTESIAN_POINT ( 'NONE',  ( -14.50000000000000178, 1.000000000000000000, 39.27324312067139545 ) ) ;
#1767 = DIRECTION ( 'NONE',  ( 0.000000000000000000, 0.000000000000000000, 1.000000000000000000 ) ) ;
#1768 = AXIS2_PLACEMENT_3D ( 'NONE', #424, #5360, #4733 ) ;
#1769 = LINE ( 'NONE', #4779, #6241 ) ;
#1770 = EDGE_CURVE ( 'NONE', #6565, #4865, #4904, .T. ) ;
#1771 = DIRECTION ( 'NONE',  ( 1.000000000000000000, 0.000000000000000000, 0.000000000000000000 ) ) ;
#1772 = VECTOR ( 'NONE', #1242, 1000.000000000000000 ) ;
#1773 = CARTESIAN_POINT ( 'NONE',  ( -9.727787819299765104, 1.000000000000000000, 39.13452977689640733 ) ) ;
#1774 = EDGE_CURVE ( 'NONE', #5794, #5870, #4313, .T. ) ;
#1775 = ORIENTED_EDGE ( 'NONE', *, *, #8056, .F. ) ;
#1776 = CARTESIAN_POINT ( 'NONE',  ( -12.88152142756190521, 0.000000000000000000, 39.12834846772272357 ) ) ;
#1777 = EDGE_LOOP ( 'NONE', ( #6316, #1439, #1464, #189 ) ) ;
#1778 = DIRECTION ( 'NONE',  ( 0.000000000000000000, 0.000000000000000000, 1.000000000000000000 ) ) ;
#1779 = CARTESIAN_POINT ( 'NONE',  ( -12.00420001071885601, 0.000000000000000000, 40.34169641270832329 ) ) ;
#1780 = CARTESIAN_POINT ( 'NONE',  ( -2.470833317507218130, 0.000000000000000000, 41.67893556573324787 ) ) ;
#1781 = CARTESIAN_POINT ( 'NONE',  ( -18.50000000000000355, 1.000000000000000000, 39.27324312067140255 ) ) ;
#1782 = CARTESIAN_POINT ( 'NONE',  ( -14.00000000000000178, 1.000000000000000000, 42.49999999999999289 ) ) ;
#1783 = CARTESIAN_POINT ( 'NONE',  ( -7.446152315106081332, -0.000000000000000000, 40.18857988217609289 ) ) ;
#1784 = ORIENTED_EDGE ( 'NONE', *, *, #3504, .T. ) ;
#1785 = CARTESIAN_POINT ( 'NONE',  ( -5.053822188417895767, 1.000000000000000000, 41.41263195574053668 ) ) ;
#1786 = ORIENTED_EDGE ( 'NONE', *, *, #1136, .T. ) ;
#1787 = DIRECTION ( 'NONE',  ( -0.000000000000000000, -0.000000000000000000, 1.000000000000000000 ) ) ;
#1788 = ORIENTED_EDGE ( 'NONE', *, *, #533, .T. ) ;
#1789 = CARTESIAN_POINT ( 'NONE',  ( -12.27761054202555258, 1.000000000000000000, 39.44263842153810629 ) ) ;
#1790 = VECTOR ( 'NONE', #1935, 1000.000000000000114 ) ;
#1791 = CARTESIAN_POINT ( 'NONE',  ( -8.822856714818387402, 1.000000000000000000, 42.24320686637580025 ) ) ;
#1792 = FACE_OUTER_BOUND ( 'NONE', #2764, .T. ) ;
#1793 = CARTESIAN_POINT ( 'NONE',  ( -5.623523281146955988, 1.000000000000000000, 39.34834681919642208 ) ) ;
#1794 = ORIENTED_EDGE ( 'NONE', *, *, #5821, .T. ) ;
#1795 = CARTESIAN_POINT ( 'NONE',  ( -9.536752197793271435, 1.000000000000000000, 41.02075128517785174 ) ) ;
#1796 = CARTESIAN_POINT ( 'NONE',  ( -5.390571355204873072, 0.000000000000000000, 39.38081116844903562 ) ) ;
#1797 = CARTESIAN_POINT ( 'NONE',  ( -17.50000000000000355, 0.5000000000000000000, -43.50000000000000000 ) ) ;
#1798 = B_SPLINE_CURVE_WITH_KNOTS ( 'NONE', 3,
 ( #3353, #5277, #4611, #6431, #223, #181, #2699, #5194, #3275, #7116, #1525, #1486, #7686, #7645, #915, #3393, #2051, #7154, #3884 ),
 .UNSPECIFIED., .F., .F.,
 ( 4, 1, 1, 1, 1, 1, 1, 1, 1, 1, 1, 1, 1, 1, 1, 1, 4 ),
 ( 0.000000000000000000, 0.06670444623284096930, 0.1302607681779227589, 0.1908953556931661522, 0.2502064430093249303, 0.3079562883143117658, 0.3656899613981883235, 0.4236243114713499347, 0.4831867751421408119, 0.5433109930441692992, 0.6033752742928781831, 0.6648250174573923088, 0.7270942417324739449, 0.7913789250196556768, 0.8580453624480058883, 0.9271234476888333687, 1.000000000000000000 ),
 .UNSPECIFIED. ) ;
#1799 = DIRECTION ( 'NONE',  ( -0.000000000000000000, -1.000000000000000000, -0.000000000000000000 ) ) ;
#1800 = CARTESIAN_POINT ( 'NONE',  ( -9.382801699526167383, 0.000000000000000000, 42.14558066666307212 ) ) ;
#1801 = CARTESIAN_POINT ( 'NONE',  ( 0.000000000000000000, 2.200000000000000178, 26.52499999999999858 ) ) ;
#1802 = EDGE_LOOP ( 'NONE', ( #465, #1399, #2310, #6284 ) ) ;
#1803 = LINE ( 'NONE', #2410, #6584 ) ;
#1804 = CARTESIAN_POINT ( 'NONE',  ( 4.770489558936219510E-15, 22.00000000000000355, 39.99999999999999289 ) ) ;
#1805 = CARTESIAN_POINT ( 'NONE',  ( 18.09343177501381561, 24.19608660721294058, 43.94322684680879121 ) ) ;
#1806 = CARTESIAN_POINT ( 'NONE',  ( -6.921187071813537095, 1.000000000000000000, 41.39259482211423347 ) ) ;
#1807 = CARTESIAN_POINT ( 'NONE',  ( -6.720467164653421754, 1.000000000000000000, 39.33102985848655209 ) ) ;
#1808 = EDGE_CURVE ( 'NONE', #2587, #6253, #6833, .T. ) ;
#1809 = CARTESIAN_POINT ( 'NONE',  ( -12.65878445204307567, 0.000000000000000000, 42.15771771528820011 ) ) ;
#1810 = CARTESIAN_POINT ( 'NONE',  ( -6.160934828942357555, 0.000000000000000000, 41.47669141429479822 ) ) ;
#1811 = CARTESIAN_POINT ( 'NONE',  ( -13.22320601227995596, 0.000000000000000000, 41.63155966424321974 ) ) ;
#1812 = EDGE_CURVE ( 'NONE', #669, #5611, #3639, .T. ) ;
#1813 = ORIENTED_EDGE ( 'NONE', *, *, #1265, .T. ) ;
#1814 = DIRECTION ( 'NONE',  ( -1.000000000000000000, 0.000000000000000000, 0.000000000000000000 ) ) ;
#1815 = EDGE_LOOP ( 'NONE', ( #3252, #5857, #6509, #2140 ) ) ;
#1816 = CARTESIAN_POINT ( 'NONE',  ( -5.927108922447454908, 1.000000000000000000, 39.40880381279465183 ) ) ;
#1817 = CARTESIAN_POINT ( 'NONE',  ( -13.07789302836373402, 0.000000000000000000, 39.35114978080439130 ) ) ;
#1818 = CARTESIAN_POINT ( 'NONE',  ( -2.947325454773202846, 1.000000000000000000, 41.44123198506093786 ) ) ;
#1819 = AXIS2_PLACEMENT_3D ( 'NONE', #4320, #584, #5558 ) ;
#1820 = CARTESIAN_POINT ( 'NONE',  ( -12.36408918645031463, 0.000000000000000000, 39.49169528706581644 ) ) ;
#1821 = EDGE_CURVE ( 'NONE', #3900, #2876, #2496, .T. ) ;
#1822 = EDGE_CURVE ( 'NONE', #4303, #4023, #3151, .T. ) ;
#1823 = CARTESIAN_POINT ( 'NONE',  ( -10.16156595613018077, 1.000000000000000000, 41.26281078938649216 ) ) ;
#1824 = CARTESIAN_POINT ( 'NONE',  ( -5.857498725272484386, 0.000000000000000000, 39.38194406229027322 ) ) ;
#1825 = EDGE_LOOP ( 'NONE', ( #414, #7220, #1546, #6913 ) ) ;
#1826 = CARTESIAN_POINT ( 'NONE',  ( -4.920899298970889291, 1.000000000000000000, 41.02078900649159721 ) ) ;
#1827 = VERTEX_POINT ( 'NONE', #60 ) ;
#1828 = CARTESIAN_POINT ( 'NONE',  ( -8.109223244550250342, 0.000000000000000000, 40.92873881434072558 ) ) ;
#1829 = ORIENTED_EDGE ( 'NONE', *, *, #1365, .T. ) ;
#1830 = CARTESIAN_POINT ( 'NONE',  ( -7.657932725564890575, 1.000000000000000000, 39.44123848650360031 ) ) ;
#1831 = DIRECTION ( 'NONE',  ( 0.000000000000000000, 1.000000000000000000, 0.000000000000000000 ) ) ;
#1832 = CARTESIAN_POINT ( 'NONE',  ( 17.50000000000000000, 0.5000000000000000000, 43.50000000000000000 ) ) ;
#1833 = AXIS2_PLACEMENT_3D ( 'NONE', #2042, #7635, #5184 ) ;
#1834 = LINE ( 'NONE', #5548, #4361 ) ;
#1835 = ORIENTED_EDGE ( 'NONE', *, *, #4602, .T. ) ;
#1836 = CARTESIAN_POINT ( 'NONE',  ( -9.522354633358659726, 1.000000000000000000, 41.10816754691646224 ) ) ;
#1837 = CARTESIAN_POINT ( 'NONE',  ( -3.423439662392884220, 0.000000000000000000, 39.26109334934799477 ) ) ;
#1838 = DIRECTION ( 'NONE',  ( -1.000000000000000000, -0.000000000000000000, -0.000000000000000000 ) ) ;
#1839 = DIRECTION ( 'NONE',  ( 0.000000000000000000, 0.000000000000000000, -1.000000000000000000 ) ) ;
#1840 = CARTESIAN_POINT ( 'NONE',  ( -12.09979438875363655, 1.000000000000000000, 40.86149965215940938 ) ) ;
#1841 = EDGE_LOOP ( 'NONE', ( #3953, #5383, #3352, #5963 ) ) ;
#1842 = DIRECTION ( 'NONE',  ( -0.000000000000000000, -1.000000000000000000, -0.000000000000000000 ) ) ;
#1843 = CARTESIAN_POINT ( 'NONE',  ( -9.402513582925484670, 0.000000000000000000, 41.41240453727452575 ) ) ;
#1844 = CARTESIAN_POINT ( 'NONE',  ( -8.211958864812951120, 1.000000000000000000, 39.72779942703726164 ) ) ;
#1845 = CARTESIAN_POINT ( 'NONE',  ( -6.993425462155824945, 1.000000000000000000, 41.12581091917764553 ) ) ;
#1846 = CARTESIAN_POINT ( 'NONE',  ( -14.50000000000000178, 1.000000000000000000, 41.99999999999999289 ) ) ;
#1847 = VECTOR ( 'NONE', #4319, 1000.000000000000000 ) ;
#1848 = CARTESIAN_POINT ( 'NONE',  ( -4.920884651677907229, 1.000000000000000000, 40.04731677189008821 ) ) ;
#1849 = CARTESIAN_POINT ( 'NONE',  ( 1.338183063655702609, 1.000000000000000000, 39.92556354968578347 ) ) ;
#1850 = VERTEX_POINT ( 'NONE', #8012 ) ;
#1851 = CARTESIAN_POINT ( 'NONE',  ( -1.945538780905986309, 0.000000000000000000, 41.68151760349024926 ) ) ;
#1852 = ORIENTED_EDGE ( 'NONE', *, *, #3110, .F. ) ;
#1853 = CARTESIAN_POINT ( 'NONE',  ( -5.991609068541224659, 0.000000000000000000, 39.44455716969037695 ) ) ;
#1854 = CARTESIAN_POINT ( 'NONE',  ( -12.60483469751801522, 0.000000000000000000, 38.97199958352549487 ) ) ;
#1855 = DIRECTION ( 'NONE',  ( 0.000000000000000000, 0.000000000000000000, -1.000000000000000000 ) ) ;
#1856 = EDGE_CURVE ( 'NONE', #4576, #4538, #1893, .T. ) ;
#1857 = AXIS2_PLACEMENT_3D ( 'NONE', #4142, #2234, #5378 ) ;
#1858 = CARTESIAN_POINT ( 'NONE',  ( 20.49999999999999645, 1.000000000000000000, -15.50000000000004086 ) ) ;
#1859 = CARTESIAN_POINT ( 'NONE',  ( -10.20961612260595253, 0.000000000000000000, 40.98263487574882902 ) ) ;
#1860 = CARTESIAN_POINT ( 'NONE',  ( -19.50000000000000355, 24.57185199325789071, -15.50000000000004086 ) ) ;
#1861 = ORIENTED_EDGE ( 'NONE', *, *, #4156, .T. ) ;
#1862 = DIRECTION ( 'NONE',  ( 0.000000000000000000, 0.000000000000000000, -1.000000000000000000 ) ) ;
#1863 = ORIENTED_EDGE ( 'NONE', *, *, #4649, .T. ) ;
#1864 = CARTESIAN_POINT ( 'NONE',  ( -4.268638303193791117, 0.000000000000000000, 41.12598433912933160 ) ) ;
#1865 = EDGE_CURVE ( 'NONE', #7008, #816, #4417, .T. ) ;
#1866 = ORIENTED_EDGE ( 'NONE', *, *, #784, .F. ) ;
#1867 = CARTESIAN_POINT ( 'NONE',  ( -12.22885665237292407, 0.000000000000000000, 39.42316491394696243 ) ) ;
#1868 = EDGE_CURVE ( 'NONE', #3728, #1672, #2418, .T. ) ;
#1869 = FACE_OUTER_BOUND ( 'NONE', #50, .T. ) ;
#1870 = DIRECTION ( 'NONE',  ( 0.000000000000000000, 0.000000000000000000, -1.000000000000000000 ) ) ;
#1871 = CARTESIAN_POINT ( 'NONE',  ( -20.50000000000000355, 24.00000000000000000, -14.50000000000004086 ) ) ;
#1872 = ADVANCED_FACE ( 'NONE', ( #3197 ), #5696, .T. ) ;
#1873 = EDGE_CURVE ( 'NONE', #7135, #5609, #3742, .T. ) ;
#1874 = ORIENTED_EDGE ( 'NONE', *, *, #1034, .F. ) ;
#1875 = LINE ( 'NONE', #2443, #7231 ) ;
#1876 = CARTESIAN_POINT ( 'NONE',  ( -3.663803490509403016, 0.000000000000000000, 39.58500978963039074 ) ) ;
#1877 = CARTESIAN_POINT ( 'NONE',  ( -0.6776872956907611378, 1.000000000000000000, 38.87307128906249432 ) ) ;
#1878 = B_SPLINE_SURFACE_WITH_KNOTS ( 'NONE', 3, 1, ( 
 ( #1659, #2843 ),
 ( #5302, #7211 ),
 ( #4746, #1050 ),
 ( #1617, #2264 ),
 ( #4098, #6567 ),
 ( #2954, #5410 ),
 ( #1586, #4027 ),
 ( #6605, #4064 ),
 ( #1011, #4139 ),
 ( #3492, #7287 ),
 ( #5990, #1089 ),
 ( #7248, #1550 ),
 ( #6641, #401 ),
 ( #7791, #4179 ),
 ( #6680, #2878 ),
 ( #3527, #6029 ),
 ( #5375, #440 ),
 ( #325, #2914 ),
 ( #7899, #2301 ) ),
 .UNSPECIFIED., .F., .F., .F.,
 ( 4, 1, 1, 1, 1, 1, 1, 1, 1, 1, 1, 1, 1, 1, 1, 1, 4 ),
 ( 2, 2 ),
 ( 0.000000000000000000, 0.07508138526919318212, 0.1467848926127365006, 0.2154666963927280854, 0.2815318614138199171, 0.3457619938168169926, 0.4082707809681710986, 0.4695961891400196597, 0.5303076506397792489, 0.5895122297284517421, 0.6474493612319588420, 0.7038250251780918676, 0.7602055749988271272, 0.8172201389990155773, 0.8754039741109082007, 0.9364164093463513971, 1.000000000000000000 ),
 ( 0.000000000000000000, 1.000000000000000000 ),
 .UNSPECIFIED. ) ;
#1879 = ORIENTED_EDGE ( 'NONE', *, *, #1175, .T. ) ;
#1880 = DIRECTION ( 'NONE',  ( -1.000000000000000000, 0.000000000000000000, 0.000000000000000000 ) ) ;
#1881 = ORIENTED_EDGE ( 'NONE', *, *, #1865, .F. ) ;
#1882 = CARTESIAN_POINT ( 'NONE',  ( -8.820831392957019901, 0.000000000000000000, 39.34834681919642208 ) ) ;
#1883 = VECTOR ( 'NONE', #2098, 1000.000000000000000 ) ;
#1884 = VECTOR ( 'NONE', #7704, 1000.000000000000000 ) ;
#1885 = ORIENTED_EDGE ( 'NONE', *, *, #5964, .F. ) ;
#1886 = DIRECTION ( 'NONE',  ( 1.000000000000000000, 0.000000000000000000, 0.000000000000000000 ) ) ;
#1887 = DIRECTION ( 'NONE',  ( 0.000000000000000000, 1.000000000000000000, 0.000000000000000000 ) ) ;
#1888 = DIRECTION ( 'NONE',  ( 1.000000000000000000, 0.000000000000000000, 0.000000000000000000 ) ) ;
#1889 = DIRECTION ( 'NONE',  ( 1.084202172485503571E-16, 0.000000000000000000, -1.000000000000000000 ) ) ;
#1890 = LINE ( 'NONE', #1287, #1340 ) ;
#1891 = AXIS2_PLACEMENT_3D ( 'NONE', #7550, #2477, #1266 ) ;
#1892 = VECTOR ( 'NONE', #1368, 1000.000000000000000 ) ;
#1893 = LINE ( 'NONE', #5034, #2956 ) ;
#1894 = CARTESIAN_POINT ( 'NONE',  ( -20.50000000000000355, 2.000000000000000000, -44.00000000000000000 ) ) ;
#1895 = AXIS2_PLACEMENT_3D ( 'NONE', #1696, #5409, #3035 ) ;
#1896 = ORIENTED_EDGE ( 'NONE', *, *, #2611, .T. ) ;
#1897 = CARTESIAN_POINT ( 'NONE',  ( -4.251182353900642141, 0.000000000000000000, 40.09117111749755225 ) ) ;
#1898 = VERTEX_POINT ( 'NONE', #6395 ) ;
#1899 = LINE ( 'NONE', #6965, #2930 ) ;
#1900 = CARTESIAN_POINT ( 'NONE',  ( -12.70536404450877122, 1.000000000000000000, 39.01514606634695781 ) ) ;
#1901 = CARTESIAN_POINT ( 'NONE',  ( -6.276917473326945718, 1.000000000000000000, 41.26930175355268915 ) ) ;
#1902 = DIRECTION ( 'NONE',  ( -1.000000000000000000, 0.000000000000000000, -0.000000000000000000 ) ) ;
#1903 = AXIS2_PLACEMENT_3D ( 'NONE', #7308, #460, #5474 ) ;
#1904 = CARTESIAN_POINT ( 'NONE',  ( -9.621138297991583599, 0.000000000000000000, 42.02095732157949470 ) ) ;
#1905 = CARTESIAN_POINT ( 'NONE',  ( -5.651014157578054586, -0.000000000000000000, 39.34916050897395223 ) ) ;
#1906 = ORIENTED_EDGE ( 'NONE', *, *, #2267, .F. ) ;
#1907 = DIRECTION ( 'NONE',  ( 0.000000000000000000, 0.000000000000000000, -1.000000000000000000 ) ) ;
#1908 = ORIENTED_EDGE ( 'NONE', *, *, #30, .T. ) ;
#1909 = CARTESIAN_POINT ( 'NONE',  ( -5.478029752320794366, 1.000000000000000000, 42.24008301392174047 ) ) ;
#1910 = ORIENTED_EDGE ( 'NONE', *, *, #4702, .T. ) ;
#1911 = CARTESIAN_POINT ( 'NONE',  ( -8.393955207003626739, 1.000000000000000000, 38.88309750971865952 ) ) ;
#1912 = ADVANCED_FACE ( 'NONE', ( #4573 ), #799, .F. ) ;
#1913 = CARTESIAN_POINT ( 'NONE',  ( -8.108362400698375438, -0.000000000000000000, 40.20031152415153031 ) ) ;
#1914 = DIRECTION ( 'NONE',  ( 0.000000000000000000, 0.000000000000000000, -1.000000000000000000 ) ) ;
#1915 = DIRECTION ( 'NONE',  ( 0.000000000000000000, 0.000000000000000000, 1.000000000000000000 ) ) ;
#1916 = ORIENTED_EDGE ( 'NONE', *, *, #6708, .T. ) ;
#1917 = EDGE_CURVE ( 'NONE', #3448, #7256, #3888, .T. ) ;
#1918 = LINE ( 'NONE', #1189, #6712 ) ;
#1919 = CARTESIAN_POINT ( 'NONE',  ( -3.595841961355080052, 0.000000000000000000, 39.46968449338162799 ) ) ;
#1920 = ORIENTED_EDGE ( 'NONE', *, *, #3071, .F. ) ;
#1921 = CIRCLE ( 'NONE', #3879, 2.750000000000001776 ) ;
#1922 = EDGE_CURVE ( 'NONE', #588, #5538, #4454, .T. ) ;
#1923 = EDGE_CURVE ( 'NONE', #311, #4034, #7004, .T. ) ;
#1924 = FACE_OUTER_BOUND ( 'NONE', #2191, .T. ) ;
#1925 = ORIENTED_EDGE ( 'NONE', *, *, #7774, .F. ) ;
#1926 = CARTESIAN_POINT ( 'NONE',  ( -11.98168371126249276, 1.000000000000000000, 40.34210474584009631 ) ) ;
#1927 = ORIENTED_EDGE ( 'NONE', *, *, #3956, .T. ) ;
#1928 = VECTOR ( 'NONE', #724, 1000.000000000000000 ) ;
#1929 = ORIENTED_EDGE ( 'NONE', *, *, #421, .F. ) ;
#1930 = CARTESIAN_POINT ( 'NONE',  ( -3.663571565116871653, 0.000000000000000000, 41.49155299151663456 ) ) ;
#1931 = CARTESIAN_POINT ( 'NONE',  ( -6.993425462155824945, 0.000000000000000000, 41.12581091917764553 ) ) ;
#1932 = CARTESIAN_POINT ( 'NONE',  ( -3.121804266686193596, 1.000000000000000000, 39.99040445071936745 ) ) ;
#1933 = CARTESIAN_POINT ( 'NONE',  ( -19.90041507641943141, 24.00000000000000000, -81.85104867949057450 ) ) ;
#1934 = CARTESIAN_POINT ( 'NONE',  ( -6.963087056531314545, 1.000000000000000000, 39.81188535139720841 ) ) ;
#1935 = DIRECTION ( 'NONE',  ( 0.5735764363510501562, 0.8191520442889889120, -1.075671902059766150E-16 ) ) ;
#1936 = CARTESIAN_POINT ( 'NONE',  ( -10.21290261900270480, 0.000000000000000000, 40.23813822362329518 ) ) ;
#1937 = EDGE_LOOP ( 'NONE', ( #5384, #5261, #755, #1695 ) ) ;
#1938 = CARTESIAN_POINT ( 'NONE',  ( -12.04109315252923551, 0.000000000000000000, 40.86058714234982858 ) ) ;
#1939 = ORIENTED_EDGE ( 'NONE', *, *, #929, .F. ) ;
#1940 = DIRECTION ( 'NONE',  ( -1.000000000000000000, -0.000000000000000000, -0.000000000000000000 ) ) ;
#1941 = CARTESIAN_POINT ( 'NONE',  ( -9.547557465903290463, 0.000000000000000000, 40.20052702401105194 ) ) ;
#1942 = CARTESIAN_POINT ( 'NONE',  ( -5.860897197650010604, 1.000000000000000000, 41.69116160432315610 ) ) ;
#1943 = B_SPLINE_SURFACE_WITH_KNOTS ( 'NONE', 3, 1, ( 
 ( #4676, #7212 ),
 ( #1959, #2567 ),
 ( #134, #1618 ),
 ( #3493, #3414 ),
 ( #2724, #3986 ),
 ( #4100, #5217 ),
 ( #6606, #3453 ),
 ( #7177, #5954 ),
 ( #7556, #7747 ),
 ( #4592, #5914 ),
 ( #4440, #326 ),
 ( #2805, #5303 ),
 ( #4065, #1587 ),
 ( #367, #2844 ),
 ( #3379, #5876 ),
 ( #2156, #5339 ),
 ( #4828, #7328 ),
 ( #3690, #4259 ),
 ( #6801, #4217 ) ),
 .UNSPECIFIED., .F., .F., .F.,
 ( 4, 1, 1, 1, 1, 1, 1, 1, 1, 1, 1, 1, 1, 1, 1, 1, 4 ),
 ( 2, 2 ),
 ( 0.000000000000000000, 0.06729306736676420042, 0.1322670285608542606, 0.1951516687811753747, 0.2568146365700377243, 0.3175742476819443660, 0.3779243297592583262, 0.4388911209805860802, 0.5006486888848837857, 0.5624795667426891743, 0.6228729693141643597, 0.6829399291483482237, 0.7432412384698643404, 0.8043243552672582064, 0.8670446511871435780, 0.9320961949735373508, 1.000000000000000000 ),
 ( 0.000000000000000000, 1.000000000000000000 ),
 .UNSPECIFIED. ) ;
#1944 = CARTESIAN_POINT ( 'NONE',  ( -11.65000000000000036, 5.000000000000000000, -39.90000000000001990 ) ) ;
#1945 = CARTESIAN_POINT ( 'NONE',  ( -9.729141377523021106, 0.000000000000000000, 41.93942928358850963 ) ) ;
#1946 = CARTESIAN_POINT ( 'NONE',  ( -5.000000000000000888, 0.3000000000000001554, -41.50000000000002132 ) ) ;
#1947 = ORIENTED_EDGE ( 'NONE', *, *, #5563, .F. ) ;
#1948 = CARTESIAN_POINT ( 'NONE',  ( -3.322377784943332468, 1.000000000000000000, 41.90501854322032216 ) ) ;
#1949 = ORIENTED_EDGE ( 'NONE', *, *, #3869, .T. ) ;
#1950 = CARTESIAN_POINT ( 'NONE',  ( -5.199174252558260712, 1.000000000000000000, 42.18983138524004772 ) ) ;
#1951 = AXIS2_PLACEMENT_3D ( 'NONE', #1759, #7432, #7472 ) ;
#1952 = EDGE_LOOP ( 'NONE', ( #5925, #4540, #2163, #863, #3464, #3957 ) ) ;
#1953 = CARTESIAN_POINT ( 'NONE',  ( 17.50000000000000000, 0.5000000000000000000, -40.99999999999999289 ) ) ;
#1954 = CARTESIAN_POINT ( 'NONE',  ( -12.67231846598835787, 1.000000000000000000, 40.58649358377827809 ) ) ;
#1955 = CARTESIAN_POINT ( 'NONE',  ( -12.46132166490330562, 0.000000000000000000, 40.16082976774723079 ) ) ;
#1956 = LINE ( 'NONE', #3302, #206 ) ;
#1957 = ORIENTED_EDGE ( 'NONE', *, *, #5064, .T. ) ;
#1958 = CARTESIAN_POINT ( 'NONE',  ( -5.390571355204873072, 1.000000000000000000, 39.38081116844903562 ) ) ;
#1959 = CARTESIAN_POINT ( 'NONE',  ( -7.446152315106081332, 1.000000000000000000, 40.18857988217609289 ) ) ;
#1960 = ADVANCED_FACE ( 'NONE', ( #3279 ), #2706, .T. ) ;
#1961 = ORIENTED_EDGE ( 'NONE', *, *, #689, .F. ) ;
#1962 = FACE_OUTER_BOUND ( 'NONE', #1177, .T. ) ;
#1963 = VERTEX_POINT ( 'NONE', #2662 ) ;
#1964 = DIRECTION ( 'NONE',  ( 0.000000000000000000, 0.000000000000000000, 1.000000000000000000 ) ) ;
#1965 = ORIENTED_EDGE ( 'NONE', *, *, #3216, .F. ) ;
#1966 = ORIENTED_EDGE ( 'NONE', *, *, #2352, .F. ) ;
#1967 = CARTESIAN_POINT ( 'NONE',  ( -3.596049369194421086, 0.000000000000000000, 41.60667592502554868 ) ) ;
#1968 = CARTESIAN_POINT ( 'NONE',  ( -9.358242940752422356, 0.000000000000000000, 41.47669141429480533 ) ) ;
#1969 = EDGE_CURVE ( 'NONE', #1963, #8037, #6515, .T. ) ;
#1970 = CARTESIAN_POINT ( 'NONE',  ( -3.146637659894378380, 1.000000000000000000, 40.16522530597276130 ) ) ;
#1971 = PLANE ( 'NONE',  #5161 ) ;
#1972 = EDGE_CURVE ( 'NONE', #2587, #1405, #7730, .T. ) ;
#1973 = CARTESIAN_POINT ( 'NONE',  ( -5.916540725781524124, 0.000000000000000000, 38.85255935333744048 ) ) ;
#1974 = ADVANCED_FACE ( 'NONE', ( #1367 ), #7081, .T. ) ;
#1975 = LINE ( 'NONE', #7608, #5972 ) ;
#1976 = PLANE ( 'NONE',  #2277 ) ;
#1977 = ORIENTED_EDGE ( 'NONE', *, *, #3561, .T. ) ;
#1978 = PLANE ( 'NONE',  #3048 ) ;
#1979 = ORIENTED_EDGE ( 'NONE', *, *, #7120, .T. ) ;
#1980 = CARTESIAN_POINT ( 'NONE',  ( -5.000000000000000888, 2.000000000000000000, -41.50000000000002132 ) ) ;
#1981 = EDGE_CURVE ( 'NONE', #6397, #4601, #7690, .T. ) ;
#1982 = DIRECTION ( 'NONE',  ( 1.000000000000000000, 0.000000000000000000, 0.000000000000000000 ) ) ;
#1983 = CARTESIAN_POINT ( 'NONE',  ( -5.786691193247704312, 1.000000000000000000, 41.71094548779755939 ) ) ;
#1984 = CARTESIAN_POINT ( 'NONE',  ( 4.119968255444916849E-15, 19.25000000000000355, 43.50000000000000000 ) ) ;
#1985 = AXIS2_PLACEMENT_3D ( 'NONE', #2834, #359, #3896 ) ;
#1986 = CARTESIAN_POINT ( 'NONE',  ( 0.5000000000000005551, 0.9819660112501004123, 30.70107388029968476 ) ) ;
#1987 = DIRECTION ( 'NONE',  ( -0.000000000000000000, -1.000000000000000000, -0.000000000000000000 ) ) ;
#1988 = ORIENTED_EDGE ( 'NONE', *, *, #635, .T. ) ;
#1989 = CARTESIAN_POINT ( 'NONE',  ( -5.098349079590729360, 1.000000000000000000, 41.47644860127867616 ) ) ;
#1990 = ORIENTED_EDGE ( 'NONE', *, *, #6428, .F. ) ;
#1991 = CARTESIAN_POINT ( 'NONE',  ( -4.629107645205533750, 0.000000000000000000, 41.84561132268298422 ) ) ;
#1992 = B_SPLINE_CURVE_WITH_KNOTS ( 'NONE', 3,
 ( #4265, #4144, #6769, #6645, #1054, #3531, #4792, #3496, #1701, #2962, #5456, #3040, #3613, #2235, #7944, #2346, #4831, #7830, #5994 ),
 .UNSPECIFIED., .F., .F.,
 ( 4, 1, 1, 1, 1, 1, 1, 1, 1, 1, 1, 1, 1, 1, 1, 1, 4 ),
 ( 0.000000000000000000, 0.06783476080002165398, 0.1331318760422837422, 0.1961004537276329063, 0.2577112487511464822, 0.3182335764741359152, 0.3784912559011868183, 0.4390372384234389469, 0.5009718130433357119, 0.5627891854896923673, 0.6237737777959448948, 0.6839424706586768599, 0.7444915047399524033, 0.8058159897780450276, 0.8684211412816832398, 0.9330763203446418297, 1.000000000000000000 ),
 .UNSPECIFIED. ) ;
#1993 = CARTESIAN_POINT ( 'NONE',  ( -8.848322269388122052, -0.000000000000000000, 39.34916050897395934 ) ) ;
#1994 = ORIENTED_EDGE ( 'NONE', *, *, #1821, .F. ) ;
#1995 = CARTESIAN_POINT ( 'NONE',  ( -18.49999999999999289, 2.000000000000000000, 39.49999999999999289 ) ) ;
#1996 = DIRECTION ( 'NONE',  ( 0.000000000000000000, 0.000000000000000000, 1.000000000000000000 ) ) ;
#1997 = CARTESIAN_POINT ( 'NONE',  ( -12.43299988338930717, 0.000000000000000000, 40.19513745864936993 ) ) ;
#1998 = DIRECTION ( 'NONE',  ( 0.000000000000000000, 1.000000000000000000, 0.000000000000000000 ) ) ;
#1999 = ORIENTED_EDGE ( 'NONE', *, *, #4905, .F. ) ;
#2000 = ORIENTED_EDGE ( 'NONE', *, *, #7910, .T. ) ;
#2001 = DIRECTION ( 'NONE',  ( -0.000000000000000000, -1.000000000000000000, -0.000000000000000000 ) ) ;
#2002 = ORIENTED_EDGE ( 'NONE', *, *, #4196, .T. ) ;
#2003 = CARTESIAN_POINT ( 'NONE',  ( -12.40051162680342323, 1.000000000000000000, 40.22635658692237826 ) ) ;
#2004 = ORIENTED_EDGE ( 'NONE', *, *, #6227, .T. ) ;
#2005 = LINE ( 'NONE', #4532, #2009 ) ;
#2006 = DIRECTION ( 'NONE',  ( 0.8591433408540531946, 0.000000000000000000, 0.5117350094200474597 ) ) ;
#2007 = CARTESIAN_POINT ( 'NONE',  ( -8.108362400698375438, 1.000000000000000000, 40.20031152415153031 ) ) ;
#2008 = CARTESIAN_POINT ( 'NONE',  ( -12.50450095691891228, 0.000000000000000000, 39.67907600026820347 ) ) ;
#2009 = VECTOR ( 'NONE', #7076, 1000.000000000000000 ) ;
#2010 = CARTESIAN_POINT ( 'NONE',  ( -12.56244527560620838, 0.000000000000000000, 41.78944008921227038 ) ) ;
#2011 = EDGE_CURVE ( 'NONE', #1115, #2034, #1412, .T. ) ;
#2012 = VECTOR ( 'NONE', #2237, 1000.000000000000000 ) ;
#2013 = DIRECTION ( 'NONE',  ( 1.000000000000000000, 0.000000000000000000, -0.000000000000000000 ) ) ;
#2014 = VERTEX_POINT ( 'NONE', #1490 ) ;
#2015 = CARTESIAN_POINT ( 'NONE',  ( -12.56244527560620838, 0.000000000000000000, 41.78944008921227038 ) ) ;
#2016 = VERTEX_POINT ( 'NONE', #6436 ) ;
#2017 =( BOUNDED_CURVE ( )  B_SPLINE_CURVE ( 3, ( #4053, #7050, #7783, #1459 ),
 .UNSPECIFIED., .F., .F. ) 
 B_SPLINE_CURVE_WITH_KNOTS ( ( 4, 4 ),
 ( 3.141592653589793116, 4.712388980384689674 ),
 .UNSPECIFIED. ) 
 CURVE ( )  GEOMETRIC_REPRESENTATION_ITEM ( )  RATIONAL_B_SPLINE_CURVE ( ( 1.000000000000000000, 0.8047378541243649375, 0.8047378541243649375, 1.000000000000000000 ) ) 
 REPRESENTATION_ITEM ( '' )  );
#2018 = CARTESIAN_POINT ( 'NONE',  ( -6.531833265712951864, 1.000000000000000000, 41.93942928358850963 ) ) ;
#2019 = DIRECTION ( 'NONE',  ( 0.000000000000000000, 0.000000000000000000, -1.000000000000000000 ) ) ;
#2020 = CARTESIAN_POINT ( 'NONE',  ( -5.995483431493542348, 0.000000000000000000, 41.62894252004940654 ) ) ;
#2021 = ADVANCED_FACE ( 'NONE', ( #5817 ), #2136, .F. ) ;
#2022 = AXIS2_PLACEMENT_3D ( 'NONE', #1300, #650, #6849 ) ;
#2023 = VECTOR ( 'NONE', #3502, 1000.000000000000000 ) ;
#2024 = AXIS2_PLACEMENT_3D ( 'NONE', #3491, #7368, #1778 ) ;
#2025 = DIRECTION ( 'NONE',  ( 0.000000000000000000, 0.000000000000000000, -1.000000000000000000 ) ) ;
#2026 = EDGE_CURVE ( 'NONE', #2655, #6649, #3093, .T. ) ;
#2027 = CARTESIAN_POINT ( 'NONE',  ( -8.822856714818387402, 1.000000000000000000, 42.24320686637580025 ) ) ;
#2028 = VECTOR ( 'NONE', #1000, 1000.000000000000000 ) ;
#2029 = EDGE_CURVE ( 'NONE', #6345, #4538, #1975, .T. ) ;
#2030 = DIRECTION ( 'NONE',  ( -0.000000000000000000, -1.000000000000000000, -0.000000000000000000 ) ) ;
#2031 = AXIS2_PLACEMENT_3D ( 'NONE', #1733, #5985, #395 ) ;
#2032 = ORIENTED_EDGE ( 'NONE', *, *, #2560, .F. ) ;
#2033 = CARTESIAN_POINT ( 'NONE',  ( -3.814453231110129572, 1.000000000000000000, 40.86334080205804042 ) ) ;
#2034 = VERTEX_POINT ( 'NONE', #4045 ) ;
#2035 = CARTESIAN_POINT ( 'NONE',  ( -4.341258425478150329, 1.000000000000000000, 41.39259125174281451 ) ) ;
#2036 = CARTESIAN_POINT ( 'NONE',  ( -9.547921941187476946, 0.000000000000000000, 40.23206225803919978 ) ) ;
#2037 = VECTOR ( 'NONE', #3518, 1000.000000000000000 ) ;
#2038 = ORIENTED_EDGE ( 'NONE', *, *, #2673, .T. ) ;
#2039 = CARTESIAN_POINT ( 'NONE',  ( -2.974463347337334085, 1.000000000000000000, 38.96778353771131975 ) ) ;
#2040 = CARTESIAN_POINT ( 'NONE',  ( -6.350613829377412145, 1.000000000000000000, 40.83358285086494988 ) ) ;
#2041 = FACE_OUTER_BOUND ( 'NONE', #6294, .T. ) ;
#2042 = CARTESIAN_POINT ( 'NONE',  ( 11.65000000000000036, 2.000000000000000000, -15.45000000000001883 ) ) ;
#2043 = CARTESIAN_POINT ( 'NONE',  ( -0.6776872956907611378, 1.000000000000000000, 38.87307128906249432 ) ) ;
#2044 = ORIENTED_EDGE ( 'NONE', *, *, #6820, .F. ) ;
#2045 = VECTOR ( 'NONE', #4553, 1000.000000000000000 ) ;
#2046 = ORIENTED_EDGE ( 'NONE', *, *, #4994, .T. ) ;
#2047 = LINE ( 'NONE', #257, #2327 ) ;
#2048 = VERTEX_POINT ( 'NONE', #5934 ) ;
#2049 = CARTESIAN_POINT ( 'NONE',  ( -12.27566097848641036, 1.000000000000000000, 40.29730283081208597 ) ) ;
#2050 = ORIENTED_EDGE ( 'NONE', *, *, #7291, .T. ) ;
#2051 = CARTESIAN_POINT ( 'NONE',  ( -3.146661855316991829, 1.000000000000000000, 40.90424474201378757 ) ) ;
#2052 = CARTESIAN_POINT ( 'NONE',  ( -13.38995751219910524, 0.000000000000000000, 42.15139227532721122 ) ) ;
#2053 = CARTESIAN_POINT ( 'NONE',  ( -2.385033624822445297, 1.000000000000000000, 39.39155368557223369 ) ) ;
#2054 = CARTESIAN_POINT ( 'NONE',  ( -12.52987843984458749, 1.000000000000000000, 39.77464893600133422 ) ) ;
#2055 = DIRECTION ( 'NONE',  ( 0.000000000000000000, 0.000000000000000000, -1.000000000000000000 ) ) ;
#2056 = AXIS2_PLACEMENT_3D ( 'NONE', #3590, #6699, #2861 ) ;
#2057 = DIRECTION ( 'NONE',  ( -1.000000000000000000, 0.000000000000000000, 0.000000000000000000 ) ) ;
#2058 = AXIS2_PLACEMENT_3D ( 'NONE', #3637, #2254, #2333 ) ;
#2059 = ORIENTED_EDGE ( 'NONE', *, *, #5502, .T. ) ;
#2060 = DIRECTION ( 'NONE',  ( -0.000000000000000000, -1.000000000000000000, -0.000000000000000000 ) ) ;
#2061 = ORIENTED_EDGE ( 'NONE', *, *, #6617, .T. ) ;
#2062 = FACE_OUTER_BOUND ( 'NONE', #4356, .T. ) ;
#2063 = FACE_OUTER_BOUND ( 'NONE', #6650, .T. ) ;
#2064 = CARTESIAN_POINT ( 'NONE',  ( -4.341258425478150329, 1.000000000000000000, 41.39259125174281451 ) ) ;
#2065 = EDGE_CURVE ( 'NONE', #7858, #7221, #5577, .T. ) ;
#2066 = DIRECTION ( 'NONE',  ( -0.000000000000000000, -1.000000000000000000, -0.000000000000000000 ) ) ;
#2067 = CARTESIAN_POINT ( 'NONE',  ( -12.48314576540662735, 0.000000000000000000, 41.07561947919430168 ) ) ;
#2068 = EDGE_CURVE ( 'NONE', #2516, #5244, #6551, .T. ) ;
#2069 = CARTESIAN_POINT ( 'NONE',  ( 0.000000000000000000, 2.000000000000000000, 29.68303989154977529 ) ) ;
#2070 = ORIENTED_EDGE ( 'NONE', *, *, #377, .F. ) ;
#2071 = DIRECTION ( 'NONE',  ( -1.540743955509787281E-30, 1.000000000000000000, 0.000000000000000000 ) ) ;
#2072 = ORIENTED_EDGE ( 'NONE', *, *, #5312, .F. ) ;
#2073 = CARTESIAN_POINT ( 'NONE',  ( 7.525000000000000355, 2.000000000000000000, 24.77499999999999858 ) ) ;
#2074 = CARTESIAN_POINT ( 'NONE',  ( -12.53797211585106908, 0.000000000000000000, 39.88033136144860435 ) ) ;
#2075 = ADVANCED_FACE ( 'NONE', ( #4810 ), #2086, .T. ) ;
#2076 = ADVANCED_FACE ( 'NONE', ( #1682 ), #4200, .T. ) ;
#2077 = ORIENTED_EDGE ( 'NONE', *, *, #4308, .T. ) ;
#2078 = DIRECTION ( 'NONE',  ( 0.000000000000000000, 1.000000000000000000, 0.000000000000000000 ) ) ;
#2079 = EDGE_CURVE ( 'NONE', #5420, #6951, #419, .T. ) ;
#2080 = DIRECTION ( 'NONE',  ( 0.000000000000000000, 1.000000000000000000, 0.000000000000000000 ) ) ;
#2081 = CARTESIAN_POINT ( 'NONE',  ( -13.17438062680041888, 1.000000000000000000, 41.04624192865701815 ) ) ;
#2082 = DIRECTION ( 'NONE',  ( 0.000000000000000000, 0.000000000000000000, -1.000000000000000000 ) ) ;
#2083 = CARTESIAN_POINT ( 'NONE',  ( -5.673771256569889232, -0.000000000000000000, 38.83091906519467784 ) ) ;
#2084 = ORIENTED_EDGE ( 'NONE', *, *, #6325, .T. ) ;
#2085 = ORIENTED_EDGE ( 'NONE', *, *, #5865, .T. ) ;
#2086 = B_SPLINE_SURFACE_WITH_KNOTS ( 'NONE', 3, 1, ( 
 ( #4729, #4659 ),
 ( #5390, #7310 ),
 ( #4123, #350 ),
 ( #7157, #2180 ),
 ( #7230, #6010 ),
 ( #3432, #1644 ),
 ( #4691, #7193 ),
 ( #6627, #2826 ),
 ( #5434, #6587 ),
 ( #1721, #7775 ),
 ( #1566, #1601 ) ),
 .UNSPECIFIED., .F., .F., .F.,
 ( 4, 1, 1, 1, 1, 1, 1, 1, 4 ),
 ( 2, 2 ),
 ( 0.000000000000000000, 0.1262952247604319234, 0.2568176797315101512, 0.3894549970646612458, 0.5274288649222097503, 0.6609081599616875025, 0.7830073967244005617, 0.8937254309683759779, 1.000000000000000000 ),
 ( 0.000000000000000000, 1.000000000000000000 ),
 .UNSPECIFIED. ) ;
#2087 = DIRECTION ( 'NONE',  ( 0.5071094851168946871, 0.000000000000000000, -0.8618816450676264340 ) ) ;
#2088 = ORIENTED_EDGE ( 'NONE', *, *, #5502, .F. ) ;
#2089 = CARTESIAN_POINT ( 'NONE',  ( -12.53767207382356830, 1.000000000000000000, 39.89880890832505145 ) ) ;
#2090 = EDGE_LOOP ( 'NONE', ( #7365, #6447, #6065, #4683 ) ) ;
#2091 = CARTESIAN_POINT ( 'NONE',  ( 0.000000000000000000, 24.35000000000000142, 42.85000000000000142 ) ) ;
#2092 = CARTESIAN_POINT ( 'NONE',  ( -6.630753234201829827, 0.000000000000000000, 41.84563246896666300 ) ) ;
#2093 = CARTESIAN_POINT ( 'NONE',  ( -2.772713189023752189, 1.000000000000000000, 39.48394958280908895 ) ) ;
#2094 = CARTESIAN_POINT ( 'NONE',  ( -11.98168371126249276, 0.000000000000000000, 40.34210474584009631 ) ) ;
#2095 = CARTESIAN_POINT ( 'NONE',  ( -13.38995751219910524, 1.000000000000000000, 42.15139227532721122 ) ) ;
#2096 = FACE_OUTER_BOUND ( 'NONE', #5960, .T. ) ;
#2097 = VERTEX_POINT ( 'NONE', #6047 ) ;
#2098 = DIRECTION ( 'NONE',  ( -0.000000000000000000, -1.000000000000000000, -0.000000000000000000 ) ) ;
#2099 = ORIENTED_EDGE ( 'NONE', *, *, #6424, .F. ) ;
#2100 = VECTOR ( 'NONE', #4927, 1000.000000000000000 ) ;
#2101 = CARTESIAN_POINT ( 'NONE',  ( -5.625548603008321713, 1.000000000000000000, 42.24320686637580025 ) ) ;
#2102 = CARTESIAN_POINT ( 'NONE',  ( -7.525000000000002132, 0.000000000000000000, 4.724999999999996980 ) ) ;
#2103 = DIRECTION ( 'NONE',  ( -0.000000000000000000, -0.000000000000000000, 1.000000000000000000 ) ) ;
#2104 = CARTESIAN_POINT ( 'NONE',  ( -10.20954197524548768, 0.000000000000000000, 40.09112917498209328 ) ) ;
#2105 = CARTESIAN_POINT ( 'NONE',  ( -8.971722471548737587, 0.000000000000000000, 42.24008771227013170 ) ) ;
#2106 = CARTESIAN_POINT ( 'NONE',  ( -1.945538780905986309, 0.000000000000000000, 39.39155368557223369 ) ) ;
#2107 = EDGE_CURVE ( 'NONE', #76, #3930, #4080, .T. ) ;
#2108 = ORIENTED_EDGE ( 'NONE', *, *, #7067, .F. ) ;
#2109 = DIRECTION ( 'NONE',  ( 7.666467083416905203E-17, 0.7071067811865435759, -0.7071067811865513475 ) ) ;
#2110 = VERTEX_POINT ( 'NONE', #309 ) ;
#2111 = DIRECTION ( 'NONE',  ( -0.000000000000000000, -0.000000000000000000, 1.000000000000000000 ) ) ;
#2112 = CARTESIAN_POINT ( 'NONE',  ( -6.720467164653421754, 1.000000000000000000, 39.33102985848655209 ) ) ;
#2113 = CARTESIAN_POINT ( 'NONE',  ( -5.261559723456119109, 0.000000000000000000, 41.62871846951557586 ) ) ;
#2114 = ORIENTED_EDGE ( 'NONE', *, *, #289, .F. ) ;
#2115 = DIRECTION ( 'NONE',  ( 1.000000000000000000, 0.000000000000000000, 0.000000000000000000 ) ) ;
#2116 = VECTOR ( 'NONE', #798, 1000.000000000000000 ) ;
#2117 = CARTESIAN_POINT ( 'NONE',  ( 0.000000000000000000, 2.000000000000000000, 0.000000000000000000 ) ) ;
#2118 = CARTESIAN_POINT ( 'NONE',  ( -13.02069731221881277, 1.000000000000000000, 40.78254622267271401 ) ) ;
#2119 = EDGE_CURVE ( 'NONE', #780, #3490, #1071, .T. ) ;
#2120 = ORIENTED_EDGE ( 'NONE', *, *, #3047, .T. ) ;
#2121 = CARTESIAN_POINT ( 'NONE',  ( -5.623523281146955988, 0.000000000000000000, 38.82986442268668270 ) ) ;
#2122 = VERTEX_POINT ( 'NONE', #5975 ) ;
#2123 = B_SPLINE_CURVE_WITH_KNOTS ( 'NONE', 3,
 ( #1203, #3683, #5523, #4289, #553, #8013, #2420, #4906, #7405, #1810, #6794, #3458, #4595, #975, #5306, #3341, #1554, #7676, #2809 ),
 .UNSPECIFIED., .F., .F.,
 ( 4, 1, 1, 1, 1, 1, 1, 1, 1, 1, 1, 1, 1, 1, 1, 1, 4 ),
 ( 0.000000000000000000, 0.06423747715722175067, 0.1259097262829843022, 0.1847459735606457598, 0.2418978195181659407, 0.2988493496186204745, 0.3553042103759533332, 0.4132715226514091511, 0.4724536107966808562, 0.5327944789494867273, 0.5940017050204926541, 0.6561289276357257227, 0.7201351317259208074, 0.7857970234602662529, 0.8540595815342769681, 0.9253769245980613123, 1.000000000000000000 ),
 .UNSPECIFIED. ) ;
#2124 = EDGE_CURVE ( 'NONE', #2746, #4146, #385, .T. ) ;
#2125 = ORIENTED_EDGE ( 'NONE', *, *, #3063, .F. ) ;
#2126 = AXIS2_PLACEMENT_3D ( 'NONE', #3209, #118, #6844 ) ;
#2127 = EDGE_CURVE ( 'NONE', #6187, #5372, #2247, .T. ) ;
#2128 = DIRECTION ( 'NONE',  ( 1.000000000000000000, 0.000000000000000000, 0.000000000000000000 ) ) ;
#2129 = EDGE_CURVE ( 'NONE', #3281, #5686, #4772, .T. ) ;
#2130 = ORIENTED_EDGE ( 'NONE', *, *, #6758, .F. ) ;
#2131 = CARTESIAN_POINT ( 'NONE',  ( -8.153167122906451070, 0.000000000000000000, 39.87868280993804149 ) ) ;
#2132 = EDGE_LOOP ( 'NONE', ( #4071, #4525, #6035, #2442 ) ) ;
#2133 = DIRECTION ( 'NONE',  ( -0.7071067811865512365, 0.7071067811865439090, -0.000000000000000000 ) ) ;
#2134 = CARTESIAN_POINT ( 'NONE',  ( -12.17537429720225362, 1.000000000000000000, 39.40983319097319537 ) ) ;
#2135 = CARTESIAN_POINT ( 'NONE',  ( 0.000000000000000000, 0.000000000000000000, 0.000000000000000000 ) ) ;
#2136 = PLANE ( 'NONE',  #1542 ) ;
#2137 = CARTESIAN_POINT ( 'NONE',  ( -4.834573471995753380, 0.000000000000000000, 42.02074769022403444 ) ) ;
#2138 = ORIENTED_EDGE ( 'NONE', *, *, #6559, .T. ) ;
#2139 = CARTESIAN_POINT ( 'NONE',  ( -12.65878445204307567, 0.000000000000000000, 42.15771771528820011 ) ) ;
#2140 = ORIENTED_EDGE ( 'NONE', *, *, #2352, .T. ) ;
#2141 = CARTESIAN_POINT ( 'NONE',  ( -6.185493587716105246, 0.000000000000000000, 42.14558066666308633 ) ) ;
#2142 = CARTESIAN_POINT ( 'NONE',  ( -9.355554944398967621, 1.000000000000000000, 39.59632042104874472 ) ) ;
#2143 = CARTESIAN_POINT ( 'NONE',  ( -4.538980698050645302, 1.000000000000000000, 41.74363050356624427 ) ) ;
#2144 = PLANE ( 'NONE',  #2763 ) ;
#2145 = AXIS2_PLACEMENT_3D ( 'NONE', #54, #4938, #1281 ) ;
#2146 = CARTESIAN_POINT ( 'NONE',  ( 3.035766082959412415E-15, 16.50000000000000000, 39.99999999999999289 ) ) ;
#2147 = CARTESIAN_POINT ( 'NONE',  ( -3.136861523824774789, 0.000000000000000000, 40.99470446147630298 ) ) ;
#2148 = CARTESIAN_POINT ( 'NONE',  ( -9.547559726325982155, -0.000000000000000000, 40.86579185886651544 ) ) ;
#2149 = ORIENTED_EDGE ( 'NONE', *, *, #5717, .F. ) ;
#2150 = CARTESIAN_POINT ( 'NONE',  ( 5.204170427930423650E-15, 22.00000000000000711, 43.50000000000000000 ) ) ;
#2151 = VERTEX_POINT ( 'NONE', #3546 ) ;
#2152 = CARTESIAN_POINT ( 'NONE',  ( -13.12640226976545677, 1.000000000000000000, 40.93124373366098467 ) ) ;
#2153 = VECTOR ( 'NONE', #672, 1000.000000000000000 ) ;
#2154 = CARTESIAN_POINT ( 'NONE',  ( -8.820831392957019901, 1.000000000000000000, 39.34834681919642208 ) ) ;
#2155 = VECTOR ( 'NONE', #5976, 1000.000000000000000 ) ;
#2156 = CARTESIAN_POINT ( 'NONE',  ( -8.529835655319638832, 1.000000000000000000, 38.85258023411333284 ) ) ;
#2157 = CIRCLE ( 'NONE', #3049, 3.000000000000002665 ) ;
#2158 = LINE ( 'NONE', #6570, #6740 ) ;
#2159 = AXIS2_PLACEMENT_3D ( 'NONE', #5297, #4585, #3332 ) ;
#2160 = CARTESIAN_POINT ( 'NONE',  ( -6.205205471115419869, 1.000000000000000000, 41.41240453727453286 ) ) ;
#2161 = CARTESIAN_POINT ( 'NONE',  ( -0.001229793994459750517, 0.000000000000000000, 41.14750773937670658 ) ) ;
#2162 = CARTESIAN_POINT ( 'NONE',  ( -5.623523281146955988, 0.000000000000000000, 39.34834681919642208 ) ) ;
#2163 = ORIENTED_EDGE ( 'NONE', *, *, #6122, .T. ) ;
#2164 = CARTESIAN_POINT ( 'NONE',  ( -11.65000000000000036, 5.000000000000000000, -38.20000000000000995 ) ) ;
#2165 = VECTOR ( 'NONE', #3774, 1000.000000000000000 ) ;
#2166 = ORIENTED_EDGE ( 'NONE', *, *, #4700, .F. ) ;
#2167 = ORIENTED_EDGE ( 'NONE', *, *, #4402, .F. ) ;
#2168 = EDGE_CURVE ( 'NONE', #1627, #660, #461, .T. ) ;
#2169 = VECTOR ( 'NONE', #1889, 1000.000000000000000 ) ;
#2170 = CARTESIAN_POINT ( 'NONE',  ( -2.709108999133828632, 0.000000000000000000, 38.89498084162867286 ) ) ;
#2171 = EDGE_CURVE ( 'NONE', #4114, #4040, #6175, .T. ) ;
#2172 = VERTEX_POINT ( 'NONE', #4894 ) ;
#2173 = FACE_OUTER_BOUND ( 'NONE', #6774, .T. ) ;
#2174 = ORIENTED_EDGE ( 'NONE', *, *, #3963, .T. ) ;
#2175 = DIRECTION ( 'NONE',  ( 0.000000000000000000, 0.000000000000000000, 1.000000000000000000 ) ) ;
#2176 = CARTESIAN_POINT ( 'NONE',  ( -11.99316053514356817, 1.000000000000000000, 39.39155368557223369 ) ) ;
#2177 = EDGE_CURVE ( 'NONE', #2542, #5175, #2364, .T. ) ;
#2178 = CARTESIAN_POINT ( 'NONE',  ( -12.53797211585106908, 0.000000000000000000, 39.88033136144860435 ) ) ;
#2179 = CIRCLE ( 'NONE', #7003, 4.749999999999999112 ) ;
#2180 = CARTESIAN_POINT ( 'NONE',  ( -13.23225853153248543, 0.000000000000000000, 41.77581869224876954 ) ) ;
#2181 = CARTESIAN_POINT ( 'NONE',  ( -17.50000000000000355, 2.000000000000000000, 40.99999999999999289 ) ) ;
#2182 = ORIENTED_EDGE ( 'NONE', *, *, #7259, .T. ) ;
#2183 = CARTESIAN_POINT ( 'NONE',  ( -12.62647425041788019, 1.000000000000000000, 42.09968338836450386 ) ) ;
#2184 = CARTESIAN_POINT ( 'NONE',  ( -6.055772742852389534, 1.000000000000000000, 42.18996141059078298 ) ) ;
#2185 = DIRECTION ( 'NONE',  ( 1.000000000000000000, 0.000000000000000000, -0.000000000000000000 ) ) ;
#2186 = CARTESIAN_POINT ( 'NONE',  ( -4.460624613754827550, 1.000000000000000000, 39.44123848650360742 ) ) ;
#2187 = DIRECTION ( 'NONE',  ( -1.000000000000000000, 0.000000000000000000, 8.651987411355645508E-17 ) ) ;
#2188 = VECTOR ( 'NONE', #3101, 1000.000000000000000 ) ;
#2189 = LINE ( 'NONE', #5787, #430 ) ;
#2190 = CARTESIAN_POINT ( 'NONE',  ( -8.904895356092497494, 0.000000000000000000, 41.72230437016767013 ) ) ;
#2191 = EDGE_LOOP ( 'NONE', ( #6807, #4323, #2348, #5387 ) ) ;
#2192 = DIRECTION ( 'NONE',  ( 1.000000000000000000, 0.000000000000000000, 0.000000000000000000 ) ) ;
#2193 = ORIENTED_EDGE ( 'NONE', *, *, #6559, .F. ) ;
#2194 = CARTESIAN_POINT ( 'NONE',  ( -11.40784251720874387, 1.000000000000000000, 39.39155368557223369 ) ) ;
#2195 = FACE_OUTER_BOUND ( 'NONE', #7033, .T. ) ;
#2196 = CARTESIAN_POINT ( 'NONE',  ( -5.015265358092706904, 0.000000000000000000, 41.34338491910011726 ) ) ;
#2197 = B_SPLINE_CURVE_WITH_KNOTS ( 'NONE', 3,
 ( #6025, #1735, #437, #7896, #397, #5987, #4176, #4213, #6720, #1776, #6108, #4254, #515, #2910, #5407, #5371, #6760, #6148, #4785 ),
 .UNSPECIFIED., .F., .F.,
 ( 4, 1, 1, 1, 1, 1, 1, 1, 1, 1, 1, 1, 1, 1, 1, 1, 4 ),
 ( 0.000000000000000000, 0.07843179547123446671, 0.1529242292312007756, 0.2238112806510675068, 0.2910160459248095632, 0.3551843574720577879, 0.4173049545918368630, 0.4775560804329987974, 0.5362136719730484780, 0.5936294231239309660, 0.6497377195796022464, 0.7052758769808901151, 0.7606209039256471849, 0.8172949069948552969, 0.8755495224450414726, 0.9361489412511438957, 1.000000000000000000 ),
 .UNSPECIFIED. ) ;
#2198 = EDGE_LOOP ( 'NONE', ( #2897, #78, #2788, #3411 ) ) ;
#2199 = CARTESIAN_POINT ( 'NONE',  ( -6.244815776183613387, 1.000000000000000000, 41.34361849979202930 ) ) ;
#2200 = CARTESIAN_POINT ( 'NONE',  ( -13.20596893479630829, 1.000000000000000000, 41.17317999644649973 ) ) ;
#2201 = ORIENTED_EDGE ( 'NONE', *, *, #3755, .F. ) ;
#2202 = CARTESIAN_POINT ( 'NONE',  ( -12.67231846598835787, 1.000000000000000000, 40.58649358377827809 ) ) ;
#2203 = EDGE_LOOP ( 'NONE', ( #6780, #493, #4145, #3843 ) ) ;
#2204 = ORIENTED_EDGE ( 'NONE', *, *, #4615, .T. ) ;
#2205 = DIRECTION ( 'NONE',  ( 0.000000000000000000, -0.000000000000000000, 1.000000000000000000 ) ) ;
#2206 = CARTESIAN_POINT ( 'NONE',  ( -4.911915132740187317, 0.000000000000000000, 40.92873881434073979 ) ) ;
#2207 = EDGE_CURVE ( 'NONE', #6419, #914, #2486, .T. ) ;
#2208 = ORIENTED_EDGE ( 'NONE', *, *, #6459, .T. ) ;
#2209 = CARTESIAN_POINT ( 'NONE',  ( -3.515933104865747172, 1.000000000000000000, 41.71487329346738449 ) ) ;
#2210 = FACE_OUTER_BOUND ( 'NONE', #4103, .T. ) ;
#2211 = VECTOR ( 'NONE', #2001, 1000.000000000000000 ) ;
#2212 = DIRECTION ( 'NONE',  ( -1.000000000000000000, 0.000000000000000000, 0.000000000000000000 ) ) ;
#2213 = CARTESIAN_POINT ( 'NONE',  ( -4.982069472248840114, -2.168404344971008868E-16, 39.80088522246153815 ) ) ;
#2214 = DIRECTION ( 'NONE',  ( -1.000000000000000000, 0.000000000000000000, 0.000000000000000000 ) ) ;
#2215 = ADVANCED_FACE ( 'NONE', ( #1924 ), #3673, .F. ) ;
#2216 = ORIENTED_EDGE ( 'NONE', *, *, #7215, .F. ) ;
#2217 = DIRECTION ( 'NONE',  ( 0.000000000000000000, 0.000000000000000000, -1.000000000000000000 ) ) ;
#2218 = CARTESIAN_POINT ( 'NONE',  ( -1.279882995803637735, 1.000000000000000000, 42.19999999999999574 ) ) ;
#2219 = LINE ( 'NONE', #7164, #627 ) ;
#2220 = CARTESIAN_POINT ( 'NONE',  ( -4.251182353900642141, 1.000000000000000000, 40.09117111749755225 ) ) ;
#2221 = DIRECTION ( 'NONE',  ( 0.000000000000000000, 1.000000000000000000, 0.000000000000000000 ) ) ;
#2222 = EDGE_CURVE ( 'NONE', #1280, #1453, #4403, .T. ) ;
#2223 = DIRECTION ( 'NONE',  ( 0.000000000000000000, 1.000000000000000000, 0.000000000000000000 ) ) ;
#2224 =( GEOMETRIC_REPRESENTATION_CONTEXT ( 3 ) GLOBAL_UNCERTAINTY_ASSIGNED_CONTEXT ( ( #5085 ) ) GLOBAL_UNIT_ASSIGNED_CONTEXT ( ( #7320, #945, #2769 ) ) REPRESENTATION_CONTEXT ( 'NONE', 'WORKASPACE' ) );
#2225 = EDGE_CURVE ( 'NONE', #2542, #6397, #3257, .T. ) ;
#2226 = CARTESIAN_POINT ( 'NONE',  ( -8.871079368379955810, 1.000000000000000000, 38.83091906519467784 ) ) ;
#2227 = ORIENTED_EDGE ( 'NONE', *, *, #919, .T. ) ;
#2228 = CARTESIAN_POINT ( 'NONE',  ( -8.212573469902768153, 1.000000000000000000, 41.34338491910011015 ) ) ;
#2229 = ORIENTED_EDGE ( 'NONE', *, *, #3114, .T. ) ;
#2230 = CARTESIAN_POINT ( 'NONE',  ( 3.345277028269577180, 1.000000000000000000, 38.87307128906249432 ) ) ;
#2231 = CARTESIAN_POINT ( 'NONE',  ( -12.49767421133226186, 0.000000000000000000, 38.93477418805543522 ) ) ;
#2232 = CARTESIAN_POINT ( 'NONE',  ( -5.625548603008321713, 0.000000000000000000, 41.72472446986606798 ) ) ;
#2233 = DIRECTION ( 'NONE',  ( 0.000000000000000000, 0.000000000000000000, -1.000000000000000000 ) ) ;
#2234 = DIRECTION ( 'NONE',  ( 0.000000000000000000, 1.000000000000000000, 0.000000000000000000 ) ) ;
#2235 = CARTESIAN_POINT ( 'NONE',  ( -10.11899054285857602, 1.000000000000000000, 39.68145957347608999 ) ) ;
#2236 = EDGE_LOOP ( 'NONE', ( #1881, #3045, #3417, #6212, #6894, #2774 ) ) ;
#2237 = DIRECTION ( 'NONE',  ( -0.000000000000000000, -1.000000000000000000, -0.000000000000000000 ) ) ;
#2238 = ORIENTED_EDGE ( 'NONE', *, *, #4560, .F. ) ;
#2239 = ORIENTED_EDGE ( 'NONE', *, *, #4199, .T. ) ;
#2240 = AXIS2_PLACEMENT_3D ( 'NONE', #1393, #5052, #4392 ) ;
#2241 = PLANE ( 'NONE',  #4680 ) ;
#2242 = CARTESIAN_POINT ( 'NONE',  ( -5.467077410506236745, 1.000000000000000000, 41.71097785711830852 ) ) ;
#2243 = ORIENTED_EDGE ( 'NONE', *, *, #4649, .F. ) ;
#2244 = CARTESIAN_POINT ( 'NONE',  ( -3.148579966557493393, 1.000000000000000000, 40.81062920310279907 ) ) ;
#2245 = CARTESIAN_POINT ( 'NONE',  ( -4.298607393280103217, 0.000000000000000000, 39.81177443701671592 ) ) ;
#2246 = VECTOR ( 'NONE', #3817, 1000.000000000000000 ) ;
#2247 = LINE ( 'NONE', #7842, #7144 ) ;
#2248 = CARTESIAN_POINT ( 'NONE',  ( -5.052651142675540719, 1.000000000000000000, 39.65901123847051934 ) ) ;
#2249 = ORIENTED_EDGE ( 'NONE', *, *, #5615, .T. ) ;
#2250 = DIRECTION ( 'NONE',  ( -0.000000000000000000, -0.000000000000000000, 1.000000000000000000 ) ) ;
#2251 = DIRECTION ( 'NONE',  ( 0.000000000000000000, 0.000000000000000000, -1.000000000000000000 ) ) ;
#2252 = CARTESIAN_POINT ( 'NONE',  ( 2.680296350454350662, 0.000000000000000000, 42.19999999999999574 ) ) ;
#2253 = DIRECTION ( 'NONE',  ( -0.000000000000000000, -0.000000000000000000, 1.000000000000000000 ) ) ;
#2254 = DIRECTION ( 'NONE',  ( -0.000000000000000000, -1.000000000000000000, -0.000000000000000000 ) ) ;
#2255 = ADVANCED_FACE ( 'NONE', ( #6784 ), #6909, .F. ) ;
#2256 = CARTESIAN_POINT ( 'NONE',  ( -12.20947290700478050, 1.000000000000000000, 40.87894742444168372 ) ) ;
#2257 = AXIS2_PLACEMENT_3D ( 'NONE', #4208, #392, #4902 ) ;
#2258 = CARTESIAN_POINT ( 'NONE',  ( -9.504385069496292360, 0.000000000000000000, 38.98344578767328272 ) ) ;
#2259 = ADVANCED_FACE ( 'NONE', ( #3629 ), #5596, .T. ) ;
#2260 = ORIENTED_EDGE ( 'NONE', *, *, #7601, .F. ) ;
#2261 = CARTESIAN_POINT ( 'NONE',  ( -8.146205259079499328, 1.000000000000000000, 42.08951814818546922 ) ) ;
#2262 = EDGE_LOOP ( 'NONE', ( #100, #6637 ) ) ;
#2263 = LINE ( 'NONE', #4138, #2663 ) ;
#2264 = CARTESIAN_POINT ( 'NONE',  ( -8.118207410780955868, 0.000000000000000000, 41.02078900649161852 ) ) ;
#2265 = LINE ( 'NONE', #441, #3456 ) ;
#2266 = CARTESIAN_POINT ( 'NONE',  ( -13.22320601227995596, 0.000000000000000000, 41.38514550444367046 ) ) ;
#2267 = EDGE_CURVE ( 'NONE', #7246, #7484, #6135, .T. ) ;
#2268 = CARTESIAN_POINT ( 'NONE',  ( 19.49999999999999645, 24.57185199325790137, -14.50000000000004086 ) ) ;
#2269 = VECTOR ( 'NONE', #5610, 1000.000000000000000 ) ;
#2270 = DIRECTION ( 'NONE',  ( 0.000000000000000000, 0.000000000000000000, -1.000000000000000000 ) ) ;
#2271 = AXIS2_PLACEMENT_3D ( 'NONE', #4047, #7427, #6553 ) ;
#2272 = EDGE_LOOP ( 'NONE', ( #856, #3255, #694, #7884 ) ) ;
#2273 = CARTESIAN_POINT ( 'NONE',  ( -8.822856714818387402, 0.000000000000000000, 42.24320686637580025 ) ) ;
#2274 = ORIENTED_EDGE ( 'NONE', *, *, #5230, .T. ) ;
#2275 = ORIENTED_EDGE ( 'NONE', *, *, #6758, .T. ) ;
#2276 = VECTOR ( 'NONE', #5097, 1000.000000000000000 ) ;
#2277 = AXIS2_PLACEMENT_3D ( 'NONE', #3641, #6231, #639 ) ;
#2278 = LINE ( 'NONE', #5426, #3188 ) ;
#2279 = CARTESIAN_POINT ( 'NONE',  ( 6.000000000000005329, 21.50000000000000000, 43.50000000000000000 ) ) ;
#2280 = VECTOR ( 'NONE', #1940, 1000.000000000000000 ) ;
#2281 = ORIENTED_EDGE ( 'NONE', *, *, #1033, .T. ) ;
#2282 = CARTESIAN_POINT ( 'NONE',  ( -2.974619445318801070, 1.000000000000000000, 42.10619183328534376 ) ) ;
#2283 = CARTESIAN_POINT ( 'NONE',  ( -4.251182353900642141, 0.000000000000000000, 40.09117111749755225 ) ) ;
#2284 = AXIS2_PLACEMENT_3D ( 'NONE', #1758, #892, #3369 ) ;
#2285 = LINE ( 'NONE', #7390, #3208 ) ;
#2286 = CARTESIAN_POINT ( 'NONE',  ( 1.338183063655702609, 0.000000000000000000, 42.19999999999999574 ) ) ;
#2287 = LINE ( 'NONE', #4164, #2674 ) ;
#2288 = EDGE_LOOP ( 'NONE', ( #4013, #3236, #1685, #5711 ) ) ;
#2289 = CARTESIAN_POINT ( 'NONE',  ( -2.553529537335983868, 0.000000000000000000, 39.40461494052632219 ) ) ;
#2290 = CARTESIAN_POINT ( 'NONE',  ( -12.79257228029990756, 0.000000000000000000, 40.52897135994680866 ) ) ;
#2291 = LINE ( 'NONE', #4777, #6104 ) ;
#2292 = DIRECTION ( 'NONE',  ( 0.000000000000000000, -0.000000000000000000, -1.000000000000000000 ) ) ;
#2293 = CARTESIAN_POINT ( 'NONE',  ( 0.000000000000000000, 0.000000000000000000, 43.50000000000000000 ) ) ;
#2294 = PLANE ( 'NONE',  #495 ) ;
#2295 = DIRECTION ( 'NONE',  ( 1.000000000000000000, 0.000000000000000000, -0.000000000000000000 ) ) ;
#2296 = CARTESIAN_POINT ( 'NONE',  ( -10.06365412460330511, 0.000000000000000000, 39.55829294552088982 ) ) ;
#2297 = ORIENTED_EDGE ( 'NONE', *, *, #1125, .T. ) ;
#2298 = CARTESIAN_POINT ( 'NONE',  ( -0.01473193973690074127, 1.000000000000000000, 42.19999999999999574 ) ) ;
#2299 = ORIENTED_EDGE ( 'NONE', *, *, #5230, .F. ) ;
#2300 = LINE ( 'NONE', #5528, #5814 ) ;
#2301 = CARTESIAN_POINT ( 'NONE',  ( -8.822856714818387402, 0.000000000000000000, 41.72472446986606798 ) ) ;
#2302 = CARTESIAN_POINT ( 'NONE',  ( -2.414090638796244193, 1.000000000000000000, 41.68064316787355494 ) ) ;
#2303 = ADVANCED_FACE ( 'NONE', ( #49 ), #6746, .F. ) ;
#2304 = CARTESIAN_POINT ( 'NONE',  ( -2.419464096465670622, 0.000000000000000000, 42.19999999999999574 ) ) ;
#2305 = EDGE_CURVE ( 'NONE', #4225, #539, #2446, .T. ) ;
#2306 = DIRECTION ( 'NONE',  ( -1.000000000000000000, 0.000000000000000000, 0.000000000000000000 ) ) ;
#2307 = CARTESIAN_POINT ( 'NONE',  ( -2.385033624822445297, 0.000000000000000000, 39.39155368557223369 ) ) ;
#2308 = AXIS2_PLACEMENT_3D ( 'NONE', #2645, #819, #1512 ) ;
#2309 = ORIENTED_EDGE ( 'NONE', *, *, #5566, .F. ) ;
#2310 = ORIENTED_EDGE ( 'NONE', *, *, #1273, .F. ) ;
#2311 = CARTESIAN_POINT ( 'NONE',  ( -6.350613829377412145, 1.000000000000000000, 40.23206225803919978 ) ) ;
#2312 = EDGE_CURVE ( 'NONE', #669, #2110, #1275, .T. ) ;
#2313 = EDGE_CURVE ( 'NONE', #914, #5334, #664, .T. ) ;
#2314 = ORIENTED_EDGE ( 'NONE', *, *, #229, .T. ) ;
#2315 = CARTESIAN_POINT ( 'NONE',  ( -0.01473193973690074127, 1.000000000000000000, 41.14548241751533908 ) ) ;
#2316 = EDGE_CURVE ( 'NONE', #757, #707, #5475, .T. ) ;
#2317 = DIRECTION ( 'NONE',  ( 0.000000000000000000, -0.000000000000000000, 1.000000000000000000 ) ) ;
#2318 = CARTESIAN_POINT ( 'NONE',  ( -2.419464096465670622, 0.000000000000000000, 38.87307128906249432 ) ) ;
#2319 = EDGE_CURVE ( 'NONE', #5340, #231, #2695, .T. ) ;
#2320 = ORIENTED_EDGE ( 'NONE', *, *, #6960, .T. ) ;
#2321 = CARTESIAN_POINT ( 'NONE',  ( -3.596049369194421086, 1.000000000000000000, 41.60667592502554868 ) ) ;
#2322 = CARTESIAN_POINT ( 'NONE',  ( -2.419464096465670622, 1.000000000000000000, 38.87307128906249432 ) ) ;
#2323 = DIRECTION ( 'NONE',  ( -0.000000000000000000, -1.000000000000000000, -0.000000000000000000 ) ) ;
#2324 = DIRECTION ( 'NONE',  ( -1.000000000000000000, -0.000000000000000000, -0.000000000000000000 ) ) ;
#2325 = DIRECTION ( 'NONE',  ( -1.000000000000000000, 0.000000000000000000, 0.000000000000000000 ) ) ;
#2326 = CARTESIAN_POINT ( 'NONE',  ( 17.50000000000000000, 2.000000000000000000, -44.00000000000000000 ) ) ;
#2327 = VECTOR ( 'NONE', #4565, 1000.000000000000000 ) ;
#2328 = ORIENTED_EDGE ( 'NONE', *, *, #5661, .F. ) ;
#2329 = CARTESIAN_POINT ( 'NONE',  ( 18.49999999999999645, 2.000000000000000000, 41.99999999999999289 ) ) ;
#2330 = CARTESIAN_POINT ( 'NONE',  ( -19.50000000000000355, 26.00000000000000355, -14.50000000000004086 ) ) ;
#2331 = FACE_OUTER_BOUND ( 'NONE', #1655, .T. ) ;
#2332 = FACE_OUTER_BOUND ( 'NONE', #2886, .T. ) ;
#2333 = DIRECTION ( 'NONE',  ( 0.000000000000000000, 0.000000000000000000, 1.000000000000000000 ) ) ;
#2334 = DIRECTION ( 'NONE',  ( 0.000000000000000000, -0.000000000000000000, 1.000000000000000000 ) ) ;
#2335 = DIRECTION ( 'NONE',  ( 0.000000000000000000, 0.000000000000000000, 1.000000000000000000 ) ) ;
#2336 = DIRECTION ( 'NONE',  ( -0.000000000000000000, -1.000000000000000000, -0.000000000000000000 ) ) ;
#2337 = ORIENTED_EDGE ( 'NONE', *, *, #7302, .F. ) ;
#2338 = LINE ( 'NONE', #2951, #3966 ) ;
#2339 = EDGE_LOOP ( 'NONE', ( #5742, #5951, #3006, #3603, #1262, #7799 ) ) ;
#2340 = CARTESIAN_POINT ( 'NONE',  ( -6.303236782907145397, 1.000000000000000000, 39.88029212275333890 ) ) ;
#2341 = CARTESIAN_POINT ( 'NONE',  ( -13.19880632513082119, 0.000000000000000000, 39.73824438420880512 ) ) ;
#2342 = FACE_OUTER_BOUND ( 'NONE', #4379, .T. ) ;
#2343 = LINE ( 'NONE', #2958, #3995 ) ;
#2344 = FACE_BOUND ( 'NONE', #1667, .T. ) ;
#2345 = EDGE_CURVE ( 'NONE', #3932, #7868, #6386, .T. ) ;
#2346 = CARTESIAN_POINT ( 'NONE',  ( -10.19098318915358448, 1.000000000000000000, 39.94826238671203811 ) ) ;
#2347 = ORIENTED_EDGE ( 'NONE', *, *, #6660, .T. ) ;
#2348 = ORIENTED_EDGE ( 'NONE', *, *, #4519, .F. ) ;
#2349 = CARTESIAN_POINT ( 'NONE',  ( -7.446176146961263065, -0.000000000000000000, 40.88471154557890941 ) ) ;
#2350 = ORIENTED_EDGE ( 'NONE', *, *, #6710, .F. ) ;
#2351 = CARTESIAN_POINT ( 'NONE',  ( -12.48493726452301189, 1.000000000000000000, 39.63584353947666017 ) ) ;
#2352 = EDGE_CURVE ( 'NONE', #7557, #7341, #6949, .T. ) ;
#2353 = LINE ( 'NONE', #4802, #2023 ) ;
#2354 = CARTESIAN_POINT ( 'NONE',  ( 11.65000000000000036, 2.000000000000000000, -39.05000000000001847 ) ) ;
#2355 = DIRECTION ( 'NONE',  ( 1.000000000000000000, 0.000000000000000000, 0.000000000000000000 ) ) ;
#2356 = VERTEX_POINT ( 'NONE', #2614 ) ;
#2357 = ADVANCED_FACE ( 'NONE', ( #5233 ), #791, .F. ) ;
#2358 = CARTESIAN_POINT ( 'NONE',  ( -3.322377784943332468, 0.000000000000000000, 41.90501854322032216 ) ) ;
#2359 = CARTESIAN_POINT ( 'NONE',  ( -4.394774015555976021, 1.000000000000000000, 39.55827786110705091 ) ) ;
#2360 = DIRECTION ( 'NONE',  ( 1.000000000000000000, 0.000000000000000000, 0.000000000000000000 ) ) ;
#2361 = DIRECTION ( 'NONE',  ( -0.000000000000000000, 1.000000000000000000, -0.000000000000000000 ) ) ;
#2362 = EDGE_CURVE ( 'NONE', #1632, #7908, #2047, .T. ) ;
#2363 = VECTOR ( 'NONE', #1510, 1000.000000000000000 ) ;
#2364 = LINE ( 'NONE', #7391, #2188 ) ;
#2365 = CARTESIAN_POINT ( 'NONE',  ( 19.49999999999999645, 26.00000000000000355, -14.50000000000004086 ) ) ;
#2366 = B_SPLINE_CURVE_WITH_KNOTS ( 'NONE', 3,
 ( #5485, #6106, #2873, #2949, #2991, #7972, #361, #4252, #6600, #1006, #4211, #6717, #4174, #3601, #4862, #3487, #4705, #2908, #1612 ),
 .UNSPECIFIED., .F., .F.,
 ( 4, 1, 1, 1, 1, 1, 1, 1, 1, 1, 1, 1, 1, 1, 1, 1, 4 ),
 ( 0.000000000000000000, 0.07843179547123446671, 0.1529242292312007756, 0.2238112806510675068, 0.2910160459248095632, 0.3551843574720577879, 0.4173049545918368630, 0.4775560804329987974, 0.5362136719730484780, 0.5936294231239309660, 0.6497377195796022464, 0.7052758769808901151, 0.7606209039256471849, 0.8172949069948552969, 0.8755495224450414726, 0.9361489412511438957, 1.000000000000000000 ),
 .UNSPECIFIED. ) ;
#2367 = ORIENTED_EDGE ( 'NONE', *, *, #6325, .F. ) ;
#2368 = CARTESIAN_POINT ( 'NONE',  ( -6.350613829377412145, 1.000000000000000000, 40.83358285086494988 ) ) ;
#2369 = CARTESIAN_POINT ( 'NONE',  ( -13.20092747180492943, 1.000000000000000000, 39.84860131895386814 ) ) ;
#2370 = DIRECTION ( 'NONE',  ( -0.000000000000000000, -1.000000000000000000, -0.000000000000000000 ) ) ;
#2371 = DIRECTION ( 'NONE',  ( 0.000000000000000000, 1.000000000000000000, 0.000000000000000000 ) ) ;
#2372 = PLANE ( 'NONE',  #6020 ) ;
#2373 = CARTESIAN_POINT ( 'NONE',  ( -12.15620243772142750, 1.000000000000000000, 40.86856592298573077 ) ) ;
#2374 = CARTESIAN_POINT ( 'NONE',  ( 0.000000000000000000, 1.000000000000000000, 0.000000000000000000 ) ) ;
#2375 = CARTESIAN_POINT ( 'NONE',  ( -8.820831392957019901, 0.000000000000000000, 38.82986442268668270 ) ) ;
#2376 = ORIENTED_EDGE ( 'NONE', *, *, #828, .T. ) ;
#2377 = DIRECTION ( 'NONE',  ( -0.000000000000000000, -0.000000000000000000, -1.000000000000000000 ) ) ;
#2378 = EDGE_LOOP ( 'NONE', ( #7471, #6360, #1861, #6687 ) ) ;
#2379 = DIRECTION ( 'NONE',  ( -0.000000000000000000, 1.000000000000000000, -0.000000000000000000 ) ) ;
#2380 = CARTESIAN_POINT ( 'NONE',  ( -13.12254975935153212, 0.000000000000000000, 39.43880160086681030 ) ) ;
#2381 = CARTESIAN_POINT ( 'NONE',  ( -12.86899862219522284, 0.000000000000000000, 40.66755302084575163 ) ) ;
#2382 = DIRECTION ( 'NONE',  ( 8.651987411355645508E-17, 0.000000000000000000, -1.000000000000000000 ) ) ;
#2383 = B_SPLINE_CURVE_WITH_KNOTS ( 'NONE', 3,
 ( #6407, #4672, #7666, #1547, #7055, #3941, #2799, #3375, #5871, #5213, #850, #3446, #1614, #363, #2757, #243, #2720, #4024, #5909 ),
 .UNSPECIFIED., .F., .F.,
 ( 4, 1, 1, 1, 1, 1, 1, 1, 1, 1, 1, 1, 1, 1, 1, 1, 4 ),
 ( 0.000000000000000000, 0.07209650420366271739, 0.1409017526855209645, 0.2072923739875996152, 0.2713032156108189930, 0.3333055557521315548, 0.3945053556894813074, 0.4547806141562345528, 0.5151160198052338046, 0.5748876980478826448, 0.6330255439051276634, 0.6909620078903782048, 0.7489147009020561407, 0.8084341198246398630, 0.8692816877722726598, 0.9330612528114975435, 1.000000000000000000 ),
 .UNSPECIFIED. ) ;
#2384 = FACE_BOUND ( 'NONE', #743, .T. ) ;
#2385 = CARTESIAN_POINT ( 'NONE',  ( -7.824752142083736040, 0.000000000000000000, 39.22789410885822292 ) ) ;
#2386 = ORIENTED_EDGE ( 'NONE', *, *, #7347, .F. ) ;
#2387 = CARTESIAN_POINT ( 'NONE',  ( -4.982718438572572239, 1.000000000000000000, 41.26947296769150597 ) ) ;
#2388 = EDGE_LOOP ( 'NONE', ( #4499, #3478, #2396 ) ) ;
#2389 = DIRECTION ( 'NONE',  ( -0.000000000000000000, -1.000000000000000000, -0.000000000000000000 ) ) ;
#2390 = ORIENTED_EDGE ( 'NONE', *, *, #379, .T. ) ;
#2391 = CARTESIAN_POINT ( 'NONE',  ( -12.11824645010213253, 0.000000000000000000, 39.39843514511768063 ) ) ;
#2392 = AXIS2_PLACEMENT_3D ( 'NONE', #7702, #935, #3982 ) ;
#2393 = DIRECTION ( 'NONE',  ( -1.000000000000000000, 0.000000000000000000, 1.875376730785737473E-16 ) ) ;
#2394 = CARTESIAN_POINT ( 'NONE',  ( 3.345277028269577180, 1.000000000000000000, 38.87307128906249432 ) ) ;
#2395 = DIRECTION ( 'NONE',  ( -1.000000000000000000, 0.000000000000000000, -0.000000000000000000 ) ) ;
#2396 = ORIENTED_EDGE ( 'NONE', *, *, #5725, .F. ) ;
#2397 = CARTESIAN_POINT ( 'NONE',  ( -9.358242940752422356, 1.000000000000000000, 41.47669141429480533 ) ) ;
#2398 = CARTESIAN_POINT ( 'NONE',  ( -2.419464096465670622, 1.000000000000000000, 38.87307128906249432 ) ) ;
#2399 = VECTOR ( 'NONE', #2370, 1000.000000000000000 ) ;
#2400 = AXIS2_PLACEMENT_3D ( 'NONE', #7953, #1831, #2317 ) ;
#2401 = ADVANCED_FACE ( 'NONE', ( #3271 ), #7070, .T. ) ;
#2402 = VECTOR ( 'NONE', #3462, 1000.000000000000000 ) ;
#2403 = CARTESIAN_POINT ( 'NONE',  ( -8.107918097756128262, 0.000000000000000000, 40.23206225803919978 ) ) ;
#2404 = DIRECTION ( 'NONE',  ( -1.000000000000000000, 0.000000000000000000, 0.000000000000000000 ) ) ;
#2405 = EDGE_CURVE ( 'NONE', #6981, #794, #917, .T. ) ;
#2406 = CARTESIAN_POINT ( 'NONE',  ( -9.828061346011889299, 0.000000000000000000, 41.84563246896664168 ) ) ;
#2407 = AXIS2_PLACEMENT_3D ( 'NONE', #7867, #3572, #489 ) ;
#2408 = FACE_OUTER_BOUND ( 'NONE', #2090, .T. ) ;
#2409 = ORIENTED_EDGE ( 'NONE', *, *, #5974, .T. ) ;
#2410 = CARTESIAN_POINT ( 'NONE',  ( 13.49999999999999822, 0.2999999999999999889, -17.50000000000001776 ) ) ;
#2411 = CARTESIAN_POINT ( 'NONE',  ( -8.983999305057773554, 0.000000000000000000, 41.71094548779758071 ) ) ;
#2412 = ADVANCED_FACE ( 'NONE', ( #7110 ), #3349, .T. ) ;
#2413 = CARTESIAN_POINT ( 'NONE',  ( -8.396405928901764071, 1.000000000000000000, 39.48636578538302899 ) ) ;
#2414 = PLANE ( 'NONE',  #218 ) ;
#2415 = CIRCLE ( 'NONE', #3060, 2.249999999999996891 ) ;
#2416 = EDGE_CURVE ( 'NONE', #5949, #3472, #4416, .T. ) ;
#2417 = DIRECTION ( 'NONE',  ( -0.000000000000000000, -0.000000000000000000, 1.000000000000000000 ) ) ;
#2418 = LINE ( 'NONE', #1327, #2570 ) ;
#2419 = VECTOR ( 'NONE', #139, 1000.000000000000000 ) ;
#2420 = CARTESIAN_POINT ( 'NONE',  ( -5.995483431493542348, 0.000000000000000000, 41.62894252004940654 ) ) ;
#2421 = DIRECTION ( 'NONE',  ( 1.000000000000000000, 0.000000000000000000, 0.000000000000000000 ) ) ;
#2422 = VERTEX_POINT ( 'NONE', #6348 ) ;
#2423 = CARTESIAN_POINT ( 'NONE',  ( -8.675337864130856502, 1.000000000000000000, 42.24008301392173337 ) ) ;
#2424 = ORIENTED_EDGE ( 'NONE', *, *, #7298, .F. ) ;
#2425 = DIRECTION ( 'NONE',  ( -0.000000000000000000, -1.000000000000000000, -0.000000000000000000 ) ) ;
#2426 = CARTESIAN_POINT ( 'NONE',  ( -13.15793070240264484, 0.000000000000000000, 39.53226328521057553 ) ) ;
#2427 = CYLINDRICAL_SURFACE ( 'NONE', #4760, 0.5000000000000004441 ) ;
#2428 = CARTESIAN_POINT ( 'NONE',  ( -4.910609985946062572, 1.000000000000000000, 40.83358285086494988 ) ) ;
#2429 = DIRECTION ( 'NONE',  ( 0.000000000000000000, 1.000000000000000000, 0.000000000000000000 ) ) ;
#2430 = LINE ( 'NONE', #3737, #3196 ) ;
#2431 = ORIENTED_EDGE ( 'NONE', *, *, #5063, .F. ) ;
#2432 = CARTESIAN_POINT ( 'NONE',  ( -5.544857339768650029, 1.000000000000000000, 41.72229827478202679 ) ) ;
#2433 = ORIENTED_EDGE ( 'NONE', *, *, #3110, .T. ) ;
#2434 = CARTESIAN_POINT ( 'NONE',  ( -8.108359770236587494, -0.000000000000000000, 40.86578441670267381 ) ) ;
#2435 = ORIENTED_EDGE ( 'NONE', *, *, #2107, .F. ) ;
#2436 = CARTESIAN_POINT ( 'NONE',  ( -7.495915505090168018, 1.000000000000000000, 39.81177443701671592 ) ) ;
#2437 = VECTOR ( 'NONE', #5480, 1000.000000000000000 ) ;
#2438 = CARTESIAN_POINT ( 'NONE',  ( -19.90041507641942431, 24.00000000000000000, -42.00000000000000000 ) ) ;
#2439 = VECTOR ( 'NONE', #7279, 1000.000000000000000 ) ;
#2440 = DIRECTION ( 'NONE',  ( 0.000000000000000000, 0.000000000000000000, 1.000000000000000000 ) ) ;
#2441 = DIRECTION ( 'NONE',  ( -1.000000000000000000, 0.000000000000000000, 0.000000000000000000 ) ) ;
#2442 = ORIENTED_EDGE ( 'NONE', *, *, #3818, .T. ) ;
#2443 = CARTESIAN_POINT ( 'NONE',  ( -1.945538780905986309, 1.000000000000000000, 39.39155368557223369 ) ) ;
#2444 = DIRECTION ( 'NONE',  ( -1.000000000000000000, 0.000000000000000000, 0.000000000000000000 ) ) ;
#2445 = LINE ( 'NONE', #4238, #1730 ) ;
#2446 = LINE ( 'NONE', #6259, #3768 ) ;
#2447 = ADVANCED_FACE ( 'NONE', ( #5104, #5848 ), #5190, .T. ) ;
#2448 = CARTESIAN_POINT ( 'NONE',  ( -19.50000000000000355, 24.00000000000000000, -15.50000000000004086 ) ) ;
#2449 = EDGE_LOOP ( 'NONE', ( #6759, #3142, #122, #3952 ) ) ;
#2450 = CARTESIAN_POINT ( 'NONE',  ( -17.50000000000000355, 0.5000000000000000000, -44.00000000000000000 ) ) ;
#2451 = DIRECTION ( 'NONE',  ( 0.000000000000000000, 0.000000000000000000, -1.000000000000000000 ) ) ;
#2452 = CARTESIAN_POINT ( 'NONE',  ( -8.455303753858736115, 1.000000000000000000, 39.44350706053320010 ) ) ;
#2453 = CARTESIAN_POINT ( 'NONE',  ( -20.50000000000000355, 2.000000000000000000, -44.00000000000000000 ) ) ;
#2454 = LINE ( 'NONE', #7440, #7326 ) ;
#2455 = B_SPLINE_SURFACE_WITH_KNOTS ( 'NONE', 3, 1, ( 
 ( #10, #1882 ),
 ( #51, #4406 ),
 ( #2576, #7349 ),
 ( #1761, #4243 ),
 ( #6747, #1155 ),
 ( #3630, #6136 ),
 ( #585, #3064 ),
 ( #793, #2617 ),
 ( #3273, #3838 ),
 ( #3999, #6388 ),
 ( #7684, #1523 ),
 ( #756, #143 ),
 ( #7643, #4530 ),
 ( #5732, #2131 ),
 ( #4608, #1443 ),
 ( #5106, #5806 ),
 ( #6996, #830 ),
 ( #5768, #1358 ),
 ( #5148, #3921 ) ),
 .UNSPECIFIED., .F., .F., .F.,
 ( 4, 1, 1, 1, 1, 1, 1, 1, 1, 1, 1, 1, 1, 1, 1, 1, 4 ),
 ( 2, 2 ),
 ( 0.000000000000000000, 0.06446381892914643252, 0.1258150915620533106, 0.1846969363889006677, 0.2422245544822576591, 0.2986646420830946780, 0.3553533927496377864, 0.4124801843501516019, 0.4720135607638124009, 0.5327626201293291786, 0.5937107934902150497, 0.6560840948965371844, 0.7201709165251817257, 0.7859626150842670134, 0.8545056633784310351, 0.9255567339690851103, 1.000000000000000000 ),
 ( 0.000000000000000000, 1.000000000000000000 ),
 .UNSPECIFIED. ) ;
#2456 = CARTESIAN_POINT ( 'NONE',  ( -10.74218673210639530, 0.000000000000000000, 42.19999999999999574 ) ) ;
#2457 = ADVANCED_FACE ( 'NONE', ( #4480, #6994 ), #706, .T. ) ;
#2458 = DIRECTION ( 'NONE',  ( -1.000000000000000000, 0.000000000000000000, 0.000000000000000000 ) ) ;
#2459 = ORIENTED_EDGE ( 'NONE', *, *, #2222, .F. ) ;
#2460 = CARTESIAN_POINT ( 'NONE',  ( 0.000000000000000000, 0.000000000000000000, -43.50000000000000000 ) ) ;
#2461 = EDGE_LOOP ( 'NONE', ( #3234, #4610, #1251, #3124 ) ) ;
#2462 = LINE ( 'NONE', #1208, #6596 ) ;
#2463 = CARTESIAN_POINT ( 'NONE',  ( -12.00420001071885601, 1.000000000000000000, 40.34169641270832329 ) ) ;
#2464 = DIRECTION ( 'NONE',  ( 0.000000000000000000, 0.000000000000000000, 1.000000000000000000 ) ) ;
#2465 = EDGE_CURVE ( 'NONE', #5486, #1898, #5066, .T. ) ;
#2466 = CARTESIAN_POINT ( 'NONE',  ( 19.90041507641943141, 24.00000000000000000, -14.50000000000004086 ) ) ;
#2467 = ADVANCED_FACE ( 'NONE', ( #1962 ), #5146, .T. ) ;
#2468 = DIRECTION ( 'NONE',  ( 1.000000000000000000, 0.000000000000000000, 0.000000000000000000 ) ) ;
#2469 = EDGE_CURVE ( 'NONE', #3128, #7283, #4032, .T. ) ;
#2470 = CARTESIAN_POINT ( 'NONE',  ( -6.349534268163582240, 0.000000000000000000, 40.13865615616361282 ) ) ;
#2471 = VERTEX_POINT ( 'NONE', #3306 ) ;
#2472 = CARTESIAN_POINT ( 'NONE',  ( -6.350613829377412145, 1.000000000000000000, 40.83358285086494988 ) ) ;
#2473 = ORIENTED_EDGE ( 'NONE', *, *, #4704, .T. ) ;
#2474 = CARTESIAN_POINT ( 'NONE',  ( -4.834573471995753380, 0.000000000000000000, 42.02074769022403444 ) ) ;
#2475 = ORIENTED_EDGE ( 'NONE', *, *, #2465, .T. ) ;
#2476 = DIRECTION ( 'NONE',  ( 0.000000000000000000, 0.000000000000000000, -1.000000000000000000 ) ) ;
#2477 = DIRECTION ( 'NONE',  ( -1.000000000000000000, 0.000000000000000000, 0.000000000000000000 ) ) ;
#2478 = DIRECTION ( 'NONE',  ( 0.000000000000000000, 0.000000000000000000, 1.000000000000000000 ) ) ;
#2479 = CIRCLE ( 'NONE', #4043, 2.249999999999997335 ) ;
#2480 = DIRECTION ( 'NONE',  ( 1.000000000000000000, 0.000000000000000000, -0.000000000000000000 ) ) ;
#2481 = ORIENTED_EDGE ( 'NONE', *, *, #7955, .T. ) ;
#2482 = CARTESIAN_POINT ( 'NONE',  ( 17.49999999999999645, 26.00000000000000355, 40.99999999999999289 ) ) ;
#2483 = CARTESIAN_POINT ( 'NONE',  ( -3.322165638162387413, 0.000000000000000000, 39.17012568194358835 ) ) ;
#2484 = LINE ( 'NONE', #2403, #5769 ) ;
#2485 = CARTESIAN_POINT ( 'NONE',  ( -20.50000000000000355, 0.000000000000000000, -15.50000000000004086 ) ) ;
#2486 = LINE ( 'NONE', #4279, #263 ) ;
#2487 = VERTEX_POINT ( 'NONE', #3836 ) ;
#2488 = CARTESIAN_POINT ( 'NONE',  ( 6.000000000000003553, 17.00000000000000000, 43.00000000000000000 ) ) ;
#2489 = ORIENTED_EDGE ( 'NONE', *, *, #5563, .T. ) ;
#2490 = DIRECTION ( 'NONE',  ( -1.000000000000000000, 0.000000000000000000, 1.875376730785737473E-16 ) ) ;
#2491 = CARTESIAN_POINT ( 'NONE',  ( -9.522354633358659726, 0.000000000000000000, 41.10816754691646224 ) ) ;
#2492 = DIRECTION ( 'NONE',  ( 0.000000000000000000, 0.000000000000000000, 1.000000000000000000 ) ) ;
#2493 = DIRECTION ( 'NONE',  ( 0.000000000000000000, -1.000000000000000000, 0.000000000000000000 ) ) ;
#2494 = CARTESIAN_POINT ( 'NONE',  ( -6.799985041173804312, 0.000000000000000000, 39.44100827606357029 ) ) ;
#2495 = AXIS2_PLACEMENT_3D ( 'NONE', #1528, #6393, #7689 ) ;
#2496 = LINE ( 'NONE', #6270, #7671 ) ;
#2497 = LINE ( 'NONE', #7482, #2927 ) ;
#2498 = ORIENTED_EDGE ( 'NONE', *, *, #1027, .F. ) ;
#2499 = CARTESIAN_POINT ( 'NONE',  ( -0.01473193973690074127, 0.000000000000000000, 41.14548241751533908 ) ) ;
#2500 = EDGE_LOOP ( 'NONE', ( #7521, #4270, #4421, #1007 ) ) ;
#2501 = CARTESIAN_POINT ( 'NONE',  ( 0.5000000000000004441, 2.200000000000000178, 29.48303989154980798 ) ) ;
#2502 = CARTESIAN_POINT ( 'NONE',  ( -12.46132166490330562, 1.000000000000000000, 40.16082976774723079 ) ) ;
#2503 = CARTESIAN_POINT ( 'NONE',  ( -6.160934828942357555, 1.000000000000000000, 41.47669141429479822 ) ) ;
#2504 = CIRCLE ( 'NONE', #7202, 2.750000000000000888 ) ;
#2505 = EDGE_CURVE ( 'NONE', #6234, #3090, #7941, .T. ) ;
#2506 = DIRECTION ( 'NONE',  ( 0.000000000000000000, 0.000000000000000000, 1.000000000000000000 ) ) ;
#2507 = LINE ( 'NONE', #7584, #698 ) ;
#2508 = EDGE_CURVE ( 'NONE', #48, #936, #3997, .T. ) ;
#2509 = CARTESIAN_POINT ( 'NONE',  ( -6.350613829377412145, 0.000000000000000000, 40.23206225803919978 ) ) ;
#2510 = VERTEX_POINT ( 'NONE', #1560 ) ;
#2511 = CARTESIAN_POINT ( 'NONE',  ( -3.719724570722028112, 1.000000000000000000, 41.36958257183558629 ) ) ;
#2512 = ORIENTED_EDGE ( 'NONE', *, *, #5764, .F. ) ;
#2513 = CARTESIAN_POINT ( 'NONE',  ( -5.575750238799362712, 1.000000000000000000, 42.24215233848653384 ) ) ;
#2514 = ADVANCED_FACE ( 'NONE', ( #342 ), #2241, .F. ) ;
#2515 = EDGE_CURVE ( 'NONE', #1405, #4073, #5386, .T. ) ;
#2516 = VERTEX_POINT ( 'NONE', #6619 ) ;
#2517 = CARTESIAN_POINT ( 'NONE',  ( -3.515949941950692992, 1.000000000000000000, 39.36093227087017965 ) ) ;
#2518 = CARTESIAN_POINT ( 'NONE',  ( 19.90041507641943141, 24.00000000000000000, 42.49999999999999289 ) ) ;
#2519 = LINE ( 'NONE', #7300, #804 ) ;
#2520 = CARTESIAN_POINT ( 'NONE',  ( 3.706649960732684935E-15, 17.00000000000000000, 43.00000000000000000 ) ) ;
#2521 = VERTEX_POINT ( 'NONE', #3428 ) ;
#2522 = CYLINDRICAL_SURFACE ( 'NONE', #7881, 0.5000000000000004441 ) ;
#2523 = CARTESIAN_POINT ( 'NONE',  ( 20.49999999999999645, 26.00000000000000355, -14.50000000000004086 ) ) ;
#2524 = ORIENTED_EDGE ( 'NONE', *, *, #7404, .T. ) ;
#2525 = CARTESIAN_POINT ( 'NONE',  ( -9.505540522072642773, 0.000000000000000000, 42.08952340269906500 ) ) ;
#2526 = ORIENTED_EDGE ( 'NONE', *, *, #5968, .T. ) ;
#2527 = CARTESIAN_POINT ( 'NONE',  ( -12.48314576540662735, 1.000000000000000000, 41.07561947919430168 ) ) ;
#2528 = ORIENTED_EDGE ( 'NONE', *, *, #4308, .F. ) ;
#2529 = AXIS2_PLACEMENT_3D ( 'NONE', #7173, #2192, #812 ) ;
#2530 = CIRCLE ( 'NONE', #5008, 4.750000000000000888 ) ;
#2531 = EDGE_LOOP ( 'NONE', ( #1290, #2433, #3981, #2596, #1064, #2239, #4650, #3217, #5470, #4184, #1863, #8016, #4511, #112, #1292 ) ) ;
#2532 = LINE ( 'NONE', #3024, #4089 ) ;
#2533 = CARTESIAN_POINT ( 'NONE',  ( -7.012308010795884172, 0.000000000000000000, 40.98263487574882902 ) ) ;
#2534 = CARTESIAN_POINT ( 'NONE',  ( -3.099297329026661885, 1.000000000000000000, 39.90983797553068513 ) ) ;
#2535 = DIRECTION ( 'NONE',  ( 1.000000000000000000, 0.000000000000000000, 0.000000000000000000 ) ) ;
#2536 = FACE_OUTER_BOUND ( 'NONE', #4175, .T. ) ;
#2537 = VECTOR ( 'NONE', #7495, 1000.000000000000000 ) ;
#2538 = VECTOR ( 'NONE', #8036, 1000.000000000000000 ) ;
#2539 = FACE_OUTER_BOUND ( 'NONE', #4568, .T. ) ;
#2540 = CARTESIAN_POINT ( 'NONE',  ( 2.003838848758051405, 1.000000000000000000, 42.19999999999999574 ) ) ;
#2541 = CIRCLE ( 'NONE', #7239, 0.5000000000000004441 ) ;
#2542 = VERTEX_POINT ( 'NONE', #4724 ) ;
#2543 = CARTESIAN_POINT ( 'NONE',  ( -4.725987581281742678, 0.000000000000000000, 39.13456531561291740 ) ) ;
#2544 = ORIENTED_EDGE ( 'NONE', *, *, #1326, .F. ) ;
#2545 = DIRECTION ( 'NONE',  ( -0.000000000000000000, -1.000000000000000000, -0.000000000000000000 ) ) ;
#2546 = CARTESIAN_POINT ( 'NONE',  ( 10.75000000000000533, 19.25000000000000000, 39.99999999999999289 ) ) ;
#2547 = CARTESIAN_POINT ( 'NONE',  ( -13.22320601227995596, 0.000000000000000000, 41.38514550444367046 ) ) ;
#2548 = CYLINDRICAL_SURFACE ( 'NONE', #1529, 2.249999999999997780 ) ;
#2549 = AXIS2_PLACEMENT_3D ( 'NONE', #4087, #5396, #1041 ) ;
#2550 = CARTESIAN_POINT ( 'NONE',  ( -9.828061346011889299, 1.000000000000000000, 41.84563246896664168 ) ) ;
#2551 = CARTESIAN_POINT ( 'NONE',  ( -6.325183942123373981, 0.000000000000000000, 39.96187102888313802 ) ) ;
#2552 = ADVANCED_FACE ( 'NONE', ( #6508 ), #6654, .F. ) ;
#2553 = ORIENTED_EDGE ( 'NONE', *, *, #835, .F. ) ;
#2554 = CARTESIAN_POINT ( 'NONE',  ( -5.147371184870521255, 1.000000000000000000, 41.53505539339036545 ) ) ;
#2555 = ORIENTED_EDGE ( 'NONE', *, *, #5170, .F. ) ;
#2556 = DIRECTION ( 'NONE',  ( 0.000000000000000000, -0.000000000000000000, 1.000000000000000000 ) ) ;
#2557 = ORIENTED_EDGE ( 'NONE', *, *, #942, .T. ) ;
#2558 = VECTOR ( 'NONE', #891, 1000.000000000000000 ) ;
#2559 = CARTESIAN_POINT ( 'NONE',  ( -3.815585966234085635, 1.000000000000000000, 40.26244208595968388 ) ) ;
#2560 = EDGE_CURVE ( 'NONE', #5498, #5642, #3503, .T. ) ;
#2561 = LINE ( 'NONE', #5010, #2919 ) ;
#2562 = CARTESIAN_POINT ( 'NONE',  ( 19.99999999999999645, 0.000000000000000000, -15.50000000000004086 ) ) ;
#2563 = EDGE_CURVE ( 'NONE', #4146, #909, #1063, .T. ) ;
#2564 = CARTESIAN_POINT ( 'NONE',  ( 13.49999999999999822, 0.2999999999999999889, -22.50000000000002132 ) ) ;
#2565 = VERTEX_POINT ( 'NONE', #2819 ) ;
#2566 = DIRECTION ( 'NONE',  ( -0.000000000000000000, -1.000000000000000000, -0.000000000000000000 ) ) ;
#2567 = CARTESIAN_POINT ( 'NONE',  ( -7.446152315106081332, 0.000000000000000000, 40.18857988217609289 ) ) ;
#2568 = EDGE_CURVE ( 'NONE', #5058, #7473, #4685, .T. ) ;
#2569 = ORIENTED_EDGE ( 'NONE', *, *, #7901, .T. ) ;
#2570 = VECTOR ( 'NONE', #718, 1000.000000000000000 ) ;
#2571 =( LENGTH_UNIT ( ) NAMED_UNIT ( * ) SI_UNIT ( .MILLI., .METRE. ) );
#2572 = ORIENTED_EDGE ( 'NONE', *, *, #7452, .T. ) ;
#2573 = EDGE_CURVE ( 'NONE', #7283, #1115, #4151, .T. ) ;
#2574 = DIRECTION ( 'NONE',  ( 0.000000000000000000, -0.7071067811865514585, -0.7071067811865436870 ) ) ;
#2575 = VERTEX_POINT ( 'NONE', #2929 ) ;
#2576 = CARTESIAN_POINT ( 'NONE',  ( -8.739657377530591020, 1.000000000000000000, 39.35063482574201288 ) ) ;
#2577 = EDGE_LOOP ( 'NONE', ( #2924, #6026, #5896, #7351 ) ) ;
#2578 = VECTOR ( 'NONE', #5796, 1000.000000000000000 ) ;
#2579 = VERTEX_POINT ( 'NONE', #1025 ) ;
#2580 = LINE ( 'NONE', #6306, #7625 ) ;
#2581 = CARTESIAN_POINT ( 'NONE',  ( -9.127891687881819038, 0.000000000000000000, 41.66405100344285017 ) ) ;
#2582 = CARTESIAN_POINT ( 'NONE',  ( -3.136862484297294085, 1.000000000000000000, 40.07566312800436492 ) ) ;
#2583 = DIRECTION ( 'NONE',  ( -0.000000000000000000, -0.000000000000000000, 1.000000000000000000 ) ) ;
#2584 = CARTESIAN_POINT ( 'NONE',  ( -6.530479707489701191, 1.000000000000000000, 39.13452977689640733 ) ) ;
#2585 = DIRECTION ( 'NONE',  ( -1.000000000000000000, 5.782411586589356653E-16, 0.000000000000000000 ) ) ;
#2586 = CARTESIAN_POINT ( 'NONE',  ( -5.623523281146955988, 1.000000000000000000, 39.34834681919642208 ) ) ;
#2587 = VERTEX_POINT ( 'NONE', #4075 ) ;
#2588 = LINE ( 'NONE', #5119, #6841 ) ;
#2589 = ORIENTED_EDGE ( 'NONE', *, *, #5206, .F. ) ;
#2590 = CARTESIAN_POINT ( 'NONE',  ( 2.003838848758051405, 0.000000000000000000, 38.87307128906249432 ) ) ;
#2591 = FACE_OUTER_BOUND ( 'NONE', #6408, .T. ) ;
#2592 = CARTESIAN_POINT ( 'NONE',  ( -5.000000000000000888, 0.3000000000000001554, -41.50000000000002132 ) ) ;
#2593 = DIRECTION ( 'NONE',  ( 0.000000000000000000, 0.000000000000000000, 1.000000000000000000 ) ) ;
#2594 = CARTESIAN_POINT ( 'NONE',  ( -10.20961612260595253, 1.000000000000000000, 40.98263487574882902 ) ) ;
#2595 = DIRECTION ( 'NONE',  ( 0.000000000000000000, 0.000000000000000000, -1.000000000000000000 ) ) ;
#2596 = ORIENTED_EDGE ( 'NONE', *, *, #1822, .T. ) ;
#2597 = CARTESIAN_POINT ( 'NONE',  ( -5.598284012159333578, 1.000000000000000000, 41.72390468822391796 ) ) ;
#2598 = ORIENTED_EDGE ( 'NONE', *, *, #4453, .T. ) ;
#2599 = CARTESIAN_POINT ( 'NONE',  ( -4.299430975043786241, 1.000000000000000000, 41.26258314496016766 ) ) ;
#2600 = VECTOR ( 'NONE', #1839, 1000.000000000000000 ) ;
#2601 = CARTESIAN_POINT ( 'NONE',  ( -8.980842693413698896, 0.000000000000000000, 39.36219628023815886 ) ) ;
#2602 = EDGE_LOOP ( 'NONE', ( #453, #5843, #6376, #7734 ) ) ;
#2603 = FACE_BOUND ( 'NONE', #1314, .T. ) ;
#2604 = EDGE_CURVE ( 'NONE', #7797, #5527, #1637, .T. ) ;
#2605 = LINE ( 'NONE', #657, #2276 ) ;
#2606 = CARTESIAN_POINT ( 'NONE',  ( -13.50000000000000000, -0.001000000000000132727, -37.00000000000002132 ) ) ;
#2607 = CARTESIAN_POINT ( 'NONE',  ( 5.204170427930421283E-15, 24.00000000000000000, 39.99999999999999289 ) ) ;
#2608 = ORIENTED_EDGE ( 'NONE', *, *, #7497, .T. ) ;
#2609 = CARTESIAN_POINT ( 'NONE',  ( -5.145156753558784324, -2.168404344971008868E-16, 39.53714583903604307 ) ) ;
#2610 = ORIENTED_EDGE ( 'NONE', *, *, #2225, .F. ) ;
#2611 = EDGE_CURVE ( 'NONE', #6951, #1021, #6041, .T. ) ;
#2612 = CIRCLE ( 'NONE', #3651, 0.5000000000000004441 ) ;
#2613 = PRODUCT_DEFINITION ( 'UNKNOWN', '', #994, #5397 ) ;
#2614 = CARTESIAN_POINT ( 'NONE',  ( 20.49999999999999645, 0.5000000000000000000, -15.50000000000004086 ) ) ;
#2615 = EDGE_CURVE ( 'NONE', #6732, #3128, #7265, .T. ) ;
#2616 = VERTEX_POINT ( 'NONE', #3468 ) ;
#2617 = CARTESIAN_POINT ( 'NONE',  ( -8.396405928901764071, 0.000000000000000000, 39.48636578538302899 ) ) ;
#2618 = VERTEX_POINT ( 'NONE', #5965 ) ;
#2619 = CARTESIAN_POINT ( 'NONE',  ( -3.815585966234085635, 1.000000000000000000, 40.81332963225128907 ) ) ;
#2620 = CARTESIAN_POINT ( 'NONE',  ( -20.50000000000000355, 2.000000000000000000, 44.00000000000000000 ) ) ;
#2621 = CARTESIAN_POINT ( 'NONE',  ( -2.947320248032017531, 1.000000000000000000, 39.63184194384736969 ) ) ;
#2622 = EDGE_CURVE ( 'NONE', #4607, #6578, #378, .T. ) ;
#2623 = EDGE_CURVE ( 'NONE', #5898, #3900, #7916, .T. ) ;
#2624 = CARTESIAN_POINT ( 'NONE',  ( -6.183945700940245871, 0.000000000000000000, 38.92738053809850385 ) ) ;
#2625 = CARTESIAN_POINT ( 'NONE',  ( -13.12833298676244986, 0.000000000000000000, 40.19356535273515618 ) ) ;
#2626 = DIRECTION ( 'NONE',  ( 0.000000000000000000, -0.000000000000000000, 1.000000000000000000 ) ) ;
#2627 = ORIENTED_EDGE ( 'NONE', *, *, #2822, .T. ) ;
#2628 = CARTESIAN_POINT ( 'NONE',  ( 0.000000000000000000, 2.200000000000000178, 26.52499999999999858 ) ) ;
#2629 = ORIENTED_EDGE ( 'NONE', *, *, #5658, .T. ) ;
#2630 = PLANE ( 'NONE',  #215 ) ;
#2631 = DIRECTION ( 'NONE',  ( -1.000000000000000000, 0.000000000000000000, 0.000000000000000000 ) ) ;
#2632 = LINE ( 'NONE', #605, #1643 ) ;
#2633 = AXIS2_PLACEMENT_3D ( 'NONE', #5096, #781, #3260 ) ;
#2634 = CYLINDRICAL_SURFACE ( 'NONE', #7253, 3.000000000000002665 ) ;
#2635 = CARTESIAN_POINT ( 'NONE',  ( -2.994221725123150435, 0.000000000000000000, 41.37837517515146857 ) ) ;
#2636 = CARTESIAN_POINT ( 'NONE',  ( -8.983999305057773554, 0.000000000000000000, 41.71094548779758071 ) ) ;
#2637 = VERTEX_POINT ( 'NONE', #2889 ) ;
#2638 = CARTESIAN_POINT ( 'NONE',  ( -5.598284012159333578, 0.000000000000000000, 41.72390468822391796 ) ) ;
#2639 = ORIENTED_EDGE ( 'NONE', *, *, #7561, .T. ) ;
#2640 = VECTOR ( 'NONE', #7451, 1000.000000000000114 ) ;
#2641 = CARTESIAN_POINT ( 'NONE',  ( -19.90041507641943141, 24.00000000000000000, -42.00000000000000000 ) ) ;
#2642 = CARTESIAN_POINT ( 'NONE',  ( -9.547557465903290463, 1.000000000000000000, 40.20052702401105194 ) ) ;
#2643 = ORIENTED_EDGE ( 'NONE', *, *, #7762, .F. ) ;
#2644 = PLANE ( 'NONE',  #303 ) ;
#2645 = CARTESIAN_POINT ( 'NONE',  ( 3.903127820947815962E-15, 19.25000000000000000, 41.99999999999999289 ) ) ;
#2646 = CARTESIAN_POINT ( 'NONE',  ( -8.249959254485604632, 0.000000000000000000, 39.65901123847051224 ) ) ;
#2647 = CARTESIAN_POINT ( 'NONE',  ( -12.50448668108969486, 0.000000000000000000, 40.08094160474740164 ) ) ;
#2648 = LINE ( 'NONE', #7465, #4739 ) ;
#2649 = ORIENTED_EDGE ( 'NONE', *, *, #6472, .T. ) ;
#2650 = ORIENTED_EDGE ( 'NONE', *, *, #7850, .T. ) ;
#2651 = DIRECTION ( 'NONE',  ( 0.000000000000000000, 0.000000000000000000, 1.000000000000000000 ) ) ;
#2652 = ORIENTED_EDGE ( 'NONE', *, *, #6652, .F. ) ;
#2653 = CARTESIAN_POINT ( 'NONE',  ( -2.385033624822445297, 1.000000000000000000, 39.39155368557223369 ) ) ;
#2654 = EDGE_CURVE ( 'NONE', #5873, #2655, #7764, .T. ) ;
#2655 = VERTEX_POINT ( 'NONE', #4154 ) ;
#2656 = CARTESIAN_POINT ( 'NONE',  ( -11.40784251720874387, 1.000000000000000000, 40.34210474584009631 ) ) ;
#2657 = CARTESIAN_POINT ( 'NONE',  ( -12.22885665237292407, 1.000000000000000000, 39.42316491394696243 ) ) ;
#2658 = CARTESIAN_POINT ( 'NONE',  ( -2.414090638984117465, 0.000000000000000000, 39.39242812109369396 ) ) ;
#2659 = LINE ( 'NONE', #2783, #7454 ) ;
#2660 = EDGE_CURVE ( 'NONE', #6109, #737, #5729, .T. ) ;
#2661 = VECTOR ( 'NONE', #1370, 1000.000000000000000 ) ;
#2662 = CARTESIAN_POINT ( 'NONE',  ( 6.000000000000005329, 22.00000000000000000, 43.00000000000000000 ) ) ;
#2663 = VECTOR ( 'NONE', #2379, 1000.000000000000000 ) ;
#2664 = EDGE_CURVE ( 'NONE', #588, #1668, #2974, .T. ) ;
#2665 = CARTESIAN_POINT ( 'NONE',  ( -2.958039891549808509, -0.2360679774997919977, 26.02499999999999858 ) ) ;
#2666 = EDGE_CURVE ( 'NONE', #1850, #3186, #5588, .T. ) ;
#2667 = ORIENTED_EDGE ( 'NONE', *, *, #3954, .T. ) ;
#2668 = CARTESIAN_POINT ( 'NONE',  ( -11.65000000000000036, 5.000000000000000000, -14.60000000000001918 ) ) ;
#2669 = VERTEX_POINT ( 'NONE', #5467 ) ;
#2670 = CARTESIAN_POINT ( 'NONE',  ( -6.964257844320117741, 1.000000000000000000, 41.26281078938650637 ) ) ;
#2671 = DIRECTION ( 'NONE',  ( 1.000000000000000000, 0.000000000000000000, 0.000000000000000000 ) ) ;
#2672 = CARTESIAN_POINT ( 'NONE',  ( -12.04109315252923551, 0.000000000000000000, 40.86058714234982858 ) ) ;
#2673 = EDGE_CURVE ( 'NONE', #5870, #346, #8035, .T. ) ;
#2674 = VECTOR ( 'NONE', #4081, 1000.000000000000000 ) ;
#2675 = VECTOR ( 'NONE', #7406, 1000.000000000000000 ) ;
#2676 = CARTESIAN_POINT ( 'NONE',  ( -9.917775276463480338, 0.000000000000000000, 39.33102985848652366 ) ) ;
#2677 = CARTESIAN_POINT ( 'NONE',  ( -2.947325454773202846, 0.000000000000000000, 41.44123198506093786 ) ) ;
#2678 = AXIS2_PLACEMENT_3D ( 'NONE', #6751, #3145, #3721 ) ;
#2679 = LINE ( 'NONE', #3251, #2808 ) ;
#2680 = ORIENTED_EDGE ( 'NONE', *, *, #4602, .F. ) ;
#2681 = DIRECTION ( 'NONE',  ( 0.000000000000000000, 0.000000000000000000, 1.000000000000000000 ) ) ;
#2682 = EDGE_LOOP ( 'NONE', ( #2839, #6004, #2085, #5177 ) ) ;
#2683 = CARTESIAN_POINT ( 'NONE',  ( -13.15158717259558330, 1.000000000000000000, 40.98767780553906448 ) ) ;
#2684 = CARTESIAN_POINT ( 'NONE',  ( -9.124417034257520598, 0.000000000000000000, 39.40880381279465894 ) ) ;
#2685 = CIRCLE ( 'NONE', #3070, 1.500000000000001332 ) ;
#2686 = VERTEX_POINT ( 'NONE', #5630 ) ;
#2687 = CARTESIAN_POINT ( 'NONE',  ( -3.793840107080990620, 1.000000000000000000, 39.97203959567751497 ) ) ;
#2688 = FACE_BOUND ( 'NONE', #2992, .T. ) ;
#2689 = CARTESIAN_POINT ( 'NONE',  ( -19.90041507641943141, 24.00000000000000000, -81.85104867949057450 ) ) ;
#2690 = CARTESIAN_POINT ( 'NONE',  ( -12.00420001071885601, -0.000000000000000000, 40.34169641270832329 ) ) ;
#2691 = CARTESIAN_POINT ( 'NONE',  ( -6.799985041173804312, 0.000000000000000000, 39.44100827606357029 ) ) ;
#2692 = EDGE_LOOP ( 'NONE', ( #7639, #1965, #5107, #2459, #4095, #5883 ) ) ;
#2693 = VECTOR ( 'NONE', #4384, 1000.000000000000000 ) ;
#2694 = VERTEX_POINT ( 'NONE', #7464 ) ;
#2695 = LINE ( 'NONE', #7560, #5076 ) ;
#2696 = VERTEX_POINT ( 'NONE', #658 ) ;
#2697 = CARTESIAN_POINT ( 'NONE',  ( -11.40784251720874387, 1.000000000000000000, 39.39155368557223369 ) ) ;
#2698 = ORIENTED_EDGE ( 'NONE', *, *, #6273, .T. ) ;
#2699 = CARTESIAN_POINT ( 'NONE',  ( -2.772713093988969035, 1.000000000000000000, 41.58912165807024053 ) ) ;
#2700 = CARTESIAN_POINT ( 'NONE',  ( -12.53767858343320540, 1.000000000000000000, 39.86207747711731741 ) ) ;
#2701 = FACE_OUTER_BOUND ( 'NONE', #1357, .T. ) ;
#2702 = CARTESIAN_POINT ( 'NONE',  ( -11.40784251720874387, 0.000000000000000000, 40.34210474584009631 ) ) ;
#2703 = EDGE_CURVE ( 'NONE', #48, #4998, #4885, .T. ) ;
#2704 = CARTESIAN_POINT ( 'NONE',  ( -11.65000000000000036, 5.000000000000000000, -15.45000000000001883 ) ) ;
#2705 = VECTOR ( 'NONE', #5574, 1000.000000000000000 ) ;
#2706 = TOROIDAL_SURFACE ( 'NONE', #6374, 2.749999999999997335, 0.5000000000000000000 ) ;
#2707 = LINE ( 'NONE', #838, #4102 ) ;
#2708 = ORIENTED_EDGE ( 'NONE', *, *, #383, .F. ) ;
#2709 = CARTESIAN_POINT ( 'NONE',  ( -12.68931425007778024, 0.000000000000000000, 42.18623636152150880 ) ) ;
#2710 = ORIENTED_EDGE ( 'NONE', *, *, #7817, .T. ) ;
#2711 = DIRECTION ( 'NONE',  ( 1.000000000000000000, -0.000000000000000000, 0.000000000000000000 ) ) ;
#2712 = CARTESIAN_POINT ( 'NONE',  ( -1.945538780905986309, 1.000000000000000000, 41.68151760349024926 ) ) ;
#2713 = CARTESIAN_POINT ( 'NONE',  ( -4.946682278157195967, 1.000000000000000000, 38.98344318218652660 ) ) ;
#2714 = LINE ( 'NONE', #7818, #4507 ) ;
#2715 = EDGE_CURVE ( 'NONE', #958, #6163, #4690, .T. ) ;
#2716 = FACE_OUTER_BOUND ( 'NONE', #934, .T. ) ;
#2717 = CARTESIAN_POINT ( 'NONE',  ( -12.04109315252923551, 1.000000000000000000, 40.86058714234982858 ) ) ;
#2718 = EDGE_CURVE ( 'NONE', #6080, #4438, #409, .T. ) ;
#2719 = VERTEX_POINT ( 'NONE', #497 ) ;
#2720 = CARTESIAN_POINT ( 'NONE',  ( -2.470833318061973483, 1.000000000000000000, 39.39413572304797384 ) ) ;
#2721 = VERTEX_POINT ( 'NONE', #4232 ) ;
#2722 = CARTESIAN_POINT ( 'NONE',  ( -12.67231846598835787, 0.000000000000000000, 40.58649358377827809 ) ) ;
#2723 = CARTESIAN_POINT ( 'NONE',  ( -6.053934607142283042, 1.000000000000000000, 38.88322787360075949 ) ) ;
#2724 = CARTESIAN_POINT ( 'NONE',  ( -7.495915505090168018, 1.000000000000000000, 39.81177443701671592 ) ) ;
#2725 = CARTESIAN_POINT ( 'NONE',  ( -18.44793582971989920, 24.29206873144675782, 43.84899683030305084 ) ) ;
#2726 = EDGE_CURVE ( 'NONE', #173, #5845, #3131, .T. ) ;
#2727 = DIRECTION ( 'NONE',  ( 0.000000000000000000, 0.000000000000000000, -1.000000000000000000 ) ) ;
#2728 = ADVANCED_FACE ( 'NONE', ( #1792 ), #573, .F. ) ;
#2729 = FACE_BOUND ( 'NONE', #619, .T. ) ;
#2730 = CARTESIAN_POINT ( 'NONE',  ( -13.22320601227995596, 0.000000000000000000, 41.38514550444367046 ) ) ;
#2731 = VECTOR ( 'NONE', #7339, 1000.000000000000000 ) ;
#2732 = FACE_OUTER_BOUND ( 'NONE', #4825, .T. ) ;
#2733 = ORIENTED_EDGE ( 'NONE', *, *, #3548, .F. ) ;
#2734 = CARTESIAN_POINT ( 'NONE',  ( 0.000000000000000000, 2.000000000000000000, 26.52499999999999858 ) ) ;
#2735 = ORIENTED_EDGE ( 'NONE', *, *, #5112, .F. ) ;
#2736 = ORIENTED_EDGE ( 'NONE', *, *, #6162, .F. ) ;
#2737 = DIRECTION ( 'NONE',  ( 0.000000000000000000, 0.000000000000000000, -1.000000000000000000 ) ) ;
#2738 = ORIENTED_EDGE ( 'NONE', *, *, #7767, .T. ) ;
#2739 = LINE ( 'NONE', #913, #594 ) ;
#2740 = ORIENTED_EDGE ( 'NONE', *, *, #4057, .T. ) ;
#2741 = DIRECTION ( 'NONE',  ( -1.000000000000000000, 0.000000000000000000, 0.000000000000000000 ) ) ;
#2742 = CARTESIAN_POINT ( 'NONE',  ( -6.721548937934482382, 0.000000000000000000, 41.74364952252323491 ) ) ;
#2743 = CARTESIAN_POINT ( 'NONE',  ( -0.6776872956907611378, 1.000000000000000000, 38.87307128906249432 ) ) ;
#2744 = CARTESIAN_POINT ( 'NONE',  ( 19.90041507641943141, 24.00000000000000000, -81.85104867949057450 ) ) ;
#2745 = CARTESIAN_POINT ( 'NONE',  ( -4.341258425478150329, 0.000000000000000000, 41.39259125174281451 ) ) ;
#2746 = VERTEX_POINT ( 'NONE', #3663 ) ;
#2747 = CARTESIAN_POINT ( 'NONE',  ( -4.910609985946062572, 0.000000000000000000, 40.83358285086494988 ) ) ;
#2748 = VERTEX_POINT ( 'NONE', #4273 ) ;
#2749 = CARTESIAN_POINT ( 'NONE',  ( -6.721548937934482382, 0.000000000000000000, 41.74364952252323491 ) ) ;
#2750 = CARTESIAN_POINT ( 'NONE',  ( -9.305001309962182887, 1.000000000000000000, 39.53825140067257848 ) ) ;
#2751 = CARTESIAN_POINT ( 'NONE',  ( -12.06091977755754208, -0.000000000000000000, 40.86089534692937519 ) ) ;
#2752 = DIRECTION ( 'NONE',  ( 0.000000000000000000, 0.000000000000000000, 1.000000000000000000 ) ) ;
#2753 = DIRECTION ( 'NONE',  ( -1.084202172485503571E-16, 0.000000000000000000, -1.000000000000000000 ) ) ;
#2754 = DIRECTION ( 'NONE',  ( 0.7071067811865439090, -0.7071067811865512365, -0.000000000000000000 ) ) ;
#2755 = CARTESIAN_POINT ( 'NONE',  ( -7.525000000000000355, 0.000000000000000000, 24.77499999999999858 ) ) ;
#2756 = ORIENTED_EDGE ( 'NONE', *, *, #3598, .F. ) ;
#2757 = CARTESIAN_POINT ( 'NONE',  ( -2.631275782236383698, 1.000000000000000000, 39.42388837782787192 ) ) ;
#2758 = EDGE_LOOP ( 'NONE', ( #1703, #896, #1451, #6248 ) ) ;
#2759 = CYLINDRICAL_SURFACE ( 'NONE', #6337, 0.8500000000000000888 ) ;
#2760 = CARTESIAN_POINT ( 'NONE',  ( -9.522492053933440559, 0.000000000000000000, 39.96187102888314513 ) ) ;
#2761 = CARTESIAN_POINT ( 'NONE',  ( -3.815585966234085635, 0.000000000000000000, 40.26244208595968388 ) ) ;
#2762 = EDGE_CURVE ( 'NONE', #1556, #7178, #3521, .T. ) ;
#2763 = AXIS2_PLACEMENT_3D ( 'NONE', #928, #4701, #276 ) ;
#2764 = EDGE_LOOP ( 'NONE', ( #2084, #1966, #1570, #4062 ) ) ;
#2765 = ADVANCED_FACE ( 'NONE', ( #3704 ), #6778, .F. ) ;
#2766 = VECTOR ( 'NONE', #4473, 1000.000000000000227 ) ;
#2767 = CARTESIAN_POINT ( 'NONE',  ( -5.707587244282433581, 1.000000000000000000, 41.72230437016766302 ) ) ;
#2768 = CARTESIAN_POINT ( 'NONE',  ( -13.19153083017208417, 1.000000000000000000, 41.10834370833413942 ) ) ;
#2769 =( NAMED_UNIT ( * ) SI_UNIT ( $, .STERADIAN. ) SOLID_ANGLE_UNIT ( ) );
#2770 = ORIENTED_EDGE ( 'NONE', *, *, #5668, .F. ) ;
#2771 = CARTESIAN_POINT ( 'NONE',  ( -5.916540725781524124, 0.000000000000000000, 38.85255935333744048 ) ) ;
#2772 = EDGE_CURVE ( 'NONE', #7266, #1207, #2519, .T. ) ;
#2773 = EDGE_CURVE ( 'NONE', #7334, #910, #4191, .T. ) ;
#2774 = ORIENTED_EDGE ( 'NONE', *, *, #3510, .F. ) ;
#2775 = ORIENTED_EDGE ( 'NONE', *, *, #477, .F. ) ;
#2776 = CIRCLE ( 'NONE', #1348, 2.750000000000001332 ) ;
#2777 = DIRECTION ( 'NONE',  ( 3.016910393003142859E-16, 1.000000000000000000, 0.000000000000000000 ) ) ;
#2778 = ORIENTED_EDGE ( 'NONE', *, *, #6960, .F. ) ;
#2779 = CARTESIAN_POINT ( 'NONE',  ( -5.053822188417895767, 0.000000000000000000, 41.41263195574053668 ) ) ;
#2780 = ORIENTED_EDGE ( 'NONE', *, *, #21, .T. ) ;
#2781 = CARTESIAN_POINT ( 'NONE',  ( 18.49999999999999645, 24.00000000000000000, 41.99999999999999289 ) ) ;
#2782 = CARTESIAN_POINT ( 'NONE',  ( -0.01473193973690074127, 0.000000000000000000, 38.87307128906249432 ) ) ;
#2783 = CARTESIAN_POINT ( 'NONE',  ( -12.55822533446472988, 1.000000000000000000, 41.62683391323336934 ) ) ;
#2784 = CARTESIAN_POINT ( 'NONE',  ( -10.21290261900270480, 0.000000000000000000, 40.83493306543919488 ) ) ;
#2785 = CARTESIAN_POINT ( 'NONE',  ( -4.629107645205533750, 0.000000000000000000, 41.84561132268298422 ) ) ;
#2786 = EDGE_LOOP ( 'NONE', ( #1706, #4214, #1520, #4083 ) ) ;
#2787 = FACE_OUTER_BOUND ( 'NONE', #5683, .T. ) ;
#2788 = ORIENTED_EDGE ( 'NONE', *, *, #3469, .F. ) ;
#2789 = LINE ( 'NONE', #1495, #470 ) ;
#2790 = CARTESIAN_POINT ( 'NONE',  ( -13.38995751219910524, 1.000000000000000000, 42.19999999999999574 ) ) ;
#2791 = DIRECTION ( 'NONE',  ( -1.000000000000000000, 0.000000000000000000, 0.000000000000000000 ) ) ;
#2792 = FACE_OUTER_BOUND ( 'NONE', #6506, .T. ) ;
#2793 = VECTOR ( 'NONE', #5561, 1000.000000000000000 ) ;
#2794 = CARTESIAN_POINT ( 'NONE',  ( -12.56244527560620838, 1.000000000000000000, 41.78944008921227038 ) ) ;
#2795 = CARTESIAN_POINT ( 'NONE',  ( -2.958039891549773870, 2.200000000000000178, 26.52499999999999858 ) ) ;
#2796 = B_SPLINE_CURVE_WITH_KNOTS ( 'NONE', 3,
 ( #2036, #815, #4515, #5133, #2760, #7746, #7590, #205, #5755, #1506, #5179, #6496, #7669, #2684, #3945, #2601, #1466, #1993, #4551 ),
 .UNSPECIFIED., .F., .F.,
 ( 4, 1, 1, 1, 1, 1, 1, 1, 1, 1, 1, 1, 1, 1, 1, 1, 4 ),
 ( 0.000000000000000000, 0.07345715613897864371, 0.1441200022763791389, 0.2117209706102848310, 0.2773648265937360136, 0.3407292973374563272, 0.4029304958146234794, 0.4647323957381083170, 0.5257030480813030815, 0.5855512426781939173, 0.6438346293953993715, 0.7010245918864551617, 0.7578260360307701449, 0.8152895099920239863, 0.8744465696945312727, 0.9359361114452993125, 1.000000000000000000 ),
 .UNSPECIFIED. ) ;
#2797 = CARTESIAN_POINT ( 'NONE',  ( 2.680296350454350662, 0.000000000000000000, 38.87307128906249432 ) ) ;
#2798 = EDGE_LOOP ( 'NONE', ( #6892, #6089, #271, #3387 ) ) ;
#2799 = CARTESIAN_POINT ( 'NONE',  ( -3.070975182948192828, 1.000000000000000000, 39.83354105273711809 ) ) ;
#2800 = VERTEX_POINT ( 'NONE', #1147 ) ;
#2801 = CARTESIAN_POINT ( 'NONE',  ( 20.49999999999999645, 2.000000000000000000, -44.00000000000000000 ) ) ;
#2802 = AXIS2_PLACEMENT_3D ( 'NONE', #1283, #876, #1488 ) ;
#2803 = LINE ( 'NONE', #6071, #4526 ) ;
#2804 = VECTOR ( 'NONE', #7180, 1000.000000000000000 ) ;
#2805 = CARTESIAN_POINT ( 'NONE',  ( -8.030103953614771584, 1.000000000000000000, 39.05288680998297224 ) ) ;
#2806 = CIRCLE ( 'NONE', #7109, 2.750000000000001776 ) ;
#2807 = ORIENTED_EDGE ( 'NONE', *, *, #4837, .F. ) ;
#2808 = VECTOR ( 'NONE', #7662, 1000.000000000000000 ) ;
#2809 = CARTESIAN_POINT ( 'NONE',  ( -6.350613829377412145, 0.000000000000000000, 40.83358285086494988 ) ) ;
#2810 = EDGE_CURVE ( 'NONE', #6232, #5336, #3621, .T. ) ;
#2811 = CARTESIAN_POINT ( 'NONE',  ( -13.22283344101944103, 1.000000000000000000, 41.36060300094856501 ) ) ;
#2812 = ORIENTED_EDGE ( 'NONE', *, *, #3460, .T. ) ;
#2813 = CARTESIAN_POINT ( 'NONE',  ( -7.014461490717955883, -0.000000000000000000, 40.18857519758690700 ) ) ;
#2814 = AXIS2_PLACEMENT_3D ( 'NONE', #4843, #7468, #5509 ) ;
#2815 = VERTEX_POINT ( 'NONE', #2562 ) ;
#2816 = EDGE_LOOP ( 'NONE', ( #4714, #2610, #4603, #831 ) ) ;
#2817 = VECTOR ( 'NONE', #4778, 1000.000000000000000 ) ;
#2818 = EDGE_CURVE ( 'NONE', #5457, #5688, #3910, .T. ) ;
#2819 = CARTESIAN_POINT ( 'NONE',  ( 18.49999999999999645, 26.00000000000000355, 43.82842712474619162 ) ) ;
#2820 = CARTESIAN_POINT ( 'NONE',  ( -4.911051658426521804, 1.000000000000000000, 40.86578441670268091 ) ) ;
#2821 = ORIENTED_EDGE ( 'NONE', *, *, #1276, .F. ) ;
#2822 = EDGE_CURVE ( 'NONE', #1260, #907, #3874, .T. ) ;
#2823 = CARTESIAN_POINT ( 'NONE',  ( -3.596049369194421086, 0.000000000000000000, 41.60667592502554868 ) ) ;
#2824 = CARTESIAN_POINT ( 'NONE',  ( -13.25997604510657268, 1.000000000000000000, 41.92392805582012727 ) ) ;
#2825 = EDGE_CURVE ( 'NONE', #3864, #7381, #171, .T. ) ;
#2826 = CARTESIAN_POINT ( 'NONE',  ( -13.30986312531619653, 0.000000000000000000, 42.05706901167678780 ) ) ;
#2827 = CARTESIAN_POINT ( 'NONE',  ( -16.50000000000000000, 1.000000000000000000, 37.50000000000000000 ) ) ;
#2828 = CARTESIAN_POINT ( 'NONE',  ( 3.706649960732684935E-15, 16.50000000000000000, 43.50000000000000000 ) ) ;
#2829 = ORIENTED_EDGE ( 'NONE', *, *, #6855, .F. ) ;
#2830 = CARTESIAN_POINT ( 'NONE',  ( -12.57982868963411605, 0.000000000000000000, 41.92527184479979496 ) ) ;
#2831 = CARTESIAN_POINT ( 'NONE',  ( -12.71328921709077164, 0.000000000000000000, 40.56689562982605679 ) ) ;
#2832 = CARTESIAN_POINT ( 'NONE',  ( -9.546842379973647041, 0.000000000000000000, 40.13865615616361282 ) ) ;
#2833 = PLANE ( 'NONE',  #4373 ) ;
#2834 = CARTESIAN_POINT ( 'NONE',  ( 0.000000000000000000, 2.000000000000000000, 26.52499999999999858 ) ) ;
#2835 = VECTOR ( 'NONE', #3566, 1000.000000000000000 ) ;
#2836 = AXIS2_PLACEMENT_3D ( 'NONE', #3029, #6230, #638 ) ;
#2837 = DIRECTION ( 'NONE',  ( -0.000000000000000000, -1.000000000000000000, -0.000000000000000000 ) ) ;
#2838 = CARTESIAN_POINT ( 'NONE',  ( -9.381253812750307119, 1.000000000000000000, 38.92738053809848253 ) ) ;
#2839 = ORIENTED_EDGE ( 'NONE', *, *, #7291, .F. ) ;
#2840 = CARTESIAN_POINT ( 'NONE',  ( -10.21290261900270480, 0.000000000000000000, 40.83493306543919488 ) ) ;
#2841 = VERTEX_POINT ( 'NONE', #783 ) ;
#2842 = FACE_OUTER_BOUND ( 'NONE', #2816, .T. ) ;
#2843 = CARTESIAN_POINT ( 'NONE',  ( -8.107918097756128262, 0.000000000000000000, 40.83358285086494988 ) ) ;
#2844 = CARTESIAN_POINT ( 'NONE',  ( -8.265613356696665193, 0.000000000000000000, 38.92754240160103052 ) ) ;
#2845 = CARTESIAN_POINT ( 'NONE',  ( 17.49999999999999645, 0.000000000000000000, 40.99999999999999289 ) ) ;
#2846 = LINE ( 'NONE', #2268, #3943 ) ;
#2847 = CARTESIAN_POINT ( 'NONE',  ( 1.324680917913261480, 1.000000000000000000, 39.92353822782441597 ) ) ;
#2848 = VERTEX_POINT ( 'NONE', #747 ) ;
#2849 = CARTESIAN_POINT ( 'NONE',  ( -6.530479707489701191, 0.000000000000000000, 39.13452977689640733 ) ) ;
#2850 = ORIENTED_EDGE ( 'NONE', *, *, #7015, .F. ) ;
#2851 = ORIENTED_EDGE ( 'NONE', *, *, #5322, .F. ) ;
#2852 = CARTESIAN_POINT ( 'NONE',  ( -5.000000000000000888, 0.3000000000000001554, -41.50000000000002132 ) ) ;
#2853 = CARTESIAN_POINT ( 'NONE',  ( -4.956732862288331098, 1.000000000000000000, 41.19090075861951306 ) ) ;
#2854 = ORIENTED_EDGE ( 'NONE', *, *, #2065, .F. ) ;
#2855 = CARTESIAN_POINT ( 'NONE',  ( -2.469026273690760664, 1.000000000000000000, 42.19886273336930316 ) ) ;
#2856 = CARTESIAN_POINT ( 'NONE',  ( -4.725987581281742678, 1.000000000000000000, 39.13456531561291740 ) ) ;
#2857 = VECTOR ( 'NONE', #4116, 1000.000000000000000 ) ;
#2858 = EDGE_CURVE ( 'NONE', #803, #3181, #5142, .T. ) ;
#2859 = EDGE_CURVE ( 'NONE', #4601, #5175, #5354, .T. ) ;
#2860 = B_SPLINE_SURFACE_WITH_KNOTS ( 'NONE', 3, 1, ( 
 ( #355, #7779 ),
 ( #5823, #2709 ),
 ( #7733, #2139 ),
 ( #2183, #3891 ),
 ( #7126, #1452 ),
 ( #4662, #2830 ),
 ( #4577, #2015 ),
 ( #5781, #1415 ),
 ( #802, #3282 ) ),
 .UNSPECIFIED., .F., .F., .F.,
 ( 4, 1, 1, 1, 1, 1, 4 ),
 ( 2, 2 ),
 ( 0.000000000000000000, 0.09905615954354558828, 0.2052471499934037102, 0.3241685900341291782, 0.4595765774875706366, 0.7374132743485941610, 1.000000000000000000 ),
 ( 0.000000000000000000, 1.000000000000000000 ),
 .UNSPECIFIED. ) ;
#2861 = DIRECTION ( 'NONE',  ( 1.000000000000000000, 0.000000000000000000, 0.000000000000000000 ) ) ;
#2862 = DIRECTION ( 'NONE',  ( 0.000000000000000000, -0.000000000000000000, 1.000000000000000000 ) ) ;
#2863 = VERTEX_POINT ( 'NONE', #7063 ) ;
#2864 = FACE_OUTER_BOUND ( 'NONE', #4684, .T. ) ;
#2865 = CARTESIAN_POINT ( 'NONE',  ( -12.90039709384089051, 0.000000000000000000, 40.45936558615927225 ) ) ;
#2866 = ADVANCED_FACE ( 'NONE', ( #7551 ), #252, .F. ) ;
#2867 = CARTESIAN_POINT ( 'NONE',  ( -8.980842693413698896, 0.000000000000000000, 39.36219628023815886 ) ) ;
#2868 = CARTESIAN_POINT ( 'NONE',  ( 20.49999999999999645, 0.5000000000000000000, -14.50000000000004086 ) ) ;
#2869 = EDGE_CURVE ( 'NONE', #6147, #6298, #3175, .T. ) ;
#2870 = LINE ( 'NONE', #6103, #5321 ) ;
#2871 = CARTESIAN_POINT ( 'NONE',  ( -3.148579966557493393, 1.000000000000000000, 40.25771633494984059 ) ) ;
#2872 = STYLED_ITEM ( 'NONE', ( #4210 ), #2972 ) ;
#2873 = CARTESIAN_POINT ( 'NONE',  ( -12.12865481463962780, 1.000000000000000000, 38.87525926817654920 ) ) ;
#2874 = ORIENTED_EDGE ( 'NONE', *, *, #1365, .F. ) ;
#2875 = FACE_OUTER_BOUND ( 'NONE', #546, .T. ) ;
#2876 = VERTEX_POINT ( 'NONE', #3301 ) ;
#2877 = CARTESIAN_POINT ( 'NONE',  ( 18.50000000000000000, 2.000000000000000000, 39.49999999999999289 ) ) ;
#2878 = CARTESIAN_POINT ( 'NONE',  ( -8.591373256759883503, 0.000000000000000000, 41.69100458942324394 ) ) ;
#2879 = CARTESIAN_POINT ( 'NONE',  ( -2.835478884830091140, 0.000000000000000000, 41.54676946194324927 ) ) ;
#2880 = CARTESIAN_POINT ( 'NONE',  ( -17.50000000000000355, 24.00000000000000000, 44.00000000000000000 ) ) ;
#2881 = CYLINDRICAL_SURFACE ( 'NONE', #5115, 0.5000000000000004441 ) ;
#2882 = CARTESIAN_POINT ( 'NONE',  ( -7.444962741802267914, 0.000000000000000000, 40.23813822362329518 ) ) ;
#2883 = EDGE_LOOP ( 'NONE', ( #6850, #1425, #1916, #7505 ) ) ;
#2884 = CARTESIAN_POINT ( 'NONE',  ( -6.349534268163582240, 1.000000000000000000, 40.13865615616361282 ) ) ;
#2885 = VERTEX_POINT ( 'NONE', #5011 ) ;
#2886 = EDGE_LOOP ( 'NONE', ( #1874, #6452, #602, #5100 ) ) ;
#2887 = AXIS2_PLACEMENT_3D ( 'NONE', #249, #857, #7099 ) ;
#2888 = CARTESIAN_POINT ( 'NONE',  ( -9.729141377523021106, 1.000000000000000000, 41.93942928358850963 ) ) ;
#2889 = CARTESIAN_POINT ( 'NONE',  ( 5.000000000000000888, 0.3000000000000001554, -41.50000000000002132 ) ) ;
#2890 = EDGE_LOOP ( 'NONE', ( #3126, #6741, #6974, #6614 ) ) ;
#2891 = CARTESIAN_POINT ( 'NONE',  ( -3.663571565116871653, 1.000000000000000000, 41.49155299151663456 ) ) ;
#2892 = CARTESIAN_POINT ( 'NONE',  ( -4.627444030273671238, 0.000000000000000000, 39.22789410885823003 ) ) ;
#2893 = VECTOR ( 'NONE', #7290, 1000.000000000000000 ) ;
#2894 = DIRECTION ( 'NONE',  ( 0.000000000000000000, 1.000000000000000000, 0.000000000000000000 ) ) ;
#2895 = EDGE_CURVE ( 'NONE', #1182, #6951, #86, .T. ) ;
#2896 = CARTESIAN_POINT ( 'NONE',  ( -2.958039891549773870, 2.200000000000000178, 26.52499999999999858 ) ) ;
#2897 = ORIENTED_EDGE ( 'NONE', *, *, #2505, .T. ) ;
#2898 = CARTESIAN_POINT ( 'NONE',  ( 6.000000000000005329, 24.00000000000000000, 39.99999999999999289 ) ) ;
#2899 = PLANE ( 'NONE',  #4752 ) ;
#2900 = CARTESIAN_POINT ( 'NONE',  ( -8.820831392957019901, 1.000000000000000000, 39.34834681919642208 ) ) ;
#2901 = LINE ( 'NONE', #3027, #5031 ) ;
#2902 = ADVANCED_FACE ( 'NONE', ( #7509 ), #821, .F. ) ;
#2903 = DIRECTION ( 'NONE',  ( -0.000000000000000000, -1.000000000000000000, -0.000000000000000000 ) ) ;
#2904 = EDGE_CURVE ( 'NONE', #1301, #3932, #4522, .T. ) ;
#2905 = LINE ( 'NONE', #7204, #6684 ) ;
#2906 = EDGE_CURVE ( 'NONE', #217, #6732, #2479, .T. ) ;
#2907 = DIRECTION ( 'NONE',  ( -1.000000000000000000, 0.000000000000000000, -0.000000000000000000 ) ) ;
#2908 = CARTESIAN_POINT ( 'NONE',  ( -13.20020821340926176, 1.000000000000000000, 39.81118044994734362 ) ) ;
#2909 = ORIENTED_EDGE ( 'NONE', *, *, #3658, .F. ) ;
#2910 = CARTESIAN_POINT ( 'NONE',  ( -13.12254975935153212, 0.000000000000000000, 39.43880160086681030 ) ) ;
#2911 = ORIENTED_EDGE ( 'NONE', *, *, #5507, .F. ) ;
#2912 = DIRECTION ( 'NONE',  ( -1.000000000000000000, 0.000000000000000000, 0.000000000000000000 ) ) ;
#2913 = ADVANCED_FACE ( 'NONE', ( #1434 ), #4396, .T. ) ;
#2914 = CARTESIAN_POINT ( 'NONE',  ( -8.795592123969401044, 0.000000000000000000, 41.72390468822391796 ) ) ;
#2915 = CARTESIAN_POINT ( 'NONE',  ( -2.470833317507218130, 1.000000000000000000, 41.67893556573324787 ) ) ;
#2916 = CARTESIAN_POINT ( 'NONE',  ( -12.11824645010213253, 0.000000000000000000, 39.39843514511768063 ) ) ;
#2917 = CARTESIAN_POINT ( 'NONE',  ( -9.547921941187476946, 1.000000000000000000, 40.23206225803919978 ) ) ;
#2918 = CARTESIAN_POINT ( 'NONE',  ( -11.65000000000000036, 5.000000000000000000, -15.45000000000001883 ) ) ;
#2919 = VECTOR ( 'NONE', #7508, 1000.000000000000000 ) ;
#2920 = VECTOR ( 'NONE', #3, 1000.000000000000000 ) ;
#2921 = VERTEX_POINT ( 'NONE', #6022 ) ;
#2922 = ORIENTED_EDGE ( 'NONE', *, *, #7717, .T. ) ;
#2923 = CARTESIAN_POINT ( 'NONE',  ( -8.522651476025995265, 0.000000000000000000, 41.66423967152968544 ) ) ;
#2924 = ORIENTED_EDGE ( 'NONE', *, *, #30, .F. ) ;
#2925 = CARTESIAN_POINT ( 'NONE',  ( -12.17537429720225362, 1.000000000000000000, 39.40983319097319537 ) ) ;
#2926 = VECTOR ( 'NONE', #3873, 1000.000000000000000 ) ;
#2927 = VECTOR ( 'NONE', #2458, 1000.000000000000000 ) ;
#2928 = CARTESIAN_POINT ( 'NONE',  ( -9.828061346011889299, 1.000000000000000000, 41.84563246896664168 ) ) ;
#2929 = CARTESIAN_POINT ( 'NONE',  ( -17.50000000000000355, 0.000000000000000000, -43.50000000000000000 ) ) ;
#2930 = VECTOR ( 'NONE', #2425, 1000.000000000000000 ) ;
#2931 = ORIENTED_EDGE ( 'NONE', *, *, #90, .T. ) ;
#2932 = FACE_OUTER_BOUND ( 'NONE', #4566, .T. ) ;
#2933 = CARTESIAN_POINT ( 'NONE',  ( -4.946682278157195967, 0.000000000000000000, 38.98344318218652660 ) ) ;
#2934 = DIRECTION ( 'NONE',  ( 0.000000000000000000, 0.000000000000000000, 1.000000000000000000 ) ) ;
#2935 = VECTOR ( 'NONE', #105, 1000.000000000000000 ) ;
#2936 = CARTESIAN_POINT ( 'NONE',  ( -18.90623611104252788, 24.35000000000000142, 43.64999999999999147 ) ) ;
#2937 = CARTESIAN_POINT ( 'NONE',  ( 1.338183063655702609, 1.000000000000000000, 38.87307128906249432 ) ) ;
#2938 = LINE ( 'NONE', #420, #3968 ) ;
#2939 = VERTEX_POINT ( 'NONE', #3600 ) ;
#2940 = DIRECTION ( 'NONE',  ( -1.000000000000000000, 0.000000000000000000, 0.000000000000000000 ) ) ;
#2941 = DIRECTION ( 'NONE',  ( 0.000000000000000000, 0.000000000000000000, 1.000000000000000000 ) ) ;
#2942 = DIRECTION ( 'NONE',  ( -0.000000000000000000, -1.000000000000000000, -0.000000000000000000 ) ) ;
#2943 = LINE ( 'NONE', #5440, #7124 ) ;
#2944 = VECTOR ( 'NONE', #3207, 1000.000000000000000 ) ;
#2945 = EDGE_CURVE ( 'NONE', #1668, #3265, #7893, .T. ) ;
#2946 = DIRECTION ( 'NONE',  ( -1.000000000000000000, 0.000000000000000000, 0.000000000000000000 ) ) ;
#2947 = LINE ( 'NONE', #5483, #5189 ) ;
#2948 = DIRECTION ( 'NONE',  ( 0.000000000000000000, 1.000000000000000000, 0.000000000000000000 ) ) ;
#2949 = CARTESIAN_POINT ( 'NONE',  ( -12.25928822143882968, 1.000000000000000000, 38.88753216466480467 ) ) ;
#2950 = ORIENTED_EDGE ( 'NONE', *, *, #3003, .F. ) ;
#2951 = CARTESIAN_POINT ( 'NONE',  ( -10.74218673210639530, 1.000000000000000000, 38.87307128906249432 ) ) ;
#2952 = VERTEX_POINT ( 'NONE', #1163 ) ;
#2953 = CARTESIAN_POINT ( 'NONE',  ( -6.349534268163582240, 1.000000000000000000, 40.13865615616361282 ) ) ;
#2954 = CARTESIAN_POINT ( 'NONE',  ( -8.154040974098400341, 1.000000000000000000, 41.19090075861952016 ) ) ;
#2955 = DIRECTION ( 'NONE',  ( -1.000000000000000000, 0.000000000000000000, 0.000000000000000000 ) ) ;
#2956 = VECTOR ( 'NONE', #6312, 1000.000000000000000 ) ;
#2957 = EDGE_CURVE ( 'NONE', #6298, #5048, #5484, .T. ) ;
#2958 = CARTESIAN_POINT ( 'NONE',  ( -6.350613829377412145, 0.000000000000000000, 40.83358285086494988 ) ) ;
#2959 = ADVANCED_BREP_SHAPE_REPRESENTATION ( 'Indoor_box', ( #2972, #4496 ), #4504 ) ;
#2960 = FACE_OUTER_BOUND ( 'NONE', #1802, .T. ) ;
#2961 = EDGE_CURVE ( 'NONE', #4538, #2587, #3916, .T. ) ;
#2962 = CARTESIAN_POINT ( 'NONE',  ( -9.827689496764405064, 1.000000000000000000, 39.22785229367399751 ) ) ;
#2963 = AXIS2_PLACEMENT_3D ( 'NONE', #6140, #4855, #509 ) ;
#2964 = ORIENTED_EDGE ( 'NONE', *, *, #1326, .T. ) ;
#2965 = VERTEX_POINT ( 'NONE', #5225 ) ;
#2966 = CARTESIAN_POINT ( 'NONE',  ( -8.664385522316301547, 0.000000000000000000, 41.71097785711829431 ) ) ;
#2967 = B_SPLINE_CURVE_WITH_KNOTS ( 'NONE', 3,
 ( #3624, #7555, #6213, #5, #92, #4970, #6742, #4889, #5591, #2397, #5633, #3667, #6901, #1150, #1836, #1795, #661, #3790, #6295 ),
 .UNSPECIFIED., .F., .F.,
 ( 4, 1, 1, 1, 1, 1, 1, 1, 1, 1, 1, 1, 1, 1, 1, 1, 4 ),
 ( 0.000000000000000000, 0.06423747715722107066, 0.1259097262829842745, 0.1847459735606457321, 0.2418978195181659130, 0.2988493496186204190, 0.3553042103759527781, 0.4132715226514090956, 0.4724536107966808007, 0.5327944789494866162, 0.5940017050204926541, 0.6561289276357257227, 0.7201351317259209184, 0.7857970234602661419, 0.8540595815342768571, 0.9253769245980613123, 1.000000000000000000 ),
 .UNSPECIFIED. ) ;
#2968 = EDGE_CURVE ( 'NONE', #5789, #2014, #2612, .T. ) ;
#2969 = EDGE_CURVE ( 'NONE', #2863, #3181, #3384, .T. ) ;
#2970 = VERTEX_POINT ( 'NONE', #2162 ) ;
#2971 = CARTESIAN_POINT ( 'NONE',  ( -12.11824645010213253, 1.000000000000000000, 39.39843514511768063 ) ) ;
#2972 = MANIFOLD_SOLID_BREP ( 'Boss-Extrude13', #4767 ) ;
#2973 = CARTESIAN_POINT ( 'NONE',  ( 2.680296350454350662, 0.000000000000000000, 42.19999999999999574 ) ) ;
#2974 = LINE ( 'NONE', #3583, #6257 ) ;
#2975 = FACE_OUTER_BOUND ( 'NONE', #6123, .T. ) ;
#2976 = ORIENTED_EDGE ( 'NONE', *, *, #2405, .T. ) ;
#2977 = DIRECTION ( 'NONE',  ( 0.000000000000000000, 0.000000000000000000, -1.000000000000000000 ) ) ;
#2978 = CARTESIAN_POINT ( 'NONE',  ( -5.068305244886597727, 1.000000000000000000, 38.92754240160101631 ) ) ;
#2979 = PLANE ( 'NONE',  #3815 ) ;
#2980 = DIRECTION ( 'NONE',  ( 0.000000000000000000, 0.000000000000000000, -1.000000000000000000 ) ) ;
#2981 = DIRECTION ( 'NONE',  ( -0.000000000000000000, 1.000000000000000000, -0.000000000000000000 ) ) ;
#2982 = CARTESIAN_POINT ( 'NONE',  ( -11.40784251720874387, 1.000000000000000000, 40.86058714234982858 ) ) ;
#2983 = AXIS2_PLACEMENT_3D ( 'NONE', #3183, #5765, #5685 ) ;
#2984 = ORIENTED_EDGE ( 'NONE', *, *, #4857, .T. ) ;
#2985 = CARTESIAN_POINT ( 'NONE',  ( -20.00000000000000355, 0.000000000000000000, 0.000000000000000000 ) ) ;
#2986 = CARTESIAN_POINT ( 'NONE',  ( 19.49999999999999645, 26.00000000000000355, -14.50000000000004086 ) ) ;
#2987 = CARTESIAN_POINT ( 'NONE',  ( -13.50000000000000000, -0.001000000000000132727, -37.00000000000002132 ) ) ;
#2988 = CARTESIAN_POINT ( 'NONE',  ( -11.65000000000000036, 5.000000000000000000, -16.30000000000001847 ) ) ;
#2989 = CARTESIAN_POINT ( 'NONE',  ( -12.38726671202868523, 0.000000000000000000, 40.96655251413022825 ) ) ;
#2990 = CARTESIAN_POINT ( 'NONE',  ( -0.01473193973690074127, 0.000000000000000000, 41.14548241751533908 ) ) ;
#2991 = CARTESIAN_POINT ( 'NONE',  ( -12.38217419680454334, 1.000000000000000000, 38.90778857078750974 ) ) ;
#2992 = EDGE_LOOP ( 'NONE', ( #8027, #7059 ) ) ;
#2993 = CARTESIAN_POINT ( 'NONE',  ( -8.344679296680588720, 1.000000000000000000, 41.53505539339037256 ) ) ;
#2994 = B_SPLINE_SURFACE_WITH_KNOTS ( 'NONE', 3, 1, ( 
 ( #1456, #887 ),
 ( #5899, #842 ),
 ( #7695, #3322 ),
 ( #5122, #1417 ),
 ( #2670, #7780 ),
 ( #3364, #925 ),
 ( #7009, #7615 ),
 ( #1536, #3973 ),
 ( #3893, #2749 ),
 ( #5165, #7656 ),
 ( #2018, #5825 ),
 ( #6400, #4541 ),
 ( #4500, #4663 ),
 ( #7047, #2141 ),
 ( #2184, #805 ),
 ( #3284, #5783 ),
 ( #3401, #5860 ),
 ( #4050, #192 ),
 ( #2101, #3933 ) ),
 .UNSPECIFIED., .F., .F., .F.,
 ( 4, 1, 1, 1, 1, 1, 1, 1, 1, 1, 1, 1, 1, 1, 1, 1, 4 ),
 ( 2, 2 ),
 ( 0.000000000000000000, 0.06725487302720212224, 0.1322381225825242645, 0.1948031581500086207, 0.2562468496294656450, 0.3166976563282773438, 0.3770420711781236056, 0.4378748038330633752, 0.4994890483826037730, 0.5612269675233089172, 0.6217977186905819798, 0.6819241721295511427, 0.7424712588206616726, 0.8038193238971660382, 0.8668136612825515508, 0.9321374888020109717, 1.000000000000000000 ),
 ( 0.000000000000000000, 1.000000000000000000 ),
 .UNSPECIFIED. ) ;
#2995 = ORIENTED_EDGE ( 'NONE', *, *, #2469, .T. ) ;
#2996 = CARTESIAN_POINT ( 'NONE',  ( -16.50000000000000000, 0.000000000000000000, 37.49999999999998579 ) ) ;
#2997 = CARTESIAN_POINT ( 'NONE',  ( -12.88152142756190521, 1.000000000000000000, 39.12834846772272357 ) ) ;
#2998 = CARTESIAN_POINT ( 'NONE',  ( -3.136861523824774789, 0.000000000000000000, 40.99470446147630298 ) ) ;
#2999 = CARTESIAN_POINT ( 'NONE',  ( -12.52987843984458749, 0.000000000000000000, 39.77464893600133422 ) ) ;
#3000 = B_SPLINE_CURVE_WITH_KNOTS ( 'NONE', 3,
 ( #5249, #6403, #238, #3440, #4629, #197, #1498, #5945, #4018, #5786, #2676, #7131, #808, #1541, #3288, #7167, #2104, #3405, #5169 ),
 .UNSPECIFIED., .F., .F.,
 ( 4, 1, 1, 1, 1, 1, 1, 1, 1, 1, 1, 1, 1, 1, 1, 1, 4 ),
 ( 0.000000000000000000, 0.06783476080002165398, 0.1331318760422837422, 0.1961004537276329063, 0.2577112487511464822, 0.3182335764741359152, 0.3784912559011868183, 0.4390372384234389469, 0.5009718130433357119, 0.5627891854896923673, 0.6237737777959448948, 0.6839424706586768599, 0.7444915047399524033, 0.8058159897780450276, 0.8684211412816832398, 0.9330763203446418297, 1.000000000000000000 ),
 .UNSPECIFIED. ) ;
#3001 = FACE_BOUND ( 'NONE', #3656, .T. ) ;
#3002 = CARTESIAN_POINT ( 'NONE',  ( -7.448490465710707831, 0.000000000000000000, 40.09117111749755935 ) ) ;
#3003 = EDGE_CURVE ( 'NONE', #4224, #2097, #5264, .T. ) ;
#3004 = ORIENTED_EDGE ( 'NONE', *, *, #3269, .F. ) ;
#3005 = PLANE ( 'NONE',  #5672 ) ;
#3006 = ORIENTED_EDGE ( 'NONE', *, *, #68, .T. ) ;
#3007 = CARTESIAN_POINT ( 'NONE',  ( -8.031881583805818181, 0.000000000000000000, 42.02074769022401313 ) ) ;
#3008 = ADVANCED_FACE ( 'NONE', ( #3991, #475 ), #3422, .T. ) ;
#3009 = ORIENTED_EDGE ( 'NONE', *, *, #4604, .T. ) ;
#3010 = CARTESIAN_POINT ( 'NONE',  ( -14.00000000000000178, 1.000000000000000000, 42.49999999999999289 ) ) ;
#3011 = EDGE_CURVE ( 'NONE', #5590, #5406, #3640, .T. ) ;
#3012 = DIRECTION ( 'NONE',  ( 0.000000000000000000, 0.000000000000000000, -1.000000000000000000 ) ) ;
#3013 = CARTESIAN_POINT ( 'NONE',  ( -3.663803490509403016, 0.000000000000000000, 39.58500978963039074 ) ) ;
#3014 = ADVANCED_FACE ( 'NONE', ( #4861 ), #6661, .T. ) ;
#3015 = LINE ( 'NONE', #5505, #860 ) ;
#3016 = ORIENTED_EDGE ( 'NONE', *, *, #1969, .F. ) ;
#3017 = CARTESIAN_POINT ( 'NONE',  ( 2.680296350454350662, 0.000000000000000000, 38.87307128906249432 ) ) ;
#3018 = CARTESIAN_POINT ( 'NONE',  ( -4.911922648987047779, 0.000000000000000000, 40.13825685875954719 ) ) ;
#3019 = DIRECTION ( 'NONE',  ( 0.000000000000000000, 0.000000000000000000, -1.000000000000000000 ) ) ;
#3020 = DIRECTION ( 'NONE',  ( 0.000000000000000000, 0.000000000000000000, -1.000000000000000000 ) ) ;
#3021 = CARTESIAN_POINT ( 'NONE',  ( -10.06475707098168648, 0.000000000000000000, 41.51656985354617291 ) ) ;
#3022 = CARTESIAN_POINT ( 'NONE',  ( -12.55006478137655002, 1.000000000000000000, 41.27213640130365491 ) ) ;
#3023 = ORIENTED_EDGE ( 'NONE', *, *, #571, .F. ) ;
#3024 = CARTESIAN_POINT ( 'NONE',  ( -13.38995751219910524, 0.000000000000000000, 42.15139227532721122 ) ) ;
#3025 = CARTESIAN_POINT ( 'NONE',  ( 11.65000000000000036, 5.000000000000000000, -15.45000000000001883 ) ) ;
#3026 = DIRECTION ( 'NONE',  ( 1.000000000000000000, -0.000000000000000000, -0.000000000000000000 ) ) ;
#3027 = CARTESIAN_POINT ( 'NONE',  ( 4.775688665340304682E-15, 14.49999999999999822, 39.99999999999999289 ) ) ;
#3028 = CARTESIAN_POINT ( 'NONE',  ( -7.015594507192638218, 0.000000000000000000, 40.83493306543919488 ) ) ;
#3029 = CARTESIAN_POINT ( 'NONE',  ( 6.000000000000004441, 19.25000000000000000, 39.99999999999999289 ) ) ;
#3030 = DIRECTION ( 'NONE',  ( 0.000000000000000000, -0.000000000000000000, 1.000000000000000000 ) ) ;
#3031 = CARTESIAN_POINT ( 'NONE',  ( 15.99999999999999645, 27.53553390593273775, 39.49999999999999289 ) ) ;
#3032 = EDGE_LOOP ( 'NONE', ( #2424, #1908, #4645, #4661 ) ) ;
#3033 = CARTESIAN_POINT ( 'NONE',  ( -8.822856714818387402, 1.000000000000000000, 42.24320686637580025 ) ) ;
#3034 = VERTEX_POINT ( 'NONE', #5444 ) ;
#3035 = DIRECTION ( 'NONE',  ( 1.000000000000000000, 0.000000000000000000, -0.000000000000000000 ) ) ;
#3036 = CARTESIAN_POINT ( 'NONE',  ( -11.98168371126249276, 0.000000000000000000, 40.34210474584009631 ) ) ;
#3037 = CARTESIAN_POINT ( 'NONE',  ( -12.97491779268469614, 0.000000000000000000, 40.74084060040951272 ) ) ;
#3038 = LINE ( 'NONE', #2428, #614 ) ;
#3039 = CARTESIAN_POINT ( 'NONE',  ( -9.828061346011889299, 0.000000000000000000, 41.84563246896664168 ) ) ;
#3040 = CARTESIAN_POINT ( 'NONE',  ( -9.997293152983871778, 1.000000000000000000, 39.44100827606358450 ) ) ;
#3041 = ORIENTED_EDGE ( 'NONE', *, *, #5460, .T. ) ;
#3042 = CARTESIAN_POINT ( 'NONE',  ( -4.910609985946062572, 1.000000000000000000, 40.83358285086494988 ) ) ;
#3043 = EDGE_LOOP ( 'NONE', ( #4472, #7376, #4275, #2299 ) ) ;
#3044 = DIRECTION ( 'NONE',  ( 0.000000000000000000, 0.000000000000000000, 1.000000000000000000 ) ) ;
#3045 = ORIENTED_EDGE ( 'NONE', *, *, #4017, .F. ) ;
#3046 = CARTESIAN_POINT ( 'NONE',  ( -7.466231835113672943, 1.000000000000000000, 39.94831373857041967 ) ) ;
#3047 = EDGE_CURVE ( 'NONE', #914, #3281, #7933, .T. ) ;
#3048 = AXIS2_PLACEMENT_3D ( 'NONE', #6963, #1814, #1534 ) ;
#3049 = AXIS2_PLACEMENT_3D ( 'NONE', #5309, #7716, #3951 ) ;
#3050 = CARTESIAN_POINT ( 'NONE',  ( 19.99999999999999645, 0.5000000000000000000, -40.99999999999999289 ) ) ;
#3051 = CARTESIAN_POINT ( 'NONE',  ( -19.00000000000000355, 1.000000000000000000, 42.49999999999999289 ) ) ;
#3052 = DIRECTION ( 'NONE',  ( 1.000000000000000000, 0.000000000000000000, 0.000000000000000000 ) ) ;
#3053 = ORIENTED_EDGE ( 'NONE', *, *, #6424, .T. ) ;
#3054 = CARTESIAN_POINT ( 'NONE',  ( -5.542349265720526219, 1.000000000000000000, 39.35063482574200577 ) ) ;
#3055 = CARTESIAN_POINT ( 'NONE',  ( -3.212710256357517391, 1.000000000000000000, 39.09080860388372258 ) ) ;
#3056 = AXIS2_PLACEMENT_3D ( 'NONE', #3351, #1483, #3958 ) ;
#3057 = VECTOR ( 'NONE', #1450, 1000.000000000000000 ) ;
#3058 = CARTESIAN_POINT ( 'NONE',  ( 17.50000000000000000, 0.5000000000000000000, -44.00000000000000000 ) ) ;
#3059 = ADVANCED_FACE ( 'NONE', ( #2732 ), #1126, .F. ) ;
#3060 = AXIS2_PLACEMENT_3D ( 'NONE', #6099, #4204, #1039 ) ;
#3061 = ORIENTED_EDGE ( 'NONE', *, *, #1023, .F. ) ;
#3062 = CARTESIAN_POINT ( 'NONE',  ( -10.11849518362360634, 0.000000000000000000, 41.39259482211423347 ) ) ;
#3063 = EDGE_CURVE ( 'NONE', #5406, #7336, #2123, .T. ) ;
#3064 = CARTESIAN_POINT ( 'NONE',  ( -8.455303753858736115, 0.000000000000000000, 39.44350706053320010 ) ) ;
#3065 = ORIENTED_EDGE ( 'NONE', *, *, #5513, .F. ) ;
#3066 = LINE ( 'NONE', #5690, #3568 ) ;
#3067 = CARTESIAN_POINT ( 'NONE',  ( -9.192791543303609814, 0.000000000000000000, 41.62894252004939233 ) ) ;
#3068 = LINE ( 'NONE', #6789, #1411 ) ;
#3069 = PLANE ( 'NONE',  #5694 ) ;
#3070 = AXIS2_PLACEMENT_3D ( 'NONE', #4129, #2371, #4856 ) ;
#3071 = EDGE_CURVE ( 'NONE', #7838, #6332, #291, .T. ) ;
#3072 = EDGE_CURVE ( 'NONE', #4786, #1963, #7022, .T. ) ;
#3073 = CARTESIAN_POINT ( 'NONE',  ( -6.866346012793241194, 1.000000000000000000, 39.55829294552089692 ) ) ;
#3074 = CARTESIAN_POINT ( 'NONE',  ( -5.596022666293251291, 1.000000000000000000, 39.34912196363719517 ) ) ;
#3075 = CARTESIAN_POINT ( 'NONE',  ( -10.19098318915358448, 0.000000000000000000, 39.94826238671203811 ) ) ;
#3076 = ORIENTED_EDGE ( 'NONE', *, *, #4943, .F. ) ;
#3077 = CARTESIAN_POINT ( 'NONE',  ( -4.247654629992202224, 0.000000000000000000, 40.23813822362329518 ) ) ;
#3078 = VERTEX_POINT ( 'NONE', #6414 ) ;
#3079 = CARTESIAN_POINT ( 'NONE',  ( -5.651014157578054586, 0.000000000000000000, 39.34916050897395223 ) ) ;
#3080 = VECTOR ( 'NONE', #4870, 1000.000000000000000 ) ;
#3081 = CARTESIAN_POINT ( 'NONE',  ( -12.70536404450877122, 0.000000000000000000, 39.01514606634695781 ) ) ;
#3082 = CARTESIAN_POINT ( 'NONE',  ( -5.653263737648797971, 0.000000000000000000, 41.72390688698143890 ) ) ;
#3083 = DIRECTION ( 'NONE',  ( 0.000000000000000000, 0.000000000000000000, -1.000000000000000000 ) ) ;
#3084 = CARTESIAN_POINT ( 'NONE',  ( -10.06475707098168648, 1.000000000000000000, 41.51656985354617291 ) ) ;
#3085 = CARTESIAN_POINT ( 'NONE',  ( 0.000000000000000000, 2.200000000000000178, 26.52499999999999858 ) ) ;
#3086 = EDGE_LOOP ( 'NONE', ( #3632, #5381, #811, #2347 ) ) ;
#3087 = CARTESIAN_POINT ( 'NONE',  ( -8.822856714818387402, 0.000000000000000000, 42.24320686637580025 ) ) ;
#3088 = EDGE_LOOP ( 'NONE', ( #9, #2201, #6939, #3988 ) ) ;
#3089 = CARTESIAN_POINT ( 'NONE',  ( -5.575750238799362712, 0.000000000000000000, 42.24215233848653384 ) ) ;
#3090 = VERTEX_POINT ( 'NONE', #3381 ) ;
#3091 = CARTESIAN_POINT ( 'NONE',  ( -7.448490465710707831, 1.000000000000000000, 40.09117111749755935 ) ) ;
#3092 = VECTOR ( 'NONE', #6185, 1000.000000000000000 ) ;
#3093 = B_SPLINE_CURVE_WITH_KNOTS ( 'NONE', 3,
 ( #7122, #5198, #3967, #6476, #2625, #880, #5116, #1531, #3396, #5077, #7573 ),
 .UNSPECIFIED., .F., .F.,
 ( 4, 1, 1, 1, 1, 1, 1, 1, 4 ),
 ( 0.000000000000000000, 0.1280114855645179128, 0.2496027987231822509, 0.3667782482511103281, 0.4836164056771611874, 0.6033909530813523769, 0.7275615257090118915, 0.8592131980136217262, 1.000000000000000000 ),
 .UNSPECIFIED. ) ;
#3094 = CARTESIAN_POINT ( 'NONE',  ( -3.148579966557493393, 1.000000000000000000, 40.81062920310279907 ) ) ;
#3095 = CARTESIAN_POINT ( 'NONE',  ( -3.595841961355080052, 0.000000000000000000, 39.46968449338162799 ) ) ;
#3096 = DIRECTION ( 'NONE',  ( 1.000000000000000000, 0.000000000000000000, 0.000000000000000000 ) ) ;
#3097 = ORIENTED_EDGE ( 'NONE', *, *, #3465, .T. ) ;
#3098 = DIRECTION ( 'NONE',  ( 0.000000000000000000, 0.000000000000000000, -1.000000000000000000 ) ) ;
#3099 = CARTESIAN_POINT ( 'NONE',  ( -0.6776872956907611378, 0.000000000000000000, 38.87307128906249432 ) ) ;
#3100 = LINE ( 'NONE', #3588, #4195 ) ;
#3101 = DIRECTION ( 'NONE',  ( -0.000000000000000000, -1.000000000000000000, -0.000000000000000000 ) ) ;
#3102 = DIRECTION ( 'NONE',  ( -0.000000000000000000, -1.000000000000000000, -0.000000000000000000 ) ) ;
#3103 = EDGE_CURVE ( 'NONE', #3890, #2815, #4030, .T. ) ;
#3104 = VERTEX_POINT ( 'NONE', #210 ) ;
#3105 = LINE ( 'NONE', #3720, #3442 ) ;
#3106 = CARTESIAN_POINT ( 'NONE',  ( -9.501333274198879408, 1.000000000000000000, 41.19105569659330257 ) ) ;
#3107 = CARTESIAN_POINT ( 'NONE',  ( -18.50000000000000355, 2.000000000000000000, -42.00000000000000000 ) ) ;
#3108 = LINE ( 'NONE', #4372, #2935 ) ;
#3109 = LINE ( 'NONE', #6310, #4582 ) ;
#3110 = EDGE_CURVE ( 'NONE', #101, #1827, #4556, .T. ) ;
#3111 = DIRECTION ( 'NONE',  ( -1.000000000000000000, 0.000000000000000000, 0.000000000000000000 ) ) ;
#3112 = ADVANCED_FACE ( 'NONE', ( #250, #6571, #6539, #2688, #2729, #5223, #7142, #7061 ), #3299, .T. ) ;
#3113 = PLANE ( 'NONE',  #5018 ) ;
#3114 = EDGE_CURVE ( 'NONE', #7183, #7557, #1589, .T. ) ;
#3115 = ORIENTED_EDGE ( 'NONE', *, *, #3153, .T. ) ;
#3116 = CARTESIAN_POINT ( 'NONE',  ( -4.627444030273671238, 0.000000000000000000, 39.22789410885823003 ) ) ;
#3117 = ORIENTED_EDGE ( 'NONE', *, *, #5461, .T. ) ;
#3118 = CARTESIAN_POINT ( 'NONE',  ( -5.651014157578054586, 1.000000000000000000, 39.34916050897395223 ) ) ;
#3119 = CARTESIAN_POINT ( 'NONE',  ( -12.40051162680342323, 0.000000000000000000, 40.22635658692237826 ) ) ;
#3120 = FACE_OUTER_BOUND ( 'NONE', #1533, .T. ) ;
#3121 = DIRECTION ( 'NONE',  ( -1.000000000000000000, 0.000000000000000000, -0.000000000000000000 ) ) ;
#3122 = CARTESIAN_POINT ( 'NONE',  ( -9.382801699526167383, 0.000000000000000000, 42.14558066666307212 ) ) ;
#3123 = DIRECTION ( 'NONE',  ( 0.000000000000000000, 0.000000000000000000, 1.000000000000000000 ) ) ;
#3124 = ORIENTED_EDGE ( 'NONE', *, *, #929, .T. ) ;
#3125 = CARTESIAN_POINT ( 'NONE',  ( -5.000000000000000888, 0.3000000000000001554, -41.50000000000002132 ) ) ;
#3126 = ORIENTED_EDGE ( 'NONE', *, *, #5828, .F. ) ;
#3127 = CARTESIAN_POINT ( 'NONE',  ( -4.727336352657547813, 1.000000000000000000, 41.93943188650531795 ) ) ;
#3128 = VERTEX_POINT ( 'NONE', #6499 ) ;
#3129 = FACE_OUTER_BOUND ( 'NONE', #3749, .T. ) ;
#3130 = CARTESIAN_POINT ( 'NONE',  ( -8.519649064165722763, 0.000000000000000000, 39.40921460729319392 ) ) ;
#3131 = LINE ( 'NONE', #6168, #536 ) ;
#3132 = AXIS2_PLACEMENT_3D ( 'NONE', #6673, #2948, #2335 ) ;
#3133 = DIRECTION ( 'NONE',  ( 0.000000000000000000, 0.000000000000000000, -1.000000000000000000 ) ) ;
#3134 = ORIENTED_EDGE ( 'NONE', *, *, #5114, .T. ) ;
#3135 = CARTESIAN_POINT ( 'NONE',  ( -18.49999999999999645, 26.00000000000000355, -42.00000000000000711 ) ) ;
#3136 = CARTESIAN_POINT ( 'NONE',  ( -5.014650753002883654, 0.000000000000000000, 39.72779942703725453 ) ) ;
#3137 = ORIENTED_EDGE ( 'NONE', *, *, #4658, .F. ) ;
#3138 = PRODUCT_CONTEXT ( 'NONE', #7915, 'mechanical' ) ;
#3139 = CARTESIAN_POINT ( 'NONE',  ( 0.000000000000000000, 1.000000000000000000, 0.000000000000000000 ) ) ;
#3140 = ORIENTED_EDGE ( 'NONE', *, *, #5415, .F. ) ;
#3141 = CARTESIAN_POINT ( 'NONE',  ( -12.30540656166395586, 1.000000000000000000, 40.91335487656210290 ) ) ;
#3142 = ORIENTED_EDGE ( 'NONE', *, *, #1076, .T. ) ;
#3143 = ORIENTED_EDGE ( 'NONE', *, *, #1774, .F. ) ;
#3144 = CARTESIAN_POINT ( 'NONE',  ( -3.812235999651717666, 0.000000000000000000, 40.96123336018781202 ) ) ;
#3145 = DIRECTION ( 'NONE',  ( -0.000000000000000000, 1.000000000000000000, -0.000000000000000000 ) ) ;
#3146 = DIRECTION ( 'NONE',  ( -0.000000000000000000, -0.000000000000000000, -1.000000000000000000 ) ) ;
#3147 = DIRECTION ( 'NONE',  ( 0.000000000000000000, 0.000000000000000000, -1.000000000000000000 ) ) ;
#3148 = CARTESIAN_POINT ( 'NONE',  ( -6.307076957686229335, 0.000000000000000000, 38.98344578767328272 ) ) ;
#3149 = VECTOR ( 'NONE', #1347, 1000.000000000000000 ) ;
#3150 = EDGE_CURVE ( 'NONE', #660, #5392, #7100, .T. ) ;
#3151 = LINE ( 'NONE', #2456, #7531 ) ;
#3152 = FACE_OUTER_BOUND ( 'NONE', #696, .T. ) ;
#3153 = EDGE_CURVE ( 'NONE', #5590, #7925, #7185, .T. ) ;
#3154 = ORIENTED_EDGE ( 'NONE', *, *, #2079, .T. ) ;
#3155 = CARTESIAN_POINT ( 'NONE',  ( -7.924644464467613503, 0.000000000000000000, 41.93943188650532505 ) ) ;
#3156 = ORIENTED_EDGE ( 'NONE', *, *, #6382, .F. ) ;
#3157 = CARTESIAN_POINT ( 'NONE',  ( -6.158246832588899267, 0.000000000000000000, 39.59632042104873761 ) ) ;
#3158 = CARTESIAN_POINT ( 'NONE',  ( -12.51946945996820837, 1.000000000000000000, 40.03558791188721955 ) ) ;
#3159 = CARTESIAN_POINT ( 'NONE',  ( -6.244815776183613387, 0.000000000000000000, 41.34361849979202930 ) ) ;
#3160 = VECTOR ( 'NONE', #1544, 1000.000000000000000 ) ;
#3161 = DIRECTION ( 'NONE',  ( 0.000000000000000000, 1.000000000000000000, 0.000000000000000000 ) ) ;
#3162 = EDGE_CURVE ( 'NONE', #2618, #6904, #4520, .T. ) ;
#3163 = ADVANCED_FACE ( 'NONE', ( #5093 ), #3337, .T. ) ;
#3164 = CARTESIAN_POINT ( 'NONE',  ( -10.06475707098168648, 0.000000000000000000, 41.51656985354617291 ) ) ;
#3165 = CARTESIAN_POINT ( 'NONE',  ( -5.623523281146955988, 0.000000000000000000, 39.34834681919642208 ) ) ;
#3166 = EDGE_CURVE ( 'NONE', #7196, #6158, #5875, .T. ) ;
#3167 = ORIENTED_EDGE ( 'NONE', *, *, #6428, .T. ) ;
#3168 = DIRECTION ( 'NONE',  ( 0.000000000000000000, -0.000000000000000000, 1.000000000000000000 ) ) ;
#3169 = ORIENTED_EDGE ( 'NONE', *, *, #3504, .F. ) ;
#3170 = CARTESIAN_POINT ( 'NONE',  ( -5.199174252558260712, 0.000000000000000000, 42.18983138524004772 ) ) ;
#3171 = ORIENTED_EDGE ( 'NONE', *, *, #7067, .T. ) ;
#3172 = EDGE_CURVE ( 'NONE', #3876, #7083, #2796, .T. ) ;
#3173 = CARTESIAN_POINT ( 'NONE',  ( -8.030103953614771584, 1.000000000000000000, 39.05288680998297224 ) ) ;
#3174 = CARTESIAN_POINT ( 'NONE',  ( -8.739657377530591020, 0.000000000000000000, 39.35063482574201288 ) ) ;
#3175 = LINE ( 'NONE', #5676, #4819 ) ;
#3176 = CARTESIAN_POINT ( 'NONE',  ( 3.469446951953614189E-15, 24.00000000000000000, 41.99999999999999289 ) ) ;
#3177 = ORIENTED_EDGE ( 'NONE', *, *, #6524, .F. ) ;
#3178 = DIRECTION ( 'NONE',  ( 0.000000000000000000, 1.000000000000000000, -0.000000000000000000 ) ) ;
#3179 = B_SPLINE_CURVE_WITH_KNOTS ( 'NONE', 3,
 ( #1388, #3867, #1549, #3412, #3944, #6450, #7020, #6409, #4590, #7095, #2152, #2683, #1465, #203, #814, #3449, #4063, #852, #937 ),
 .UNSPECIFIED., .F., .F.,
 ( 4, 1, 1, 1, 1, 1, 1, 1, 1, 1, 1, 1, 1, 1, 1, 1, 4 ),
 ( 0.000000000000000000, 0.07086649681150197777, 0.1382942507454155978, 0.2030105034707019585, 0.2648402321061451015, 0.3246477305993405449, 0.3830962630374037947, 0.4407396418996636367, 0.4981264148582853490, 0.5557840161187042050, 0.6142325485567663446, 0.6738099711304145201, 0.7344074013561794345, 0.7973281723961992418, 0.8627061949289662746, 0.9301825717312348640, 1.000000000000000000 ),
 .UNSPECIFIED. ) ;
#3180 = CARTESIAN_POINT ( 'NONE',  ( -4.955859011096387157, 0.000000000000000000, 39.87868280993804859 ) ) ;
#3181 = VERTEX_POINT ( 'NONE', #2074 ) ;
#3182 = AXIS2_PLACEMENT_3D ( 'NONE', #5478, #507, #3550 ) ;
#3183 = CARTESIAN_POINT ( 'NONE',  ( 0.000000000000000000, 2.200000000000000178, 26.52499999999999858 ) ) ;
#3184 = ORIENTED_EDGE ( 'NONE', *, *, #4596, .T. ) ;
#3185 = DIRECTION ( 'NONE',  ( -1.000000000000000000, 0.000000000000000000, 0.000000000000000000 ) ) ;
#3186 = VERTEX_POINT ( 'NONE', #5713 ) ;
#3187 = VECTOR ( 'NONE', #3718, 1000.000000000000000 ) ;
#3188 = VECTOR ( 'NONE', #7264, 1000.000000000000000 ) ;
#3189 = AXIS2_PLACEMENT_3D ( 'NONE', #4269, #3657, #1057 ) ;
#3190 = ORIENTED_EDGE ( 'NONE', *, *, #2305, .T. ) ;
#3191 = CARTESIAN_POINT ( 'NONE',  ( 5.000000000000000888, 0.3000000000000001554, -41.50000000000002132 ) ) ;
#3192 = FACE_OUTER_BOUND ( 'NONE', #2461, .T. ) ;
#3193 = CARTESIAN_POINT ( 'NONE',  ( -3.035801255232417173, 0.000000000000000000, 39.76191223119189289 ) ) ;
#3194 = CARTESIAN_POINT ( 'NONE',  ( 13.49999999999999822, 0.2999999999999999889, -22.50000000000002132 ) ) ;
#3195 = DIRECTION ( 'NONE',  ( -0.000000000000000000, -1.000000000000000000, -0.000000000000000000 ) ) ;
#3196 = VECTOR ( 'NONE', #690, 1000.000000000000000 ) ;
#3197 = FACE_OUTER_BOUND ( 'NONE', #4177, .T. ) ;
#3198 = CYLINDRICAL_SURFACE ( 'NONE', #7232, 3.000000000000002665 ) ;
#3199 = AXIS2_PLACEMENT_3D ( 'NONE', #6513, #1362, #3845 ) ;
#3200 = EDGE_LOOP ( 'NONE', ( #6326, #399, #4377, #3184 ) ) ;
#3201 = CARTESIAN_POINT ( 'NONE',  ( -7.736288809860710991, 1.000000000000000000, 41.74363050356624427 ) ) ;
#3202 = ORIENTED_EDGE ( 'NONE', *, *, #421, .T. ) ;
#3203 = CARTESIAN_POINT ( 'NONE',  ( -2.958039891549808509, -0.2360679774997919977, 27.02500000000000213 ) ) ;
#3204 = LINE ( 'NONE', #5826, #4394 ) ;
#3205 = CARTESIAN_POINT ( 'NONE',  ( -5.786691193247704312, 0.000000000000000000, 41.71094548779755939 ) ) ;
#3206 = EDGE_CURVE ( 'NONE', #7484, #5268, #7580, .T. ) ;
#3207 = DIRECTION ( 'NONE',  ( -0.000000000000000000, -1.000000000000000000, -0.000000000000000000 ) ) ;
#3208 = VECTOR ( 'NONE', #4019, 1000.000000000000000 ) ;
#3209 = CARTESIAN_POINT ( 'NONE',  ( -19.00000000000000355, 1.000000000000000000, 38.98908507197222661 ) ) ;
#3210 = CARTESIAN_POINT ( 'NONE',  ( 18.50000000000000000, 24.00000000000000000, 39.49999999999999289 ) ) ;
#3211 = ORIENTED_EDGE ( 'NONE', *, *, #972, .T. ) ;
#3212 = CARTESIAN_POINT ( 'NONE',  ( -2.974619445318801070, 1.000000000000000000, 42.10619183328534376 ) ) ;
#3213 = ORIENTED_EDGE ( 'NONE', *, *, #1276, .T. ) ;
#3214 = CARTESIAN_POINT ( 'NONE',  ( -5.927108922447454908, 1.000000000000000000, 39.40880381279465183 ) ) ;
#3215 = DIRECTION ( 'NONE',  ( 1.000000000000000000, 0.000000000000000000, 0.000000000000000000 ) ) ;
#3216 = EDGE_CURVE ( 'NONE', #4192, #669, #562, .T. ) ;
#3217 = ORIENTED_EDGE ( 'NONE', *, *, #7511, .T. ) ;
#3218 = AXIS2_PLACEMENT_3D ( 'NONE', #8023, #1212, #4262 ) ;
#3219 = CARTESIAN_POINT ( 'NONE',  ( -8.529835655319638832, 1.000000000000000000, 38.85258023411333284 ) ) ;
#3220 = PRODUCT_RELATED_PRODUCT_CATEGORY ( 'part', '', ( #3644 ) ) ;
#3221 = ADVANCED_FACE ( 'NONE', ( #7863 ), #1878, .T. ) ;
#3222 = FACE_OUTER_BOUND ( 'NONE', #7186, .T. ) ;
#3223 = CARTESIAN_POINT ( 'NONE',  ( -12.04794859222061021, 0.000000000000000000, 40.34090303210286521 ) ) ;
#3224 = DIRECTION ( 'NONE',  ( 0.000000000000000000, -1.000000000000000000, 0.000000000000000000 ) ) ;
#3225 = EDGE_CURVE ( 'NONE', #2719, #4786, #4788, .T. ) ;
#3226 = EDGE_CURVE ( 'NONE', #5849, #7665, #2803, .T. ) ;
#3227 = ORIENTED_EDGE ( 'NONE', *, *, #4057, .F. ) ;
#3228 = CARTESIAN_POINT ( 'NONE',  ( -5.199097817091694829, 1.000000000000000000, 39.48636578538301478 ) ) ;
#3229 = CARTESIAN_POINT ( 'NONE',  ( -3.815585966234085635, 1.000000000000000000, 40.26244208595968388 ) ) ;
#3230 = VERTEX_POINT ( 'NONE', #6536 ) ;
#3231 = VECTOR ( 'NONE', #1578, 1000.000000000000000 ) ;
#3232 = APPLICATION_PROTOCOL_DEFINITION ( 'draft international standard', 'automotive_design', 1998, #7915 ) ;
#3233 = DIRECTION ( 'NONE',  ( 0.000000000000000000, 1.000000000000000000, 0.000000000000000000 ) ) ;
#3234 = ORIENTED_EDGE ( 'NONE', *, *, #7817, .F. ) ;
#3235 = CARTESIAN_POINT ( 'NONE',  ( -12.11150751302224116, 1.000000000000000000, 40.33534261267758581 ) ) ;
#3236 = ORIENTED_EDGE ( 'NONE', *, *, #7024, .T. ) ;
#3237 = CARTESIAN_POINT ( 'NONE',  ( 2.436698586202240335, 2.200000000000000622, 24.77499999999999858 ) ) ;
#3238 = CARTESIAN_POINT ( 'NONE',  ( -16.50000000000000000, 1.000000000000000000, 37.50000000000000000 ) ) ;
#3239 = CARTESIAN_POINT ( 'NONE',  ( -2.704308327381213406, 1.000000000000000000, 39.44998204521358787 ) ) ;
#3240 = DIRECTION ( 'NONE',  ( 1.000000000000000000, 0.000000000000000000, 0.000000000000000000 ) ) ;
#3241 = CARTESIAN_POINT ( 'NONE',  ( -19.50000000000000355, 26.00000000000000355, -15.50000000000004086 ) ) ;
#3242 = LINE ( 'NONE', #7005, #1636 ) ;
#3243 = VERTEX_POINT ( 'NONE', #7826 ) ;
#3244 = CARTESIAN_POINT ( 'NONE',  ( -5.196647095193567267, 0.000000000000000000, 38.88309750971868795 ) ) ;
#3245 = EDGE_LOOP ( 'NONE', ( #5234, #6511, #4878, #1371 ) ) ;
#3246 = CARTESIAN_POINT ( 'NONE',  ( -1.945538780905986309, 0.000000000000000000, 39.39155368557223369 ) ) ;
#3247 = DIRECTION ( 'NONE',  ( -0.9889363528682919569, 0.000000000000000000, -0.1483404529302818908 ) ) ;
#3248 = CARTESIAN_POINT ( 'NONE',  ( -5.625548603008321713, 0.000000000000000000, 41.72472446986606798 ) ) ;
#3249 = DIRECTION ( 'NONE',  ( 0.000000000000000000, 0.000000000000000000, -1.000000000000000000 ) ) ;
#3250 = CARTESIAN_POINT ( 'NONE',  ( -2.385033624822445297, 0.000000000000000000, 41.68151760349024926 ) ) ;
#3251 = CARTESIAN_POINT ( 'NONE',  ( -10.21290261900270480, 1.000000000000000000, 40.23813822362329518 ) ) ;
#3252 = ORIENTED_EDGE ( 'NONE', *, *, #7609, .T. ) ;
#3253 = DIRECTION ( 'NONE',  ( -1.000000000000000000, 0.000000000000000000, -0.000000000000000000 ) ) ;
#3254 = B_SPLINE_SURFACE_WITH_KNOTS ( 'NONE', 3, 1, ( 
 ( #7369, #3036 ),
 ( #2463, #1779 ),
 ( #4258, #518 ),
 ( #6800, #1209 ),
 ( #1169, #3689 ),
 ( #3647, #6191 ),
 ( #5529, #8020 ),
 ( #4913, #4295 ),
 ( #1738, #1253 ),
 ( #26, #3119 ),
 ( #604, #4951 ),
 ( #2502, #4992 ),
 ( #4382, #6884 ),
 ( #1294, #3776 ),
 ( #3158, #5655 ),
 ( #4827, #7327 ),
 ( #4216, #5703 ),
 ( #7581, #114 ),
 ( #5166, #769 ) ),
 .UNSPECIFIED., .F., .F., .F.,
 ( 4, 1, 1, 1, 1, 1, 1, 1, 1, 1, 1, 1, 1, 1, 1, 1, 4 ),
 ( 2, 2 ),
 ( 0.000000000000000000, 0.08165513800375961972, 0.1586537995249809596, 0.2312574998216623268, 0.2983684890556113078, 0.3628935140114161184, 0.4224805491741313035, 0.4798809901063415539, 0.5358714627918198525, 0.5901339013618933649, 0.6429089031005708055, 0.6968079661654269508, 0.7526733735533781555, 0.8094553955144911939, 0.8696541661594477945, 0.9330281216425050372, 0.9999999999999998890 ),
 ( 0.000000000000000000, 1.000000000000000000 ),
 .UNSPECIFIED. ) ;
#3255 = ORIENTED_EDGE ( 'NONE', *, *, #3326, .F. ) ;
#3256 = CARTESIAN_POINT ( 'NONE',  ( -5.857498725272484386, 1.000000000000000000, 39.38194406229027322 ) ) ;
#3257 = CIRCLE ( 'NONE', #1951, 0.8500000000000000888 ) ;
#3258 = DIRECTION ( 'NONE',  ( 1.000000000000000000, -5.782411586589356653E-16, -0.000000000000000000 ) ) ;
#3259 = VERTEX_POINT ( 'NONE', #7939 ) ;
#3260 = DIRECTION ( 'NONE',  ( 1.000000000000000000, 0.000000000000000000, 0.000000000000000000 ) ) ;
#3261 = ADVANCED_FACE ( 'NONE', ( #2195 ), #5738, .T. ) ;
#3262 = PLANE ( 'NONE',  #5807 ) ;
#3263 = CARTESIAN_POINT ( 'NONE',  ( -12.40051162680342323, 0.000000000000000000, 40.22635658692237826 ) ) ;
#3264 = DIRECTION ( 'NONE',  ( 1.000000000000000000, 0.000000000000000000, 0.000000000000000000 ) ) ;
#3265 = VERTEX_POINT ( 'NONE', #6236 ) ;
#3266 = EDGE_CURVE ( 'NONE', #7221, #6503, #644, .T. ) ;
#3267 = EDGE_LOOP ( 'NONE', ( #3363, #2544, #7153, #2526 ) ) ;
#3268 = ADVANCED_FACE ( 'NONE', ( #4867 ), #3254, .T. ) ;
#3269 = EDGE_CURVE ( 'NONE', #737, #6809, #6966, .T. ) ;
#3270 = AXIS2_PLACEMENT_3D ( 'NONE', #1185, #43, #617 ) ;
#3271 = FACE_OUTER_BOUND ( 'NONE', #3043, .T. ) ;
#3272 = ORIENTED_EDGE ( 'NONE', *, *, #3556, .T. ) ;
#3273 = CARTESIAN_POINT ( 'NONE',  ( -8.342464865368846461, 1.000000000000000000, 39.53714583903603597 ) ) ;
#3274 = ORIENTED_EDGE ( 'NONE', *, *, #4560, .T. ) ;
#3275 = CARTESIAN_POINT ( 'NONE',  ( -2.894332937788466342, 1.000000000000000000, 41.49790934490502536 ) ) ;
#3276 = CARTESIAN_POINT ( 'NONE',  ( -12.50450095691891228, 1.000000000000000000, 39.67907600026820347 ) ) ;
#3277 = CARTESIAN_POINT ( 'NONE',  ( -8.107918097756128262, 1.000000000000000000, 40.23206225803919978 ) ) ;
#3278 = LINE ( 'NONE', #2743, #691 ) ;
#3279 = FACE_OUTER_BOUND ( 'NONE', #4922, .T. ) ;
#3280 = CARTESIAN_POINT ( 'NONE',  ( -4.727336352657547813, 0.000000000000000000, 41.93943188650531795 ) ) ;
#3281 = VERTEX_POINT ( 'NONE', #2102 ) ;
#3282 = CARTESIAN_POINT ( 'NONE',  ( -12.55822533446472988, 0.000000000000000000, 41.62683391323336934 ) ) ;
#3283 = ORIENTED_EDGE ( 'NONE', *, *, #742, .T. ) ;
#3284 = CARTESIAN_POINT ( 'NONE',  ( -5.918560136895525403, 1.000000000000000000, 42.22049188216873716 ) ) ;
#3285 = DIRECTION ( 'NONE',  ( -0.000000000000000000, -1.000000000000000000, -0.000000000000000000 ) ) ;
#3286 = CARTESIAN_POINT ( 'NONE',  ( -4.629107645205533750, 1.000000000000000000, 41.84561132268298422 ) ) ;
#3287 = AXIS2_PLACEMENT_3D ( 'NONE', #2135, #3314, #877 ) ;
#3288 = CARTESIAN_POINT ( 'NONE',  ( -10.16039516834137579, 0.000000000000000000, 39.81188535139720130 ) ) ;
#3289 = CARTESIAN_POINT ( 'NONE',  ( 11.65000000000000036, 2.000000000000000000, -38.20000000000000995 ) ) ;
#3290 = CARTESIAN_POINT ( 'NONE',  ( -9.474225585137016736, 0.000000000000000000, 41.26930175355269625 ) ) ;
#3291 = ORIENTED_EDGE ( 'NONE', *, *, #138, .T. ) ;
#3292 = CARTESIAN_POINT ( 'NONE',  ( -8.295657191400795938, 1.000000000000000000, 41.47644860127868327 ) ) ;
#3293 = ORIENTED_EDGE ( 'NONE', *, *, #84, .F. ) ;
#3294 = VECTOR ( 'NONE', #2934, 1000.000000000000000 ) ;
#3295 = CARTESIAN_POINT ( 'NONE',  ( -13.50000000000000000, 0.000000000000000000, -37.00000000000002132 ) ) ;
#3296 = CARTESIAN_POINT ( 'NONE',  ( -5.772387469798721860, 1.000000000000000000, 38.83298889685600130 ) ) ;
#3297 = ORIENTED_EDGE ( 'NONE', *, *, #4058, .F. ) ;
#3298 = CARTESIAN_POINT ( 'NONE',  ( 4.119968255444916849E-15, 19.25000000000000355, 43.50000000000000000 ) ) ;
#3299 = PLANE ( 'NONE',  #6238 ) ;
#3300 = CARTESIAN_POINT ( 'NONE',  ( -0.01473193973690074127, 1.000000000000000000, 38.87307128906249432 ) ) ;
#3301 = CARTESIAN_POINT ( 'NONE',  ( -19.00000000000000355, 0.000000000000000000, 42.49999999999999289 ) ) ;
#3302 = CARTESIAN_POINT ( 'NONE',  ( -13.50000000000000000, 0.000000000000000000, -37.00000000000002132 ) ) ;
#3303 = ORIENTED_EDGE ( 'NONE', *, *, #435, .F. ) ;
#3304 = ADVANCED_FACE ( 'NONE', ( #2591 ), #5083, .T. ) ;
#3305 = ORIENTED_EDGE ( 'NONE', *, *, #4112, .F. ) ;
#3306 = CARTESIAN_POINT ( 'NONE',  ( -11.99316053514356817, 1.000000000000000000, 39.39155368557223369 ) ) ;
#3307 = ORIENTED_EDGE ( 'NONE', *, *, #432, .F. ) ;
#3308 = CARTESIAN_POINT ( 'NONE',  ( -12.04794859222061021, 1.000000000000000000, 40.34090303210286521 ) ) ;
#3309 = EDGE_LOOP ( 'NONE', ( #1961, #7466, #110, #1829 ) ) ;
#3310 = LINE ( 'NONE', #6469, #59 ) ;
#3311 = CARTESIAN_POINT ( 'NONE',  ( -18.50000000000000355, 0.000000000000000000, 39.27324312067140255 ) ) ;
#3312 = CARTESIAN_POINT ( 'NONE',  ( -15.99999999999998934, 24.00000000000000000, 41.99999999999999289 ) ) ;
#3313 = EDGE_CURVE ( 'NONE', #4073, #2965, #1279, .T. ) ;
#3314 = DIRECTION ( 'NONE',  ( 0.000000000000000000, 1.000000000000000000, 0.000000000000000000 ) ) ;
#3315 = ADVANCED_FACE ( 'NONE', ( #2063 ), #6484, .T. ) ;
#3316 = VECTOR ( 'NONE', #897, 1000.000000000000000 ) ;
#3317 = CIRCLE ( 'NONE', #5537, 0.8500000000000000888 ) ;
#3318 = PLANE ( 'NONE',  #4628 ) ;
#3319 = ORIENTED_EDGE ( 'NONE', *, *, #5273, .F. ) ;
#3320 = CARTESIAN_POINT ( 'NONE',  ( -8.675337864130856502, 1.000000000000000000, 42.24008301392173337 ) ) ;
#3321 = ORIENTED_EDGE ( 'NONE', *, *, #1575, .F. ) ;
#3322 = CARTESIAN_POINT ( 'NONE',  ( -7.012308010795884172, 0.000000000000000000, 40.98263487574882902 ) ) ;
#3323 = EDGE_CURVE ( 'NONE', #410, #1400, #5124, .T. ) ;
#3324 = CARTESIAN_POINT ( 'NONE',  ( 17.50000000000000000, 2.000000000000000000, -40.99999999999999289 ) ) ;
#3325 = CARTESIAN_POINT ( 'NONE',  ( -6.628642860015811600, 1.000000000000000000, 41.84503344709663963 ) ) ;
#3326 = EDGE_CURVE ( 'NONE', #7274, #4040, #3204, .T. ) ;
#3327 = VECTOR ( 'NONE', #4316, 1000.000000000000000 ) ;
#3328 = VECTOR ( 'NONE', #5160, 1000.000000000000000 ) ;
#3329 = FACE_OUTER_BOUND ( 'NONE', #4036, .T. ) ;
#3330 = CARTESIAN_POINT ( 'NONE',  ( -3.035981515448400891, 0.000000000000000000, 41.31102423902202503 ) ) ;
#3331 = VECTOR ( 'NONE', #4814, 1000.000000000000000 ) ;
#3332 = DIRECTION ( 'NONE',  ( 1.000000000000000000, 0.000000000000000000, 0.000000000000000000 ) ) ;
#3333 = VERTEX_POINT ( 'NONE', #888 ) ;
#3334 = CARTESIAN_POINT ( 'NONE',  ( -10.74218673210639530, 1.000000000000000000, 42.19999999999999574 ) ) ;
#3335 = ORIENTED_EDGE ( 'NONE', *, *, #5658, .F. ) ;
#3336 = DIRECTION ( 'NONE',  ( 0.000000000000000000, 0.000000000000000000, -1.000000000000000000 ) ) ;
#3337 = PLANE ( 'NONE',  #8046 ) ;
#3338 = VECTOR ( 'NONE', #6309, 1000.000000000000000 ) ;
#3339 = DIRECTION ( 'NONE',  ( -0.000000000000000000, -1.000000000000000000, -0.000000000000000000 ) ) ;
#3340 = CARTESIAN_POINT ( 'NONE',  ( -20.50000000000000355, 26.00000000000000355, -44.00000000000000000 ) ) ;
#3341 = CARTESIAN_POINT ( 'NONE',  ( -6.339444085983210186, 0.000000000000000000, 41.02075128517785885 ) ) ;
#3342 = CARTESIAN_POINT ( 'NONE',  ( -12.97491779268469614, 1.000000000000000000, 40.74084060040951272 ) ) ;
#3343 = CARTESIAN_POINT ( 'NONE',  ( -12.32182314443766380, 0.000000000000000000, 40.27776018297913652 ) ) ;
#3344 = ORIENTED_EDGE ( 'NONE', *, *, #6970, .F. ) ;
#3345 = LINE ( 'NONE', #7832, #2402 ) ;
#3346 = ORIENTED_EDGE ( 'NONE', *, *, #5454, .F. ) ;
#3347 = CIRCLE ( 'NONE', #7903, 2.750000000000000888 ) ;
#3348 = VERTEX_POINT ( 'NONE', #2546 ) ;
#3349 = PLANE ( 'NONE',  #5343 ) ;
#3350 = ORIENTED_EDGE ( 'NONE', *, *, #6420, .F. ) ;
#3351 = CARTESIAN_POINT ( 'NONE',  ( 19.99999999999999645, 0.5000000000000000000, -44.00000000000000000 ) ) ;
#3352 = ORIENTED_EDGE ( 'NONE', *, *, #790, .F. ) ;
#3353 = CARTESIAN_POINT ( 'NONE',  ( -2.385033624822445297, 1.000000000000000000, 41.68151760349024926 ) ) ;
#3354 = DIRECTION ( 'NONE',  ( 0.000000000000000000, 0.000000000000000000, -1.000000000000000000 ) ) ;
#3355 = CARTESIAN_POINT ( 'NONE',  ( -6.350613829377412145, 1.000000000000000000, 40.83358285086494988 ) ) ;
#3356 = DIRECTION ( 'NONE',  ( -0.000000000000000000, -0.000000000000000000, 1.000000000000000000 ) ) ;
#3357 = DIRECTION ( 'NONE',  ( -0.000000000000000000, -0.000000000000000000, 1.000000000000000000 ) ) ;
#3358 = VECTOR ( 'NONE', #3258, 1000.000000000000000 ) ;
#3359 = EDGE_CURVE ( 'NONE', #4960, #4225, #4542, .T. ) ;
#3360 = DIRECTION ( 'NONE',  ( 0.000000000000000000, 0.000000000000000000, 1.000000000000000000 ) ) ;
#3361 = ORIENTED_EDGE ( 'NONE', *, *, #2515, .T. ) ;
#3362 = LINE ( 'NONE', #5940, #204 ) ;
#3363 = ORIENTED_EDGE ( 'NONE', *, *, #3172, .F. ) ;
#3364 = CARTESIAN_POINT ( 'NONE',  ( -6.921187071813537095, 1.000000000000000000, 41.39259482211423347 ) ) ;
#3365 = FACE_OUTER_BOUND ( 'NONE', #5270, .T. ) ;
#3366 = CARTESIAN_POINT ( 'NONE',  ( -12.52546318663356750, 0.000000000000000000, 41.16705463990547287 ) ) ;
#3367 = ADVANCED_FACE ( 'NONE', ( #3365 ), #1457, .T. ) ;
#3368 = LINE ( 'NONE', #6444, #2558 ) ;
#3369 = DIRECTION ( 'NONE',  ( 1.000000000000000000, 0.000000000000000000, 0.000000000000000000 ) ) ;
#3370 = EDGE_CURVE ( 'NONE', #3913, #5949, #3934, .T. ) ;
#3371 = CARTESIAN_POINT ( 'NONE',  ( -3.146661855316991829, 0.000000000000000000, 40.90424474201378757 ) ) ;
#3372 = EDGE_CURVE ( 'NONE', #660, #2487, #4423, .T. ) ;
#3373 = DIRECTION ( 'NONE',  ( 0.000000000000000000, -1.000000000000000000, 0.000000000000000000 ) ) ;
#3374 = ORIENTED_EDGE ( 'NONE', *, *, #1981, .T. ) ;
#3375 = CARTESIAN_POINT ( 'NONE',  ( -3.035801255232417173, 1.000000000000000000, 39.76191223119189289 ) ) ;
#3376 = ORIENTED_EDGE ( 'NONE', *, *, #7108, .T. ) ;
#3377 = CARTESIAN_POINT ( 'NONE',  ( 2.680296350454350662, 1.000000000000000000, 42.19999999999999574 ) ) ;
#3378 = CARTESIAN_POINT ( 'NONE',  ( -5.673771256569889232, 1.000000000000000000, 38.83091906519467784 ) ) ;
#3379 = CARTESIAN_POINT ( 'NONE',  ( -8.393955207003626739, 1.000000000000000000, 38.88309750971865952 ) ) ;
#3380 = CARTESIAN_POINT ( 'NONE',  ( -20.50000000000000355, 0.000000000000000000, -14.50000000000004086 ) ) ;
#3381 = CARTESIAN_POINT ( 'NONE',  ( 19.99999999999999645, 0.000000000000000000, 40.99999999999999289 ) ) ;
#3382 = PLANE ( 'NONE',  #1106 ) ;
#3383 = AXIS2_PLACEMENT_3D ( 'NONE', #1441, #7034, #3918 ) ;
#3384 = LINE ( 'NONE', #7102, #5757 ) ;
#3385 = ORIENTED_EDGE ( 'NONE', *, *, #1479, .F. ) ;
#3386 = DIRECTION ( 'NONE',  ( 0.000000000000000000, 1.000000000000000000, 0.000000000000000000 ) ) ;
#3387 = ORIENTED_EDGE ( 'NONE', *, *, #4359, .T. ) ;
#3388 = ORIENTED_EDGE ( 'NONE', *, *, #7609, .F. ) ;
#3389 = CARTESIAN_POINT ( 'NONE',  ( -2.469028257614060085, -0.000000000000000000, 38.87420266041139172 ) ) ;
#3390 = ORIENTED_EDGE ( 'NONE', *, *, #3460, .F. ) ;
#3391 = CARTESIAN_POINT ( 'NONE',  ( 3.345277028269577180, 0.000000000000000000, 38.87307128906249432 ) ) ;
#3392 = VERTEX_POINT ( 'NONE', #6929 ) ;
#3393 = CARTESIAN_POINT ( 'NONE',  ( -3.136861523824774789, 1.000000000000000000, 40.99470446147630298 ) ) ;
#3394 = FACE_OUTER_BOUND ( 'NONE', #1320, .T. ) ;
#3395 = DIRECTION ( 'NONE',  ( -0.000000000000000000, 0.000000000000000000, 1.000000000000000000 ) ) ;
#3396 = CARTESIAN_POINT ( 'NONE',  ( -12.79257228029990756, 0.000000000000000000, 40.52897135994680866 ) ) ;
#3397 = LINE ( 'NONE', #1413, #3328 ) ;
#3398 = ORIENTED_EDGE ( 'NONE', *, *, #5774, .F. ) ;
#3399 = CARTESIAN_POINT ( 'NONE',  ( -7.448561292444315640, 1.000000000000000000, 40.98255925636070174 ) ) ;
#3400 = VERTEX_POINT ( 'NONE', #7010 ) ;
#3401 = CARTESIAN_POINT ( 'NONE',  ( -5.774414359738670122, 1.000000000000000000, 42.24008771227013881 ) ) ;
#3402 = DIRECTION ( 'NONE',  ( -0.000000000000000000, 1.000000000000000000, -0.000000000000000000 ) ) ;
#3403 = CARTESIAN_POINT ( 'NONE',  ( -4.394774015555976021, 1.000000000000000000, 39.55827786110705091 ) ) ;
#3404 = ADVANCED_FACE ( 'NONE', ( #5746 ), #7616, .F. ) ;
#3405 = CARTESIAN_POINT ( 'NONE',  ( -10.21176960252802246, -0.000000000000000000, 40.18857519758690700 ) ) ;
#3406 = CARTESIAN_POINT ( 'NONE',  ( -12.55960526786820708, 1.000000000000000000, 41.68000662022670610 ) ) ;
#3407 = CARTESIAN_POINT ( 'NONE',  ( -12.55822533446472988, 0.000000000000000000, 41.38987125545352797 ) ) ;
#3408 = DIRECTION ( 'NONE',  ( -0.000000000000000000, -1.000000000000000000, -0.000000000000000000 ) ) ;
#3409 = EDGE_LOOP ( 'NONE', ( #6772, #3892, #4125, #2812 ) ) ;
#3410 = DIRECTION ( 'NONE',  ( 1.000000000000000000, 1.540743955509787106E-30, -0.000000000000000000 ) ) ;
#3411 = ORIENTED_EDGE ( 'NONE', *, *, #7069, .F. ) ;
#3412 = CARTESIAN_POINT ( 'NONE',  ( -12.80814740002413821, 1.000000000000000000, 40.63673712748850875 ) ) ;
#3413 = CARTESIAN_POINT ( 'NONE',  ( -12.03909432757722264, 0.000000000000000000, 38.87381303387155640 ) ) ;
#3414 = CARTESIAN_POINT ( 'NONE',  ( -7.466231835113672943, 0.000000000000000000, 39.94831373857041967 ) ) ;
#3415 = ADVANCED_FACE ( 'NONE', ( #843 ), #3812, .T. ) ;
#3416 = EDGE_CURVE ( 'NONE', #7957, #3672, #7696, .T. ) ;
#3417 = ORIENTED_EDGE ( 'NONE', *, *, #2465, .F. ) ;
#3418 = ADVANCED_FACE ( 'NONE', ( #4580 ), #5594, .T. ) ;
#3419 = VECTOR ( 'NONE', #8075, 1000.000000000000000 ) ;
#3420 = CARTESIAN_POINT ( 'NONE',  ( -5.995483431493542348, 1.000000000000000000, 41.62894252004940654 ) ) ;
#3421 = CARTESIAN_POINT ( 'NONE',  ( -13.17438062680041888, 0.000000000000000000, 41.04624192865701815 ) ) ;
#3422 = PLANE ( 'NONE',  #4564 ) ;
#3423 = ORIENTED_EDGE ( 'NONE', *, *, #1428, .T. ) ;
#3424 = CARTESIAN_POINT ( 'NONE',  ( -12.90039709384089051, 1.000000000000000000, 40.45936558615927225 ) ) ;
#3425 = EDGE_LOOP ( 'NONE', ( #7066, #3605, #4460 ) ) ;
#3426 = EDGE_CURVE ( 'NONE', #2721, #3392, #6016, .T. ) ;
#3427 = ORIENTED_EDGE ( 'NONE', *, *, #7843, .F. ) ;
#3428 = CARTESIAN_POINT ( 'NONE',  ( -10.21290261900270480, 1.000000000000000000, 40.23813822362329518 ) ) ;
#3429 = ORIENTED_EDGE ( 'NONE', *, *, #5469, .T. ) ;
#3430 = LINE ( 'NONE', #6254, #3327 ) ;
#3431 = CARTESIAN_POINT ( 'NONE',  ( -4.725987581281742678, 0.000000000000000000, 39.13456531561291740 ) ) ;
#3432 = CARTESIAN_POINT ( 'NONE',  ( -13.25997604510657268, 1.000000000000000000, 41.92392805582012727 ) ) ;
#3433 = CARTESIAN_POINT ( 'NONE',  ( -4.910609985946062572, -2.168404344971008868E-16, 40.23206225803919978 ) ) ;
#3434 = DIRECTION ( 'NONE',  ( -0.000000000000000000, 1.000000000000000000, -0.000000000000000000 ) ) ;
#3435 = ORIENTED_EDGE ( 'NONE', *, *, #1770, .F. ) ;
#3436 = CARTESIAN_POINT ( 'NONE',  ( -10.74218673210639530, 0.000000000000000000, 42.19999999999999574 ) ) ;
#3437 = CARTESIAN_POINT ( 'NONE',  ( -13.25997604510657268, 0.000000000000000000, 41.92392805582012727 ) ) ;
#3438 = CARTESIAN_POINT ( 'NONE',  ( -9.249579179592201328, 0.000000000000000000, 39.48709226286082696 ) ) ;
#3439 = CARTESIAN_POINT ( 'NONE',  ( -12.25868008685203137, 0.000000000000000000, 40.89498948717196924 ) ) ;
#3440 = CARTESIAN_POINT ( 'NONE',  ( -9.113848837591589813, 0.000000000000000000, 38.85255935333744048 ) ) ;
#3441 = B_SPLINE_CURVE_WITH_KNOTS ( 'NONE', 3,
 ( #2882, #1783, #3002, #4183, #1016, #1742, #6685, #6155, #5495, #2385, #7292, #1663, #564, #6730, #7375, #6034, #5419, #7906, #1093 ),
 .UNSPECIFIED., .F., .F.,
 ( 4, 1, 1, 1, 1, 1, 1, 1, 1, 1, 1, 1, 1, 1, 1, 1, 4 ),
 ( 0.000000000000000000, 0.06729306736676420042, 0.1322670285608542606, 0.1951516687811753747, 0.2568146365700377243, 0.3175742476819443660, 0.3779243297592583262, 0.4388911209805860802, 0.5006486888848837857, 0.5624795667426891743, 0.6228729693141643597, 0.6829399291483482237, 0.7432412384698643404, 0.8043243552672582064, 0.8670446511871435780, 0.9320961949735373508, 1.000000000000000000 ),
 .UNSPECIFIED. ) ;
#3442 = VECTOR ( 'NONE', #630, 1000.000000000000000 ) ;
#3443 = LINE ( 'NONE', #6061, #1081 ) ;
#3444 = CARTESIAN_POINT ( 'NONE',  ( -9.827689496764405064, 1.000000000000000000, 39.22785229367399751 ) ) ;
#3445 = ORIENTED_EDGE ( 'NONE', *, *, #3701, .F. ) ;
#3446 = CARTESIAN_POINT ( 'NONE',  ( -2.835478529406902926, 1.000000000000000000, 39.52630200732073007 ) ) ;
#3447 = B_SPLINE_SURFACE_WITH_KNOTS ( 'NONE', 3, 1, ( 
 ( #2398, #6902 ),
 ( #7343, #5592 ),
 ( #3669, #6173 ),
 ( #1755, #578 ),
 ( #1311, #47 ),
 ( #6863, #7515 ),
 ( #4237, #4931 ),
 ( #3055, #6 ),
 ( #3625, #2483 ),
 ( #8039, #1837 ),
 ( #6255, #4317 ),
 ( #6823, #1919 ),
 ( #4971, #1876 ),
 ( #7706, #3832 ),
 ( #7140, #1552 ),
 ( #5991, #6568 ),
 ( #1012, #6537 ),
 ( #752, #7097 ),
 ( #3229, #2761 ) ),
 .UNSPECIFIED., .F., .F., .F.,
 ( 4, 1, 1, 1, 1, 1, 1, 1, 1, 1, 1, 1, 1, 1, 1, 1, 4 ),
 ( 2, 2 ),
 ( 0.000000000000000000, 0.06729469765281936855, 0.1323083183792489737, 0.1949623356769687177, 0.2564310776043090545, 0.3167578526268597372, 0.3773010139992366563, 0.4381281660048146898, 0.5000330122741468708, 0.5618955944281553982, 0.6226566775423103550, 0.6829362082077644613, 0.7433890452025619933, 0.8046644911138022271, 0.8673863065367776182, 0.9323999272632071955, 1.000000000000000000 ),
 ( 0.000000000000000000, 1.000000000000000000 ),
 .UNSPECIFIED. ) ;
#3448 = VERTEX_POINT ( 'NONE', #1538 ) ;
#3449 = CARTESIAN_POINT ( 'NONE',  ( -13.21583824381312944, 1.000000000000000000, 41.24132990925804876 ) ) ;
#3450 = VECTOR ( 'NONE', #1964, 1000.000000000000000 ) ;
#3451 = CARTESIAN_POINT ( 'NONE',  ( -12.25928822143882968, 0.000000000000000000, 38.88753216466480467 ) ) ;
#3452 = VECTOR ( 'NONE', #4730, 1000.000000000000000 ) ;
#3453 = CARTESIAN_POINT ( 'NONE',  ( -7.592082127366043487, 0.000000000000000000, 39.55827786110704380 ) ) ;
#3454 = VECTOR ( 'NONE', #2480, 1000.000000000000000 ) ;
#3455 = EDGE_LOOP ( 'NONE', ( #5408, #1022, #7715, #1746, #7565, #3585, #2756 ) ) ;
#3456 = VECTOR ( 'NONE', #7900, 1000.000000000000000 ) ;
#3457 = VECTOR ( 'NONE', #3408, 1000.000000000000000 ) ;
#3458 = CARTESIAN_POINT ( 'NONE',  ( -6.244815776183613387, 0.000000000000000000, 41.34361849979202930 ) ) ;
#3459 = CARTESIAN_POINT ( 'NONE',  ( -13.09579162943838782, 1.000000000000000000, 40.87836570454382468 ) ) ;
#3460 = EDGE_CURVE ( 'NONE', #5326, #5898, #2291, .T. ) ;
#3461 = ORIENTED_EDGE ( 'NONE', *, *, #2654, .T. ) ;
#3462 = DIRECTION ( 'NONE',  ( 0.000000000000000000, 0.000000000000000000, 1.000000000000000000 ) ) ;
#3463 = VECTOR ( 'NONE', #5431, 1000.000000000000000 ) ;
#3464 = ORIENTED_EDGE ( 'NONE', *, *, #3269, .T. ) ;
#3465 = EDGE_CURVE ( 'NONE', #5686, #6419, #2219, .T. ) ;
#3466 = ORIENTED_EDGE ( 'NONE', *, *, #7750, .T. ) ;
#3467 = EDGE_CURVE ( 'NONE', #5670, #5244, #4698, .T. ) ;
#3468 = CARTESIAN_POINT ( 'NONE',  ( 1.836970198721029934E-16, 1.999999999999999556, 25.02499999999999858 ) ) ;
#3469 = EDGE_CURVE ( 'NONE', #7644, #2939, #5188, .T. ) ;
#3470 = CARTESIAN_POINT ( 'NONE',  ( -5.598284012159333578, 1.000000000000000000, 41.72390468822391796 ) ) ;
#3471 = TOROIDAL_SURFACE ( 'NONE', #4118, 2.750000000000000888, 0.5000000000000000000 ) ;
#3472 = VERTEX_POINT ( 'NONE', #6522 ) ;
#3473 = FACE_OUTER_BOUND ( 'NONE', #801, .T. ) ;
#3474 = CARTESIAN_POINT ( 'NONE',  ( -5.475550118608421002, 0.000000000000000000, 38.83295029064272086 ) ) ;
#3475 = DIRECTION ( 'NONE',  ( 1.000000000000000000, 0.000000000000000000, 0.000000000000000000 ) ) ;
#3476 = CARTESIAN_POINT ( 'NONE',  ( -4.920884651677907229, -2.168404344971008868E-16, 40.04731677189008821 ) ) ;
#3477 = CARTESIAN_POINT ( 'NONE',  ( -13.38995751219910524, 1.000000000000000000, 42.19999999999999574 ) ) ;
#3478 = ORIENTED_EDGE ( 'NONE', *, *, #1480, .T. ) ;
#3479 = CARTESIAN_POINT ( 'NONE',  ( -2.772713189023752189, 0.000000000000000000, 39.48394958280908895 ) ) ;
#3480 = CARTESIAN_POINT ( 'NONE',  ( -13.19959118351404648, 1.000000000000000000, 39.88993288442766527 ) ) ;
#3481 = CARTESIAN_POINT ( 'NONE',  ( -8.980842693413698896, 1.000000000000000000, 39.36219628023815886 ) ) ;
#3482 = CARTESIAN_POINT ( 'NONE',  ( 2.003838848758051405, 1.000000000000000000, 42.19999999999999574 ) ) ;
#3483 = CARTESIAN_POINT ( 'NONE',  ( -13.22320601227995596, 1.000000000000000000, 41.38514550444367046 ) ) ;
#3484 = VECTOR ( 'NONE', #2942, 1000.000000000000000 ) ;
#3485 = VECTOR ( 'NONE', #920, 1000.000000000000000 ) ;
#3486 = CARTESIAN_POINT ( 'NONE',  ( -12.30540656166395586, 1.000000000000000000, 40.91335487656210290 ) ) ;
#3487 = CARTESIAN_POINT ( 'NONE',  ( -13.18242627714190540, 1.000000000000000000, 39.63225373965762799 ) ) ;
#3488 = VERTEX_POINT ( 'NONE', #7277 ) ;
#3489 = DIRECTION ( 'NONE',  ( 0.000000000000000000, 0.000000000000000000, 1.000000000000000000 ) ) ;
#3490 = VERTEX_POINT ( 'NONE', #926 ) ;
#3491 = CARTESIAN_POINT ( 'NONE',  ( -18.50000000000000355, 1.000000000000000000, 41.99999999999999289 ) ) ;
#3492 = CARTESIAN_POINT ( 'NONE',  ( -8.295657191400795938, 1.000000000000000000, 41.47644860127868327 ) ) ;
#3493 = CARTESIAN_POINT ( 'NONE',  ( -7.466231835113672943, 1.000000000000000000, 39.94831373857041967 ) ) ;
#3494 = VERTEX_POINT ( 'NONE', #2252 ) ;
#3495 = FACE_OUTER_BOUND ( 'NONE', #2262, .T. ) ;
#3496 = CARTESIAN_POINT ( 'NONE',  ( -9.619629496388695244, 1.000000000000000000, 39.05285795492783052 ) ) ;
#3497 = EDGE_LOOP ( 'NONE', ( #1055, #5308, #6853, #7765 ) ) ;
#3498 = CARTESIAN_POINT ( 'NONE',  ( -8.399478443585644882, 0.000000000000000000, 41.58568747885377093 ) ) ;
#3499 = ORIENTED_EDGE ( 'NONE', *, *, #1436, .T. ) ;
#3500 = ORIENTED_EDGE ( 'NONE', *, *, #980, .T. ) ;
#3501 = ADVANCED_FACE ( 'NONE', ( #7237 ), #1649, .F. ) ;
#3502 = DIRECTION ( 'NONE',  ( 0.000000000000000000, 0.000000000000000000, -1.000000000000000000 ) ) ;
#3503 = LINE ( 'NONE', #5272, #2857 ) ;
#3504 = EDGE_CURVE ( 'NONE', #2510, #7957, #3878, .T. ) ;
#3505 = CARTESIAN_POINT ( 'NONE',  ( -11.65000000000000036, 2.000000000000000000, -15.45000000000001883 ) ) ;
#3506 = ORIENTED_EDGE ( 'NONE', *, *, #1231, .F. ) ;
#3507 = CARTESIAN_POINT ( 'NONE',  ( -19.50000000000000355, 24.00000000000000000, -14.50000000000004086 ) ) ;
#3508 = CARTESIAN_POINT ( 'NONE',  ( -4.251182353900642141, 1.000000000000000000, 40.09117111749755225 ) ) ;
#3509 = EDGE_CURVE ( 'NONE', #1260, #4025, #273, .T. ) ;
#3510 = EDGE_CURVE ( 'NONE', #816, #6912, #4900, .T. ) ;
#3511 = B_SPLINE_SURFACE_WITH_KNOTS ( 'NONE', 3, 1, ( 
 ( #770, #3248 ),
 ( #5125, #3082 ),
 ( #67, #7538 ),
 ( #1983, #3205 ),
 ( #1942, #4463 ),
 ( #6237, #3777 ),
 ( #6840, #2020 ),
 ( #6967, #6279 ),
 ( #1374, #1254 ),
 ( #2503, #684 ),
 ( #4336, #4993 ),
 ( #5704, #3159 ),
 ( #1901, #6930 ),
 ( #7448, #157 ),
 ( #3734, #1419 ),
 ( #6192, #4502 ),
 ( #725, #645 ),
 ( #5656, #5614 ),
 ( #1336, #115 ) ),
 .UNSPECIFIED., .F., .F., .F.,
 ( 4, 1, 1, 1, 1, 1, 1, 1, 1, 1, 1, 1, 1, 1, 1, 1, 4 ),
 ( 2, 2 ),
 ( 0.000000000000000000, 0.06423747715722175067, 0.1259097262829843022, 0.1847459735606457598, 0.2418978195181659407, 0.2988493496186204745, 0.3553042103759533332, 0.4132715226514091511, 0.4724536107966808562, 0.5327944789494867273, 0.5940017050204926541, 0.6561289276357257227, 0.7201351317259208074, 0.7857970234602662529, 0.8540595815342769681, 0.9253769245980613123, 1.000000000000000000 ),
 ( 0.000000000000000000, 1.000000000000000000 ),
 .UNSPECIFIED. ) ;
#3512 = EDGE_CURVE ( 'NONE', #910, #1021, #1118, .T. ) ;
#3513 = DIRECTION ( 'NONE',  ( 1.000000000000000000, 0.000000000000000000, 0.000000000000000000 ) ) ;
#3514 = ORIENTED_EDGE ( 'NONE', *, *, #1631, .F. ) ;
#3515 = CARTESIAN_POINT ( 'NONE',  ( -3.136862484297294085, 0.000000000000000000, 40.07566312800436492 ) ) ;
#3516 = LINE ( 'NONE', #5941, #2028 ) ;
#3517 = CARTESIAN_POINT ( 'NONE',  ( -8.820831392957019901, 0.000000000000000000, 39.34834681919642208 ) ) ;
#3518 = DIRECTION ( 'NONE',  ( -0.000000000000000000, -1.000000000000000000, -0.000000000000000000 ) ) ;
#3519 = DIRECTION ( 'NONE',  ( 0.000000000000000000, 1.000000000000000000, 0.000000000000000000 ) ) ;
#3520 = CARTESIAN_POINT ( 'NONE',  ( -12.15620243772142750, 0.000000000000000000, 40.86856592298573077 ) ) ;
#3521 = CIRCLE ( 'NONE', #5095, 0.8500000000000035305 ) ;
#3522 = CARTESIAN_POINT ( 'NONE',  ( -9.917775276463480338, 1.000000000000000000, 39.33102985848652366 ) ) ;
#3523 = ORIENTED_EDGE ( 'NONE', *, *, #6102, .T. ) ;
#3524 = CARTESIAN_POINT ( 'NONE',  ( -8.522651476025995265, 1.000000000000000000, 41.66423967152968544 ) ) ;
#3525 = ORIENTED_EDGE ( 'NONE', *, *, #3512, .T. ) ;
#3526 = CARTESIAN_POINT ( 'NONE',  ( -9.547921941187476946, 1.000000000000000000, 40.83358285086494988 ) ) ;
#3527 = CARTESIAN_POINT ( 'NONE',  ( -8.664385522316301547, 1.000000000000000000, 41.71097785711829431 ) ) ;
#3528 = CARTESIAN_POINT ( 'NONE',  ( -2.994221725123150435, 0.000000000000000000, 41.37837517515146857 ) ) ;
#3529 = CARTESIAN_POINT ( 'NONE',  ( -12.53710745432704954, 0.000000000000000000, 39.82656070279370653 ) ) ;
#3530 = PLANE ( 'NONE',  #1857 ) ;
#3531 = CARTESIAN_POINT ( 'NONE',  ( -9.381253812750307119, 1.000000000000000000, 38.92738053809848253 ) ) ;
#3532 = ORIENTED_EDGE ( 'NONE', *, *, #4242, .F. ) ;
#3533 = EDGE_LOOP ( 'NONE', ( #2778, #2652, #5632, #5118 ) ) ;
#3534 = CARTESIAN_POINT ( 'NONE',  ( -8.267788082464088362, 0.000000000000000000, 42.14572451139512310 ) ) ;
#3535 = ORIENTED_EDGE ( 'NONE', *, *, #6811, .T. ) ;
#3536 = CARTESIAN_POINT ( 'NONE',  ( -12.53710745432704954, 0.000000000000000000, 39.82656070279370653 ) ) ;
#3537 = CIRCLE ( 'NONE', #2240, 2.999999999999999112 ) ;
#3538 = CARTESIAN_POINT ( 'NONE',  ( -10.11849518362360634, 1.000000000000000000, 41.39259482211423347 ) ) ;
#3539 = DIRECTION ( 'NONE',  ( -1.000000000000000000, 0.000000000000000000, 0.000000000000000000 ) ) ;
#3540 = ADVANCED_FACE ( 'NONE', ( #8005 ), #7928, .T. ) ;
#3541 = ORIENTED_EDGE ( 'NONE', *, *, #5059, .T. ) ;
#3542 = CARTESIAN_POINT ( 'NONE',  ( -3.814453231110129572, 0.000000000000000000, 40.86334080205804042 ) ) ;
#3543 = LINE ( 'NONE', #2322, #4233 ) ;
#3544 = AXIS2_PLACEMENT_3D ( 'NONE', #2795, #2754, #7784 ) ;
#3545 = FACE_OUTER_BOUND ( 'NONE', #2388, .T. ) ;
#3546 = CARTESIAN_POINT ( 'NONE',  ( -0.5000000000000004441, 2.000000000000000000, 29.68303989154977529 ) ) ;
#3547 = CARTESIAN_POINT ( 'NONE',  ( 15.99999999999999645, 2.000000000000000000, 41.99999999999999289 ) ) ;
#3548 = EDGE_CURVE ( 'NONE', #7665, #7127, #3635, .T. ) ;
#3549 = ORIENTED_EDGE ( 'NONE', *, *, #3954, .F. ) ;
#3550 = DIRECTION ( 'NONE',  ( -1.000000000000000000, 0.000000000000000000, -0.000000000000000000 ) ) ;
#3551 = FACE_OUTER_BOUND ( 'NONE', #5226, .T. ) ;
#3552 = B_SPLINE_CURVE_WITH_KNOTS ( 'NONE', 3,
 ( #7474, #6826, #1194, #3022, #667, #6221, #708, #2527, #7522, #1235, #3675, #99, #3141, #3797, #5559, #4935, #1840, #626, #4979 ),
 .UNSPECIFIED., .F., .F.,
 ( 4, 1, 1, 1, 1, 1, 1, 1, 1, 1, 1, 1, 1, 1, 1, 1, 4 ),
 ( 0.000000000000000000, 0.07228250537338813675, 0.1417792298526898143, 0.2071137172815571970, 0.2690824588548207386, 0.3299020253643352163, 0.3887838206447167821, 0.4464549620732678470, 0.5039190452201486314, 0.5613158139161780191, 0.6187967133585402513, 0.6770403836484710780, 0.7360697183437151514, 0.7975059020896776429, 0.8614196338882013082, 0.9293219695156609284, 1.000000000000000000 ),
 .UNSPECIFIED. ) ;
#3553 = CARTESIAN_POINT ( 'NONE',  ( -8.118192763487973806, 1.000000000000000000, 40.04731677189010242 ) ) ;
#3554 = LINE ( 'NONE', #426, #5955 ) ;
#3555 = CARTESIAN_POINT ( 'NONE',  ( -7.444962741802267914, 0.000000000000000000, 40.83493306543919488 ) ) ;
#3556 = EDGE_CURVE ( 'NONE', #166, #6656, #4983, .T. ) ;
#3557 = DIRECTION ( 'NONE',  ( -0.000000000000000000, -1.000000000000000000, -0.000000000000000000 ) ) ;
#3558 = ADVANCED_FACE ( 'NONE', ( #2331 ), #4815, .F. ) ;
#3559 = FILL_AREA_STYLE_COLOUR ( '', #154 ) ;
#3560 = CARTESIAN_POINT ( 'NONE',  ( -9.113848837591589813, 0.000000000000000000, 38.85255935333744048 ) ) ;
#3561 = EDGE_CURVE ( 'NONE', #6369, #5908, #3068, .T. ) ;
#3562 = ORIENTED_EDGE ( 'NONE', *, *, #3795, .F. ) ;
#3563 = CARTESIAN_POINT ( 'NONE',  ( -8.458867835266184798, 1.000000000000000000, 41.62871846951555455 ) ) ;
#3564 = ORIENTED_EDGE ( 'NONE', *, *, #435, .T. ) ;
#3565 = CARTESIAN_POINT ( 'NONE',  ( -6.350613829377412145, 0.000000000000000000, 40.23206225803919978 ) ) ;
#3566 = DIRECTION ( 'NONE',  ( 1.000000000000000000, -5.782411586589356653E-16, 0.000000000000000000 ) ) ;
#3567 = CARTESIAN_POINT ( 'NONE',  ( -3.148579966557493393, 1.000000000000000000, 40.81062920310279907 ) ) ;
#3568 = VECTOR ( 'NONE', #4324, 1000.000000000000000 ) ;
#3569 = FACE_OUTER_BOUND ( 'NONE', #1494, .T. ) ;
#3570 = DIRECTION ( 'NONE',  ( 0.000000000000000000, 0.000000000000000000, -1.000000000000000000 ) ) ;
#3571 = CIRCLE ( 'NONE', #3834, 3.000000000000002665 ) ;
#3572 = DIRECTION ( 'NONE',  ( 0.000000000000000000, 0.000000000000000000, -1.000000000000000000 ) ) ;
#3573 = VECTOR ( 'NONE', #1645, 1000.000000000000000 ) ;
#3574 = AXIS2_PLACEMENT_3D ( 'NONE', #3829, #5099, #3748 ) ;
#3575 = ORIENTED_EDGE ( 'NONE', *, *, #7843, .T. ) ;
#3576 = ORIENTED_EDGE ( 'NONE', *, *, #7053, .F. ) ;
#3577 = CARTESIAN_POINT ( 'NONE',  ( -7.924644464467613503, 0.000000000000000000, 41.93943188650532505 ) ) ;
#3578 = ORIENTED_EDGE ( 'NONE', *, *, #5206, .T. ) ;
#3579 = CARTESIAN_POINT ( 'NONE',  ( -19.90041507641943141, 24.00000000000000000, 42.49999999999999289 ) ) ;
#3580 = VECTOR ( 'NONE', #7981, 1000.000000000000000 ) ;
#3581 = AXIS2_PLACEMENT_3D ( 'NONE', #1849, #6879, #4330 ) ;
#3582 = CARTESIAN_POINT ( 'NONE',  ( -9.505540522072642773, 1.000000000000000000, 42.08952340269906500 ) ) ;
#3583 = CARTESIAN_POINT ( 'NONE',  ( -19.50000000000000355, 26.00000000000000355, -14.50000000000004086 ) ) ;
#3584 = VECTOR ( 'NONE', #5109, 1000.000000000000000 ) ;
#3585 = ORIENTED_EDGE ( 'NONE', *, *, #7166, .F. ) ;
#3586 = DIRECTION ( 'NONE',  ( 1.000000000000000000, -0.000000000000000000, 0.000000000000000000 ) ) ;
#3587 = CARTESIAN_POINT ( 'NONE',  ( -13.22320601227995596, 1.000000000000000000, 41.63155966424321974 ) ) ;
#3588 = CARTESIAN_POINT ( 'NONE',  ( -18.50000000000000355, 0.000000000000000000, 41.99999999999999289 ) ) ;
#3589 = LINE ( 'NONE', #1068, #5423 ) ;
#3590 = CARTESIAN_POINT ( 'NONE',  ( -20.00000000000000355, 0.5000000000000000000, 40.99999999999999289 ) ) ;
#3591 = CARTESIAN_POINT ( 'NONE',  ( -0.6776872956907611378, 1.000000000000000000, 42.19999999999999574 ) ) ;
#3592 = ORIENTED_EDGE ( 'NONE', *, *, #4846, .F. ) ;
#3593 = CARTESIAN_POINT ( 'NONE',  ( 0.000000000000000000, -2.242640687119287879, 26.52499999999999858 ) ) ;
#3594 = DIRECTION ( 'NONE',  ( 1.000000000000000000, -0.000000000000000000, 0.000000000000000000 ) ) ;
#3595 = CARTESIAN_POINT ( 'NONE',  ( 17.50000000000000000, 24.00000000000000000, 44.00000000000000000 ) ) ;
#3596 = DIRECTION ( 'NONE',  ( -0.000000000000000000, -1.000000000000000000, -0.000000000000000000 ) ) ;
#3597 = CARTESIAN_POINT ( 'NONE',  ( -6.350613829377412145, 1.000000000000000000, 40.23206225803919978 ) ) ;
#3598 = EDGE_CURVE ( 'NONE', #7428, #3672, #4723, .T. ) ;
#3599 = LINE ( 'NONE', #7319, #7023 ) ;
#3600 = CARTESIAN_POINT ( 'NONE',  ( 19.99999999999999645, 0.000000000000000000, -14.50000000000004086 ) ) ;
#3601 = CARTESIAN_POINT ( 'NONE',  ( -13.12254975935153212, 1.000000000000000000, 39.43880160086681030 ) ) ;
#3602 = EDGE_CURVE ( 'NONE', #2921, #2841, #4940, .T. ) ;
#3603 = ORIENTED_EDGE ( 'NONE', *, *, #582, .T. ) ;
#3604 = DIRECTION ( 'NONE',  ( -0.000000000000000000, 1.000000000000000000, -0.000000000000000000 ) ) ;
#3605 = ORIENTED_EDGE ( 'NONE', *, *, #6060, .T. ) ;
#3606 = LINE ( 'NONE', #3526, #4364 ) ;
#3607 = CARTESIAN_POINT ( 'NONE',  ( -13.07789302836373402, 1.000000000000000000, 39.35114978080439130 ) ) ;
#3608 = CARTESIAN_POINT ( 'NONE',  ( -2.553529539393398107, 0.000000000000000000, 41.66845634957928723 ) ) ;
#3609 = VECTOR ( 'NONE', #6664, 1000.000000000000000 ) ;
#3610 = FACE_OUTER_BOUND ( 'NONE', #6351, .T. ) ;
#3611 = EDGE_CURVE ( 'NONE', #6222, #6977, #6830, .T. ) ;
#3612 = CARTESIAN_POINT ( 'NONE',  ( -18.49999999999999289, 24.00000000000000000, 39.49999999999999289 ) ) ;
#3613 = CARTESIAN_POINT ( 'NONE',  ( -10.06365412460330511, 1.000000000000000000, 39.55829294552088982 ) ) ;
#3614 = AXIS2_PLACEMENT_3D ( 'NONE', #1335, #1982, #4501 ) ;
#3615 = EDGE_LOOP ( 'NONE', ( #7588, #1429, #5274, #567 ) ) ;
#3616 = ORIENTED_EDGE ( 'NONE', *, *, #5320, .T. ) ;
#3617 = CARTESIAN_POINT ( 'NONE',  ( -8.675337864130856502, 0.000000000000000000, 42.24008301392173337 ) ) ;
#3618 = ORIENTED_EDGE ( 'NONE', *, *, #3370, .T. ) ;
#3619 = DIRECTION ( 'NONE',  ( -1.000000000000000000, 0.000000000000000000, 0.000000000000000000 ) ) ;
#3620 = CARTESIAN_POINT ( 'NONE',  ( -2.419464096465670622, 1.000000000000000000, 38.87307128906249432 ) ) ;
#3621 = LINE ( 'NONE', #6127, #6008 ) ;
#3622 = DIRECTION ( 'NONE',  ( 0.000000000000000000, 0.000000000000000000, -1.000000000000000000 ) ) ;
#3623 = ORIENTED_EDGE ( 'NONE', *, *, #7392, .T. ) ;
#3624 = CARTESIAN_POINT ( 'NONE',  ( -8.822856714818387402, 1.000000000000000000, 41.72472446986606798 ) ) ;
#3625 = CARTESIAN_POINT ( 'NONE',  ( -3.322165638162387413, 1.000000000000000000, 39.17012568194358835 ) ) ;
#3626 = B_SPLINE_CURVE_WITH_KNOTS ( 'NONE', 3,
 ( #5252, #7786, #2190, #2636, #6562, #6405, #810, #1545, #4022, #6491, #6531, #4056, #3290, #7016, #5211, #3898, #7741, #2148, #7052 ),
 .UNSPECIFIED., .F., .F.,
 ( 4, 1, 1, 1, 1, 1, 1, 1, 1, 1, 1, 1, 1, 1, 1, 1, 4 ),
 ( 0.000000000000000000, 0.06423747715722107066, 0.1259097262829842745, 0.1847459735606457321, 0.2418978195181659130, 0.2988493496186204190, 0.3553042103759527781, 0.4132715226514090956, 0.4724536107966808007, 0.5327944789494866162, 0.5940017050204926541, 0.6561289276357257227, 0.7201351317259209184, 0.7857970234602661419, 0.8540595815342768571, 0.9253769245980613123, 1.000000000000000000 ),
 .UNSPECIFIED. ) ;
#3627 = DIRECTION ( 'NONE',  ( -0.000000000000000000, -0.000000000000000000, 1.000000000000000000 ) ) ;
#3628 = PLANE ( 'NONE',  #4239 ) ;
#3629 = FACE_OUTER_BOUND ( 'NONE', #4784, .T. ) ;
#3630 = CARTESIAN_POINT ( 'NONE',  ( -8.519649064165722763, 1.000000000000000000, 39.40921460729319392 ) ) ;
#3631 = AXIS2_PLACEMENT_3D ( 'NONE', #141, #6300, #177 ) ;
#3632 = ORIENTED_EDGE ( 'NONE', *, *, #6577, .F. ) ;
#3633 = FACE_OUTER_BOUND ( 'NONE', #5910, .T. ) ;
#3634 = CARTESIAN_POINT ( 'NONE',  ( -9.308400471932250397, 0.000000000000000000, 41.53505624808690300 ) ) ;
#3635 = LINE ( 'NONE', #1766, #247 ) ;
#3636 = LINE ( 'NONE', #2987, #4640 ) ;
#3637 = CARTESIAN_POINT ( 'NONE',  ( -17.50000000000000355, 0.000000000000000000, -40.99999999999999289 ) ) ;
#3638 = B_SPLINE_CURVE_WITH_KNOTS ( 'NONE', 3,
 ( #6138, #4203, #4245, #3515, #6013, #423, #6667, #466, #5327, #1116, #999, #1074, #3479, #388, #7313, #2289, #7275, #4126, #5979 ),
 .UNSPECIFIED., .F., .F.,
 ( 4, 1, 1, 1, 1, 1, 1, 1, 1, 1, 1, 1, 1, 1, 1, 1, 4 ),
 ( 0.000000000000000000, 0.07209650420366271739, 0.1409017526855209645, 0.2072923739875996152, 0.2713032156108189930, 0.3333055557521315548, 0.3945053556894813074, 0.4547806141562345528, 0.5151160198052338046, 0.5748876980478826448, 0.6330255439051276634, 0.6909620078903782048, 0.7489147009020561407, 0.8084341198246398630, 0.8692816877722726598, 0.9330612528114975435, 1.000000000000000000 ),
 .UNSPECIFIED. ) ;
#3639 = LINE ( 'NONE', #1246, #6502 ) ;
#3640 = LINE ( 'NONE', #4644, #1059 ) ;
#3641 = CARTESIAN_POINT ( 'NONE',  ( 18.49999999999999645, 26.00000000000000355, 41.99999999999999289 ) ) ;
#3642 = ORIENTED_EDGE ( 'NONE', *, *, #6157, .T. ) ;
#3643 = CARTESIAN_POINT ( 'NONE',  ( -20.50000000000000355, 2.000000000000000000, 40.99999999999999289 ) ) ;
#3644 = PRODUCT ( 'Indoor_box', 'Indoor_box', '', ( #3138 ) ) ;
#3645 = VERTEX_POINT ( 'NONE', #7967 ) ;
#3646 = DIRECTION ( 'NONE',  ( -0.000000000000000000, -1.000000000000000000, -0.000000000000000000 ) ) ;
#3647 = CARTESIAN_POINT ( 'NONE',  ( -12.22561745848038761, 1.000000000000000000, 40.31405604023855460 ) ) ;
#3648 = CARTESIAN_POINT ( 'NONE',  ( -2.385033624822445297, 1.000000000000000000, 41.68151760349024926 ) ) ;
#3649 = EDGE_CURVE ( 'NONE', #3265, #4458, #4247, .T. ) ;
#3650 = CARTESIAN_POINT ( 'NONE',  ( -18.49999999999999289, 24.00000000000000000, 39.49999999999999289 ) ) ;
#3651 = AXIS2_PLACEMENT_3D ( 'NONE', #7363, #2295, #4033 ) ;
#3652 = FACE_BOUND ( 'NONE', #5129, .T. ) ;
#3653 = DIRECTION ( 'NONE',  ( 0.000000000000000000, -1.000000000000000000, 0.000000000000000000 ) ) ;
#3654 = VERTEX_POINT ( 'NONE', #1159 ) ;
#3655 = CARTESIAN_POINT ( 'NONE',  ( -5.147371184870521255, 1.000000000000000000, 41.53505539339036545 ) ) ;
#3656 = EDGE_LOOP ( 'NONE', ( #7833, #233, #7602, #5988 ) ) ;
#3657 = DIRECTION ( 'NONE',  ( -0.000000000000000000, -1.000000000000000000, -0.000000000000000000 ) ) ;
#3658 = EDGE_CURVE ( 'NONE', #5268, #666, #8041, .T. ) ;
#3659 = VERTEX_POINT ( 'NONE', #5646 ) ;
#3660 = CARTESIAN_POINT ( 'NONE',  ( -12.27761054202555258, 0.000000000000000000, 39.44263842153810629 ) ) ;
#3661 = EDGE_CURVE ( 'NONE', #5663, #7296, #6355, .T. ) ;
#3662 = CARTESIAN_POINT ( 'NONE',  ( -8.873105219534329180, 1.000000000000000000, 42.24215401961486549 ) ) ;
#3663 = CARTESIAN_POINT ( 'NONE',  ( -0.6776872956907611378, 1.000000000000000000, 42.19999999999999574 ) ) ;
#3664 = CARTESIAN_POINT ( 'NONE',  ( -19.65534243804603065, 24.35000000000000142, 42.85000000000000142 ) ) ;
#3665 = EDGE_CURVE ( 'NONE', #5420, #4305, #5196, .T. ) ;
#3666 = VERTEX_POINT ( 'NONE', #6308 ) ;
#3667 = CARTESIAN_POINT ( 'NONE',  ( -9.442123887993673748, 1.000000000000000000, 41.34361849979201509 ) ) ;
#3668 = B_SPLINE_CURVE_WITH_KNOTS ( 'NONE', 3,
 ( #2121, #2083, #4600, #2771, #5884, #5799, #4559, #374, #2849, #979, #4719, #2691, #5227, #7755, #4646, #5844, #7182, #2813, #6543 ),
 .UNSPECIFIED., .F., .F.,
 ( 4, 1, 1, 1, 1, 1, 1, 1, 1, 1, 1, 1, 1, 1, 1, 1, 4 ),
 ( 0.000000000000000000, 0.06783476080002130704, 0.1331318760422834369, 0.1961004537276329895, 0.2577112487511462602, 0.3182335764741356932, 0.3784912559011866517, 0.4390372384234385028, 0.5009718130433356009, 0.5627891854896924784, 0.6237737777959446728, 0.6839424706586768599, 0.7444915047399522923, 0.8058159897780451386, 0.8684211412816833509, 0.9330763203446418297, 1.000000000000000000 ),
 .UNSPECIFIED. ) ;
#3669 = CARTESIAN_POINT ( 'NONE',  ( -2.566476511966188756, 1.000000000000000000, 38.87642705320691050 ) ) ;
#3670 = VECTOR ( 'NONE', #5482, 1000.000000000000000 ) ;
#3671 = CARTESIAN_POINT ( 'NONE',  ( -10.21290261900270480, 1.000000000000000000, 40.23813822362329518 ) ) ;
#3672 = VERTEX_POINT ( 'NONE', #5736 ) ;
#3673 = PLANE ( 'NONE',  #6776 ) ;
#3674 = VECTOR ( 'NONE', #6971, 1000.000000000000000 ) ;
#3675 = CARTESIAN_POINT ( 'NONE',  ( -12.38726671202868523, 1.000000000000000000, 40.96655251413022825 ) ) ;
#3676 = ORIENTED_EDGE ( 'NONE', *, *, #1175, .F. ) ;
#3677 = LINE ( 'NONE', #1361, #717 ) ;
#3678 = CARTESIAN_POINT ( 'NONE',  ( -8.822856714818387402, 1.000000000000000000, 41.72472446986606798 ) ) ;
#3679 = CARTESIAN_POINT ( 'NONE',  ( -20.50000000000000355, 1.000000000000000000, -14.50000000000004086 ) ) ;
#3680 = CARTESIAN_POINT ( 'NONE',  ( -5.918560136895525403, 1.000000000000000000, 42.22049188216873716 ) ) ;
#3681 = DIRECTION ( 'NONE',  ( -0.000000000000000000, -1.000000000000000000, -0.000000000000000000 ) ) ;
#3682 = CARTESIAN_POINT ( 'NONE',  ( -5.464332459526012542, 1.000000000000000000, 39.36250293755927032 ) ) ;
#3683 = CARTESIAN_POINT ( 'NONE',  ( -5.653263737648797971, -0.000000000000000000, 41.72390688698143890 ) ) ;
#3684 = CARTESIAN_POINT ( 'NONE',  ( -17.50000000000000355, 0.5000000000000000000, 44.00000000000000000 ) ) ;
#3685 = ORIENTED_EDGE ( 'NONE', *, *, #7215, .T. ) ;
#3686 = CARTESIAN_POINT ( 'NONE',  ( -7.658857101064306505, 0.000000000000000000, 41.63289887886230645 ) ) ;
#3687 = ORIENTED_EDGE ( 'NONE', *, *, #3047, .F. ) ;
#3688 = CARTESIAN_POINT ( 'NONE',  ( -5.783534581603631430, 1.000000000000000000, 39.36219628023814465 ) ) ;
#3689 = CARTESIAN_POINT ( 'NONE',  ( -12.17073608243399896, 0.000000000000000000, 40.32707850571679131 ) ) ;
#3690 = CARTESIAN_POINT ( 'NONE',  ( -8.770806584099148040, 1.000000000000000000, 38.83090765209404083 ) ) ;
#3691 = CARTESIAN_POINT ( 'NONE',  ( -12.05696112574656453, 0.000000000000000000, 39.39273877232560750 ) ) ;
#3692 = CARTESIAN_POINT ( 'NONE',  ( -10.11849518362360634, 0.000000000000000000, 41.39259482211423347 ) ) ;
#3693 = FACE_OUTER_BOUND ( 'NONE', #256, .T. ) ;
#3694 = ORIENTED_EDGE ( 'NONE', *, *, #685, .F. ) ;
#3695 = DIRECTION ( 'NONE',  ( 0.5735764363510501562, 0.8191520442889889120, 0.000000000000000000 ) ) ;
#3696 = ORIENTED_EDGE ( 'NONE', *, *, #3755, .T. ) ;
#3697 = CARTESIAN_POINT ( 'NONE',  ( -4.251253180634250839, 0.000000000000000000, 40.98255925636070884 ) ) ;
#3698 = ORIENTED_EDGE ( 'NONE', *, *, #4008, .T. ) ;
#3699 = DIRECTION ( 'NONE',  ( -0.000000000000000000, -1.000000000000000000, -0.000000000000000000 ) ) ;
#3700 = VECTOR ( 'NONE', #4498, 1000.000000000000000 ) ;
#3701 = EDGE_CURVE ( 'NONE', #311, #6977, #3925, .T. ) ;
#3702 = AXIS2_PLACEMENT_3D ( 'NONE', #6457, #3993, #6504 ) ;
#3703 = CARTESIAN_POINT ( 'NONE',  ( -12.74248918307775291, 0.000000000000000000, 40.60854555426416113 ) ) ;
#3704 = FACE_OUTER_BOUND ( 'NONE', #2890, .T. ) ;
#3705 = CARTESIAN_POINT ( 'NONE',  ( 6.000000000000005329, 22.00000000000000000, 39.99999999999999289 ) ) ;
#3706 = VERTEX_POINT ( 'NONE', #834 ) ;
#3707 = EDGE_CURVE ( 'NONE', #410, #311, #5073, .T. ) ;
#3708 = CARTESIAN_POINT ( 'NONE',  ( -5.623523281146956876, -2.168404344971008868E-16, 39.34834681919642918 ) ) ;
#3709 = CARTESIAN_POINT ( 'NONE',  ( -5.199097817091694829, 0.000000000000000000, 39.48636578538301478 ) ) ;
#3710 = AXIS2_PLACEMENT_3D ( 'NONE', #4193, #7839, #4842 ) ;
#3711 = FACE_OUTER_BOUND ( 'NONE', #3200, .T. ) ;
#3712 = EDGE_CURVE ( 'NONE', #7333, #6890, #7688, .T. ) ;
#3713 = DIRECTION ( 'NONE',  ( 0.000000000000000000, 0.000000000000000000, 1.000000000000000000 ) ) ;
#3714 = VECTOR ( 'NONE', #3857, 1000.000000000000000 ) ;
#3715 = ADVANCED_FACE ( 'NONE', ( #6392 ), #5872, .T. ) ;
#3716 = ORIENTED_EDGE ( 'NONE', *, *, #5369, .T. ) ;
#3717 = CARTESIAN_POINT ( 'NONE',  ( -10.19073357396589152, 0.000000000000000000, 41.12581091917764553 ) ) ;
#3718 = DIRECTION ( 'NONE',  ( 0.000000000000000000, 0.000000000000000000, 1.000000000000000000 ) ) ;
#3719 = ORIENTED_EDGE ( 'NONE', *, *, #4509, .F. ) ;
#3720 = CARTESIAN_POINT ( 'NONE',  ( -16.50000000000000000, 1.000000000000000000, 37.50000000000000000 ) ) ;
#3721 = DIRECTION ( 'NONE',  ( 1.619075244245018482E-14, 0.000000000000000000, -1.000000000000000000 ) ) ;
#3722 = CARTESIAN_POINT ( 'NONE',  ( -8.293551037676106574, 1.000000000000000000, 39.59505128259326767 ) ) ;
#3723 = CARTESIAN_POINT ( 'NONE',  ( -13.49999999999999822, 0.2999999999999999889, -22.50000000000002132 ) ) ;
#3724 = VECTOR ( 'NONE', #634, 1000.000000000000000 ) ;
#3725 = CARTESIAN_POINT ( 'NONE',  ( -6.866346012793241194, 0.000000000000000000, 39.55829294552089692 ) ) ;
#3726 = CARTESIAN_POINT ( 'NONE',  ( 1.338183063655702609, 0.000000000000000000, 39.92556354968578347 ) ) ;
#3727 = CARTESIAN_POINT ( 'NONE',  ( -10.20954197524548768, 0.000000000000000000, 40.09112917498209328 ) ) ;
#3728 = VERTEX_POINT ( 'NONE', #6433 ) ;
#3729 = CARTESIAN_POINT ( 'NONE',  ( -5.475550118608421002, 0.000000000000000000, 38.83295029064272086 ) ) ;
#3730 = ORIENTED_EDGE ( 'NONE', *, *, #6207, .F. ) ;
#3731 = CYLINDRICAL_SURFACE ( 'NONE', #5684, 4.750000000000000888 ) ;
#3732 = AXIS2_PLACEMENT_3D ( 'NONE', #5578, #71, #8067 ) ;
#3733 = CARTESIAN_POINT ( 'NONE',  ( -13.20020821340926176, 1.000000000000000000, 39.81118044994734362 ) ) ;
#3734 = CARTESIAN_POINT ( 'NONE',  ( -6.325046521548595813, 1.000000000000000000, 41.10816754691646935 ) ) ;
#3735 = FACE_OUTER_BOUND ( 'NONE', #4481, .T. ) ;
#3736 = LINE ( 'NONE', #1297, #176 ) ;
#3737 = CARTESIAN_POINT ( 'NONE',  ( -2.958039891549808509, 2.000000000000000000, 26.02499999999999858 ) ) ;
#3738 = ORIENTED_EDGE ( 'NONE', *, *, #5253, .F. ) ;
#3739 = CARTESIAN_POINT ( 'NONE',  ( -5.147371184870521255, 0.000000000000000000, 41.53505539339036545 ) ) ;
#3740 = EDGE_LOOP ( 'NONE', ( #5560, #7035, #3427, #7984 ) ) ;
#3741 = CARTESIAN_POINT ( 'NONE',  ( -5.478029752320794366, 0.000000000000000000, 42.24008301392174047 ) ) ;
#3742 = B_SPLINE_CURVE_WITH_KNOTS ( 'NONE', 3,
 ( #6755, #7403, #1809, #6959, #6358, #1449, #2010, #1410, #4006 ),
 .UNSPECIFIED., .F., .F.,
 ( 4, 1, 1, 1, 1, 1, 4 ),
 ( 0.000000000000000000, 0.09905615954354558828, 0.2052471499934037102, 0.3241685900341291782, 0.4595765774875706366, 0.7374132743485941610, 1.000000000000000000 ),
 .UNSPECIFIED. ) ;
#3743 = EDGE_LOOP ( 'NONE', ( #1548, #3578, #7769, #6385 ) ) ;
#3744 = CARTESIAN_POINT ( 'NONE',  ( -16.50000000000000000, 1.000000000000000000, 37.50000000000000000 ) ) ;
#3745 = VECTOR ( 'NONE', #591, 1000.000000000000000 ) ;
#3746 = CARTESIAN_POINT ( 'NONE',  ( -8.455303753858736115, 0.000000000000000000, 39.44350706053320010 ) ) ;
#3747 = CARTESIAN_POINT ( 'NONE',  ( -3.814447738981405323, -0.000000000000000000, 40.21265535997371643 ) ) ;
#3748 = DIRECTION ( 'NONE',  ( 1.000000000000000000, 0.000000000000000000, -0.000000000000000000 ) ) ;
#3749 = EDGE_LOOP ( 'NONE', ( #1094, #5202, #7895, #6179 ) ) ;
#3750 = CARTESIAN_POINT ( 'NONE',  ( -5.596022666293251291, 1.000000000000000000, 39.34912196363719517 ) ) ;
#3751 = CARTESIAN_POINT ( 'NONE',  ( 11.65000000000000036, 5.000000000000000000, -39.05000000000001847 ) ) ;
#3752 = ADVANCED_FACE ( 'NONE', ( #2701 ), #6266, .T. ) ;
#3753 = EDGE_LOOP ( 'NONE', ( #7457, #6304, #575, #5429 ) ) ;
#3754 =( NAMED_UNIT ( * ) SI_UNIT ( $, .STERADIAN. ) SOLID_ANGLE_UNIT ( ) );
#3755 = EDGE_CURVE ( 'NONE', #7925, #7336, #3962, .T. ) ;
#3756 = CARTESIAN_POINT ( 'NONE',  ( 7.525000000000002132, 0.000000000000000000, 4.724999999999996980 ) ) ;
#3757 = ORIENTED_EDGE ( 'NONE', *, *, #7750, .F. ) ;
#3758 = CARTESIAN_POINT ( 'NONE',  ( 6.000000000000005329, 21.99999999999999645, 43.50000000000000000 ) ) ;
#3759 = ORIENTED_EDGE ( 'NONE', *, *, #7571, .T. ) ;
#3760 = CYLINDRICAL_SURFACE ( 'NONE', #2145, 2.750000000000000000 ) ;
#3761 = CARTESIAN_POINT ( 'NONE',  ( -7.015594507192638218, 0.000000000000000000, 40.83493306543919488 ) ) ;
#3762 = EDGE_CURVE ( 'NONE', #7127, #2516, #7078, .T. ) ;
#3763 = CARTESIAN_POINT ( 'NONE',  ( -2.631275782236383698, 1.000000000000000000, 39.42388837782787192 ) ) ;
#3764 = CARTESIAN_POINT ( 'NONE',  ( -6.185493587716105246, 1.000000000000000000, 42.14558066666308633 ) ) ;
#3765 = EDGE_CURVE ( 'NONE', #867, #3128, #8000, .T. ) ;
#3766 = DIRECTION ( 'NONE',  ( -1.000000000000000000, 0.000000000000000000, 1.875376730785737473E-16 ) ) ;
#3767 = EDGE_CURVE ( 'NONE', #6732, #4947, #726, .T. ) ;
#3768 = VECTOR ( 'NONE', #1880, 1000.000000000000000 ) ;
#3769 = CARTESIAN_POINT ( 'NONE',  ( -4.910609985946062572, 1.000000000000000000, 40.23206225803919978 ) ) ;
#3770 = CARTESIAN_POINT ( 'NONE',  ( -11.65000000000000036, 5.000000000000000000, -39.05000000000001847 ) ) ;
#3771 = ORIENTED_EDGE ( 'NONE', *, *, #7015, .T. ) ;
#3772 = LINE ( 'NONE', #2460, #2269 ) ;
#3773 = ORIENTED_EDGE ( 'NONE', *, *, #4609, .F. ) ;
#3774 = DIRECTION ( 'NONE',  ( 0.000000000000000000, 0.000000000000000000, 1.000000000000000000 ) ) ;
#3775 = ADVANCED_FACE ( 'NONE', ( #4280 ), #4322, .T. ) ;
#3776 = CARTESIAN_POINT ( 'NONE',  ( -12.50448668108969486, 0.000000000000000000, 40.08094160474740164 ) ) ;
#3777 = CARTESIAN_POINT ( 'NONE',  ( -5.930583576071750684, 0.000000000000000000, 41.66405100344283596 ) ) ;
#3778 = DIRECTION ( 'NONE',  ( -0.7071067811865439090, -0.7071067811865512365, -0.000000000000000000 ) ) ;
#3779 = DIRECTION ( 'NONE',  ( 0.000000000000000000, 0.000000000000000000, -1.000000000000000000 ) ) ;
#3780 = DIRECTION ( 'NONE',  ( -1.000000000000000000, 0.000000000000000000, -0.000000000000000000 ) ) ;
#3781 = VERTEX_POINT ( 'NONE', #4367 ) ;
#3782 = CARTESIAN_POINT ( 'NONE',  ( -5.467077410506236745, 1.000000000000000000, 41.71097785711830852 ) ) ;
#3783 = VERTEX_POINT ( 'NONE', #2488 ) ;
#3784 = FACE_OUTER_BOUND ( 'NONE', #6647, .T. ) ;
#3785 = VERTEX_POINT ( 'NONE', #2448 ) ;
#3786 = FACE_OUTER_BOUND ( 'NONE', #8063, .T. ) ;
#3787 = DIRECTION ( 'NONE',  ( -1.000000000000000000, 0.000000000000000000, -0.000000000000000000 ) ) ;
#3788 = CARTESIAN_POINT ( 'NONE',  ( 0.000000000000000000, 1.000000000000000000, 0.000000000000000000 ) ) ;
#3789 = EDGE_LOOP ( 'NONE', ( #912, #4531, #2854, #5715 ) ) ;
#3790 = CARTESIAN_POINT ( 'NONE',  ( -9.547559726325982155, 1.000000000000000000, 40.86579185886651544 ) ) ;
#3791 = CARTESIAN_POINT ( 'NONE',  ( -5.596022666293251291, -0.000000000000000000, 39.34912196363719517 ) ) ;
#3792 = ORIENTED_EDGE ( 'NONE', *, *, #1677, .F. ) ;
#3793 = DIRECTION ( 'NONE',  ( 1.000000000000000000, 0.000000000000000000, 0.000000000000000000 ) ) ;
#3794 = CARTESIAN_POINT ( 'NONE',  ( -19.00000000000000355, 1.000000000000000000, 38.98908507197222661 ) ) ;
#3795 = EDGE_CURVE ( 'NONE', #5756, #3400, #3552, .T. ) ;
#3796 = EDGE_LOOP ( 'NONE', ( #2260, #2072, #142, #1238 ) ) ;
#3797 = CARTESIAN_POINT ( 'NONE',  ( -12.25868008685203137, 1.000000000000000000, 40.89498948717196924 ) ) ;
#3798 = ORIENTED_EDGE ( 'NONE', *, *, #4955, .F. ) ;
#3799 = ORIENTED_EDGE ( 'NONE', *, *, #6968, .T. ) ;
#3800 = CARTESIAN_POINT ( 'NONE',  ( 2.003838848758051405, 1.000000000000000000, 42.19999999999999574 ) ) ;
#3801 = CARTESIAN_POINT ( 'NONE',  ( -9.474225585137016736, 0.000000000000000000, 41.26930175355269625 ) ) ;
#3802 = DIRECTION ( 'NONE',  ( -1.000000000000000000, 0.000000000000000000, 0.000000000000000000 ) ) ;
#3803 = CARTESIAN_POINT ( 'NONE',  ( -6.630753234201829827, 1.000000000000000000, 41.84563246896666300 ) ) ;
#3804 = CARTESIAN_POINT ( 'NONE',  ( 6.000000000000003553, 14.50000000000000000, 39.99999999999999289 ) ) ;
#3805 = LINE ( 'NONE', #3726, #4261 ) ;
#3806 = ADVANCED_FACE ( 'NONE', ( #2408 ), #4895, .F. ) ;
#3807 = CARTESIAN_POINT ( 'NONE',  ( -10.21290261900270480, 1.000000000000000000, 40.23813822362329518 ) ) ;
#3808 = EDGE_LOOP ( 'NONE', ( #7209, #2108, #4059, #7964 ) ) ;
#3809 = CARTESIAN_POINT ( 'NONE',  ( -7.538566537288216018, 1.000000000000000000, 41.39259125174281451 ) ) ;
#3810 = ORIENTED_EDGE ( 'NONE', *, *, #2168, .T. ) ;
#3811 = LINE ( 'NONE', #4950, #5416 ) ;
#3812 = CYLINDRICAL_SURFACE ( 'NONE', #5442, 3.000000000000002665 ) ;
#3813 = CARTESIAN_POINT ( 'NONE',  ( -4.247654629992202224, 0.000000000000000000, 40.23813822362329518 ) ) ;
#3814 = ADVANCED_FACE ( 'NONE', ( #7393 ), #6871, .T. ) ;
#3815 = AXIS2_PLACEMENT_3D ( 'NONE', #6744, #1174, #1014 ) ;
#3816 = CARTESIAN_POINT ( 'NONE',  ( 1.338183063655702609, 1.000000000000000000, 42.19999999999999574 ) ) ;
#3817 = DIRECTION ( 'NONE',  ( 0.000000000000000000, 0.000000000000000000, 1.000000000000000000 ) ) ;
#3818 = EDGE_CURVE ( 'NONE', #7296, #803, #5024, .T. ) ;
#3819 = LINE ( 'NONE', #6845, #8021 ) ;
#3820 = ORIENTED_EDGE ( 'NONE', *, *, #4112, .T. ) ;
#3821 = CARTESIAN_POINT ( 'NONE',  ( -5.394065144949816926, 0.000000000000000000, 41.69100458942323684 ) ) ;
#3822 = ORIENTED_EDGE ( 'NONE', *, *, #229, .F. ) ;
#3823 = DIRECTION ( 'NONE',  ( 0.000000000000000000, 0.000000000000000000, -1.000000000000000000 ) ) ;
#3824 = CARTESIAN_POINT ( 'NONE',  ( -6.963087056531314545, 1.000000000000000000, 39.81188535139720841 ) ) ;
#3825 = ORIENTED_EDGE ( 'NONE', *, *, #4896, .F. ) ;
#3826 = FACE_OUTER_BOUND ( 'NONE', #3789, .T. ) ;
#3827 = CARTESIAN_POINT ( 'NONE',  ( -12.74248918307775291, 1.000000000000000000, 40.60854555426416113 ) ) ;
#3828 = DIRECTION ( 'NONE',  ( 1.000000000000000000, 0.000000000000000000, 0.000000000000000000 ) ) ;
#3829 = CARTESIAN_POINT ( 'NONE',  ( -20.50000000000000355, 1.000000000000000000, -14.50000000000004086 ) ) ;
#3830 = ORIENTED_EDGE ( 'NONE', *, *, #2660, .F. ) ;
#3831 = CARTESIAN_POINT ( 'NONE',  ( -5.257995642048669538, -2.168404344971008868E-16, 39.44350706053320010 ) ) ;
#3832 = CARTESIAN_POINT ( 'NONE',  ( -3.719396478671860962, 0.000000000000000000, 39.70722293578302242 ) ) ;
#3833 = ORIENTED_EDGE ( 'NONE', *, *, #343, .F. ) ;
#3834 = AXIS2_PLACEMENT_3D ( 'NONE', #5299, #5950, #1502 ) ;
#3835 = VERTEX_POINT ( 'NONE', #5599 ) ;
#3836 = CARTESIAN_POINT ( 'NONE',  ( -0.01473193973690074127, 1.000000000000000000, 41.14548241751533908 ) ) ;
#3837 = ORIENTED_EDGE ( 'NONE', *, *, #5417, .F. ) ;
#3838 = CARTESIAN_POINT ( 'NONE',  ( -8.342464865368846461, 0.000000000000000000, 39.53714583903603597 ) ) ;
#3839 = ORIENTED_EDGE ( 'NONE', *, *, #4260, .F. ) ;
#3840 = VECTOR ( 'NONE', #3102, 1000.000000000000000 ) ;
#3841 = AXIS2_PLACEMENT_3D ( 'NONE', #4124, #1036, #2862 ) ;
#3842 = VECTOR ( 'NONE', #4637, 1000.000000000000000 ) ;
#3843 = ORIENTED_EDGE ( 'NONE', *, *, #7718, .T. ) ;
#3844 = DIRECTION ( 'NONE',  ( -0.000000000000000000, -1.000000000000000000, -0.000000000000000000 ) ) ;
#3845 = DIRECTION ( 'NONE',  ( 0.000000000000000000, 0.000000000000000000, 1.000000000000000000 ) ) ;
#3846 = CARTESIAN_POINT ( 'NONE',  ( -3.099297329026661885, 0.000000000000000000, 39.90983797553068513 ) ) ;
#3847 = CARTESIAN_POINT ( 'NONE',  ( -6.053934607142283042, 0.000000000000000000, 38.88322787360075949 ) ) ;
#3848 = VECTOR ( 'NONE', #7700, 1000.000000000000000 ) ;
#3849 = DIRECTION ( 'NONE',  ( -1.000000000000000000, 0.000000000000000000, 0.000000000000000000 ) ) ;
#3850 = PLANE ( 'NONE',  #75 ) ;
#3851 = VECTOR ( 'NONE', #6640, 1000.000000000000000 ) ;
#3852 = ORIENTED_EDGE ( 'NONE', *, *, #687, .F. ) ;
#3853 = CARTESIAN_POINT ( 'NONE',  ( -7.446176146961263065, 1.000000000000000000, 40.88471154557890941 ) ) ;
#3854 = ORIENTED_EDGE ( 'NONE', *, *, #4297, .F. ) ;
#3855 = CARTESIAN_POINT ( 'NONE',  ( 5.000000000000000888, 0.3000000000000001554, -41.50000000000002132 ) ) ;
#3856 = DIRECTION ( 'NONE',  ( 1.000000000000000000, 0.000000000000000000, 0.000000000000000000 ) ) ;
#3857 = DIRECTION ( 'NONE',  ( -0.000000000000000000, 1.000000000000000000, -0.000000000000000000 ) ) ;
#3858 = ADVANCED_FACE ( 'NONE', ( #6178 ), #2455, .T. ) ;
#3859 = FACE_OUTER_BOUND ( 'NONE', #445, .T. ) ;
#3860 = CIRCLE ( 'NONE', #2284, 0.5000000000000004441 ) ;
#3861 = CARTESIAN_POINT ( 'NONE',  ( -12.55006478137655002, 1.000000000000000000, 41.27213640130365491 ) ) ;
#3862 = EDGE_CURVE ( 'NONE', #7296, #2863, #654, .T. ) ;
#3863 = FACE_OUTER_BOUND ( 'NONE', #7701, .T. ) ;
#3864 = VERTEX_POINT ( 'NONE', #2653 ) ;
#3865 = CARTESIAN_POINT ( 'NONE',  ( -3.812235999651717666, 1.000000000000000000, 40.96123336018781202 ) ) ;
#3866 = EDGE_LOOP ( 'NONE', ( #3576, #1312, #1233, #4671 ) ) ;
#3867 = CARTESIAN_POINT ( 'NONE',  ( -12.69609325622486296, 1.000000000000000000, 40.59396509033186362 ) ) ;
#3868 = CARTESIAN_POINT ( 'NONE',  ( -9.124417034257520598, 1.000000000000000000, 39.40880381279465894 ) ) ;
#3869 = EDGE_CURVE ( 'NONE', #7535, #5663, #6466, .T. ) ;
#3870 = ADVANCED_FACE ( 'NONE', ( #5192 ), #4567, .T. ) ;
#3871 = EDGE_LOOP ( 'NONE', ( #1048, #4621, #220, #5003, #5506, #6362, #2044, #6411, #1920 ) ) ;
#3872 = FACE_OUTER_BOUND ( 'NONE', #6622, .T. ) ;
#3873 = DIRECTION ( 'NONE',  ( -1.000000000000000000, 0.000000000000000000, 0.000000000000000000 ) ) ;
#3874 = LINE ( 'NONE', #6292, #7306 ) ;
#3875 = CARTESIAN_POINT ( 'NONE',  ( 17.50000000000000000, 0.5000000000000000000, -43.50000000000000000 ) ) ;
#3876 = VERTEX_POINT ( 'NONE', #5850 ) ;
#3877 = ORIENTED_EDGE ( 'NONE', *, *, #6524, .T. ) ;
#3878 = CIRCLE ( 'NONE', #6507, 3.000000000000002665 ) ;
#3879 = AXIS2_PLACEMENT_3D ( 'NONE', #676, #1162, #3111 ) ;
#3880 = CARTESIAN_POINT ( 'NONE',  ( -0.01473193973690074127, 0.000000000000000000, 42.19999999999999574 ) ) ;
#3881 = ORIENTED_EDGE ( 'NONE', *, *, #6903, .T. ) ;
#3882 = CARTESIAN_POINT ( 'NONE',  ( -12.36329879952784339, 1.000000000000000000, 40.25397607504197595 ) ) ;
#3883 = ORIENTED_EDGE ( 'NONE', *, *, #7607, .T. ) ;
#3884 = CARTESIAN_POINT ( 'NONE',  ( -3.148579966557493393, 1.000000000000000000, 40.81062920310279907 ) ) ;
#3885 = CARTESIAN_POINT ( 'NONE',  ( -7.525000000000000355, 0.000000000000000000, 24.77499999999999858 ) ) ;
#3886 = CARTESIAN_POINT ( 'NONE',  ( -2.470833318061973483, 0.000000000000000000, 39.39413572304797384 ) ) ;
#3887 = LINE ( 'NONE', #4005, #5248 ) ;
#3888 = LINE ( 'NONE', #2095, #3485 ) ;
#3889 = CARTESIAN_POINT ( 'NONE',  ( 5.000000000000000888, 0.3000000000000001554, -41.50000000000002132 ) ) ;
#3890 = VERTEX_POINT ( 'NONE', #259 ) ;
#3891 = CARTESIAN_POINT ( 'NONE',  ( -12.62647425041788019, 0.000000000000000000, 42.09968338836450386 ) ) ;
#3892 = ORIENTED_EDGE ( 'NONE', *, *, #677, .F. ) ;
#3893 = CARTESIAN_POINT ( 'NONE',  ( -6.721548937934482382, 1.000000000000000000, 41.74364952252323491 ) ) ;
#3894 = CARTESIAN_POINT ( 'NONE',  ( -20.50000000000000355, 16.50000000000000000, 44.00000000000000000 ) ) ;
#3895 = CARTESIAN_POINT ( 'NONE',  ( -5.196647095193567267, 1.000000000000000000, 38.88309750971868795 ) ) ;
#3896 = DIRECTION ( 'NONE',  ( 0.000000000000000000, 0.000000000000000000, 1.000000000000000000 ) ) ;
#3897 = CARTESIAN_POINT ( 'NONE',  ( -12.50565553840695365, 1.000000000000000000, 41.12008747361034011 ) ) ;
#3898 = CARTESIAN_POINT ( 'NONE',  ( -9.536752197793271435, 0.000000000000000000, 41.02075128517785174 ) ) ;
#3899 = EDGE_CURVE ( 'NONE', #3472, #3034, #2739, .T. ) ;
#3900 = VERTEX_POINT ( 'NONE', #7723 ) ;
#3901 = CARTESIAN_POINT ( 'NONE',  ( -2.419464096465670622, 0.000000000000000000, 42.19999999999999574 ) ) ;
#3902 = ORIENTED_EDGE ( 'NONE', *, *, #4354, .T. ) ;
#3903 = CARTESIAN_POINT ( 'NONE',  ( 1.324680917913261480, 1.000000000000000000, 39.92353822782441597 ) ) ;
#3904 = VECTOR ( 'NONE', #544, 1000.000000000000000 ) ;
#3905 = CARTESIAN_POINT ( 'NONE',  ( -9.355554944398967621, 1.000000000000000000, 39.59632042104874472 ) ) ;
#3906 = VERTEX_POINT ( 'NONE', #3391 ) ;
#3907 = CARTESIAN_POINT ( 'NONE',  ( -3.815585966234085635, 1.000000000000000000, 40.26244208595968388 ) ) ;
#3908 = CARTESIAN_POINT ( 'NONE',  ( 0.5000000000000004441, -0.2360679774997919977, 29.48303989154980798 ) ) ;
#3909 = LINE ( 'NONE', #1514, #4223 ) ;
#3910 = LINE ( 'NONE', #1473, #7834 ) ;
#3911 = EDGE_CURVE ( 'NONE', #7381, #4960, #5889, .T. ) ;
#3912 = CARTESIAN_POINT ( 'NONE',  ( 4.119968255444916849E-15, 19.25000000000000355, 39.99999999999999289 ) ) ;
#3913 = VERTEX_POINT ( 'NONE', #4445 ) ;
#3914 = ADVANCED_FACE ( 'NONE', ( #6952 ), #3005, .T. ) ;
#3915 = ORIENTED_EDGE ( 'NONE', *, *, #6819, .T. ) ;
#3916 = CIRCLE ( 'NONE', #6412, 3.000000000000002665 ) ;
#3917 = ADVANCED_FACE ( 'NONE', ( #2173 ), #6808, .F. ) ;
#3918 = DIRECTION ( 'NONE',  ( 0.5074448117530484526, 0.000000000000000000, -0.8616842594738012284 ) ) ;
#3919 = EDGE_CURVE ( 'NONE', #5334, #2748, #4076, .T. ) ;
#3920 = ORIENTED_EDGE ( 'NONE', *, *, #6861, .F. ) ;
#3921 = CARTESIAN_POINT ( 'NONE',  ( -8.107918097756128262, 0.000000000000000000, 40.23206225803919978 ) ) ;
#3922 = ORIENTED_EDGE ( 'NONE', *, *, #2222, .T. ) ;
#3923 = CARTESIAN_POINT ( 'NONE',  ( -1.279882995803637735, 1.000000000000000000, 38.87307128906249432 ) ) ;
#3924 = FACE_BOUND ( 'NONE', #7475, .T. ) ;
#3925 = LINE ( 'NONE', #4451, #4616 ) ;
#3926 = CARTESIAN_POINT ( 'NONE',  ( -1.279882995803637735, 1.000000000000000000, 42.19999999999999574 ) ) ;
#3927 = CARTESIAN_POINT ( 'NONE',  ( 19.90041507641943141, 24.00000000000000000, -81.85104867949057450 ) ) ;
#3928 = CIRCLE ( 'NONE', #1985, 2.999999999999999112 ) ;
#3929 = LINE ( 'NONE', #2665, #211 ) ;
#3930 = VERTEX_POINT ( 'NONE', #989 ) ;
#3931 = LINE ( 'NONE', #5163, #853 ) ;
#3932 = VERTEX_POINT ( 'NONE', #7223 ) ;
#3933 = CARTESIAN_POINT ( 'NONE',  ( -5.625548603008321713, 0.000000000000000000, 42.24320686637580025 ) ) ;
#3934 = LINE ( 'NONE', #3894, #901 ) ;
#3935 = CARTESIAN_POINT ( 'NONE',  ( -4.394467678223994866, 1.000000000000000000, 41.51653259535947882 ) ) ;
#3936 = CIRCLE ( 'NONE', #4318, 2.250000000000001332 ) ;
#3937 = LINE ( 'NONE', #7698, #8032 ) ;
#3938 = CARTESIAN_POINT ( 'NONE',  ( -3.121801229433724956, 0.000000000000000000, 41.08063309869420010 ) ) ;
#3939 = CARTESIAN_POINT ( 'NONE',  ( -7.015594507192638218, 0.000000000000000000, 40.23813822362329518 ) ) ;
#3940 = EDGE_LOOP ( 'NONE', ( #3983, #1318, #2984, #4978 ) ) ;
#3941 = CARTESIAN_POINT ( 'NONE',  ( -3.099297329026661885, 1.000000000000000000, 39.90983797553068513 ) ) ;
#3942 = ORIENTED_EDGE ( 'NONE', *, *, #7025, .T. ) ;
#3943 = VECTOR ( 'NONE', #7829, 1000.000000000000000 ) ;
#3944 = CARTESIAN_POINT ( 'NONE',  ( -12.86899862219522284, 1.000000000000000000, 40.66755302084575163 ) ) ;
#3945 = CARTESIAN_POINT ( 'NONE',  ( -9.054806837082550075, 0.000000000000000000, 39.38194406229025901 ) ) ;
#3946 = ORIENTED_EDGE ( 'NONE', *, *, #6162, .T. ) ;
#3947 = CARTESIAN_POINT ( 'NONE',  ( -2.419464096465670622, 1.000000000000000000, 38.87307128906249432 ) ) ;
#3948 = DIRECTION ( 'NONE',  ( 1.000000000000000000, 0.000000000000000000, 0.000000000000000000 ) ) ;
#3949 = CARTESIAN_POINT ( 'NONE',  ( -13.15158717259558330, 1.000000000000000000, 40.98767780553906448 ) ) ;
#3950 = CARTESIAN_POINT ( 'NONE',  ( -12.36329879952784339, 0.000000000000000000, 40.25397607504197595 ) ) ;
#3951 = DIRECTION ( 'NONE',  ( 0.000000000000000000, 0.000000000000000000, 1.000000000000000000 ) ) ;
#3952 = ORIENTED_EDGE ( 'NONE', *, *, #1972, .F. ) ;
#3953 = ORIENTED_EDGE ( 'NONE', *, *, #140, .F. ) ;
#3954 = EDGE_CURVE ( 'NONE', #4011, #5538, #4725, .T. ) ;
#3955 = DIRECTION ( 'NONE',  ( 0.000000000000000000, 0.000000000000000000, 1.000000000000000000 ) ) ;
#3956 = EDGE_CURVE ( 'NONE', #3654, #5678, #5149, .T. ) ;
#3957 = ORIENTED_EDGE ( 'NONE', *, *, #4658, .T. ) ;
#3958 = DIRECTION ( 'NONE',  ( -1.000000000000000000, 0.000000000000000000, 0.000000000000000000 ) ) ;
#3959 = ORIENTED_EDGE ( 'NONE', *, *, #472, .F. ) ;
#3960 = CARTESIAN_POINT ( 'NONE',  ( 1.338183063655702609, 1.000000000000000000, 42.19999999999999574 ) ) ;
#3961 = LINE ( 'NONE', #6391, #3584 ) ;
#3962 = LINE ( 'NONE', #3355, #4097 ) ;
#3963 = EDGE_CURVE ( 'NONE', #346, #5590, #5917, .T. ) ;
#3964 = EDGE_CURVE ( 'NONE', #4467, #2565, #7856, .T. ) ;
#3965 = CARTESIAN_POINT ( 'NONE',  ( -8.820831392957019901, 1.000000000000000000, 38.82986442268668270 ) ) ;
#3966 = VECTOR ( 'NONE', #556, 1000.000000000000000 ) ;
#3967 = CARTESIAN_POINT ( 'NONE',  ( -13.19698562592806823, 0.000000000000000000, 39.97052310937799291 ) ) ;
#3968 = VECTOR ( 'NONE', #5435, 1000.000000000000000 ) ;
#3969 = CARTESIAN_POINT ( 'NONE',  ( 3.706649960732684935E-15, 16.50000000000000000, 44.00000000000000000 ) ) ;
#3970 = VERTEX_POINT ( 'NONE', #6159 ) ;
#3971 = CARTESIAN_POINT ( 'NONE',  ( -7.496739086853851930, 1.000000000000000000, 41.26258314496016055 ) ) ;
#3972 = ORIENTED_EDGE ( 'NONE', *, *, #2895, .F. ) ;
#3973 = CARTESIAN_POINT ( 'NONE',  ( -6.799649897467602955, 0.000000000000000000, 41.63291854017213467 ) ) ;
#3974 = CARTESIAN_POINT ( 'NONE',  ( -9.547921941187476946, 0.000000000000000000, 40.23206225803919978 ) ) ;
#3975 = CARTESIAN_POINT ( 'NONE',  ( -12.54055446861018908, 0.000000000000000000, 41.21774020021141638 ) ) ;
#3976 = VECTOR ( 'NONE', #6064, 1000.000000000000000 ) ;
#3977 = CARTESIAN_POINT ( 'NONE',  ( -8.107918097756128262, 0.000000000000000000, 40.83358285086494988 ) ) ;
#3978 = CARTESIAN_POINT ( 'NONE',  ( -2.631275774971848946, 0.000000000000000000, 41.64918290755145591 ) ) ;
#3979 = VECTOR ( 'NONE', #7086, 1000.000000000000000 ) ;
#3980 = CARTESIAN_POINT ( 'NONE',  ( 18.49999999999999645, 26.00000000000000355, -42.00000000000000711 ) ) ;
#3981 = ORIENTED_EDGE ( 'NONE', *, *, #1034, .T. ) ;
#3982 = DIRECTION ( 'NONE',  ( 0.000000000000000000, 0.000000000000000000, 1.000000000000000000 ) ) ;
#3983 = ORIENTED_EDGE ( 'NONE', *, *, #8058, .F. ) ;
#3984 = CARTESIAN_POINT ( 'NONE',  ( 2.003838848758051405, 1.000000000000000000, 38.87307128906249432 ) ) ;
#3985 = CARTESIAN_POINT ( 'NONE',  ( -6.422321384578626002, 1.000000000000000000, 39.05285795492782341 ) ) ;
#3986 = CARTESIAN_POINT ( 'NONE',  ( -7.495915505090168018, 0.000000000000000000, 39.81177443701671592 ) ) ;
#3987 = VECTOR ( 'NONE', #581, 1000.000000000000000 ) ;
#3988 = ORIENTED_EDGE ( 'NONE', *, *, #1231, .T. ) ;
#3989 = DIRECTION ( 'NONE',  ( -0.000000000000000000, -0.000000000000000000, 1.000000000000000000 ) ) ;
#3990 = CARTESIAN_POINT ( 'NONE',  ( -13.15158717259558330, 0.000000000000000000, 40.98767780553906448 ) ) ;
#3991 = FACE_BOUND ( 'NONE', #4980, .T. ) ;
#3992 = ORIENTED_EDGE ( 'NONE', *, *, #18, .T. ) ;
#3993 = DIRECTION ( 'NONE',  ( 0.000000000000000000, 0.000000000000000000, -1.000000000000000000 ) ) ;
#3994 = ORIENTED_EDGE ( 'NONE', *, *, #4156, .F. ) ;
#3995 = VECTOR ( 'NONE', #5453, 1000.000000000000000 ) ;
#3996 = ORIENTED_EDGE ( 'NONE', *, *, #6702, .T. ) ;
#3997 = LINE ( 'NONE', #4803, #137 ) ;
#3998 = ORIENTED_EDGE ( 'NONE', *, *, #5415, .T. ) ;
#3999 = CARTESIAN_POINT ( 'NONE',  ( -8.293551037676106574, 1.000000000000000000, 39.59505128259326767 ) ) ;
#4000 = ADVANCED_FACE ( 'NONE', ( #344 ), #6896, .T. ) ;
#4001 = ORIENTED_EDGE ( 'NONE', *, *, #3707, .F. ) ;
#4002 = LINE ( 'NONE', #2781, #727 ) ;
#4003 = DIRECTION ( 'NONE',  ( 0.000000000000000000, 1.000000000000000000, 0.000000000000000000 ) ) ;
#4004 = AXIS2_PLACEMENT_3D ( 'NONE', #2704, #267, #5158 ) ;
#4005 = CARTESIAN_POINT ( 'NONE',  ( -1.279882995803637735, 1.000000000000000000, 38.87307128906249432 ) ) ;
#4006 = CARTESIAN_POINT ( 'NONE',  ( -12.55822533446472988, 0.000000000000000000, 41.62683391323336934 ) ) ;
#4007 = AXIS2_PLACEMENT_3D ( 'NONE', #6557, #4015, #5361 ) ;
#4008 = EDGE_CURVE ( 'NONE', #2686, #6481, #8009, .T. ) ;
#4009 = DIRECTION ( 'NONE',  ( 0.000000000000000000, 0.000000000000000000, -1.000000000000000000 ) ) ;
#4010 = ADVANCED_FACE ( 'NONE', ( #7456 ), #162, .F. ) ;
#4011 = VERTEX_POINT ( 'NONE', #5090 ) ;
#4012 = LINE ( 'NONE', #5897, #1883 ) ;
#4013 = ORIENTED_EDGE ( 'NONE', *, *, #8056, .T. ) ;
#4014 = CARTESIAN_POINT ( 'NONE',  ( -13.30986312531619653, 0.000000000000000000, 42.05706901167678780 ) ) ;
#4015 = DIRECTION ( 'NONE',  ( -0.000000000000000000, -0.000000000000000000, -1.000000000000000000 ) ) ;
#4016 = CARTESIAN_POINT ( 'NONE',  ( -4.248844203296016531, 1.000000000000000000, 40.18857988217608579 ) ) ;
#4017 = EDGE_CURVE ( 'NONE', #1898, #7008, #4230, .T. ) ;
#4018 = CARTESIAN_POINT ( 'NONE',  ( -9.727787819299765104, 0.000000000000000000, 39.13452977689640733 ) ) ;
#4019 = DIRECTION ( 'NONE',  ( 1.000000000000000000, 0.000000000000000000, 0.000000000000000000 ) ) ;
#4020 = FACE_OUTER_BOUND ( 'NONE', #3796, .T. ) ;
#4021 = ADVANCED_FACE ( 'NONE', ( #1386 ), #4388, .F. ) ;
#4022 = CARTESIAN_POINT ( 'NONE',  ( -9.308400471932250397, 0.000000000000000000, 41.53505624808690300 ) ) ;
#4023 = VERTEX_POINT ( 'NONE', #4512 ) ;
#4024 = CARTESIAN_POINT ( 'NONE',  ( -2.414090638984117465, 1.000000000000000000, 39.39242812109369396 ) ) ;
#4025 = VERTEX_POINT ( 'NONE', #7018 ) ;
#4026 = DIRECTION ( 'NONE',  ( 0.000000000000000000, 0.000000000000000000, 1.000000000000000000 ) ) ;
#4027 = CARTESIAN_POINT ( 'NONE',  ( -8.180026550382637041, 0.000000000000000000, 41.26947296769148466 ) ) ;
#4028 = CARTESIAN_POINT ( 'NONE',  ( -4.956732862288331098, 0.000000000000000000, 41.19090075861951306 ) ) ;
#4029 = CARTESIAN_POINT ( 'NONE',  ( -17.97548345733783393, 24.16288474169492417, 43.97201873889715529 ) ) ;
#4030 = LINE ( 'NONE', #4678, #4131 ) ;
#4031 = CARTESIAN_POINT ( 'NONE',  ( -13.02069731221881277, 0.000000000000000000, 40.78254622267271401 ) ) ;
#4032 = CIRCLE ( 'NONE', #7819, 2.250000000000001332 ) ;
#4033 = DIRECTION ( 'NONE',  ( 0.000000000000000000, 0.000000000000000000, -1.000000000000000000 ) ) ;
#4034 = VERTEX_POINT ( 'NONE', #4999 ) ;
#4035 = CARTESIAN_POINT ( 'NONE',  ( 7.525000000000000355, 0.000000000000000000, 24.77499999999999858 ) ) ;
#4036 = EDGE_LOOP ( 'NONE', ( #2149, #6012, #2643, #2275, #3435, #2735, #600, #5626 ) ) ;
#4037 = VERTEX_POINT ( 'NONE', #3901 ) ;
#4038 = CARTESIAN_POINT ( 'NONE',  ( 0.000000000000000000, 0.000000000000000000, 0.000000000000000000 ) ) ;
#4039 = DIRECTION ( 'NONE',  ( -1.000000000000000000, -0.000000000000000000, -0.000000000000000000 ) ) ;
#4040 = VERTEX_POINT ( 'NONE', #3087 ) ;
#4041 = PLANE ( 'NONE',  #5536 ) ;
#4042 = CARTESIAN_POINT ( 'NONE',  ( -13.22349333439411545, 1.000000000000000000, 41.65521061853124962 ) ) ;
#4043 = AXIS2_PLACEMENT_3D ( 'NONE', #6987, #1396, #7678 ) ;
#4044 = EDGE_CURVE ( 'NONE', #7925, #629, #5582, .T. ) ;
#4045 = CARTESIAN_POINT ( 'NONE',  ( 5.204170427930423650E-15, 22.00000000000000711, 44.00000000000000000 ) ) ;
#4046 = LINE ( 'NONE', #1709, #209 ) ;
#4047 = CARTESIAN_POINT ( 'NONE',  ( -11.65000000000000036, 5.000000000000000000, -39.05000000000001847 ) ) ;
#4048 = ORIENTED_EDGE ( 'NONE', *, *, #3765, .T. ) ;
#4049 = CARTESIAN_POINT ( 'NONE',  ( -7.924644464467613503, 1.000000000000000000, 41.93943188650532505 ) ) ;
#4050 = CARTESIAN_POINT ( 'NONE',  ( -5.675797107724261714, 1.000000000000000000, 42.24215401961486549 ) ) ;
#4051 = CARTESIAN_POINT ( 'NONE',  ( -18.50000000000000355, 1.000000000000000000, 41.99999999999999289 ) ) ;
#4052 = CARTESIAN_POINT ( 'NONE',  ( -12.20947290700478050, 0.000000000000000000, 40.87894742444168372 ) ) ;
#4053 = CARTESIAN_POINT ( 'NONE',  ( -19.65534243804603065, 24.35000000000000142, 42.85000000000000142 ) ) ;
#4054 = EDGE_CURVE ( 'NONE', #48, #7797, #5623, .T. ) ;
#4055 = LINE ( 'NONE', #1731, #5319 ) ;
#4056 = CARTESIAN_POINT ( 'NONE',  ( -9.442123887993673748, 0.000000000000000000, 41.34361849979201509 ) ) ;
#4057 = EDGE_CURVE ( 'NONE', #2034, #3128, #4483, .T. ) ;
#4058 = EDGE_CURVE ( 'NONE', #2151, #3259, #4707, .T. ) ;
#4059 = ORIENTED_EDGE ( 'NONE', *, *, #6009, .T. ) ;
#4060 = CARTESIAN_POINT ( 'NONE',  ( -8.132799525236222848, 1.000000000000000000, 41.10818612692376206 ) ) ;
#4061 = B_SPLINE_CURVE_WITH_KNOTS ( 'NONE', 3,
 ( #2273, #6688, #3617, #5541, #1704, #3534, #7295, #3007, #3577, #5422, #5499, #4186, #7869, #4759, #8030, #4923, #4306, #2349, #7379 ),
 .UNSPECIFIED., .F., .F.,
 ( 4, 1, 1, 1, 1, 1, 1, 1, 1, 1, 1, 1, 1, 1, 1, 1, 4 ),
 ( 0.000000000000000000, 0.06754833664786011327, 0.1325516695759140495, 0.1952254823667967376, 0.2565522035029124681, 0.3168088224494997607, 0.3766733412029135697, 0.4372649060884281069, 0.4990499599808042031, 0.5607315244112555108, 0.6216531320571606622, 0.6821090900150486025, 0.7427014245273787507, 0.8043186927919613316, 0.8672227418442760571, 0.9324516633521389153, 1.000000000000000000 ),
 .UNSPECIFIED. ) ;
#4062 = ORIENTED_EDGE ( 'NONE', *, *, #1579, .T. ) ;
#4063 = CARTESIAN_POINT ( 'NONE',  ( -13.22210079120285009, 1.000000000000000000, 41.31234092979578776 ) ) ;
#4064 = CARTESIAN_POINT ( 'NONE',  ( -8.212573469902768153, 0.000000000000000000, 41.34338491910011015 ) ) ;
#4065 = CARTESIAN_POINT ( 'NONE',  ( -8.143990389967262544, 1.000000000000000000, 38.98344318218652660 ) ) ;
#4066 = VERTEX_POINT ( 'NONE', #3334 ) ;
#4067 = ADVANCED_FACE ( 'NONE', ( #7093 ), #4635, .F. ) ;
#4068 = ADVANCED_FACE ( 'NONE', ( #5176 ), #5255, .T. ) ;
#4069 = CARTESIAN_POINT ( 'NONE',  ( 6.000000000000004441, 19.25000000000000000, 43.00000000000000000 ) ) ;
#4070 = CARTESIAN_POINT ( 'NONE',  ( -12.97491779268469614, 0.000000000000000000, 40.74084060040951272 ) ) ;
#4071 = ORIENTED_EDGE ( 'NONE', *, *, #828, .F. ) ;
#4072 = CARTESIAN_POINT ( 'NONE',  ( -19.50000000000000355, 1.000000000000000000, -14.50000000000004086 ) ) ;
#4073 = VERTEX_POINT ( 'NONE', #1463 ) ;
#4074 = ORIENTED_EDGE ( 'NONE', *, *, #6271, .F. ) ;
#4075 = CARTESIAN_POINT ( 'NONE',  ( -20.50000000000000355, 26.00000000000000355, -40.99999999999999289 ) ) ;
#4076 = LINE ( 'NONE', #4877, #5534 ) ;
#4077 = EDGE_LOOP ( 'NONE', ( #788, #1216, #2627, #5992 ) ) ;
#4078 = CARTESIAN_POINT ( 'NONE',  ( -3.762519982319842526, 0.000000000000000000, 41.24041774624000567 ) ) ;
#4079 = CARTESIAN_POINT ( 'NONE',  ( -4.832795841804705894, 1.000000000000000000, 39.05288680998296513 ) ) ;
#4080 = LINE ( 'NONE', #7808, #6239 ) ;
#4081 = DIRECTION ( 'NONE',  ( -0.000000000000000000, -1.000000000000000000, -0.000000000000000000 ) ) ;
#4082 = PLANE ( 'NONE',  #7633 ) ;
#4083 = ORIENTED_EDGE ( 'NONE', *, *, #787, .T. ) ;
#4084 = DIRECTION ( 'NONE',  ( 0.000000000000000000, 0.000000000000000000, 1.000000000000000000 ) ) ;
#4085 = CARTESIAN_POINT ( 'NONE',  ( -13.17029376894973680, 0.000000000000000000, 40.08643186166186467 ) ) ;
#4086 = CARTESIAN_POINT ( 'NONE',  ( -9.054806837082550075, 1.000000000000000000, 39.38194406229025901 ) ) ;
#4087 = CARTESIAN_POINT ( 'NONE',  ( 0.000000000000000000, 2.000000000000000000, 0.000000000000000000 ) ) ;
#4088 = DIRECTION ( 'NONE',  ( -0.000000000000000000, -1.000000000000000000, -0.000000000000000000 ) ) ;
#4089 = VECTOR ( 'NONE', #6787, 1000.000000000000000 ) ;
#4090 = VECTOR ( 'NONE', #5012, 1000.000000000000000 ) ;
#4091 = CARTESIAN_POINT ( 'NONE',  ( -12.30540656166395586, 0.000000000000000000, 40.91335487656210290 ) ) ;
#4092 = LINE ( 'NONE', #5333, #1383 ) ;
#4093 = ORIENTED_EDGE ( 'NONE', *, *, #196, .T. ) ;
#4094 = CARTESIAN_POINT ( 'NONE',  ( -8.396482364368326401, 1.000000000000000000, 42.18983138524006193 ) ) ;
#4095 = ORIENTED_EDGE ( 'NONE', *, *, #7571, .F. ) ;
#4096 = CARTESIAN_POINT ( 'NONE',  ( -6.243242426141363488, 1.000000000000000000, 39.72928893388636595 ) ) ;
#4097 = VECTOR ( 'NONE', #6471, 1000.000000000000000 ) ;
#4098 = CARTESIAN_POINT ( 'NONE',  ( -8.132799525236222848, 1.000000000000000000, 41.10818612692376206 ) ) ;
#4099 = AXIS2_PLACEMENT_3D ( 'NONE', #3591, #6095, #505 ) ;
#4100 = CARTESIAN_POINT ( 'NONE',  ( -7.537716947659503397, 1.000000000000000000, 39.68163377784200918 ) ) ;
#4101 = ADVANCED_FACE ( 'NONE', ( #6493 ), #7136, .T. ) ;
#4102 = VECTOR ( 'NONE', #6477, 1000.000000000000000 ) ;
#4103 = EDGE_LOOP ( 'NONE', ( #3532, #866, #3883, #1794 ) ) ;
#4104 = VECTOR ( 'NONE', #3646, 1000.000000000000000 ) ;
#4105 = EDGE_CURVE ( 'NONE', #7858, #5789, #3571, .T. ) ;
#4106 = LINE ( 'NONE', #6683, #2893 ) ;
#4107 = DIRECTION ( 'NONE',  ( 0.000000000000000000, 0.000000000000000000, -1.000000000000000000 ) ) ;
#4108 = ORIENTED_EDGE ( 'NONE', *, *, #4604, .F. ) ;
#4109 = PLANE ( 'NONE',  #3702 ) ;
#4110 = EDGE_CURVE ( 'NONE', #76, #4720, #5790, .T. ) ;
#4111 = AXIS2_PLACEMENT_3D ( 'NONE', #4206, #5520, #8006 ) ;
#4112 = EDGE_CURVE ( 'NONE', #2579, #3864, #2383, .T. ) ;
#4113 = VERTEX_POINT ( 'NONE', #1583 ) ;
#4114 = VERTEX_POINT ( 'NONE', #2840 ) ;
#4115 = EDGE_CURVE ( 'NONE', #4391, #3259, #4738, .T. ) ;
#4116 = DIRECTION ( 'NONE',  ( -8.896017825522089339E-17, 0.000000000000000000, 1.000000000000000000 ) ) ;
#4117 = CARTESIAN_POINT ( 'NONE',  ( -4.982718438572572239, 1.000000000000000000, 41.26947296769150597 ) ) ;
#4118 = AXIS2_PLACEMENT_3D ( 'NONE', #1984, #1378, #5659 ) ;
#4119 = VERTEX_POINT ( 'NONE', #201 ) ;
#4120 = DIRECTION ( 'NONE',  ( -1.000000000000000000, 0.000000000000000000, 0.000000000000000000 ) ) ;
#4121 = CARTESIAN_POINT ( 'NONE',  ( -4.298607393280103217, 1.000000000000000000, 39.81177443701671592 ) ) ;
#4122 = B_SPLINE_CURVE_WITH_KNOTS ( 'NONE', 3,
 ( #2509, #773, #2470, #1339, #2551, #4427, #5707, #608, #6283, #5045, #7453, #1298, #5580, #1257, #1824, #7417, #5621, #1905, #3165 ),
 .UNSPECIFIED., .F., .F.,
 ( 4, 1, 1, 1, 1, 1, 1, 1, 1, 1, 1, 1, 1, 1, 1, 1, 4 ),
 ( 0.000000000000000000, 0.07345715613897869922, 0.1441200022763791389, 0.2117209706102848865, 0.2773648265937364576, 0.3407292973374566047, 0.4029304958146238680, 0.4647323957381087056, 0.5257030480813035256, 0.5855512426781944724, 0.6438346293953999266, 0.7010245918864562720, 0.7578260360307713661, 0.8152895099920245414, 0.8744465696945319388, 0.9359361114453000896, 1.000000000000000000 ),
 .UNSPECIFIED. ) ;
#4123 = CARTESIAN_POINT ( 'NONE',  ( -13.22407759558715412, 1.000000000000000000, 41.70330414871190072 ) ) ;
#4124 = CARTESIAN_POINT ( 'NONE',  ( 0.000000000000000000, 0.000000000000000000, 0.000000000000000000 ) ) ;
#4125 = ORIENTED_EDGE ( 'NONE', *, *, #6754, .F. ) ;
#4126 = CARTESIAN_POINT ( 'NONE',  ( -2.414090638984117465, -0.000000000000000000, 39.39242812109369396 ) ) ;
#4127 = DIRECTION ( 'NONE',  ( 0.000000000000000000, 0.000000000000000000, -1.000000000000000000 ) ) ;
#4128 = CARTESIAN_POINT ( 'NONE',  ( -14.00000000000000178, 1.000000000000000000, 42.49999999999999289 ) ) ;
#4129 = CARTESIAN_POINT ( 'NONE',  ( 0.000000000000000000, 2.200000000000000178, 26.52499999999999858 ) ) ;
#4130 = DIRECTION ( 'NONE',  ( -0.000000000000000000, -1.000000000000000000, -0.000000000000000000 ) ) ;
#4131 = VECTOR ( 'NONE', #3989, 1000.000000000000000 ) ;
#4132 = AXIS2_PLACEMENT_3D ( 'NONE', #7272, #1110, #955 ) ;
#4133 = CARTESIAN_POINT ( 'NONE',  ( -4.910609985946062572, 1.000000000000000000, 40.23206225803919978 ) ) ;
#4134 = CARTESIAN_POINT ( 'NONE',  ( -9.727787819299765104, 0.000000000000000000, 39.13452977689640733 ) ) ;
#4135 = ORIENTED_EDGE ( 'NONE', *, *, #1172, .F. ) ;
#4136 = CARTESIAN_POINT ( 'NONE',  ( -8.742165451578719271, 1.000000000000000000, 41.72229827478204101 ) ) ;
#4137 = EDGE_LOOP ( 'NONE', ( #1258, #705, #870, #2976 ) ) ;
#4138 = CARTESIAN_POINT ( 'NONE',  ( 0.000000000000000000, -2.242640687119287879, 28.02500000000000213 ) ) ;
#4139 = CARTESIAN_POINT ( 'NONE',  ( -8.251130300227963232, 0.000000000000000000, 41.41263195574053668 ) ) ;
#4140 = CARTESIAN_POINT ( 'NONE',  ( -3.148579966557493393, 0.000000000000000000, 40.81062920310279907 ) ) ;
#4141 = CYLINDRICAL_SURFACE ( 'NONE', #3218, 2.750000000000000000 ) ;
#4142 = CARTESIAN_POINT ( 'NONE',  ( -11.65000000000000036, 5.000000000000000000, -39.05000000000001847 ) ) ;
#4143 = EDGE_CURVE ( 'NONE', #5488, #7564, #4820, .T. ) ;
#4144 = CARTESIAN_POINT ( 'NONE',  ( -8.871079368379955810, 1.000000000000000000, 38.83091906519467784 ) ) ;
#4145 = ORIENTED_EDGE ( 'NONE', *, *, #18, .F. ) ;
#4146 = VERTEX_POINT ( 'NONE', #2298 ) ;
#4147 = DIRECTION ( 'NONE',  ( -1.000000000000000000, 0.000000000000000000, 0.000000000000000000 ) ) ;
#4148 = ORIENTED_EDGE ( 'NONE', *, *, #2563, .T. ) ;
#4149 = ORIENTED_EDGE ( 'NONE', *, *, #2068, .T. ) ;
#4150 = CARTESIAN_POINT ( 'NONE',  ( -12.53710745432704954, 1.000000000000000000, 39.82656070279370653 ) ) ;
#4151 = CIRCLE ( 'NONE', #7424, 0.5000000000000004441 ) ;
#4152 = EDGE_CURVE ( 'NONE', #7858, #958, #1656, .T. ) ;
#4153 = CARTESIAN_POINT ( 'NONE',  ( -10.21290261900270480, 1.000000000000000000, 40.83493306543919488 ) ) ;
#4154 = CARTESIAN_POINT ( 'NONE',  ( -13.20092747180492943, 0.000000000000000000, 39.84860131895386814 ) ) ;
#4155 = ORIENTED_EDGE ( 'NONE', *, *, #3416, .F. ) ;
#4156 = EDGE_CURVE ( 'NONE', #7623, #966, #2338, .T. ) ;
#4157 = CARTESIAN_POINT ( 'NONE',  ( -2.709131268668909520, 0.000000000000000000, 42.17815662196002791 ) ) ;
#4158 = DIRECTION ( 'NONE',  ( -0.000000000000000000, -1.000000000000000000, -0.000000000000000000 ) ) ;
#4159 = ADVANCED_FACE ( 'NONE', ( #2875 ), #5447, .T. ) ;
#4160 = PLANE ( 'NONE',  #7510 ) ;
#4161 = EDGE_CURVE ( 'NONE', #3783, #2686, #6193, .T. ) ;
#4162 = B_SPLINE_SURFACE_WITH_KNOTS ( 'NONE', 3, 1, ( 
 ( #7959, #6044 ),
 ( #5353, #7840 ),
 ( #3508, #2283 ),
 ( #1642, #7304 ),
 ( #4121, #2245 ),
 ( #5472, #382 ),
 ( #2359, #1599 ),
 ( #1680, #455 ),
 ( #4689, #7876 ),
 ( #993, #2892 ),
 ( #2856, #3431 ),
 ( #4079, #6583 ),
 ( #1066, #2933 ),
 ( #2978, #5931 ),
 ( #7268, #6696 ),
 ( #7191, #4728 ),
 ( #7226, #3474 ),
 ( #6624, #348 ),
 ( #1104, #501 ) ),
 .UNSPECIFIED., .F., .F., .F.,
 ( 4, 1, 1, 1, 1, 1, 1, 1, 1, 1, 1, 1, 1, 1, 1, 1, 4 ),
 ( 2, 2 ),
 ( 0.000000000000000000, 0.06729306736676417267, 0.1322670285608542051, 0.1951516687811752915, 0.2568146365700376133, 0.3175742476819442550, 0.3779243297592582151, 0.4388911209805859137, 0.5006486888848836747, 0.5624795667426889523, 0.6228729693141641377, 0.6829399291483478907, 0.7432412384698641183, 0.8043243552672578733, 0.8670446511871432449, 0.9320961949735365737, 1.000000000000000000 ),
 ( 0.000000000000000000, 1.000000000000000000 ),
 .UNSPECIFIED. ) ;
#4163 = CARTESIAN_POINT ( 'NONE',  ( -7.525000000000002132, 0.000000000000000000, 4.724999999999996980 ) ) ;
#4164 = CARTESIAN_POINT ( 'NONE',  ( -11.65000000000000036, 5.000000000000000000, -16.30000000000001847 ) ) ;
#4165 = VERTEX_POINT ( 'NONE', #4824 ) ;
#4166 = DIRECTION ( 'NONE',  ( 1.000000000000000000, 0.000000000000000000, 0.000000000000000000 ) ) ;
#4167 = CARTESIAN_POINT ( 'NONE',  ( -13.19959118351404648, 0.000000000000000000, 39.88993288442766527 ) ) ;
#4168 = CARTESIAN_POINT ( 'NONE',  ( -17.50000000000000355, 24.35000000000000497, 40.99999999999999289 ) ) ;
#4169 = CARTESIAN_POINT ( 'NONE',  ( 1.338183063655702609, 1.000000000000000000, 38.87307128906249432 ) ) ;
#4170 = DIRECTION ( 'NONE',  ( 0.000000000000000000, 0.000000000000000000, -1.000000000000000000 ) ) ;
#4171 = LINE ( 'NONE', #6672, #7796 ) ;
#4172 = VECTOR ( 'NONE', #6501, 1000.000000000000000 ) ;
#4173 = DIRECTION ( 'NONE',  ( 0.000000000000000000, -0.000000000000000000, -1.000000000000000000 ) ) ;
#4174 = CARTESIAN_POINT ( 'NONE',  ( -13.07789302836373402, 1.000000000000000000, 39.35114978080439130 ) ) ;
#4175 = EDGE_LOOP ( 'NONE', ( #3350, #7420, #438, #7742 ) ) ;
#4176 = CARTESIAN_POINT ( 'NONE',  ( -12.60483469751801522, 0.000000000000000000, 38.97199958352549487 ) ) ;
#4177 = EDGE_LOOP ( 'NONE', ( #6371, #151 ) ) ;
#4178 = LINE ( 'NONE', #1088, #4104 ) ;
#4179 = CARTESIAN_POINT ( 'NONE',  ( -8.522651476025995265, 0.000000000000000000, 41.66423967152968544 ) ) ;
#4180 = CARTESIAN_POINT ( 'NONE',  ( -3.035981515448400891, 0.000000000000000000, 41.31102423902202503 ) ) ;
#4181 = CARTESIAN_POINT ( 'NONE',  ( 4.949618613520780494E-15, 22.00000000000000355, 41.99999999999999289 ) ) ;
#4182 = CARTESIAN_POINT ( 'NONE',  ( -0.6776872956907611378, 0.000000000000000000, 42.19999999999999574 ) ) ;
#4183 = CARTESIAN_POINT ( 'NONE',  ( -7.466231835113672943, 0.000000000000000000, 39.94831373857041967 ) ) ;
#4184 = ORIENTED_EDGE ( 'NONE', *, *, #7053, .T. ) ;
#4185 = ORIENTED_EDGE ( 'NONE', *, *, #3701, .T. ) ;
#4186 = CARTESIAN_POINT ( 'NONE',  ( -7.658857101064306505, 0.000000000000000000, 41.63289887886230645 ) ) ;
#4187 = ORIENTED_EDGE ( 'NONE', *, *, #7347, .T. ) ;
#4188 = CARTESIAN_POINT ( 'NONE',  ( -12.43341291921957570, 0.000000000000000000, 39.55749574121964685 ) ) ;
#4189 = VECTOR ( 'NONE', #4572, 1000.000000000000000 ) ;
#4190 = DIRECTION ( 'NONE',  ( 0.000000000000000000, 0.000000000000000000, -1.000000000000000000 ) ) ;
#4191 = LINE ( 'NONE', #6692, #7578 ) ;
#4192 = VERTEX_POINT ( 'NONE', #7323 ) ;
#4193 = CARTESIAN_POINT ( 'NONE',  ( -0.01473193973690074127, 1.000000000000000000, 42.19999999999999574 ) ) ;
#4194 = DIRECTION ( 'NONE',  ( 0.000000000000000000, 0.000000000000000000, 1.000000000000000000 ) ) ;
#4195 = VECTOR ( 'NONE', #6092, 1000.000000000000000 ) ;
#4196 = EDGE_CURVE ( 'NONE', #7694, #321, #8017, .T. ) ;
#4197 = CARTESIAN_POINT ( 'NONE',  ( -2.385033624822445297, 1.000000000000000000, 39.39155368557223369 ) ) ;
#4198 = DIRECTION ( 'NONE',  ( 0.000000000000000000, 0.000000000000000000, 1.000000000000000000 ) ) ;
#4199 = EDGE_CURVE ( 'NONE', #7037, #2655, #2197, .T. ) ;
#4200 = PLANE ( 'NONE',  #4132 ) ;
#4201 = CARTESIAN_POINT ( 'NONE',  ( -2.958039891549808065, 2.200000000000000178, 26.02499999999999858 ) ) ;
#4202 = EDGE_LOOP ( 'NONE', ( #7285, #2435, #480, #5653 ) ) ;
#4203 = CARTESIAN_POINT ( 'NONE',  ( -3.147922526808703214, -0.000000000000000000, 40.22640960053409032 ) ) ;
#4204 = DIRECTION ( 'NONE',  ( 0.000000000000000000, 0.000000000000000000, 1.000000000000000000 ) ) ;
#4205 = DIRECTION ( 'NONE',  ( 0.000000000000000000, 0.000000000000000000, -1.000000000000000000 ) ) ;
#4206 = CARTESIAN_POINT ( 'NONE',  ( -11.40784251720874387, 1.000000000000000000, 42.19999999999999574 ) ) ;
#4207 = ADVANCED_FACE ( 'NONE', ( #1166 ), #4881, .T. ) ;
#4208 = CARTESIAN_POINT ( 'NONE',  ( -20.50000000000000355, 2.000000000000000000, -44.00000000000000000 ) ) ;
#4209 = CARTESIAN_POINT ( 'NONE',  ( -12.09979438875363655, 1.000000000000000000, 40.86149965215940938 ) ) ;
#4210 = PRESENTATION_STYLE_ASSIGNMENT (( #6541 ) ) ;
#4211 = CARTESIAN_POINT ( 'NONE',  ( -12.95682703012285408, 1.000000000000000000, 39.19578809683287091 ) ) ;
#4212 = ORIENTED_EDGE ( 'NONE', *, *, #6273, .F. ) ;
#4213 = CARTESIAN_POINT ( 'NONE',  ( -12.70536404450877122, 0.000000000000000000, 39.01514606634695781 ) ) ;
#4214 = ORIENTED_EDGE ( 'NONE', *, *, #4297, .T. ) ;
#4215 = LINE ( 'NONE', #6762, #3851 ) ;
#4216 = CARTESIAN_POINT ( 'NONE',  ( -12.53708810889349756, 1.000000000000000000, 39.93477133485399833 ) ) ;
#4217 = CARTESIAN_POINT ( 'NONE',  ( -8.820831392957019901, 0.000000000000000000, 38.82986442268668270 ) ) ;
#4218 = VECTOR ( 'NONE', #2109, 1000.000000000000114 ) ;
#4219 = CARTESIAN_POINT ( 'NONE',  ( -13.50000000000000000, -0.001000000000000132727, -37.00000000000002132 ) ) ;
#4220 = LINE ( 'NONE', #3612, #6435 ) ;
#4221 = VECTOR ( 'NONE', #3695, 1000.000000000000114 ) ;
#4222 = CARTESIAN_POINT ( 'NONE',  ( -5.625548603008321713, 0.000000000000000000, 41.72472446986606798 ) ) ;
#4223 = VECTOR ( 'NONE', #4597, 1000.000000000000000 ) ;
#4224 = VERTEX_POINT ( 'NONE', #2499 ) ;
#4225 = VERTEX_POINT ( 'NONE', #1851 ) ;
#4226 = CARTESIAN_POINT ( 'NONE',  ( -6.243242426141363488, 1.000000000000000000, 39.72928893388636595 ) ) ;
#4227 = ORIENTED_EDGE ( 'NONE', *, *, #5513, .T. ) ;
#4228 = CARTESIAN_POINT ( 'NONE',  ( -12.32293490107982059, 1.000000000000000000, 39.46482750425766284 ) ) ;
#4229 = AXIS2_PLACEMENT_3D ( 'NONE', #2918, #3653, #524 ) ;
#4230 = B_SPLINE_CURVE_WITH_KNOTS ( 'NONE', 3,
 ( #5047, #2033, #3865, #776, #77, #2511, #1424, #7587, #7622, #7544, #1948, #4429, #736, #3212, #610, #4468, #4961, #6975, #4343 ),
 .UNSPECIFIED., .F., .F.,
 ( 4, 1, 1, 1, 1, 1, 1, 1, 1, 1, 1, 1, 1, 1, 1, 1, 4 ),
 ( 0.000000000000000000, 0.06794493716412419726, 0.1329963633457003913, 0.1957546515378124075, 0.2573556140642163093, 0.3175654473667056110, 0.3778800306114095675, 0.4384306039546655431, 0.5001043934369067134, 0.5620452374073775514, 0.6227284889903226262, 0.6831530576973183777, 0.7435149127717378681, 0.8049242936207946508, 0.8676147442630081086, 0.9326661704445839973, 1.000000000000000000 ),
 .UNSPECIFIED. ) ;
#4231 = DIRECTION ( 'NONE',  ( -1.000000000000000000, 0.000000000000000000, 0.000000000000000000 ) ) ;
#4232 = CARTESIAN_POINT ( 'NONE',  ( -2.436698586202240335, 2.000000000000000000, 24.77499999999999858 ) ) ;
#4233 = VECTOR ( 'NONE', #4158, 1000.000000000000000 ) ;
#4234 = DIRECTION ( 'NONE',  ( 0.000000000000000000, -1.000000000000000000, 0.000000000000000000 ) ) ;
#4235 = EDGE_LOOP ( 'NONE', ( #1346, #313, #5962, #3202, #3575, #6341 ) ) ;
#4236 = LINE ( 'NONE', #6130, #7107 ) ;
#4237 = CARTESIAN_POINT ( 'NONE',  ( -3.097189801499042883, 1.000000000000000000, 39.02287587908189437 ) ) ;
#4238 = CARTESIAN_POINT ( 'NONE',  ( -6.350613829377412145, 1.000000000000000000, 40.23206225803919978 ) ) ;
#4239 = AXIS2_PLACEMENT_3D ( 'NONE', #6046, #2404, #4198 ) ;
#4240 = LINE ( 'NONE', #4848, #4892 ) ;
#4241 = CARTESIAN_POINT ( 'NONE',  ( -8.822856714818387402, 0.000000000000000000, 42.24320686637580025 ) ) ;
#4242 = EDGE_CURVE ( 'NONE', #7547, #3230, #4713, .T. ) ;
#4243 = CARTESIAN_POINT ( 'NONE',  ( -8.661640571336075567, 0.000000000000000000, 39.36250293755926322 ) ) ;
#4244 = ORIENTED_EDGE ( 'NONE', *, *, #1623, .T. ) ;
#4245 = CARTESIAN_POINT ( 'NONE',  ( -3.146637659894378380, 0.000000000000000000, 40.16522530597276130 ) ) ;
#4246 = CARTESIAN_POINT ( 'NONE',  ( -12.67231846598835787, 0.000000000000000000, 40.58649358377827809 ) ) ;
#4247 = LINE ( 'NONE', #3679, #2399 ) ;
#4248 = LINE ( 'NONE', #6670, #1255 ) ;
#4249 = CARTESIAN_POINT ( 'NONE',  ( 18.49999999999999645, 26.00000000000000355, -42.00000000000000711 ) ) ;
#4250 = DIRECTION ( 'NONE',  ( 0.000000000000000000, -0.000000000000000000, 1.000000000000000000 ) ) ;
#4251 = EDGE_CURVE ( 'NONE', #22, #7644, #1291, .T. ) ;
#4252 = CARTESIAN_POINT ( 'NONE',  ( -12.70536404450877122, 1.000000000000000000, 39.01514606634695781 ) ) ;
#4253 = EDGE_LOOP ( 'NONE', ( #5916, #4428 ) ) ;
#4254 = CARTESIAN_POINT ( 'NONE',  ( -13.02182959754980196, 0.000000000000000000, 39.27072550891713831 ) ) ;
#4255 = ORIENTED_EDGE ( 'NONE', *, *, #1865, .T. ) ;
#4256 = CARTESIAN_POINT ( 'NONE',  ( -6.349534268163582240, 0.000000000000000000, 40.13865615616361282 ) ) ;
#4257 = EDGE_CURVE ( 'NONE', #2575, #4448, #3772, .T. ) ;
#4258 = CARTESIAN_POINT ( 'NONE',  ( -12.04794859222061021, 1.000000000000000000, 40.34090303210286521 ) ) ;
#4259 = CARTESIAN_POINT ( 'NONE',  ( -8.770806584099148040, 0.000000000000000000, 38.83090765209404083 ) ) ;
#4260 = EDGE_CURVE ( 'NONE', #2122, #101, #4948, .T. ) ;
#4261 = VECTOR ( 'NONE', #597, 1000.000000000000000 ) ;
#4262 = DIRECTION ( 'NONE',  ( -1.000000000000000000, 0.000000000000000000, 0.000000000000000000 ) ) ;
#4263 = EDGE_CURVE ( 'NONE', #6147, #4722, #7227, .T. ) ;
#4264 = CARTESIAN_POINT ( 'NONE',  ( 17.50000000000000000, 2.000000000000000000, 44.00000000000000000 ) ) ;
#4265 = CARTESIAN_POINT ( 'NONE',  ( -8.820831392957019901, 1.000000000000000000, 38.82986442268668270 ) ) ;
#4266 = ORIENTED_EDGE ( 'NONE', *, *, #6919, .T. ) ;
#4267 = CARTESIAN_POINT ( 'NONE',  ( 3.345277028269577180, 1.000000000000000000, 38.87307128906249432 ) ) ;
#4268 = ORIENTED_EDGE ( 'NONE', *, *, #1527, .T. ) ;
#4269 = CARTESIAN_POINT ( 'NONE',  ( -11.65000000000000036, 5.000000000000000000, -39.05000000000001847 ) ) ;
#4270 = ORIENTED_EDGE ( 'NONE', *, *, #1437, .T. ) ;
#4271 = CARTESIAN_POINT ( 'NONE',  ( -7.446152315106081332, 1.000000000000000000, 40.18857988217609289 ) ) ;
#4272 = CARTESIAN_POINT ( 'NONE',  ( -11.99316053514356817, 1.000000000000000000, 39.39155368557223369 ) ) ;
#4273 = CARTESIAN_POINT ( 'NONE',  ( -7.525000000000002132, 2.000000000000000000, 4.724999999999996980 ) ) ;
#4274 = LINE ( 'NONE', #1793, #7882 ) ;
#4275 = ORIENTED_EDGE ( 'NONE', *, *, #2762, .T. ) ;
#4276 = DIRECTION ( 'NONE',  ( 0.000000000000000000, 0.000000000000000000, -1.000000000000000000 ) ) ;
#4277 = CARTESIAN_POINT ( 'NONE',  ( -5.542349265720526219, 0.000000000000000000, 39.35063482574200577 ) ) ;
#4278 = LINE ( 'NONE', #4973, #1847 ) ;
#4279 = CARTESIAN_POINT ( 'NONE',  ( 7.525000000000002132, 0.000000000000000000, 4.724999999999996980 ) ) ;
#4280 = FACE_OUTER_BOUND ( 'NONE', #1615, .T. ) ;
#4281 = VECTOR ( 'NONE', #5427, 1000.000000000000000 ) ;
#4282 = ORIENTED_EDGE ( 'NONE', *, *, #1577, .T. ) ;
#4283 = FACE_OUTER_BOUND ( 'NONE', #7757, .T. ) ;
#4284 = CARTESIAN_POINT ( 'NONE',  ( -8.904895356092497494, 0.000000000000000000, 41.72230437016767013 ) ) ;
#4285 = CARTESIAN_POINT ( 'NONE',  ( 18.44792624030957029, 24.29206662959729002, 43.84900013006655684 ) ) ;
#4286 = LINE ( 'NONE', #715, #3338 ) ;
#4287 = CARTESIAN_POINT ( 'NONE',  ( -6.993675077343516122, 0.000000000000000000, 39.94826238671202390 ) ) ;
#4288 = CARTESIAN_POINT ( 'NONE',  ( -20.50000000000000355, 2.000000000000000000, -40.99999999999999289 ) ) ;
#4289 = CARTESIAN_POINT ( 'NONE',  ( -5.786691193247704312, 0.000000000000000000, 41.71094548779755939 ) ) ;
#4290 = CARTESIAN_POINT ( 'NONE',  ( -20.00000000000000355, 0.5000000000000000000, -14.50000000000004086 ) ) ;
#4291 = ORIENTED_EDGE ( 'NONE', *, *, #6928, .T. ) ;
#4292 = CARTESIAN_POINT ( 'NONE',  ( -7.444962741802267914, 0.000000000000000000, 40.83493306543919488 ) ) ;
#4293 = VERTEX_POINT ( 'NONE', #23 ) ;
#4294 = CARTESIAN_POINT ( 'NONE',  ( -5.783534581603631430, 0.000000000000000000, 39.36219628023814465 ) ) ;
#4295 = CARTESIAN_POINT ( 'NONE',  ( -12.32182314443766380, 0.000000000000000000, 40.27776018297913652 ) ) ;
#4296 = CARTESIAN_POINT ( 'NONE',  ( -13.06049310521892259, 0.000000000000000000, 40.82891160613321802 ) ) ;
#4297 = EDGE_CURVE ( 'NONE', #4786, #4333, #2588, .T. ) ;
#4298 = CARTESIAN_POINT ( 'NONE',  ( -12.27761054202555258, 0.000000000000000000, 39.44263842153810629 ) ) ;
#4299 = AXIS2_PLACEMENT_3D ( 'NONE', #6898, #1307, #2907 ) ;
#4300 = CARTESIAN_POINT ( 'NONE',  ( -9.918857049744550736, 1.000000000000000000, 41.74364952252324912 ) ) ;
#4301 = ADVANCED_FACE ( 'NONE', ( #7576 ), #1978, .F. ) ;
#4302 = CARTESIAN_POINT ( 'NONE',  ( -1.279882995803637735, 1.000000000000000000, 42.19999999999999574 ) ) ;
#4303 = VERTEX_POINT ( 'NONE', #3436 ) ;
#4304 = CARTESIAN_POINT ( 'NONE',  ( -5.053822188417895767, 1.000000000000000000, 41.41263195574053668 ) ) ;
#4305 = VERTEX_POINT ( 'NONE', #6480 ) ;
#4306 = CARTESIAN_POINT ( 'NONE',  ( -7.448561292444315640, 0.000000000000000000, 40.98255925636070174 ) ) ;
#4307 = EDGE_CURVE ( 'NONE', #7274, #1632, #5997, .T. ) ;
#4308 = EDGE_CURVE ( 'NONE', #4146, #3932, #4012, .T. ) ;
#4309 = ORIENTED_EDGE ( 'NONE', *, *, #6122, .F. ) ;
#4310 = CARTESIAN_POINT ( 'NONE',  ( -12.05696112574656453, 1.000000000000000000, 39.39273877232560750 ) ) ;
#4311 = CARTESIAN_POINT ( 'NONE',  ( -8.107918097756128262, 0.000000000000000000, 40.23206225803919978 ) ) ;
#4312 = DIRECTION ( 'NONE',  ( 0.000000000000000000, 0.000000000000000000, 1.000000000000000000 ) ) ;
#4313 = B_SPLINE_CURVE_WITH_KNOTS ( 'NONE', 3,
 ( #5606, #3074, #1202, #3682, #552, #4329, #4375, #5522, #7441, #5649, #6878, #4944, #6793, #1288, #8057, #1848, #4986, #7362, #3769 ),
 .UNSPECIFIED., .F., .F.,
 ( 4, 1, 1, 1, 1, 1, 1, 1, 1, 1, 1, 1, 1, 1, 1, 1, 4 ),
 ( 0.000000000000000000, 0.06446381892914707090, 0.1258150915620539212, 0.1846969363889005566, 0.2422245544822581587, 0.2986646420830950666, 0.3553533927496381750, 0.4124801843501519905, 0.4720135607638127340, 0.5327626201293295116, 0.5937107934902152717, 0.6560840948965374064, 0.7201709165251821698, 0.7859626150842671244, 0.8545056633784311462, 0.9255567339690852213, 1.000000000000000000 ),
 .UNSPECIFIED. ) ;
#4314 = DIRECTION ( 'NONE',  ( -0.000000000000000000, -1.000000000000000000, -0.000000000000000000 ) ) ;
#4315 = ORIENTED_EDGE ( 'NONE', *, *, #196, .F. ) ;
#4316 = DIRECTION ( 'NONE',  ( -1.000000000000000000, 5.782411586589356653E-16, -0.000000000000000000 ) ) ;
#4317 = CARTESIAN_POINT ( 'NONE',  ( -3.515949941950692992, 0.000000000000000000, 39.36093227087017965 ) ) ;
#4318 = AXIS2_PLACEMENT_3D ( 'NONE', #3298, #6895, #7592 ) ;
#4319 = DIRECTION ( 'NONE',  ( -0.000000000000000000, -1.000000000000000000, -0.000000000000000000 ) ) ;
#4320 = CARTESIAN_POINT ( 'NONE',  ( -14.50000000000000178, 1.000000000000000000, 41.99999999999999289 ) ) ;
#4321 = AXIS2_PLACEMENT_3D ( 'NONE', #1797, #1838, #7431 ) ;
#4322 = CYLINDRICAL_SURFACE ( 'NONE', #4872, 2.999999999999999112 ) ;
#4323 = ORIENTED_EDGE ( 'NONE', *, *, #530, .T. ) ;
#4324 = DIRECTION ( 'NONE',  ( -0.000000000000000000, -1.000000000000000000, -0.000000000000000000 ) ) ;
#4325 = DIRECTION ( 'NONE',  ( 0.000000000000000000, 0.000000000000000000, 1.000000000000000000 ) ) ;
#4326 = CARTESIAN_POINT ( 'NONE',  ( -8.179377584058904915, 1.000000000000000000, 39.80088522246152394 ) ) ;
#4327 = CARTESIAN_POINT ( 'NONE',  ( -14.00000000000000178, 1.000000000000000000, 38.98908507197222661 ) ) ;
#4328 = CARTESIAN_POINT ( 'NONE',  ( -8.820831392957019901, 0.000000000000000000, 38.82986442268668270 ) ) ;
#4329 = CARTESIAN_POINT ( 'NONE',  ( -5.322340952355658850, 1.000000000000000000, 39.40921460729319392 ) ) ;
#4330 = DIRECTION ( 'NONE',  ( 0.000000000000000000, 0.000000000000000000, -1.000000000000000000 ) ) ;
#4331 = VERTEX_POINT ( 'NONE', #7613 ) ;
#4332 = CARTESIAN_POINT ( 'NONE',  ( -4.298607393280103217, 0.000000000000000000, 39.81177443701671592 ) ) ;
#4333 = VERTEX_POINT ( 'NONE', #959 ) ;
#4334 = CARTESIAN_POINT ( 'NONE',  ( -6.107693198152117198, 1.000000000000000000, 39.53825140067257848 ) ) ;
#4335 = CARTESIAN_POINT ( 'NONE',  ( -13.15793070240264484, 1.000000000000000000, 39.53226328521057553 ) ) ;
#4336 = CARTESIAN_POINT ( 'NONE',  ( -6.205205471115419869, 1.000000000000000000, 41.41240453727453286 ) ) ;
#4337 = CARTESIAN_POINT ( 'NONE',  ( -17.50000000000000355, 2.000000000000000000, -40.99999999999999289 ) ) ;
#4338 = FACE_BOUND ( 'NONE', #1952, .T. ) ;
#4339 = B_SPLINE_CURVE_WITH_KNOTS ( 'NONE', 3,
 ( #2311, #407, #2884, #7335, #1745, #6733, #4796, #4226, #1142, #5382, #5754, #6372, #6247, #3214, #3256, #164, #612, #4514, #4345 ),
 .UNSPECIFIED., .F., .F.,
 ( 4, 1, 1, 1, 1, 1, 1, 1, 1, 1, 1, 1, 1, 1, 1, 1, 4 ),
 ( 0.000000000000000000, 0.07345715613897869922, 0.1441200022763791389, 0.2117209706102848865, 0.2773648265937364576, 0.3407292973374566047, 0.4029304958146238680, 0.4647323957381087056, 0.5257030480813035256, 0.5855512426781944724, 0.6438346293953999266, 0.7010245918864562720, 0.7578260360307713661, 0.8152895099920245414, 0.8744465696945319388, 0.9359361114453000896, 1.000000000000000000 ),
 .UNSPECIFIED. ) ;
#4340 = CARTESIAN_POINT ( 'NONE',  ( 13.50000000000000000, 0.000000000000000000, -37.00000000000002132 ) ) ;
#4341 = EDGE_CURVE ( 'NONE', #6492, #3654, #6439, .T. ) ;
#4342 = ORIENTED_EDGE ( 'NONE', *, *, #4346, .F. ) ;
#4343 = CARTESIAN_POINT ( 'NONE',  ( -2.419464096465670622, 1.000000000000000000, 42.19999999999999574 ) ) ;
#4344 = ORIENTED_EDGE ( 'NONE', *, *, #7814, .F. ) ;
#4345 = CARTESIAN_POINT ( 'NONE',  ( -5.623523281146955988, 1.000000000000000000, 39.34834681919642208 ) ) ;
#4346 = EDGE_CURVE ( 'NONE', #3835, #6147, #312, .T. ) ;
#4347 = ORIENTED_EDGE ( 'NONE', *, *, #732, .F. ) ;
#4348 = LINE ( 'NONE', #2315, #3419 ) ;
#4349 = AXIS2_PLACEMENT_3D ( 'NONE', #2628, #111, #4420 ) ;
#4350 = CIRCLE ( 'NONE', #6842, 0.5000000000000004441 ) ;
#4351 = EDGE_CURVE ( 'NONE', #4865, #6163, #3931, .T. ) ;
#4352 = PLANE ( 'NONE',  #1507 ) ;
#4353 = DIRECTION ( 'NONE',  ( 0.000000000000000000, 1.000000000000000000, -0.000000000000000000 ) ) ;
#4354 = EDGE_CURVE ( 'NONE', #2048, #5583, #6555, .T. ) ;
#4355 = CARTESIAN_POINT ( 'NONE',  ( -2.385033624822445297, 1.000000000000000000, 39.39155368557223369 ) ) ;
#4356 = EDGE_LOOP ( 'NONE', ( #2216, #5358, #4805, #1813 ) ) ;
#4357 = FACE_OUTER_BOUND ( 'NONE', #7378, .T. ) ;
#4358 = CARTESIAN_POINT ( 'NONE',  ( -13.37515933669722479, 1.000000000000000000, 42.13799337199600359 ) ) ;
#4359 = EDGE_CURVE ( 'NONE', #2696, #539, #3362, .T. ) ;
#4360 = AXIS2_PLACEMENT_3D ( 'NONE', #2827, #1072, #351 ) ;
#4361 = VECTOR ( 'NONE', #3096, 1000.000000000000000 ) ;
#4362 = FACE_OUTER_BOUND ( 'NONE', #3615, .T. ) ;
#4363 = LINE ( 'NONE', #2485, #3987 ) ;
#4364 = VECTOR ( 'NONE', #6027, 1000.000000000000000 ) ;
#4365 = DIRECTION ( 'NONE',  ( 0.000000000000000000, 0.000000000000000000, 1.000000000000000000 ) ) ;
#4366 = ORIENTED_EDGE ( 'NONE', *, *, #4857, .F. ) ;
#4367 = CARTESIAN_POINT ( 'NONE',  ( 3.706649960732684935E-15, 17.00000000000000000, 43.00000000000000000 ) ) ;
#4368 = ORIENTED_EDGE ( 'NONE', *, *, #343, .T. ) ;
#4369 = CARTESIAN_POINT ( 'NONE',  ( -3.815585966234085635, 0.000000000000000000, 40.81332963225128907 ) ) ;
#4370 = CARTESIAN_POINT ( 'NONE',  ( -8.850571849458860996, 0.000000000000000000, 41.72390688698142469 ) ) ;
#4371 = CARTESIAN_POINT ( 'NONE',  ( 17.97551175194179862, 24.15909418528205777, 43.96447521368194344 ) ) ;
#4372 = CARTESIAN_POINT ( 'NONE',  ( 13.50000000000000000, 2.000000000000000000, -37.00000000000002132 ) ) ;
#4373 = AXIS2_PLACEMENT_3D ( 'NONE', #3325, #5827, #844 ) ;
#4374 = CARTESIAN_POINT ( 'NONE',  ( -6.921682431048512107, 1.000000000000000000, 39.68145957347610420 ) ) ;
#4375 = CARTESIAN_POINT ( 'NONE',  ( -5.257995642048669538, 1.000000000000000000, 39.44350706053320010 ) ) ;
#4376 = CARTESIAN_POINT ( 'NONE',  ( -10.19098318915358448, 1.000000000000000000, 39.94826238671203811 ) ) ;
#4377 = ORIENTED_EDGE ( 'NONE', *, *, #5661, .T. ) ;
#4378 = CARTESIAN_POINT ( 'NONE',  ( -4.340408835849436819, 0.000000000000000000, 39.68163377784200208 ) ) ;
#4379 = EDGE_LOOP ( 'NONE', ( #3321, #1591, #1910, #5978 ) ) ;
#4380 = LINE ( 'NONE', #2590, #4886 ) ;
#4381 = AXIS2_PLACEMENT_3D ( 'NONE', #6487, #2221, #2752 ) ;
#4382 = CARTESIAN_POINT ( 'NONE',  ( -12.48501330907420659, 1.000000000000000000, 40.12264124650415198 ) ) ;
#4383 = CARTESIAN_POINT ( 'NONE',  ( -13.21583824381312944, 0.000000000000000000, 41.24132990925804876 ) ) ;
#4384 = DIRECTION ( 'NONE',  ( -0.000000000000000000, -1.000000000000000000, -0.000000000000000000 ) ) ;
#4385 = CARTESIAN_POINT ( 'NONE',  ( -9.253080854662458776, 1.000000000000000000, 42.18996141059079008 ) ) ;
#4386 = CARTESIAN_POINT ( 'NONE',  ( 6.000000000000004441, 19.25000000000000000, 39.99999999999999289 ) ) ;
#4387 = ORIENTED_EDGE ( 'NONE', *, *, #742, .F. ) ;
#4388 = PLANE ( 'NONE',  #5281 ) ;
#4389 = VERTEX_POINT ( 'NONE', #2747 ) ;
#4390 = CARTESIAN_POINT ( 'NONE',  ( -4.948897147269431862, 0.000000000000000000, 42.08951814818546922 ) ) ;
#4391 = VERTEX_POINT ( 'NONE', #4539 ) ;
#4392 = DIRECTION ( 'NONE',  ( 0.000000000000000000, 0.000000000000000000, 1.000000000000000000 ) ) ;
#4393 = ADVANCED_FACE ( 'NONE', ( #2787 ), #2860, .T. ) ;
#4394 = VECTOR ( 'NONE', #3285, 1000.000000000000000 ) ;
#4395 = PLANE ( 'NONE',  #69 ) ;
#4396 = PLANE ( 'NONE',  #4299 ) ;
#4397 = FACE_OUTER_BOUND ( 'NONE', #258, .T. ) ;
#4398 = EDGE_LOOP ( 'NONE', ( #1341, #3053, #1130, #6107 ) ) ;
#4399 = CARTESIAN_POINT ( 'NONE',  ( -5.464332459526012542, 1.000000000000000000, 39.36250293755927032 ) ) ;
#4400 = FACE_OUTER_BOUND ( 'NONE', #1060, .T. ) ;
#4401 = VERTEX_POINT ( 'NONE', #840 ) ;
#4402 = EDGE_CURVE ( 'NONE', #5611, #491, #4813, .T. ) ;
#4403 = LINE ( 'NONE', #5638, #2600 ) ;
#4404 = ADVANCED_FACE ( 'NONE', ( #2864 ), #1157, .F. ) ;
#4405 = EDGE_LOOP ( 'NONE', ( #7115, #6387, #2208, #4244 ) ) ;
#4406 = CARTESIAN_POINT ( 'NONE',  ( -8.793330778103314316, 0.000000000000000000, 39.34912196363719517 ) ) ;
#4407 = ORIENTED_EDGE ( 'NONE', *, *, #6070, .T. ) ;
#4408 = ORIENTED_EDGE ( 'NONE', *, *, #5618, .F. ) ;
#4409 = DIRECTION ( 'NONE',  ( -0.000000000000000000, -0.000000000000000000, 1.000000000000000000 ) ) ;
#4410 = CARTESIAN_POINT ( 'NONE',  ( -9.308400471932250397, 1.000000000000000000, 41.53505624808690300 ) ) ;
#4411 = CARTESIAN_POINT ( 'NONE',  ( -2.894334285305907972, 0.000000000000000000, 39.57516126095884346 ) ) ;
#4412 = CARTESIAN_POINT ( 'NONE',  ( -6.721548937934482382, 1.000000000000000000, 41.74364952252323491 ) ) ;
#4413 = ADVANCED_FACE ( 'NONE', ( #5393 ), #1724, .T. ) ;
#4414 = EDGE_CURVE ( 'NONE', #2965, #1269, #6098, .T. ) ;
#4415 = CARTESIAN_POINT ( 'NONE',  ( -3.815585966234085635, 0.000000000000000000, 40.26244208595968388 ) ) ;
#4416 = CIRCLE ( 'NONE', #3631, 0.5000000000000004441 ) ;
#4417 = LINE ( 'NONE', #6922, #372 ) ;
#4418 = DIRECTION ( 'NONE',  ( 0.000000000000000000, 0.000000000000000000, -1.000000000000000000 ) ) ;
#4419 = EDGE_LOOP ( 'NONE', ( #668, #948, #982, #6926 ) ) ;
#4420 = DIRECTION ( 'NONE',  ( 0.000000000000000000, 0.000000000000000000, 1.000000000000000000 ) ) ;
#4421 = ORIENTED_EDGE ( 'NONE', *, *, #6907, .F. ) ;
#4422 = CARTESIAN_POINT ( 'NONE',  ( -11.65000000000000036, 5.000000000000000000, -15.45000000000001883 ) ) ;
#4423 = LINE ( 'NONE', #6364, #116 ) ;
#4424 = CARTESIAN_POINT ( 'NONE',  ( -13.12640226976545677, 0.000000000000000000, 40.93124373366098467 ) ) ;
#4425 = FACE_OUTER_BOUND ( 'NONE', #4398, .T. ) ;
#4426 = CARTESIAN_POINT ( 'NONE',  ( -9.996958009277673085, 1.000000000000000000, 41.63291854017214888 ) ) ;
#4427 = CARTESIAN_POINT ( 'NONE',  ( -6.303236782907145397, 0.000000000000000000, 39.88029212275333890 ) ) ;
#4428 = ORIENTED_EDGE ( 'NONE', *, *, #3956, .F. ) ;
#4429 = CARTESIAN_POINT ( 'NONE',  ( -3.212682822296887508, 1.000000000000000000, 41.98365380453167717 ) ) ;
#4430 = ORIENTED_EDGE ( 'NONE', *, *, #7206, .T. ) ;
#4431 = CARTESIAN_POINT ( 'NONE',  ( -4.629107645205533750, 1.000000000000000000, 41.84561132268298422 ) ) ;
#4432 = ORIENTED_EDGE ( 'NONE', *, *, #2718, .F. ) ;
#4433 = B_SPLINE_CURVE_WITH_KNOTS ( 'NONE', 3,
 ( #3587, #4042, #6091, #7805, #954, #2824, #5318, #1230, #6131, #4358, #1151 ),
 .UNSPECIFIED., .F., .F.,
 ( 4, 1, 1, 1, 1, 1, 1, 1, 4 ),
 ( 0.000000000000000000, 0.1262952247604319234, 0.2568176797315101512, 0.3894549970646612458, 0.5274288649222097503, 0.6609081599616875025, 0.7830073967244005617, 0.8937254309683759779, 1.000000000000000000 ),
 .UNSPECIFIED. ) ;
#4434 = CARTESIAN_POINT ( 'NONE',  ( 3.903127820947815962E-15, 19.25000000000000000, 43.00000000000000000 ) ) ;
#4435 = CARTESIAN_POINT ( 'NONE',  ( -12.67231846598835787, 0.000000000000000000, 40.58649358377827809 ) ) ;
#4436 = CARTESIAN_POINT ( 'NONE',  ( -2.385033624822445297, 1.000000000000000000, 39.39155368557223369 ) ) ;
#4437 = DIRECTION ( 'NONE',  ( -8.896017825522089339E-17, 0.000000000000000000, -1.000000000000000000 ) ) ;
#4438 = VERTEX_POINT ( 'NONE', #1686 ) ;
#4439 = CARTESIAN_POINT ( 'NONE',  ( -5.257995642048669538, 1.000000000000000000, 39.44350706053320010 ) ) ;
#4440 = CARTESIAN_POINT ( 'NONE',  ( -7.923295693091808367, 1.000000000000000000, 39.13456531561291740 ) ) ;
#4441 = EDGE_LOOP ( 'NONE', ( #5999, #6639, #4863, #4962 ) ) ;
#4442 = LINE ( 'NONE', #7470, #7380 ) ;
#4443 = CARTESIAN_POINT ( 'NONE',  ( 4.119968255444916849E-15, 19.25000000000000355, 43.50000000000000000 ) ) ;
#4444 = EDGE_LOOP ( 'NONE', ( #640, #2850, #6440, #336 ) ) ;
#4445 = CARTESIAN_POINT ( 'NONE',  ( 6.000000000000003553, 16.50000000000000000, 44.00000000000000000 ) ) ;
#4446 = ORIENTED_EDGE ( 'NONE', *, *, #6970, .T. ) ;
#4447 = ADVANCED_FACE ( 'NONE', ( #4775 ), #1605, .F. ) ;
#4448 = VERTEX_POINT ( 'NONE', #5437 ) ;
#4449 = CARTESIAN_POINT ( 'NONE',  ( -3.515933104865747172, 0.000000000000000000, 41.71487329346738449 ) ) ;
#4450 = CARTESIAN_POINT ( 'NONE',  ( -19.00000000000000355, 1.000000000000000000, 42.49999999999999289 ) ) ;
#4451 = CARTESIAN_POINT ( 'NONE',  ( 17.41555055467425461, 27.54875431375454298, -14.50000000000004086 ) ) ;
#4452 = LINE ( 'NONE', #1846, #4972 ) ;
#4453 = EDGE_CURVE ( 'NONE', #5336, #5457, #3638, .T. ) ;
#4454 = LINE ( 'NONE', #3241, #8047 ) ;
#4455 = EDGE_CURVE ( 'NONE', #5908, #936, #6750, .T. ) ;
#4456 = LINE ( 'NONE', #6359, #1892 ) ;
#4457 = ADVANCED_FACE ( 'NONE', ( #3633 ), #547, .T. ) ;
#4458 = VERTEX_POINT ( 'NONE', #5359 ) ;
#4459 = CARTESIAN_POINT ( 'NONE',  ( -7.444962741802267914, 1.000000000000000000, 40.83493306543919488 ) ) ;
#4460 = ORIENTED_EDGE ( 'NONE', *, *, #138, .F. ) ;
#4461 = CARTESIAN_POINT ( 'NONE',  ( -15.99999999999998934, 2.000000000000000000, 39.49999999999999289 ) ) ;
#4462 = DIRECTION ( 'NONE',  ( 0.000000000000000000, 0.000000000000000000, -1.000000000000000000 ) ) ;
#4463 = CARTESIAN_POINT ( 'NONE',  ( -5.860897197650010604, 0.000000000000000000, 41.69116160432315610 ) ) ;
#4464 = FACE_OUTER_BOUND ( 'NONE', #7422, .T. ) ;
#4465 = LINE ( 'NONE', #6196, #3674 ) ;
#4466 = DIRECTION ( 'NONE',  ( -0.000000000000000000, -1.000000000000000000, -0.000000000000000000 ) ) ;
#4467 = VERTEX_POINT ( 'NONE', #6630 ) ;
#4468 = CARTESIAN_POINT ( 'NONE',  ( -2.709131268668909520, 1.000000000000000000, 42.17815662196002791 ) ) ;
#4469 = ORIENTED_EDGE ( 'NONE', *, *, #5818, .F. ) ;
#4470 = DIRECTION ( 'NONE',  ( 0.000000000000000000, 0.000000000000000000, -1.000000000000000000 ) ) ;
#4471 = CARTESIAN_POINT ( 'NONE',  ( -9.546842379973647041, 1.000000000000000000, 40.13865615616361282 ) ) ;
#4472 = ORIENTED_EDGE ( 'NONE', *, *, #1431, .F. ) ;
#4473 = DIRECTION ( 'NONE',  ( 0.8591433408540534167, 0.000000000000000000, -0.5117350094200471267 ) ) ;
#4474 = CARTESIAN_POINT ( 'NONE',  ( -8.820831392957019901, 1.000000000000000000, 39.34834681919642208 ) ) ;
#4475 = DIRECTION ( 'NONE',  ( 1.000000000000000000, 0.000000000000000000, 0.000000000000000000 ) ) ;
#4476 = LINE ( 'NONE', #2564, #4619 ) ;
#4477 = ORIENTED_EDGE ( 'NONE', *, *, #6102, .F. ) ;
#4478 = ORIENTED_EDGE ( 'NONE', *, *, #1923, .F. ) ;
#4479 = AXIS2_PLACEMENT_3D ( 'NONE', #2368, #2940, #1647 ) ;
#4480 = FACE_OUTER_BOUND ( 'NONE', #514, .T. ) ;
#4481 = EDGE_LOOP ( 'NONE', ( #3344, #3076, #6603, #849 ) ) ;
#4482 = CARTESIAN_POINT ( 'NONE',  ( -12.51946945996820837, 1.000000000000000000, 40.03558791188721955 ) ) ;
#4483 = CIRCLE ( 'NONE', #5144, 0.5000000000000004441 ) ;
#4484 = CIRCLE ( 'NONE', #1376, 3.000000000000002665 ) ;
#4485 = VECTOR ( 'NONE', #5258, 1000.000000000000000 ) ;
#4486 = ORIENTED_EDGE ( 'NONE', *, *, #3416, .T. ) ;
#4487 = LINE ( 'NONE', #2091, #7350 ) ;
#4488 = CARTESIAN_POINT ( 'NONE',  ( -9.547921941187476946, 1.000000000000000000, 40.83358285086494988 ) ) ;
#4489 = CARTESIAN_POINT ( 'NONE',  ( -3.035801255232417173, 1.000000000000000000, 39.76191223119189289 ) ) ;
#4490 = AXIS2_PLACEMENT_3D ( 'NONE', #3203, #5701, #113 ) ;
#4491 = CARTESIAN_POINT ( 'NONE',  ( 1.338183063655702609, 0.000000000000000000, 42.19999999999999574 ) ) ;
#4492 = VECTOR ( 'NONE', #1381, 1000.000000000000000 ) ;
#4493 = ADVANCED_FACE ( 'NONE', ( #6051 ), #7965, .T. ) ;
#4494 = CARTESIAN_POINT ( 'NONE',  ( 0.000000000000000000, 24.35000000000000142, 0.000000000000000000 ) ) ;
#4495 = CARTESIAN_POINT ( 'NONE',  ( -5.625548603008321713, 0.000000000000000000, 42.24320686637580025 ) ) ;
#4496 = AXIS2_PLACEMENT_3D ( 'NONE', #6866, #6217, #3793 ) ;
#4497 = ORIENTED_EDGE ( 'NONE', *, *, #4519, .T. ) ;
#4498 = DIRECTION ( 'NONE',  ( -0.000000000000000000, -1.000000000000000000, -0.000000000000000000 ) ) ;
#4499 = ORIENTED_EDGE ( 'NONE', *, *, #3162, .T. ) ;
#4500 = CARTESIAN_POINT ( 'NONE',  ( -6.308232410262573531, 1.000000000000000000, 42.08952340269906500 ) ) ;
#4501 = DIRECTION ( 'NONE',  ( 0.000000000000000000, 0.000000000000000000, -1.000000000000000000 ) ) ;
#4502 = CARTESIAN_POINT ( 'NONE',  ( -6.339444085983210186, 0.000000000000000000, 41.02075128517785885 ) ) ;
#4503 = LINE ( 'NONE', #1858, #5173 ) ;
#4504 =( GEOMETRIC_REPRESENTATION_CONTEXT ( 3 ) GLOBAL_UNCERTAINTY_ASSIGNED_CONTEXT ( ( #427 ) ) GLOBAL_UNIT_ASSIGNED_CONTEXT ( ( #2571, #6258, #3754 ) ) REPRESENTATION_CONTEXT ( 'NONE', 'WORKASPACE' ) );
#4505 = EDGE_CURVE ( 'NONE', #4647, #3494, #7812, .T. ) ;
#4506 = CARTESIAN_POINT ( 'NONE',  ( -2.704308353593626091, 0.000000000000000000, 41.62308925713873720 ) ) ;
#4507 = VECTOR ( 'NONE', #5829, 1000.000000000000000 ) ;
#4508 = DIRECTION ( 'NONE',  ( 1.000000000000000000, -3.016910393003142859E-16, 0.000000000000000000 ) ) ;
#4509 = EDGE_CURVE ( 'NONE', #6749, #6554, #7926, .T. ) ;
#4510 = EDGE_CURVE ( 'NONE', #3104, #3333, #5667, .T. ) ;
#4511 = ORIENTED_EDGE ( 'NONE', *, *, #1873, .T. ) ;
#4512 = CARTESIAN_POINT ( 'NONE',  ( -10.74218673210639530, 0.000000000000000000, 38.87307128906249432 ) ) ;
#4513 = ORIENTED_EDGE ( 'NONE', *, *, #2313, .F. ) ;
#4514 = CARTESIAN_POINT ( 'NONE',  ( -5.651014157578054586, 1.000000000000000000, 39.34916050897395223 ) ) ;
#4515 = CARTESIAN_POINT ( 'NONE',  ( -9.546842379973647041, 0.000000000000000000, 40.13865615616361282 ) ) ;
#4516 = ORIENTED_EDGE ( 'NONE', *, *, #4517, .F. ) ;
#4517 = EDGE_CURVE ( 'NONE', #3078, #2637, #589, .T. ) ;
#4518 = PLANE ( 'NONE',  #5635 ) ;
#4519 = EDGE_CURVE ( 'NONE', #1668, #4726, #2580, .T. ) ;
#4520 = LINE ( 'NONE', #3908, #2578 ) ;
#4521 = PLANE ( 'NONE',  #7360 ) ;
#4522 = LINE ( 'NONE', #7030, #1454 ) ;
#4523 = CARTESIAN_POINT ( 'NONE',  ( -19.00000000000000355, 0.000000000000000000, 42.49999999999999289 ) ) ;
#4524 = ORIENTED_EDGE ( 'NONE', *, *, #4115, .T. ) ;
#4525 = ORIENTED_EDGE ( 'NONE', *, *, #7673, .F. ) ;
#4526 = VECTOR ( 'NONE', #5450, 1000.000000000000114 ) ;
#4527 = AXIS2_PLACEMENT_3D ( 'NONE', #7651, #2055, #3849 ) ;
#4528 = CARTESIAN_POINT ( 'NONE',  ( -18.49999999999999289, 26.00000000000000355, 41.99999999999999289 ) ) ;
#4529 = EDGE_LOOP ( 'NONE', ( #4309, #2553, #4833, #4187 ) ) ;
#4530 = CARTESIAN_POINT ( 'NONE',  ( -8.179377584058904915, 0.000000000000000000, 39.80088522246152394 ) ) ;
#4531 = ORIENTED_EDGE ( 'NONE', *, *, #3266, .F. ) ;
#4532 = CARTESIAN_POINT ( 'NONE',  ( 13.50000000000000000, -0.001000000000000132727, -37.00000000000002132 ) ) ;
#4533 = CARTESIAN_POINT ( 'NONE',  ( -6.308232410262573531, 0.000000000000000000, 42.08952340269906500 ) ) ;
#4534 = CARTESIAN_POINT ( 'NONE',  ( -20.50000000000000355, 24.00000000000000000, -14.50000000000004086 ) ) ;
#4535 = DIRECTION ( 'NONE',  ( 0.000000000000000000, 0.000000000000000000, 1.000000000000000000 ) ) ;
#4536 = DIRECTION ( 'NONE',  ( 0.8191520442889889120, 0.5735764363510501562, 0.000000000000000000 ) ) ;
#4537 = PLANE ( 'NONE',  #5682 ) ;
#4538 = VERTEX_POINT ( 'NONE', #1239 ) ;
#4539 = CARTESIAN_POINT ( 'NONE',  ( -2.958039891549808065, 2.200000000000000178, 27.02500000000000213 ) ) ;
#4540 = ORIENTED_EDGE ( 'NONE', *, *, #7999, .T. ) ;
#4541 = CARTESIAN_POINT ( 'NONE',  ( -6.423830186181517909, 0.000000000000000000, 42.02095732157948760 ) ) ;
#4542 = LINE ( 'NONE', #2712, #6886 ) ;
#4543 = FACE_OUTER_BOUND ( 'NONE', #2692, .T. ) ;
#4544 = CARTESIAN_POINT ( 'NONE',  ( -4.910609985946062572, 1.000000000000000000, 40.83358285086494988 ) ) ;
#4545 = CARTESIAN_POINT ( 'NONE',  ( -12.45489647053752691, 1.000000000000000000, 41.03568055280742755 ) ) ;
#4546 = PLANE ( 'NONE',  #2159 ) ;
#4547 = ORIENTED_EDGE ( 'NONE', *, *, #2969, .T. ) ;
#4548 = CARTESIAN_POINT ( 'NONE',  ( 19.49999999999999645, 26.00000000000000355, -14.50000000000004086 ) ) ;
#4549 = ORIENTED_EDGE ( 'NONE', *, *, #5364, .F. ) ;
#4550 = DIRECTION ( 'NONE',  ( 0.9889363528682922899, 0.000000000000000000, 0.1483404529302795871 ) ) ;
#4551 = CARTESIAN_POINT ( 'NONE',  ( -8.820831392957019901, 0.000000000000000000, 39.34834681919642208 ) ) ;
#4552 = EDGE_CURVE ( 'NONE', #6554, #910, #7435, .T. ) ;
#4553 = DIRECTION ( 'NONE',  ( -0.000000000000000000, -1.000000000000000000, -0.000000000000000000 ) ) ;
#4554 = CARTESIAN_POINT ( 'NONE',  ( -2.845194598856444657, 1.000000000000000000, 38.92537552526993494 ) ) ;
#4555 = EDGE_CURVE ( 'NONE', #7800, #2048, #1803, .T. ) ;
#4556 = LINE ( 'NONE', #5840, #4780 ) ;
#4557 = CARTESIAN_POINT ( 'NONE',  ( -13.06049310521892259, 1.000000000000000000, 40.82891160613321802 ) ) ;
#4558 = CARTESIAN_POINT ( 'NONE',  ( -12.11150751302224116, 0.000000000000000000, 40.33534261267758581 ) ) ;
#4559 = CARTESIAN_POINT ( 'NONE',  ( -6.307076957686229335, 0.000000000000000000, 38.98344578767328272 ) ) ;
#4560 = EDGE_CURVE ( 'NONE', #7681, #3490, #6955, .T. ) ;
#4561 = ADVANCED_FACE ( 'NONE', ( #4283 ), #3760, .F. ) ;
#4562 = ORIENTED_EDGE ( 'NONE', *, *, #80, .F. ) ;
#4563 = ORIENTED_EDGE ( 'NONE', *, *, #7309, .F. ) ;
#4564 = AXIS2_PLACEMENT_3D ( 'NONE', #2374, #7753, #4173 ) ;
#4565 = DIRECTION ( 'NONE',  ( -0.000000000000000000, -1.000000000000000000, -0.000000000000000000 ) ) ;
#4566 = EDGE_LOOP ( 'NONE', ( #4990, #5780, #3227, #1524 ) ) ;
#4567 = CYLINDRICAL_SURFACE ( 'NONE', #3056, 0.5000000000000004441 ) ;
#4568 = EDGE_LOOP ( 'NONE', ( #1085, #1879, #3134, #4387 ) ) ;
#4569 = CARTESIAN_POINT ( 'NONE',  ( -3.096994002659582801, 0.000000000000000000, 42.05072138570804441 ) ) ;
#4570 = PLANE ( 'NONE',  #6993 ) ;
#4571 = CARTESIAN_POINT ( 'NONE',  ( -2.385033624822445297, 0.000000000000000000, 39.39155368557223369 ) ) ;
#4572 = DIRECTION ( 'NONE',  ( -1.000000000000000000, 0.000000000000000000, 0.000000000000000000 ) ) ;
#4573 = FACE_OUTER_BOUND ( 'NONE', #4909, .T. ) ;
#4574 = VECTOR ( 'NONE', #7240, 1000.000000000000000 ) ;
#4575 = DIRECTION ( 'NONE',  ( 0.000000000000000000, -1.000000000000000000, 0.000000000000000000 ) ) ;
#4576 = VERTEX_POINT ( 'NONE', #2450 ) ;
#4577 = CARTESIAN_POINT ( 'NONE',  ( -12.56244527560620838, 1.000000000000000000, 41.78944008921227038 ) ) ;
#4578 = ORIENTED_EDGE ( 'NONE', *, *, #5464, .T. ) ;
#4579 = LINE ( 'NONE', #314, #3979 ) ;
#4580 = FACE_OUTER_BOUND ( 'NONE', #3267, .T. ) ;
#4581 = CARTESIAN_POINT ( 'NONE',  ( -4.461548989254240816, 1.000000000000000000, 41.63289887886230645 ) ) ;
#4582 = VECTOR ( 'NONE', #3195, 1000.000000000000000 ) ;
#4583 = DIRECTION ( 'NONE',  ( 0.000000000000000000, 0.000000000000000000, 1.000000000000000000 ) ) ;
#4584 = CARTESIAN_POINT ( 'NONE',  ( -12.42328055138422371, 0.000000000000000000, 40.99896127141653324 ) ) ;
#4585 = DIRECTION ( 'NONE',  ( -0.000000000000000000, 0.000000000000000000, 1.000000000000000000 ) ) ;
#4586 = ORIENTED_EDGE ( 'NONE', *, *, #1609, .F. ) ;
#4587 = DIRECTION ( 'NONE',  ( 0.000000000000000000, 1.000000000000000000, -0.000000000000000000 ) ) ;
#4588 = ORIENTED_EDGE ( 'NONE', *, *, #1285, .T. ) ;
#4589 = CIRCLE ( 'NONE', #4716, 0.8500000000000035305 ) ;
#4590 = CARTESIAN_POINT ( 'NONE',  ( -13.06049310521892259, 1.000000000000000000, 40.82891160613321802 ) ) ;
#4591 = CARTESIAN_POINT ( 'NONE',  ( -6.799985041173804312, 1.000000000000000000, 39.44100827606357029 ) ) ;
#4592 = CARTESIAN_POINT ( 'NONE',  ( -7.824752142083736040, 1.000000000000000000, 39.22789410885822292 ) ) ;
#4593 = CARTESIAN_POINT ( 'NONE',  ( 3.903127820947815962E-15, 19.25000000000000000, 39.99999999999999289 ) ) ;
#4594 = LINE ( 'NONE', #3340, #2363 ) ;
#4595 = CARTESIAN_POINT ( 'NONE',  ( -6.276917473326945718, 0.000000000000000000, 41.26930175355268915 ) ) ;
#4596 = EDGE_CURVE ( 'NONE', #6686, #4114, #1196, .T. ) ;
#4597 = DIRECTION ( 'NONE',  ( 0.000000000000000000, 0.000000000000000000, -1.000000000000000000 ) ) ;
#4598 = DIRECTION ( 'NONE',  ( -0.000000000000000000, 1.000000000000000000, 0.000000000000000000 ) ) ;
#4599 = EDGE_LOOP ( 'NONE', ( #5256, #6731, #62, #1670, #5921, #3525, #5310, #3972 ) ) ;
#4600 = CARTESIAN_POINT ( 'NONE',  ( -5.772387469798721860, 0.000000000000000000, 38.83298889685600130 ) ) ;
#4601 = VERTEX_POINT ( 'NONE', #102 ) ;
#4602 = EDGE_CURVE ( 'NONE', #2016, #22, #3677, .T. ) ;
#4603 = ORIENTED_EDGE ( 'NONE', *, *, #2177, .T. ) ;
#4604 = EDGE_CURVE ( 'NONE', #3785, #6538, #3066, .T. ) ;
#4605 = EDGE_CURVE ( 'NONE', #6538, #6430, #6353, .T. ) ;
#4606 = DIRECTION ( 'NONE',  ( 0.000000000000000000, -1.000000000000000000, 0.000000000000000000 ) ) ;
#4607 = VERTEX_POINT ( 'NONE', #1321 ) ;
#4608 = CARTESIAN_POINT ( 'NONE',  ( -8.133023547590578772, 1.000000000000000000, 39.96094187914432183 ) ) ;
#4609 = EDGE_CURVE ( 'NONE', #2694, #1556, #712, .T. ) ;
#4610 = ORIENTED_EDGE ( 'NONE', *, *, #3150, .F. ) ;
#4611 = CARTESIAN_POINT ( 'NONE',  ( -2.470833317507218130, 1.000000000000000000, 41.67893556573324787 ) ) ;
#4612 = CARTESIAN_POINT ( 'NONE',  ( -12.43341291921957570, 1.000000000000000000, 39.55749574121964685 ) ) ;
#4613 = AXIS2_PLACEMENT_3D ( 'NONE', #4548, #7788, #5834 ) ;
#4614 = DIRECTION ( 'NONE',  ( 0.000000000000000000, -1.000000000000000000, 0.000000000000000000 ) ) ;
#4615 = EDGE_CURVE ( 'NONE', #952, #6735, #3105, .T. ) ;
#4616 = VECTOR ( 'NONE', #147, 1000.000000000000114 ) ;
#4617 = DIRECTION ( 'NONE',  ( 0.000000000000000000, 0.000000000000000000, 1.000000000000000000 ) ) ;
#4618 = AXIS2_PLACEMENT_3D ( 'NONE', #6172, #1310, #540 ) ;
#4619 = VECTOR ( 'NONE', #3224, 1000.000000000000000 ) ;
#4620 = CARTESIAN_POINT ( 'NONE',  ( -4.948897147269431862, 0.000000000000000000, 42.08951814818546922 ) ) ;
#4621 = ORIENTED_EDGE ( 'NONE', *, *, #5114, .F. ) ;
#4622 = CARTESIAN_POINT ( 'NONE',  ( -7.446176146961263065, 1.000000000000000000, 40.88471154557890941 ) ) ;
#4623 = B_SPLINE_CURVE_WITH_KNOTS ( 'NONE', 3,
 ( #5247, #4016, #2220, #6558, #6523, #927, #3403, #2186, #962, #5785, #7658, #4699, #2713, #7200, #3895, #6402, #1458, #1689, #391 ),
 .UNSPECIFIED., .F., .F.,
 ( 4, 1, 1, 1, 1, 1, 1, 1, 1, 1, 1, 1, 1, 1, 1, 1, 4 ),
 ( 0.000000000000000000, 0.06729306736676417267, 0.1322670285608542051, 0.1951516687811752915, 0.2568146365700376133, 0.3175742476819442550, 0.3779243297592582151, 0.4388911209805859137, 0.5006486888848836747, 0.5624795667426889523, 0.6228729693141641377, 0.6829399291483478907, 0.7432412384698641183, 0.8043243552672578733, 0.8670446511871432449, 0.9320961949735365737, 1.000000000000000000 ),
 .UNSPECIFIED. ) ;
#4624 = EDGE_LOOP ( 'NONE', ( #5288, #3023, #4812, #2077 ) ) ;
#4625 = CARTESIAN_POINT ( 'NONE',  ( -13.22349333439411545, -0.000000000000000000, 41.65521061853124962 ) ) ;
#4626 = DIRECTION ( 'NONE',  ( 0.000000000000000000, 1.000000000000000000, 0.000000000000000000 ) ) ;
#4627 = CARTESIAN_POINT ( 'NONE',  ( -12.55793330369778182, -0.000000000000000000, 41.36959297505097766 ) ) ;
#4628 = AXIS2_PLACEMENT_3D ( 'NONE', #5819, #2626, #6590 ) ;
#4629 = CARTESIAN_POINT ( 'NONE',  ( -9.251242718952347843, 0.000000000000000000, 38.88322787360075949 ) ) ;
#4630 = CARTESIAN_POINT ( 'NONE',  ( -11.65000000000000036, 2.000000000000000000, -15.45000000000001883 ) ) ;
#4631 = CARTESIAN_POINT ( 'NONE',  ( -12.55736049708272617, 1.000000000000000000, 41.32981794285805677 ) ) ;
#4632 = VECTOR ( 'NONE', #2251, 1000.000000000000000 ) ;
#4633 = LINE ( 'NONE', #199, #6344 ) ;
#4634 = ORIENTED_EDGE ( 'NONE', *, *, #3661, .F. ) ;
#4635 = PLANE ( 'NONE',  #4613 ) ;
#4636 = VERTEX_POINT ( 'NONE', #6828 ) ;
#4637 = DIRECTION ( 'NONE',  ( -0.000000000000000000, -1.000000000000000000, -0.000000000000000000 ) ) ;
#4638 = CARTESIAN_POINT ( 'NONE',  ( -11.99316053514356817, 1.000000000000000000, 38.87307128906249432 ) ) ;
#4639 = CARTESIAN_POINT ( 'NONE',  ( -5.394065144949816926, 0.000000000000000000, 41.69100458942323684 ) ) ;
#4640 = VECTOR ( 'NONE', #7316, 1000.000000000000000 ) ;
#4641 = CARTESIAN_POINT ( 'NONE',  ( 15.99999999999999645, 24.00000000000000000, 41.99999999999999289 ) ) ;
#4642 = CARTESIAN_POINT ( 'NONE',  ( -6.276917473326945718, 1.000000000000000000, 41.26930175355268915 ) ) ;
#4643 = PLANE ( 'NONE',  #6336 ) ;
#4644 = CARTESIAN_POINT ( 'NONE',  ( -5.625548603008321713, 1.000000000000000000, 41.72472446986606798 ) ) ;
#4645 = ORIENTED_EDGE ( 'NONE', *, *, #330, .T. ) ;
#4646 = CARTESIAN_POINT ( 'NONE',  ( -6.963087056531314545, 0.000000000000000000, 39.81188535139720841 ) ) ;
#4647 = VERTEX_POINT ( 'NONE', #6264 ) ;
#4648 = AXIS2_PLACEMENT_3D ( 'NONE', #5616, #771, #2025 ) ;
#4649 = EDGE_CURVE ( 'NONE', #7256, #4025, #2532, .T. ) ;
#4650 = ORIENTED_EDGE ( 'NONE', *, *, #2026, .T. ) ;
#4651 = CARTESIAN_POINT ( 'NONE',  ( -2.845194598856444657, 0.000000000000000000, 38.92537552526993494 ) ) ;
#4652 = CARTESIAN_POINT ( 'NONE',  ( -4.935491413426158047, 1.000000000000000000, 41.10818612692378338 ) ) ;
#4653 = EDGE_LOOP ( 'NONE', ( #4135, #6872, #2431, #823, #8043, #7947, #2708, #1744, #7434, #5023, #6438, #7744 ) ) ;
#4654 = FACE_OUTER_BOUND ( 'NONE', #2132, .T. ) ;
#4655 = CARTESIAN_POINT ( 'NONE',  ( -11.98168371126249276, 1.000000000000000000, 40.34210474584009631 ) ) ;
#4656 = EDGE_CURVE ( 'NONE', #3400, #5058, #5601, .T. ) ;
#4657 = CARTESIAN_POINT ( 'NONE',  ( -12.53767858343320540, 1.000000000000000000, 39.86207747711731741 ) ) ;
#4658 = EDGE_CURVE ( 'NONE', #6809, #4037, #745, .T. ) ;
#4659 = CARTESIAN_POINT ( 'NONE',  ( -13.22320601227995596, 0.000000000000000000, 41.63155966424321974 ) ) ;
#4660 = PLANE ( 'NONE',  #1626 ) ;
#4661 = ORIENTED_EDGE ( 'NONE', *, *, #341, .F. ) ;
#4662 = CARTESIAN_POINT ( 'NONE',  ( -12.57982868963411605, 1.000000000000000000, 41.92527184479979496 ) ) ;
#4663 = CARTESIAN_POINT ( 'NONE',  ( -6.308232410262573531, 0.000000000000000000, 42.08952340269906500 ) ) ;
#4664 = EDGE_CURVE ( 'NONE', #5851, #6203, #4487, .T. ) ;
#4665 = CARTESIAN_POINT ( 'NONE',  ( -9.124417034257520598, 0.000000000000000000, 39.40880381279465894 ) ) ;
#4666 = CARTESIAN_POINT ( 'NONE',  ( -12.09979438875363655, 0.000000000000000000, 40.86149965215940938 ) ) ;
#4667 = EDGE_CURVE ( 'NONE', #6163, #2510, #1455, .T. ) ;
#4668 = FACE_OUTER_BOUND ( 'NONE', #7586, .T. ) ;
#4669 = CARTESIAN_POINT ( 'NONE',  ( -19.00000000000000355, 1.000000000000000000, 42.49999999999999289 ) ) ;
#4670 = PLANE ( 'NONE',  #4883 ) ;
#4671 = ORIENTED_EDGE ( 'NONE', *, *, #1917, .T. ) ;
#4672 = CARTESIAN_POINT ( 'NONE',  ( -3.147922526808703214, 1.000000000000000000, 40.22640960053409032 ) ) ;
#4673 = ORIENTED_EDGE ( 'NONE', *, *, #2029, .F. ) ;
#4674 = CARTESIAN_POINT ( 'NONE',  ( -0.01473193973690074127, 1.000000000000000000, 41.14548241751533908 ) ) ;
#4675 = CARTESIAN_POINT ( 'NONE',  ( -7.012233863435423764, 1.000000000000000000, 40.09112917498210749 ) ) ;
#4676 = CARTESIAN_POINT ( 'NONE',  ( -7.444962741802267914, 1.000000000000000000, 40.23813822362329518 ) ) ;
#4677 = EDGE_LOOP ( 'NONE', ( #4469, #1866, #7577, #6118 ) ) ;
#4678 = CARTESIAN_POINT ( 'NONE',  ( 19.99999999999999645, 0.000000000000000000, 0.000000000000000000 ) ) ;
#4679 = DIRECTION ( 'NONE',  ( 0.000000000000000000, -0.000000000000000000, -1.000000000000000000 ) ) ;
#4680 = AXIS2_PLACEMENT_3D ( 'NONE', #5927, #2777, #451 ) ;
#4681 = EDGE_LOOP ( 'NONE', ( #3137, #7935, #583, #2249 ) ) ;
#4682 = CARTESIAN_POINT ( 'NONE',  ( -1.945538780905986309, 1.000000000000000000, 41.68151760349024926 ) ) ;
#4683 = ORIENTED_EDGE ( 'NONE', *, *, #1762, .T. ) ;
#4684 = EDGE_LOOP ( 'NONE', ( #281, #5689, #6821, #5801 ) ) ;
#4685 = LINE ( 'NONE', #412, #4936 ) ;
#4686 = CARTESIAN_POINT ( 'NONE',  ( 18.49999999999999645, 26.00000000000000355, 43.82842712474619162 ) ) ;
#4687 = ORIENTED_EDGE ( 'NONE', *, *, #1023, .T. ) ;
#4688 = CARTESIAN_POINT ( 'NONE',  ( 6.000000000000003553, 16.49999999999999645, 43.00000000000000000 ) ) ;
#4689 = CARTESIAN_POINT ( 'NONE',  ( -4.538649189797069106, 1.000000000000000000, 39.33103954169592953 ) ) ;
#4690 = CIRCLE ( 'NONE', #5232, 3.000000000000002665 ) ;
#4691 = CARTESIAN_POINT ( 'NONE',  ( -13.28086941205528326, 1.000000000000000000, 41.99475674533796621 ) ) ;
#4692 = EDGE_CURVE ( 'NONE', #3448, #1260, #3310, .T. ) ;
#4693 = CARTESIAN_POINT ( 'NONE',  ( -4.935715435780513971, -2.168404344971008868E-16, 39.96094187914432894 ) ) ;
#4694 = FACE_OUTER_BOUND ( 'NONE', #613, .T. ) ;
#4695 = ORIENTED_EDGE ( 'NONE', *, *, #4455, .F. ) ;
#4696 = CARTESIAN_POINT ( 'NONE',  ( 0.000000000000000000, 2.000000000000000000, 26.52499999999999858 ) ) ;
#4697 = CARTESIAN_POINT ( 'NONE',  ( -13.12833298676244986, 0.000000000000000000, 40.19356535273515618 ) ) ;
#4698 = LINE ( 'NONE', #4051, #7670 ) ;
#4699 = CARTESIAN_POINT ( 'NONE',  ( -4.832795841804705894, 1.000000000000000000, 39.05288680998296513 ) ) ;
#4700 = EDGE_CURVE ( 'NONE', #5048, #5372, #5891, .T. ) ;
#4701 = DIRECTION ( 'NONE',  ( 0.000000000000000000, -1.000000000000000000, 0.000000000000000000 ) ) ;
#4702 = EDGE_CURVE ( 'NONE', #2696, #4764, #1798, .T. ) ;
#4703 = CARTESIAN_POINT ( 'NONE',  ( -12.04109315252923551, 0.000000000000000000, 40.86058714234982858 ) ) ;
#4704 = EDGE_CURVE ( 'NONE', #5498, #6465, #2005, .T. ) ;
#4705 = CARTESIAN_POINT ( 'NONE',  ( -13.19880632513082119, 1.000000000000000000, 39.73824438420880512 ) ) ;
#4706 = ORIENTED_EDGE ( 'NONE', *, *, #972, .F. ) ;
#4707 = LINE ( 'NONE', #7743, #4218 ) ;
#4708 = VERTEX_POINT ( 'NONE', #305 ) ;
#4709 = PLANE ( 'NONE',  #2024 ) ;
#4710 = VECTOR ( 'NONE', #3395, 1000.000000000000000 ) ;
#4711 = CARTESIAN_POINT ( 'NONE',  ( -7.014461490717955883, 1.000000000000000000, 40.18857519758690700 ) ) ;
#4712 = CARTESIAN_POINT ( 'NONE',  ( -5.598284012159333578, -0.000000000000000000, 41.72390468822391796 ) ) ;
#4713 = B_SPLINE_CURVE_WITH_KNOTS ( 'NONE', 3,
 ( #3077, #7444, #1897, #1250, #4332, #4378, #6925, #4989, #5571, #3116, #2543, #680, #766, #7485, #3244, #5037, #3729, #6881, #1332 ),
 .UNSPECIFIED., .F., .F.,
 ( 4, 1, 1, 1, 1, 1, 1, 1, 1, 1, 1, 1, 1, 1, 1, 1, 4 ),
 ( 0.000000000000000000, 0.06729306736676417267, 0.1322670285608542051, 0.1951516687811752915, 0.2568146365700376133, 0.3175742476819442550, 0.3779243297592582151, 0.4388911209805859137, 0.5006486888848836747, 0.5624795667426889523, 0.6228729693141641377, 0.6829399291483478907, 0.7432412384698641183, 0.8043243552672578733, 0.8670446511871432449, 0.9320961949735365737, 1.000000000000000000 ),
 .UNSPECIFIED. ) ;
#4714 = ORIENTED_EDGE ( 'NONE', *, *, #1981, .F. ) ;
#4715 = CARTESIAN_POINT ( 'NONE',  ( -4.247654629992202224, 1.000000000000000000, 40.23813822362329518 ) ) ;
#4716 = AXIS2_PLACEMENT_3D ( 'NONE', #5957, #7980, #3570 ) ;
#4717 = LINE ( 'NONE', #1625, #6072 ) ;
#4718 = ORIENTED_EDGE ( 'NONE', *, *, #6972, .T. ) ;
#4719 = CARTESIAN_POINT ( 'NONE',  ( -6.720467164653421754, 0.000000000000000000, 39.33102985848655209 ) ) ;
#4720 = VERTEX_POINT ( 'NONE', #3960 ) ;
#4721 = B_SPLINE_CURVE_WITH_KNOTS ( 'NONE', 3,
 ( #7879, #6488, #6527, #277, #5512, #5904, #2794, #3406, #7739 ),
 .UNSPECIFIED., .F., .F.,
 ( 4, 1, 1, 1, 1, 1, 4 ),
 ( 0.000000000000000000, 0.09905615954354558828, 0.2052471499934037102, 0.3241685900341291782, 0.4595765774875706366, 0.7374132743485941610, 1.000000000000000000 ),
 .UNSPECIFIED. ) ;
#4722 = VERTEX_POINT ( 'NONE', #3237 ) ;
#4723 = B_SPLINE_CURVE_WITH_KNOTS ( 'NONE', 3,
 ( #3595, #6706, #7400, #4371, #1805, #14, #4285, #1198, #5564, #7315 ),
 .UNSPECIFIED., .F., .F.,
 ( 4, 2, 2, 2, 4 ),
 ( -1.095446579235524509E-05, 0.0003650950860064057870, 0.0007411446378051667581, 0.001117194189603927783, 0.001493243741402688809 ),
 .UNSPECIFIED. ) ;
#4724 = CARTESIAN_POINT ( 'NONE',  ( 11.65000000000000036, 5.000000000000000000, -16.30000000000001847 ) ) ;
#4725 = LINE ( 'NONE', #6547, #4221 ) ;
#4726 = VERTEX_POINT ( 'NONE', #7038 ) ;
#4727 = CARTESIAN_POINT ( 'NONE',  ( -3.719724570722028112, 1.000000000000000000, 41.36958257183558629 ) ) ;
#4728 = CARTESIAN_POINT ( 'NONE',  ( -5.332527543509572254, 0.000000000000000000, 38.85258023411333284 ) ) ;
#4729 = CARTESIAN_POINT ( 'NONE',  ( -13.22320601227995596, 1.000000000000000000, 41.63155966424321974 ) ) ;
#4730 = DIRECTION ( 'NONE',  ( 0.000000000000000000, 0.000000000000000000, 1.000000000000000000 ) ) ;
#4731 = ORIENTED_EDGE ( 'NONE', *, *, #4152, .F. ) ;
#4732 = DIRECTION ( 'NONE',  ( -0.000000000000000000, 0.000000000000000000, -1.000000000000000000 ) ) ;
#4733 = DIRECTION ( 'NONE',  ( 0.000000000000000000, 0.000000000000000000, 1.000000000000000000 ) ) ;
#4734 = CARTESIAN_POINT ( 'NONE',  ( -9.473612029372461052, 1.000000000000000000, 39.80272785000477143 ) ) ;
#4735 = DIRECTION ( 'NONE',  ( 0.000000000000000000, 1.000000000000000000, -0.000000000000000000 ) ) ;
#4736 = EDGE_CURVE ( 'NONE', #3666, #5527, #4002, .T. ) ;
#4737 = PLANE ( 'NONE',  #2257 ) ;
#4738 = CIRCLE ( 'NONE', #2392, 2.999999999999999112 ) ;
#4739 = VECTOR ( 'NONE', #1308, 1000.000000000000000 ) ;
#4740 = CARTESIAN_POINT ( 'NONE',  ( -12.09979438875363655, 0.000000000000000000, 40.86149965215940938 ) ) ;
#4741 = CARTESIAN_POINT ( 'NONE',  ( -9.619629496388695244, 1.000000000000000000, 39.05285795492783052 ) ) ;
#4742 = ORIENTED_EDGE ( 'NONE', *, *, #477, .T. ) ;
#4743 = CARTESIAN_POINT ( 'NONE',  ( -8.146205259079499328, 0.000000000000000000, 42.08951814818546922 ) ) ;
#4744 = ORIENTED_EDGE ( 'NONE', *, *, #7889, .T. ) ;
#4745 = CARTESIAN_POINT ( 'NONE',  ( 6.000000000000005329, 21.50000000000000000, 43.50000000000000000 ) ) ;
#4746 = CARTESIAN_POINT ( 'NONE',  ( -8.109223244550250342, 1.000000000000000000, 40.92873881434072558 ) ) ;
#4747 = VECTOR ( 'NONE', #2393, 1000.000000000000000 ) ;
#4748 = CARTESIAN_POINT ( 'NONE',  ( -3.136861523824774789, 1.000000000000000000, 40.99470446147630298 ) ) ;
#4749 = VECTOR ( 'NONE', #598, 1000.000000000000000 ) ;
#4750 = ADVANCED_FACE ( 'NONE', ( #4654 ), #5811, .T. ) ;
#4751 = CARTESIAN_POINT ( 'NONE',  ( 2.436698586202240335, 2.000000000000000000, 24.77499999999999858 ) ) ;
#4752 = AXIS2_PLACEMENT_3D ( 'NONE', #2330, #3594, #4127 ) ;
#4753 = ADVANCED_FACE ( 'NONE', ( #1445 ), #4041, .T. ) ;
#4754 = DIRECTION ( 'NONE',  ( -1.000000000000000000, 0.000000000000000000, 0.000000000000000000 ) ) ;
#4755 = ADVANCED_FACE ( 'NONE', ( #5734 ), #6000, .T. ) ;
#4756 = DIRECTION ( 'NONE',  ( 1.000000000000000000, 0.000000000000000000, -0.000000000000000000 ) ) ;
#4757 = ORIENTED_EDGE ( 'NONE', *, *, #6062, .T. ) ;
#4758 = ORIENTED_EDGE ( 'NONE', *, *, #432, .T. ) ;
#4759 = CARTESIAN_POINT ( 'NONE',  ( -7.538566537288216018, 0.000000000000000000, 41.39259125174281451 ) ) ;
#4760 = AXIS2_PLACEMENT_3D ( 'NONE', #6073, #2955, #7978 ) ;
#4761 = ORIENTED_EDGE ( 'NONE', *, *, #3556, .F. ) ;
#4762 = ADVANCED_FACE ( 'NONE', ( #3473 ), #6695, .T. ) ;
#4763 = ADVANCED_FACE ( 'NONE', ( #4806 ), #5430, .F. ) ;
#4764 = VERTEX_POINT ( 'NONE', #2244 ) ;
#4765 = CARTESIAN_POINT ( 'NONE',  ( -10.21179464577691576, 1.000000000000000000, 40.88472762824026319 ) ) ;
#4766 = DIRECTION ( 'NONE',  ( -0.000000000000000000, -1.000000000000000000, -0.000000000000000000 ) ) ;
#4767 = CLOSED_SHELL ( 'NONE', ( #1752, #279, #334, #4404, #7988, #3367, #2401, #6216, #4561, #2412, #2514, #5620, #132, #3806, #1476, #3112, #5879, #1226, #1912, #5367, #4763, #5269, #7118, #665, #3775, #3814, #5511, #2457, #5808, #2303, #5607, #7807, #7263, #6693, #632, #878, #4101, #486, #184, #2866, #1286, #7949, #7853, #6528, #1330, #7559, #5720, #6620, #1872, #1974, #5405, #4301, #4021, #5924, #3404, #5172, #6220, #6169, #2255, #4067, #2215, #485, #2902, #193, #7250, #5494, #7660, #6950, #1328, #2913, #1666, #5222, #8007, #335, #2357, #1619, #2021, #6048, #4159, #5918, #6166, #3415, #292, #1067, #7160, #4797, #538, #3870, #4946, #1029, #1471, #3014, #6262, #5400, #7945, #5271, #2765, #6475, #5210, #7763, #3752, #6767, #3261, #7071, #5314, #4068, #2075, #3315, #6121, #4393, #5218, #1621, #7650, #3304, #7413, #894, #3268, #4750, #1484, #2728, #3501, #7806, #4959, #3008, #7911, #3540, #6718, #2259, #2076, #1069, #287, #7111, #3914, #1711, #6378, #5054, #4762, #5357, #5869, #4457, #5816, #237, #2467, #7170, #6715, #6055, #6321, #320, #7064, #4753, #7449, #981, #4755, #881, #1215, #3715, #5219, #7504, #6415, #275, #298, #7012, #6569, #6007, #7307, #728, #7570, #4493, #7516, #4000, #1671, #4954, #6867, #1223, #1540, #4207, #4801, #7459, #5775, #2447, #826, #7214, #3221, #3163, #3858, #3418, #6572, #2552, #5002, #4010, #3917, #1015, #4447, #429, #3558, #7354, #6077, #1960, #4793, #7507, #5597, #4413, #3059, #6916 ) ) ;
#4768 = ORIENTED_EDGE ( 'NONE', *, *, #5454, .T. ) ;
#4769 = DIRECTION ( 'NONE',  ( -0.5735764363510501562, -0.8191520442889889120, 0.000000000000000000 ) ) ;
#4770 = CARTESIAN_POINT ( 'NONE',  ( -18.50000000000000355, 24.00000000000000000, -42.00000000000000000 ) ) ;
#4771 = FACE_OUTER_BOUND ( 'NONE', #4444, .T. ) ;
#4772 = LINE ( 'NONE', #4163, #3609 ) ;
#4773 = CARTESIAN_POINT ( 'NONE',  ( 19.90041507641943141, 24.00000000000000000, 42.49999999999999289 ) ) ;
#4774 = ORIENTED_EDGE ( 'NONE', *, *, #2869, .F. ) ;
#4775 = FACE_OUTER_BOUND ( 'NONE', #1355, .T. ) ;
#4776 = CARTESIAN_POINT ( 'NONE',  ( -12.70404850848309408, 0.000000000000000000, 42.19999999999999574 ) ) ;
#4777 = CARTESIAN_POINT ( 'NONE',  ( -14.00000000000000178, 1.000000000000000000, 38.98908507197222661 ) ) ;
#4778 = DIRECTION ( 'NONE',  ( -0.000000000000000000, -1.000000000000000000, -0.000000000000000000 ) ) ;
#4779 = CARTESIAN_POINT ( 'NONE',  ( -0.6776872956907611378, 1.000000000000000000, 42.19999999999999574 ) ) ;
#4780 = VECTOR ( 'NONE', #7712, 1000.000000000000000 ) ;
#4781 = CARTESIAN_POINT ( 'NONE',  ( 0.000000000000000000, 1.000000000000000000, 0.000000000000000000 ) ) ;
#4782 = SURFACE_SIDE_STYLE ('',( #6716 ) ) ;
#4783 = CARTESIAN_POINT ( 'NONE',  ( -8.969695581608789325, 0.000000000000000000, 38.83298889685600841 ) ) ;
#4784 = EDGE_LOOP ( 'NONE', ( #5370, #3852, #7085, #1657 ) ) ;
#4785 = CARTESIAN_POINT ( 'NONE',  ( -13.20092747180492943, 0.000000000000000000, 39.84860131895386814 ) ) ;
#4786 = VERTEX_POINT ( 'NONE', #4688 ) ;
#4787 = FACE_OUTER_BOUND ( 'NONE', #2378, .T. ) ;
#4788 = LINE ( 'NONE', #482, #2835 ) ;
#4789 = CARTESIAN_POINT ( 'NONE',  ( -3.035981515448400891, 1.000000000000000000, 41.31102423902202503 ) ) ;
#4790 = CARTESIAN_POINT ( 'NONE',  ( -12.01477264048804727, -0.000000000000000000, 39.39195512730677251 ) ) ;
#4791 = DIRECTION ( 'NONE',  ( 0.000000000000000000, 0.000000000000000000, -1.000000000000000000 ) ) ;
#4792 = CARTESIAN_POINT ( 'NONE',  ( -9.504385069496292360, 1.000000000000000000, 38.98344578767328272 ) ) ;
#4793 = ADVANCED_FACE ( 'NONE', ( #2932 ), #7631, .T. ) ;
#4794 = ORIENTED_EDGE ( 'NONE', *, *, #7357, .F. ) ;
#4795 = VERTEX_POINT ( 'NONE', #3507 ) ;
#4796 = CARTESIAN_POINT ( 'NONE',  ( -6.276303917562395362, 1.000000000000000000, 39.80272785000476432 ) ) ;
#4797 = ADVANCED_FACE ( 'NONE', ( #1065 ), #1713, .T. ) ;
#4798 = ORIENTED_EDGE ( 'NONE', *, *, #33, .F. ) ;
#4799 = LINE ( 'NONE', #6085, #6156 ) ;
#4800 = AXIS2_PLACEMENT_3D ( 'NONE', #6464, #7598, #2737 ) ;
#4801 = ADVANCED_FACE ( 'NONE', ( #5471 ), #7958, .T. ) ;
#4802 = CARTESIAN_POINT ( 'NONE',  ( 20.49999999999999645, 0.5000000000000000000, -44.00000000000000000 ) ) ;
#4803 = CARTESIAN_POINT ( 'NONE',  ( -18.49999999999999289, 24.00000000000000000, 41.99999999999999289 ) ) ;
#4804 = EDGE_CURVE ( 'NONE', #4333, #7950, #3430, .T. ) ;
#4805 = ORIENTED_EDGE ( 'NONE', *, *, #7855, .T. ) ;
#4806 = FACE_OUTER_BOUND ( 'NONE', #5046, .T. ) ;
#4807 = PLANE ( 'NONE',  #5296 ) ;
#4808 = FACE_OUTER_BOUND ( 'NONE', #5885, .T. ) ;
#4809 = DIRECTION ( 'NONE',  ( -0.8591433408540535277, 0.000000000000000000, -0.5117350094200469046 ) ) ;
#4810 = FACE_OUTER_BOUND ( 'NONE', #3866, .T. ) ;
#4811 = CARTESIAN_POINT ( 'NONE',  ( -1.945538780905986309, 1.000000000000000000, 41.68151760349024926 ) ) ;
#4812 = ORIENTED_EDGE ( 'NONE', *, *, #2124, .T. ) ;
#4813 = LINE ( 'NONE', #7352, #456 ) ;
#4814 = DIRECTION ( 'NONE',  ( -0.000000000000000000, -1.000000000000000000, -0.000000000000000000 ) ) ;
#4815 = CYLINDRICAL_SURFACE ( 'NONE', #5053, 2.250000000000000444 ) ;
#4816 = FACE_OUTER_BOUND ( 'NONE', #7301, .T. ) ;
#4817 = CARTESIAN_POINT ( 'NONE',  ( -18.49999999999999289, 2.000000000000000000, 41.99999999999999289 ) ) ;
#4818 = CARTESIAN_POINT ( 'NONE',  ( -7.525000000000002132, 0.000000000000000000, 4.724999999999996980 ) ) ;
#4819 = VECTOR ( 'NONE', #6942, 1000.000000000000000 ) ;
#4820 = B_SPLINE_CURVE_WITH_KNOTS ( 'NONE', 3,
 ( #5335, #7823, #282, #6533, #4060, #6564, #967, #2228, #7208, #3292, #2993, #1694, #3563, #3524, #6066, #479, #4136, #5487, #1129 ),
 .UNSPECIFIED., .F., .F.,
 ( 4, 1, 1, 1, 1, 1, 1, 1, 1, 1, 1, 1, 1, 1, 1, 1, 4 ),
 ( 0.000000000000000000, 0.07508138526919318212, 0.1467848926127365006, 0.2154666963927280854, 0.2815318614138199171, 0.3457619938168169926, 0.4082707809681710986, 0.4695961891400196597, 0.5303076506397792489, 0.5895122297284517421, 0.6474493612319588420, 0.7038250251780918676, 0.7602055749988271272, 0.8172201389990155773, 0.8754039741109082007, 0.9364164093463513971, 1.000000000000000000 ),
 .UNSPECIFIED. ) ;
#4821 = CARTESIAN_POINT ( 'NONE',  ( -7.525000000000002132, 0.000000000000000000, 4.724999999999996980 ) ) ;
#4822 = CARTESIAN_POINT ( 'NONE',  ( -8.969695581608789325, 1.000000000000000000, 38.83298889685600841 ) ) ;
#4823 = EDGE_LOOP ( 'NONE', ( #5986, #7054, #2740, #6761 ) ) ;
#4824 = CARTESIAN_POINT ( 'NONE',  ( -12.55822533446472988, 1.000000000000000000, 41.62683391323336934 ) ) ;
#4825 = EDGE_LOOP ( 'NONE', ( #2569, #6042, #131, #3283 ) ) ;
#4826 = CARTESIAN_POINT ( 'NONE',  ( -6.303236782907145397, 0.000000000000000000, 39.88029212275333890 ) ) ;
#4827 = CARTESIAN_POINT ( 'NONE',  ( -12.53000374477614010, 1.000000000000000000, 39.98693370578899220 ) ) ;
#4828 = CARTESIAN_POINT ( 'NONE',  ( -8.672858230418485803, 1.000000000000000000, 38.83295029064272086 ) ) ;
#4829 = DIRECTION ( 'NONE',  ( 1.000000000000000000, 0.000000000000000000, 8.651987411355645508E-17 ) ) ;
#4830 = FACE_BOUND ( 'NONE', #161, .T. ) ;
#4831 = CARTESIAN_POINT ( 'NONE',  ( -10.20954197524548768, 1.000000000000000000, 40.09112917498209328 ) ) ;
#4832 = ORIENTED_EDGE ( 'NONE', *, *, #2957, .T. ) ;
#4833 = ORIENTED_EDGE ( 'NONE', *, *, #4849, .T. ) ;
#4834 = CARTESIAN_POINT ( 'NONE',  ( -8.212573469902768153, 0.000000000000000000, 41.34338491910011015 ) ) ;
#4835 = ORIENTED_EDGE ( 'NONE', *, *, #5764, .T. ) ;
#4836 = CARTESIAN_POINT ( 'NONE',  ( -12.46076795228589695, 1.000000000000000000, 39.59561847010406410 ) ) ;
#4837 = EDGE_CURVE ( 'NONE', #7564, #7246, #2967, .T. ) ;
#4838 = DIRECTION ( 'NONE',  ( 1.000000000000000000, 0.000000000000000000, 0.000000000000000000 ) ) ;
#4839 = CARTESIAN_POINT ( 'NONE',  ( -3.719396478671860962, 0.000000000000000000, 39.70722293578302242 ) ) ;
#4840 = CARTESIAN_POINT ( 'NONE',  ( -20.50000000000000355, 22.00000000000000000, 44.00000000000000000 ) ) ;
#4841 = ORIENTED_EDGE ( 'NONE', *, *, #4847, .F. ) ;
#4842 = DIRECTION ( 'NONE',  ( -0.5071094851168946871, 0.000000000000000000, 0.8618816450676264340 ) ) ;
#4843 = CARTESIAN_POINT ( 'NONE',  ( -11.99316053514356817, 1.000000000000000000, 39.39155368557223369 ) ) ;
#4844 = VECTOR ( 'NONE', #1092, 1000.000000000000000 ) ;
#4845 = DIRECTION ( 'NONE',  ( -1.000000000000000000, 0.000000000000000000, -0.000000000000000000 ) ) ;
#4846 = EDGE_CURVE ( 'NONE', #907, #7135, #1918, .T. ) ;
#4847 = EDGE_CURVE ( 'NONE', #6544, #7547, #5060, .T. ) ;
#4848 = CARTESIAN_POINT ( 'NONE',  ( -1.279882995803637735, 0.000000000000000000, 42.19999999999999574 ) ) ;
#4849 = EDGE_CURVE ( 'NONE', #6912, #5143, #4236, .T. ) ;
#4850 = CARTESIAN_POINT ( 'NONE',  ( -19.50000000000000355, 26.00000000000000355, -14.50000000000004086 ) ) ;
#4851 = CARTESIAN_POINT ( 'NONE',  ( -4.955859011096387157, 1.000000000000000000, 39.87868280993804859 ) ) ;
#4852 = VERTEX_POINT ( 'NONE', #703 ) ;
#4853 = CARTESIAN_POINT ( 'NONE',  ( 6.000000000000004441, 19.25000000000000000, 39.99999999999999289 ) ) ;
#4854 = LINE ( 'NONE', #7198, #4632 ) ;
#4855 = DIRECTION ( 'NONE',  ( -0.5117350094200472377, 0.000000000000000000, -0.8591433408540535277 ) ) ;
#4856 = DIRECTION ( 'NONE',  ( 0.000000000000000000, 0.000000000000000000, 1.000000000000000000 ) ) ;
#4857 = EDGE_CURVE ( 'NONE', #2618, #6187, #6199, .T. ) ;
#4858 = B_SPLINE_CURVE_WITH_KNOTS ( 'NONE', 3,
 ( #6607, #1553, #248, #2725, #7672, #4029, #5220, #7708 ),
 .UNSPECIFIED., .F., .F.,
 ( 4, 2, 2, 4 ),
 ( 0.000000000000000000, 0.0003771039986264771902, 0.0007542079972529543803, 0.001508415994505920470 ),
 .UNSPECIFIED. ) ;
#4859 = LINE ( 'NONE', #511, #4574 ) ;
#4860 = DIRECTION ( 'NONE',  ( 0.000000000000000000, 1.000000000000000000, 0.000000000000000000 ) ) ;
#4861 = FACE_OUTER_BOUND ( 'NONE', #1331, .T. ) ;
#4862 = CARTESIAN_POINT ( 'NONE',  ( -13.15793070240264484, 1.000000000000000000, 39.53226328521057553 ) ) ;
#4863 = ORIENTED_EDGE ( 'NONE', *, *, #6820, .T. ) ;
#4864 = DIRECTION ( 'NONE',  ( 1.000000000000000000, 0.000000000000000000, 0.000000000000000000 ) ) ;
#4865 = VERTEX_POINT ( 'NONE', #3135 ) ;
#4866 = DIRECTION ( 'NONE',  ( -1.000000000000000000, 0.000000000000000000, 1.875376730785737473E-16 ) ) ;
#4867 = FACE_OUTER_BOUND ( 'NONE', #7828, .T. ) ;
#4868 = CARTESIAN_POINT ( 'NONE',  ( -2.994221725123150435, 1.000000000000000000, 41.37837517515146857 ) ) ;
#4869 = VECTOR ( 'NONE', #4732, 1000.000000000000000 ) ;
#4870 = DIRECTION ( 'NONE',  ( -0.000000000000000000, 1.000000000000000000, -0.000000000000000000 ) ) ;
#4871 = PLANE ( 'NONE',  #308 ) ;
#4872 = AXIS2_PLACEMENT_3D ( 'NONE', #6785, #545, #1278 ) ;
#4873 = CARTESIAN_POINT ( 'NONE',  ( -18.50000000000000355, 1.000000000000000000, 41.99999999999999289 ) ) ;
#4874 = VECTOR ( 'NONE', #7299, 1000.000000000000114 ) ;
#4875 = VECTOR ( 'NONE', #284, 1000.000000000000000 ) ;
#4876 = EDGE_LOOP ( 'NONE', ( #6612, #3959, #2409, #2489 ) ) ;
#4877 = CARTESIAN_POINT ( 'NONE',  ( -7.525000000000002132, 2.000000000000000000, 4.724999999999996980 ) ) ;
#4878 = ORIENTED_EDGE ( 'NONE', *, *, #2622, .F. ) ;
#4879 = CARTESIAN_POINT ( 'NONE',  ( -11.65000000000000036, 5.000000000000000000, -14.60000000000001918 ) ) ;
#4880 = ORIENTED_EDGE ( 'NONE', *, *, #4736, .F. ) ;
#4881 = B_SPLINE_SURFACE_WITH_KNOTS ( 'NONE', 3, 1, ( 
 ( #3033, #5526 ),
 ( #7284, #6676 ),
 ( #2423, #1086 ),
 ( #4910, #7408 ),
 ( #4094, #6602 ),
 ( #1008, #7859 ),
 ( #2261, #4743 ),
 ( #7245, #5743 ),
 ( #8062, #3155 ),
 ( #601, #6797 ),
 ( #3201, #5652 ),
 ( #6188, #3686 ),
 ( #6275, #7534 ),
 ( #3809, #5699 ),
 ( #6233, #641 ),
 ( #63, #6361 ),
 ( #6836, #6315 ),
 ( #3853, #1206 ),
 ( #4459, #4292 ) ),
 .UNSPECIFIED., .F., .F., .F.,
 ( 4, 1, 1, 1, 1, 1, 1, 1, 1, 1, 1, 1, 1, 1, 1, 1, 4 ),
 ( 2, 2 ),
 ( 0.000000000000000000, 0.06754833664786011327, 0.1325516695759140495, 0.1952254823667967376, 0.2565522035029124681, 0.3168088224494997607, 0.3766733412029135697, 0.4372649060884281069, 0.4990499599808042031, 0.5607315244112555108, 0.6216531320571606622, 0.6821090900150486025, 0.7427014245273787507, 0.8043186927919613316, 0.8672227418442760571, 0.9324516633521389153, 1.000000000000000000 ),
 ( 0.000000000000000000, 1.000000000000000000 ),
 .UNSPECIFIED. ) ;
#4882 = CARTESIAN_POINT ( 'NONE',  ( -11.99316053514356817, 1.000000000000000000, 39.39155368557223369 ) ) ;
#4883 = AXIS2_PLACEMENT_3D ( 'NONE', #895, #3373, #5868 ) ;
#4884 = CARTESIAN_POINT ( 'NONE',  ( -9.996958009277673085, 1.000000000000000000, 41.63291854017214888 ) ) ;
#4885 = LINE ( 'NONE', #7990, #2100 ) ;
#4886 = VECTOR ( 'NONE', #6883, 1000.000000000000000 ) ;
#4887 = CARTESIAN_POINT ( 'NONE',  ( 13.49999999999999822, 2.000000000000000000, -17.50000000000001776 ) ) ;
#4888 = ORIENTED_EDGE ( 'NONE', *, *, #5766, .T. ) ;
#4889 = CARTESIAN_POINT ( 'NONE',  ( -9.252967633269921777, 1.000000000000000000, 41.58568926665002863 ) ) ;
#4890 = CARTESIAN_POINT ( 'NONE',  ( -5.257995642048669538, 0.000000000000000000, 39.44350706053320010 ) ) ;
#4891 = DIRECTION ( 'NONE',  ( -0.000000000000000000, -1.000000000000000000, -0.000000000000000000 ) ) ;
#4892 = VECTOR ( 'NONE', #6662, 1000.000000000000000 ) ;
#4893 = DIRECTION ( 'NONE',  ( -1.000000000000000000, 0.000000000000000000, -0.000000000000000000 ) ) ;
#4894 = CARTESIAN_POINT ( 'NONE',  ( 1.338183063655702609, 0.000000000000000000, 38.87307128906249432 ) ) ;
#4895 = CYLINDRICAL_SURFACE ( 'NONE', #7229, 2.750000000000000000 ) ;
#4896 = EDGE_CURVE ( 'NONE', #3490, #6900, #5551, .T. ) ;
#4897 = ORIENTED_EDGE ( 'NONE', *, *, #3919, .T. ) ;
#4898 = DIRECTION ( 'NONE',  ( -0.000000000000000000, -0.000000000000000000, 1.000000000000000000 ) ) ;
#4899 = CARTESIAN_POINT ( 'NONE',  ( -9.127891687881819038, 1.000000000000000000, 41.66405100344285017 ) ) ;
#4900 = LINE ( 'NONE', #7478, #371 ) ;
#4901 = CARTESIAN_POINT ( 'NONE',  ( -19.00000000000000355, 0.000000000000000000, 38.98908507197222661 ) ) ;
#4902 = DIRECTION ( 'NONE',  ( 1.000000000000000000, 0.000000000000000000, -0.000000000000000000 ) ) ;
#4903 = EDGE_CURVE ( 'NONE', #2565, #2016, #4484, .T. ) ;
#4904 = LINE ( 'NONE', #6144, #1790 ) ;
#4905 = EDGE_CURVE ( 'NONE', #4795, #3785, #8038, .T. ) ;
#4906 = CARTESIAN_POINT ( 'NONE',  ( -6.055659521459856975, 0.000000000000000000, 41.58568926665001442 ) ) ;
#4907 = CARTESIAN_POINT ( 'NONE',  ( -0.6776872956907611378, 0.000000000000000000, 38.87307128906249432 ) ) ;
#4908 = EDGE_CURVE ( 'NONE', #5643, #3494, #46, .T. ) ;
#4909 = EDGE_LOOP ( 'NONE', ( #1509, #6910, #1788, #64, #5214, #1693, #5091, #3445, #7722, #6468 ) ) ;
#4910 = CARTESIAN_POINT ( 'NONE',  ( -8.532526404570599965, 1.000000000000000000, 42.22051789684428513 ) ) ;
#4911 = ORIENTED_EDGE ( 'NONE', *, *, #4054, .F. ) ;
#4912 = DIRECTION ( 'NONE',  ( -0.000000000000000000, 1.000000000000000000, -0.000000000000000000 ) ) ;
#4913 = CARTESIAN_POINT ( 'NONE',  ( -12.32182314443766380, 1.000000000000000000, 40.27776018297913652 ) ) ;
#4914 = CARTESIAN_POINT ( 'NONE',  ( -12.69609325622486296, -0.000000000000000000, 40.59396509033186362 ) ) ;
#4915 = AXIS2_PLACEMENT_3D ( 'NONE', #7048, #194, #2019 ) ;
#4916 = AXIS2_PLACEMENT_3D ( 'NONE', #107, #4860, #4250 ) ;
#4917 = CARTESIAN_POINT ( 'NONE',  ( -11.40784251720874387, 0.000000000000000000, 40.86058714234982858 ) ) ;
#4918 = LINE ( 'NONE', #31, #2246 ) ;
#4919 = CYLINDRICAL_SURFACE ( 'NONE', #5292, 2.999999999999999112 ) ;
#4920 = ORIENTED_EDGE ( 'NONE', *, *, #4196, .F. ) ;
#4921 = CARTESIAN_POINT ( 'NONE',  ( -5.015265358092706904, 0.000000000000000000, 41.34338491910011726 ) ) ;
#4922 = EDGE_LOOP ( 'NONE', ( #4430, #2350, #6097, #525, #7653 ) ) ;
#4923 = CARTESIAN_POINT ( 'NONE',  ( -7.465946415003858583, 0.000000000000000000, 41.12598433912934581 ) ) ;
#4924 = ORIENTED_EDGE ( 'NONE', *, *, #5708, .F. ) ;
#4925 = CARTESIAN_POINT ( 'NONE',  ( -12.01477264048804727, 1.000000000000000000, 39.39195512730677251 ) ) ;
#4926 = CARTESIAN_POINT ( 'NONE',  ( -9.918857049744550736, 1.000000000000000000, 41.74364952252324912 ) ) ;
#4927 = DIRECTION ( 'NONE',  ( -0.000000000000000000, -1.000000000000000000, -0.000000000000000000 ) ) ;
#4928 = CYLINDRICAL_SURFACE ( 'NONE', #2271, 0.8500000000000035305 ) ;
#4929 = EDGE_LOOP ( 'NONE', ( #175, #786, #1927, #3798 ) ) ;
#4930 = DIRECTION ( 'NONE',  ( 0.000000000000000000, 0.000000000000000000, -1.000000000000000000 ) ) ;
#4931 = CARTESIAN_POINT ( 'NONE',  ( -3.097189801499042883, 0.000000000000000000, 39.02287587908189437 ) ) ;
#4932 = CARTESIAN_POINT ( 'NONE',  ( -20.00000000000000355, 0.000000000000000000, -40.99999999999999289 ) ) ;
#4933 = APPLICATION_PROTOCOL_DEFINITION ( 'draft international standard', 'automotive_design', 1998, #264 ) ;
#4934 = CARTESIAN_POINT ( 'NONE',  ( -9.996958009277673085, 0.000000000000000000, 41.63291854017214888 ) ) ;
#4935 = CARTESIAN_POINT ( 'NONE',  ( -12.15620243772142750, 1.000000000000000000, 40.86856592298573077 ) ) ;
#4936 = VECTOR ( 'NONE', #7187, 1000.000000000000000 ) ;
#4937 = EDGE_LOOP ( 'NONE', ( #4486, #1304, #1416, #946, #3998, #1784 ) ) ;
#4938 = DIRECTION ( 'NONE',  ( 0.000000000000000000, 0.000000000000000000, -1.000000000000000000 ) ) ;
#4939 = CARTESIAN_POINT ( 'NONE',  ( -9.058205309460076293, 1.000000000000000000, 41.69116160432314899 ) ) ;
#4940 = LINE ( 'NONE', #6100, #5971 ) ;
#4941 = CARTESIAN_POINT ( 'NONE',  ( -7.015594507192638218, 1.000000000000000000, 40.83493306543919488 ) ) ;
#4942 = LINE ( 'NONE', #5648, #1469 ) ;
#4943 = EDGE_CURVE ( 'NONE', #7381, #5688, #1875, .T. ) ;
#4944 = CARTESIAN_POINT ( 'NONE',  ( -5.014650753002883654, 1.000000000000000000, 39.72779942703725453 ) ) ;
#4945 = PLANE ( 'NONE',  #3581 ) ;
#4946 = ADVANCED_FACE ( 'NONE', ( #4357 ), #2522, .T. ) ;
#4947 = VERTEX_POINT ( 'NONE', #1270 ) ;
#4948 = LINE ( 'NONE', #1938, #2661 ) ;
#4949 = ORIENTED_EDGE ( 'NONE', *, *, #582, .F. ) ;
#4950 = CARTESIAN_POINT ( 'NONE',  ( 19.49999999999999645, 26.00000000000000355, -15.50000000000004086 ) ) ;
#4951 = CARTESIAN_POINT ( 'NONE',  ( -12.43299988338930717, 0.000000000000000000, 40.19513745864936993 ) ) ;
#4952 = FACE_OUTER_BOUND ( 'NONE', #5424, .T. ) ;
#4953 = PLANE ( 'NONE',  #227 ) ;
#4954 = ADVANCED_FACE ( 'NONE', ( #7429 ), #7758, .T. ) ;
#4955 = EDGE_CURVE ( 'NONE', #555, #5678, #2287, .T. ) ;
#4956 = VECTOR ( 'NONE', #6417, 1000.000000000000000 ) ;
#4957 = PLANE ( 'NONE',  #2126 ) ;
#4958 = CARTESIAN_POINT ( 'NONE',  ( 0.000000000000000000, 1.999999999999999556, 26.52499999999999858 ) ) ;
#4959 = ADVANCED_FACE ( 'NONE', ( #5391 ), #6011, .F. ) ;
#4960 = VERTEX_POINT ( 'NONE', #4811 ) ;
#4961 = CARTESIAN_POINT ( 'NONE',  ( -2.566470627445001096, 1.000000000000000000, 42.19662674984159167 ) ) ;
#4962 = ORIENTED_EDGE ( 'NONE', *, *, #2895, .T. ) ;
#4963 = CARTESIAN_POINT ( 'NONE',  ( -4.394467678223994866, 1.000000000000000000, 41.51653259535947882 ) ) ;
#4964 = EDGE_LOOP ( 'NONE', ( #3902, #4093, #4757, #1929 ) ) ;
#4965 = CARTESIAN_POINT ( 'NONE',  ( 6.000000000000005329, 24.00000000000000000, 41.99999999999999289 ) ) ;
#4966 = LINE ( 'NONE', #2518, #2926 ) ;
#4967 = CARTESIAN_POINT ( 'NONE',  ( -3.762680386008024236, 0.000000000000000000, 39.83619575229770504 ) ) ;
#4968 = LINE ( 'NONE', #4355, #2012 ) ;
#4969 = ORIENTED_EDGE ( 'NONE', *, *, #6865, .F. ) ;
#4970 = CARTESIAN_POINT ( 'NONE',  ( -9.127891687881819038, 1.000000000000000000, 41.66405100344285017 ) ) ;
#4971 = CARTESIAN_POINT ( 'NONE',  ( -3.663803490509403016, 1.000000000000000000, 39.58500978963039074 ) ) ;
#4972 = VECTOR ( 'NONE', #3681, 1000.000000000000000 ) ;
#4973 = CARTESIAN_POINT ( 'NONE',  ( -10.74218673210639530, 1.000000000000000000, 38.87307128906249432 ) ) ;
#4974 = DIRECTION ( 'NONE',  ( 0.000000000000000000, 1.000000000000000000, 0.000000000000000000 ) ) ;
#4975 = ORIENTED_EDGE ( 'NONE', *, *, #7206, .F. ) ;
#4976 = DIRECTION ( 'NONE',  ( -1.000000000000000000, 0.000000000000000000, 0.000000000000000000 ) ) ;
#4977 = VECTOR ( 'NONE', #5209, 1000.000000000000000 ) ;
#4978 = ORIENTED_EDGE ( 'NONE', *, *, #2127, .T. ) ;
#4979 = CARTESIAN_POINT ( 'NONE',  ( -12.04109315252923551, 1.000000000000000000, 40.86058714234982858 ) ) ;
#4980 = EDGE_LOOP ( 'NONE', ( #2498, #3346, #7720, #5254, #5193 ) ) ;
#4981 = DIRECTION ( 'NONE',  ( 0.000000000000000000, 1.000000000000000000, 0.000000000000000000 ) ) ;
#4982 = CARTESIAN_POINT ( 'NONE',  ( -9.536752197793271435, 1.000000000000000000, 41.02075128517785174 ) ) ;
#4983 = LINE ( 'NONE', #549, #7539 ) ;
#4984 = CARTESIAN_POINT ( 'NONE',  ( -7.014486533966848292, 1.000000000000000000, 40.88472762824026319 ) ) ;
#4985 = CARTESIAN_POINT ( 'NONE',  ( -7.525000000000002132, 2.000000000000000000, 4.724999999999996980 ) ) ;
#4986 = CARTESIAN_POINT ( 'NONE',  ( -4.911922648987047779, 1.000000000000000000, 40.13825685875954719 ) ) ;
#4987 = DIRECTION ( 'NONE',  ( 1.000000000000000000, 0.000000000000000000, 0.000000000000000000 ) ) ;
#4988 = EDGE_LOOP ( 'NONE', ( #6479, #269, #5300, #7874 ) ) ;
#4989 = CARTESIAN_POINT ( 'NONE',  ( -4.460624613754827550, 0.000000000000000000, 39.44123848650360742 ) ) ;
#4990 = ORIENTED_EDGE ( 'NONE', *, *, #2573, .F. ) ;
#4991 = DIRECTION ( 'NONE',  ( 0.000000000000000000, 1.000000000000000000, -0.000000000000000000 ) ) ;
#4992 = CARTESIAN_POINT ( 'NONE',  ( -12.46132166490330562, 0.000000000000000000, 40.16082976774723079 ) ) ;
#4993 = CARTESIAN_POINT ( 'NONE',  ( -6.205205471115419869, 0.000000000000000000, 41.41240453727453286 ) ) ;
#4994 = EDGE_CURVE ( 'NONE', #6345, #1156, #1722, .T. ) ;
#4995 = CARTESIAN_POINT ( 'NONE',  ( 5.000000000000000888, 2.000000000000000000, -41.50000000000002132 ) ) ;
#4996 = CARTESIAN_POINT ( 'NONE',  ( -10.21290261900270480, 0.000000000000000000, 40.83493306543919488 ) ) ;
#4997 = CARTESIAN_POINT ( 'NONE',  ( -13.50000000000000000, 2.000000000000000000, -37.00000000000002132 ) ) ;
#4998 = VERTEX_POINT ( 'NONE', #3547 ) ;
#4999 = CARTESIAN_POINT ( 'NONE',  ( 19.90041507641943141, 24.00000000000000000, 42.49999999999999289 ) ) ;
#5000 = ORIENTED_EDGE ( 'NONE', *, *, #1181, .T. ) ;
#5001 = CARTESIAN_POINT ( 'NONE',  ( -4.248868035151198264, 1.000000000000000000, 40.88471154557890941 ) ) ;
#5002 = ADVANCED_FACE ( 'NONE', ( #6049 ), #464, .F. ) ;
#5003 = ORIENTED_EDGE ( 'NONE', *, *, #2508, .F. ) ;
#5004 = CARTESIAN_POINT ( 'NONE',  ( -3.663803490509403016, 1.000000000000000000, 39.58500978963039074 ) ) ;
#5005 = EDGE_CURVE ( 'NONE', #4034, #5851, #1394, .T. ) ;
#5006 = EDGE_CURVE ( 'NONE', #4795, #6430, #2938, .T. ) ;
#5007 = VECTOR ( 'NONE', #8050, 1000.000000000000000 ) ;
#5008 = AXIS2_PLACEMENT_3D ( 'NONE', #1146, #1675, #4231 ) ;
#5009 = VECTOR ( 'NONE', #4550, 1000.000000000000000 ) ;
#5010 = CARTESIAN_POINT ( 'NONE',  ( -12.55822533446472988, 1.000000000000000000, 41.38987125545352797 ) ) ;
#5011 = CARTESIAN_POINT ( 'NONE',  ( -10.21290261900270480, 0.000000000000000000, 40.23813822362329518 ) ) ;
#5012 = DIRECTION ( 'NONE',  ( 1.000000000000000000, 0.000000000000000000, 0.000000000000000000 ) ) ;
#5013 = EDGE_CURVE ( 'NONE', #5038, #4391, #7924, .T. ) ;
#5014 = EDGE_CURVE ( 'NONE', #5926, #2848, #7844, .T. ) ;
#5015 = ORIENTED_EDGE ( 'NONE', *, *, #2127, .F. ) ;
#5016 = CARTESIAN_POINT ( 'NONE',  ( -5.596022666293251291, -2.168404344971008868E-16, 39.34912196363719517 ) ) ;
#5017 = DIRECTION ( 'NONE',  ( 0.000000000000000000, 1.000000000000000000, -0.000000000000000000 ) ) ;
#5018 = AXIS2_PLACEMENT_3D ( 'NONE', #1894, #2421, #4418 ) ;
#5019 = AXIS2_PLACEMENT_3D ( 'NONE', #3770, #61, #719 ) ;
#5020 = ORIENTED_EDGE ( 'NONE', *, *, #6972, .F. ) ;
#5021 = VECTOR ( 'NONE', #1075, 1000.000000000000000 ) ;
#5022 = CARTESIAN_POINT ( 'NONE',  ( -9.621138297991583599, 0.000000000000000000, 42.02095732157949470 ) ) ;
#5023 = ORIENTED_EDGE ( 'NONE', *, *, #6702, .F. ) ;
#5024 = LINE ( 'NONE', #1926, #3840 ) ;
#5025 = VERTEX_POINT ( 'NONE', #7311 ) ;
#5026 = ORIENTED_EDGE ( 'NONE', *, *, #941, .T. ) ;
#5027 = CARTESIAN_POINT ( 'NONE',  ( -3.762519982319842526, 0.000000000000000000, 41.24041774624000567 ) ) ;
#5028 = CARTESIAN_POINT ( 'NONE',  ( -9.547559726325982155, 1.000000000000000000, 40.86579185886651544 ) ) ;
#5029 = CARTESIAN_POINT ( 'NONE',  ( -2.994241334416023914, 0.000000000000000000, 39.69468617189399140 ) ) ;
#5030 = CARTESIAN_POINT ( 'NONE',  ( -6.799649897467602955, 1.000000000000000000, 41.63291854017213467 ) ) ;
#5031 = VECTOR ( 'NONE', #2253, 1000.000000000000000 ) ;
#5032 = CARTESIAN_POINT ( 'NONE',  ( -6.183945700940245871, 1.000000000000000000, 38.92738053809850385 ) ) ;
#5033 = B_SPLINE_CURVE_WITH_KNOTS ( 'NONE', 3,
 ( #272, #4625, #1572, #6556, #7735, #3437, #7128, #4014, #6521, #5289, #960 ),
 .UNSPECIFIED., .F., .F.,
 ( 4, 1, 1, 1, 1, 1, 1, 1, 4 ),
 ( 0.000000000000000000, 0.1262952247604319234, 0.2568176797315101512, 0.3894549970646612458, 0.5274288649222097503, 0.6609081599616875025, 0.7830073967244005617, 0.8937254309683759779, 1.000000000000000000 ),
 .UNSPECIFIED. ) ;
#5034 = CARTESIAN_POINT ( 'NONE',  ( -17.50000000000000355, 2.000000000000000000, -44.00000000000000000 ) ) ;
#5035 = PLANE ( 'NONE',  #6200 ) ;
#5036 = ORIENTED_EDGE ( 'NONE', *, *, #4199, .F. ) ;
#5037 = CARTESIAN_POINT ( 'NONE',  ( -5.332527543509572254, 0.000000000000000000, 38.85258023411333284 ) ) ;
#5038 = VERTEX_POINT ( 'NONE', #4201 ) ;
#5039 = CARTESIAN_POINT ( 'NONE',  ( -6.052271067782140079, 0.000000000000000000, 39.48709226286085539 ) ) ;
#5040 = CIRCLE ( 'NONE', #4381, 0.8500000000000035305 ) ;
#5041 = DIRECTION ( 'NONE',  ( -0.000000000000000000, -0.000000000000000000, 1.000000000000000000 ) ) ;
#5042 = CARTESIAN_POINT ( 'NONE',  ( -13.09579162943838782, 0.000000000000000000, 40.87836570454382468 ) ) ;
#5043 = LINE ( 'NONE', #1944, #2944 ) ;
#5044 = PLANE ( 'NONE',  #1600 ) ;
#5045 = CARTESIAN_POINT ( 'NONE',  ( -6.158246832588899267, 0.000000000000000000, 39.59632042104873761 ) ) ;
#5046 = EDGE_LOOP ( 'NONE', ( #45, #6036, #3140, #4742, #7499, #4549, #5929, #3549, #5709, #283 ) ) ;
#5047 = CARTESIAN_POINT ( 'NONE',  ( -3.815585966234085635, 1.000000000000000000, 40.81332963225128907 ) ) ;
#5048 = VERTEX_POINT ( 'NONE', #6552 ) ;
#5049 = CARTESIAN_POINT ( 'NONE',  ( -4.461548989254240816, 1.000000000000000000, 41.63289887886230645 ) ) ;
#5050 = VECTOR ( 'NONE', #3475, 1000.000000000000000 ) ;
#5051 = ORIENTED_EDGE ( 'NONE', *, *, #4058, .T. ) ;
#5052 = DIRECTION ( 'NONE',  ( 0.000000000000000000, 1.000000000000000000, 0.000000000000000000 ) ) ;
#5053 = AXIS2_PLACEMENT_3D ( 'NONE', #5603, #2492, #7355 ) ;
#5054 = ADVANCED_FACE ( 'NONE', ( #6700 ), #7809, .T. ) ;
#5055 = FACE_OUTER_BOUND ( 'NONE', #565, .T. ) ;
#5056 = CARTESIAN_POINT ( 'NONE',  ( -12.17073608243399896, 0.000000000000000000, 40.32707850571679131 ) ) ;
#5057 = CARTESIAN_POINT ( 'NONE',  ( 18.50000000000000000, 2.000000000000000000, 39.49999999999999289 ) ) ;
#5058 = VERTEX_POINT ( 'NONE', #2982 ) ;
#5059 = EDGE_CURVE ( 'NONE', #6222, #2921, #5476, .T. ) ;
#5060 = LINE ( 'NONE', #5508, #595 ) ;
#5061 = CARTESIAN_POINT ( 'NONE',  ( -4.911915132740187317, 0.000000000000000000, 40.92873881434073979 ) ) ;
#5062 = ORIENTED_EDGE ( 'NONE', *, *, #3899, .F. ) ;
#5063 = EDGE_CURVE ( 'NONE', #2487, #5731, #4046, .T. ) ;
#5064 = EDGE_CURVE ( 'NONE', #3488, #5152, #5546, .T. ) ;
#5065 = ORIENTED_EDGE ( 'NONE', *, *, #3649, .F. ) ;
#5066 = LINE ( 'NONE', #1401, #7558 ) ;
#5067 = ORIENTED_EDGE ( 'NONE', *, *, #3426, .F. ) ;
#5068 = CARTESIAN_POINT ( 'NONE',  ( -1.945538780905986309, 1.000000000000000000, 39.39155368557223369 ) ) ;
#5069 = ORIENTED_EDGE ( 'NONE', *, *, #7203, .F. ) ;
#5070 = ORIENTED_EDGE ( 'NONE', *, *, #677, .T. ) ;
#5071 = CARTESIAN_POINT ( 'NONE',  ( -19.50000000000000355, 1.000000000000000000, -14.50000000000004086 ) ) ;
#5072 = CARTESIAN_POINT ( 'NONE',  ( -9.402513582925484670, 1.000000000000000000, 41.41240453727452575 ) ) ;
#5073 = LINE ( 'NONE', #4534, #6335 ) ;
#5074 = LINE ( 'NONE', #6183, #3724 ) ;
#5075 = CARTESIAN_POINT ( 'NONE',  ( -6.630381384954339374, 1.000000000000000000, 39.22785229367399751 ) ) ;
#5076 = VECTOR ( 'NONE', #7721, 1000.000000000000000 ) ;
#5077 = CARTESIAN_POINT ( 'NONE',  ( -12.71328921709077164, -0.000000000000000000, 40.56689562982605679 ) ) ;
#5078 = DIRECTION ( 'NONE',  ( 0.000000000000000000, 0.000000000000000000, 1.000000000000000000 ) ) ;
#5079 = EDGE_LOOP ( 'NONE', ( #2950, #1939, #5162, #3716 ) ) ;
#5080 = DIRECTION ( 'NONE',  ( -0.000000000000000000, -0.000000000000000000, -1.000000000000000000 ) ) ;
#5081 = EDGE_LOOP ( 'NONE', ( #765, #6719, #408, #2481 ) ) ;
#5082 = LINE ( 'NONE', #3855, #599 ) ;
#5083 = PLANE ( 'NONE',  #3614 ) ;
#5084 = CARTESIAN_POINT ( 'NONE',  ( -13.19153083017208417, 0.000000000000000000, 41.10834370833413942 ) ) ;
#5085 = UNCERTAINTY_MEASURE_WITH_UNIT (LENGTH_MEASURE( 1.000000000000000082E-05 ), #7320, 'distance_accuracy_value', 'NONE');
#5086 = CARTESIAN_POINT ( 'NONE',  ( 3.903127820947815962E-15, 19.25000000000000000, 43.00000000000000000 ) ) ;
#5087 = FACE_OUTER_BOUND ( 'NONE', #1815, .T. ) ;
#5088 = CARTESIAN_POINT ( 'NONE',  ( -13.49999999999999822, 0.2999999999999999889, -17.50000000000001776 ) ) ;
#5089 = EDGE_LOOP ( 'NONE', ( #2002, #8049, #4516, #3523 ) ) ;
#5090 = CARTESIAN_POINT ( 'NONE',  ( -19.90041507641943141, 24.00000000000000000, -15.50000000000004086 ) ) ;
#5091 = ORIENTED_EDGE ( 'NONE', *, *, #1437, .F. ) ;
#5092 = CARTESIAN_POINT ( 'NONE',  ( -4.299430975043786241, 0.000000000000000000, 41.26258314496016766 ) ) ;
#5093 = FACE_OUTER_BOUND ( 'NONE', #4876, .T. ) ;
#5094 = ORIENTED_EDGE ( 'NONE', *, *, #2345, .F. ) ;
#5095 = AXIS2_PLACEMENT_3D ( 'NONE', #2354, #1225, #6209 ) ;
#5096 = CARTESIAN_POINT ( 'NONE',  ( -20.00000000000000355, 0.5000000000000000000, -44.00000000000000000 ) ) ;
#5097 = DIRECTION ( 'NONE',  ( -0.000000000000000000, -1.000000000000000000, -0.000000000000000000 ) ) ;
#5098 = DIRECTION ( 'NONE',  ( 0.000000000000000000, 0.000000000000000000, -1.000000000000000000 ) ) ;
#5099 = DIRECTION ( 'NONE',  ( 0.000000000000000000, 0.000000000000000000, 1.000000000000000000 ) ) ;
#5100 = ORIENTED_EDGE ( 'NONE', *, *, #7774, .T. ) ;
#5101 = CARTESIAN_POINT ( 'NONE',  ( -5.464332459526012542, -2.168404344971008868E-16, 39.36250293755927032 ) ) ;
#5102 = EDGE_CURVE ( 'NONE', #2110, #491, #2278, .T. ) ;
#5103 = ORIENTED_EDGE ( 'NONE', *, *, #1027, .T. ) ;
#5104 = FACE_BOUND ( 'NONE', #6389, .T. ) ;
#5105 = ORIENTED_EDGE ( 'NONE', *, *, #3707, .T. ) ;
#5106 = CARTESIAN_POINT ( 'NONE',  ( -8.118192763487973806, 1.000000000000000000, 40.04731677189010242 ) ) ;
#5107 = ORIENTED_EDGE ( 'NONE', *, *, #7607, .F. ) ;
#5108 = CARTESIAN_POINT ( 'NONE',  ( -3.815585966234085635, 0.000000000000000000, 40.81332963225128907 ) ) ;
#5109 = DIRECTION ( 'NONE',  ( 0.000000000000000000, -1.000000000000000000, 0.000000000000000000 ) ) ;
#5110 = VECTOR ( 'NONE', #2066, 1000.000000000000000 ) ;
#5111 = CARTESIAN_POINT ( 'NONE',  ( -2.947320248032017531, 0.000000000000000000, 39.63184194384736969 ) ) ;
#5112 = EDGE_CURVE ( 'NONE', #7334, #6565, #5466, .T. ) ;
#5113 = CARTESIAN_POINT ( 'NONE',  ( -12.50450095691891228, 1.000000000000000000, 39.67907600026820347 ) ) ;
#5114 = EDGE_CURVE ( 'NONE', #4293, #1402, #2530, .T. ) ;
#5115 = AXIS2_PLACEMENT_3D ( 'NONE', #404, #4754, #5455 ) ;
#5116 = CARTESIAN_POINT ( 'NONE',  ( -12.99183075958518430, 0.000000000000000000, 40.37942244110467271 ) ) ;
#5117 = CARTESIAN_POINT ( 'NONE',  ( -4.538980698050645302, 0.000000000000000000, 41.74363050356624427 ) ) ;
#5118 = ORIENTED_EDGE ( 'NONE', *, *, #7675, .T. ) ;
#5119 = CARTESIAN_POINT ( 'NONE',  ( 6.000000000000003553, 16.49999999999999645, 41.99999999999999289 ) ) ;
#5120 = B_SPLINE_CURVE_WITH_KNOTS ( 'NONE', 3,
 ( #4941, #4984, #1199, #1845, #1324, #1806, #7479, #5030, #4412, #3803, #1284, #7401, #6876, #3764, #6790, #3680, #6267, #673, #5647 ),
 .UNSPECIFIED., .F., .F.,
 ( 4, 1, 1, 1, 1, 1, 1, 1, 1, 1, 1, 1, 1, 1, 1, 1, 4 ),
 ( 0.000000000000000000, 0.06725487302720212224, 0.1322381225825242645, 0.1948031581500086207, 0.2562468496294656450, 0.3166976563282773438, 0.3770420711781236056, 0.4378748038330633752, 0.4994890483826037730, 0.5612269675233089172, 0.6217977186905819798, 0.6819241721295511427, 0.7424712588206616726, 0.8038193238971660382, 0.8668136612825515508, 0.9321374888020109717, 1.000000000000000000 ),
 .UNSPECIFIED. ) ;
#5121 = ORIENTED_EDGE ( 'NONE', *, *, #6015, .T. ) ;
#5122 = CARTESIAN_POINT ( 'NONE',  ( -6.993425462155824945, 1.000000000000000000, 41.12581091917764553 ) ) ;
#5123 = EDGE_CURVE ( 'NONE', #3728, #3890, #7760, .T. ) ;
#5124 = LINE ( 'NONE', #806, #7269 ) ;
#5125 = CARTESIAN_POINT ( 'NONE',  ( -5.653263737648797971, 1.000000000000000000, 41.72390688698143890 ) ) ;
#5126 = CARTESIAN_POINT ( 'NONE',  ( -13.49999999999999822, 2.000000000000000000, -17.50000000000001776 ) ) ;
#5127 = CARTESIAN_POINT ( 'NONE',  ( -3.099303495994306434, 0.000000000000000000, 41.16187745727415148 ) ) ;
#5128 = CARTESIAN_POINT ( 'NONE',  ( -11.40784251720874387, 1.000000000000000000, 40.34210474584009631 ) ) ;
#5129 = EDGE_LOOP ( 'NONE', ( #5810, #7591, #6629, #886, #5436, #3564 ) ) ;
#5130 = CARTESIAN_POINT ( 'NONE',  ( -5.544857339768650029, 1.000000000000000000, 41.72229827478202679 ) ) ;
#5131 = ORIENTED_EDGE ( 'NONE', *, *, #4510, .F. ) ;
#5132 = CARTESIAN_POINT ( 'NONE',  ( -5.625548603008321713, 1.000000000000000000, 42.24320686637580025 ) ) ;
#5133 = CARTESIAN_POINT ( 'NONE',  ( -9.536704537624450140, 0.000000000000000000, 40.04827691292732084 ) ) ;
#5134 = VERTEX_POINT ( 'NONE', #7383 ) ;
#5135 = CARTESIAN_POINT ( 'NONE',  ( -8.265613356696665193, 1.000000000000000000, 38.92754240160103052 ) ) ;
#5136 = B_SPLINE_CURVE_WITH_KNOTS ( 'NONE', 3,
 ( #5185, #1516, #7146, #947, #254, #6575, #7798, #3424, #5922, #5345, #2202 ),
 .UNSPECIFIED., .F., .F.,
 ( 4, 1, 1, 1, 1, 1, 1, 1, 4 ),
 ( 0.000000000000000000, 0.1280114855645179128, 0.2496027987231822509, 0.3667782482511103281, 0.4836164056771611874, 0.6033909530813523769, 0.7275615257090118915, 0.8592131980136217262, 1.000000000000000000 ),
 .UNSPECIFIED. ) ;
#5137 = DIRECTION ( 'NONE',  ( -0.000000000000000000, -1.000000000000000000, -0.000000000000000000 ) ) ;
#5138 = CARTESIAN_POINT ( 'NONE',  ( -8.793330778103314316, -0.000000000000000000, 39.34912196363719517 ) ) ;
#5139 = CARTESIAN_POINT ( 'NONE',  ( -12.53797211585106908, 0.000000000000000000, 39.88033136144860435 ) ) ;
#5140 = FACE_OUTER_BOUND ( 'NONE', #4653, .T. ) ;
#5141 = ORIENTED_EDGE ( 'NONE', *, *, #2858, .T. ) ;
#5142 = B_SPLINE_CURVE_WITH_KNOTS ( 'NONE', 3,
 ( #862, #2690, #3223, #4558, #5056, #5719, #6339, #3343, #3950, #3263, #1997, #1955, #5760, #2647, #1350, #700, #6456, #5842, #5139 ),
 .UNSPECIFIED., .F., .F.,
 ( 4, 1, 1, 1, 1, 1, 1, 1, 1, 1, 1, 1, 1, 1, 1, 1, 4 ),
 ( 0.000000000000000000, 0.08165513800375961972, 0.1586537995249809596, 0.2312574998216623268, 0.2983684890556113078, 0.3628935140114161184, 0.4224805491741313035, 0.4798809901063415539, 0.5358714627918198525, 0.5901339013618933649, 0.6429089031005708055, 0.6968079661654269508, 0.7526733735533781555, 0.8094553955144911939, 0.8696541661594477945, 0.9330281216425050372, 0.9999999999999998890 ),
 .UNSPECIFIED. ) ;
#5143 = VERTEX_POINT ( 'NONE', #3620 ) ;
#5144 = AXIS2_PLACEMENT_3D ( 'NONE', #2150, #3410, #2071 ) ;
#5145 = VECTOR ( 'NONE', #4866, 1000.000000000000000 ) ;
#5146 = PLANE ( 'NONE',  #3383 ) ;
#5147 = ORIENTED_EDGE ( 'NONE', *, *, #7707, .F. ) ;
#5148 = CARTESIAN_POINT ( 'NONE',  ( -8.107918097756128262, 1.000000000000000000, 40.23206225803919978 ) ) ;
#5149 = CIRCLE ( 'NONE', #984, 0.8500000000000000888 ) ;
#5150 = AXIS2_PLACEMENT_3D ( 'NONE', #7303, #1103, #4120 ) ;
#5151 = CIRCLE ( 'NONE', #6074, 4.750000000000000888 ) ;
#5152 = VERTEX_POINT ( 'NONE', #6691 ) ;
#5153 = CARTESIAN_POINT ( 'NONE',  ( -2.709131268668909520, 0.000000000000000000, 42.17815662196002791 ) ) ;
#5154 = CARTESIAN_POINT ( 'NONE',  ( -5.675797107724261714, -0.000000000000000000, 42.24215401961486549 ) ) ;
#5155 = CARTESIAN_POINT ( 'NONE',  ( -2.894334285305907972, 1.000000000000000000, 39.57516126095884346 ) ) ;
#5156 = VECTOR ( 'NONE', #2006, 1000.000000000000000 ) ;
#5157 = DIRECTION ( 'NONE',  ( 0.000000000000000000, 0.000000000000000000, -1.000000000000000000 ) ) ;
#5158 = DIRECTION ( 'NONE',  ( 0.000000000000000000, 0.000000000000000000, -1.000000000000000000 ) ) ;
#5159 = EDGE_CURVE ( 'NONE', #6686, #7274, #337, .T. ) ;
#5160 = DIRECTION ( 'NONE',  ( 0.000000000000000000, 0.000000000000000000, 1.000000000000000000 ) ) ;
#5161 = AXIS2_PLACEMENT_3D ( 'NONE', #7528, #2493, #7569 ) ;
#5162 = ORIENTED_EDGE ( 'NONE', *, *, #5063, .T. ) ;
#5163 = CARTESIAN_POINT ( 'NONE',  ( -18.50000000000000355, 26.00000000000000355, -42.00000000000000000 ) ) ;
#5164 = ORIENTED_EDGE ( 'NONE', *, *, #687, .T. ) ;
#5165 = CARTESIAN_POINT ( 'NONE',  ( -6.630753234201829827, 1.000000000000000000, 41.84563246896666300 ) ) ;
#5166 = CARTESIAN_POINT ( 'NONE',  ( -12.53797211585106908, 1.000000000000000000, 39.88033136144860435 ) ) ;
#5167 = CARTESIAN_POINT ( 'NONE',  ( -12.38726671202868523, 0.000000000000000000, 40.96655251413022825 ) ) ;
#5168 = EDGE_CURVE ( 'NONE', #3494, #3706, #6040, .T. ) ;
#5169 = CARTESIAN_POINT ( 'NONE',  ( -10.21290261900270480, 0.000000000000000000, 40.23813822362329518 ) ) ;
#5170 = EDGE_CURVE ( 'NONE', #2471, #2800, #5503, .T. ) ;
#5171 = CARTESIAN_POINT ( 'NONE',  ( -3.148579966557493393, 0.000000000000000000, 40.81062920310279907 ) ) ;
#5172 = ADVANCED_FACE ( 'NONE', ( #411 ), #7425, .T. ) ;
#5173 = VECTOR ( 'NONE', #6887, 1000.000000000000000 ) ;
#5174 = CARTESIAN_POINT ( 'NONE',  ( -2.419464096465670622, 1.000000000000000000, 42.19999999999999574 ) ) ;
#5175 = VERTEX_POINT ( 'NONE', #6126 ) ;
#5176 = FACE_OUTER_BOUND ( 'NONE', #1777, .T. ) ;
#5177 = ORIENTED_EDGE ( 'NONE', *, *, #784, .T. ) ;
#5178 = DIRECTION ( 'NONE',  ( -0.000000000000000000, -1.000000000000000000, -0.000000000000000000 ) ) ;
#5179 = CARTESIAN_POINT ( 'NONE',  ( -9.305001309962182887, 0.000000000000000000, 39.53825140067257848 ) ) ;
#5180 = CARTESIAN_POINT ( 'NONE',  ( 19.49999999999999645, 1.000000000000000000, -15.50000000000004086 ) ) ;
#5181 = CARTESIAN_POINT ( 'NONE',  ( -3.814447738981405323, 1.000000000000000000, 40.21265535997371643 ) ) ;
#5182 = CARTESIAN_POINT ( 'NONE',  ( -5.786691193247704312, 1.000000000000000000, 41.71094548779755939 ) ) ;
#5183 = CARTESIAN_POINT ( 'NONE',  ( -13.09579162943838782, 0.000000000000000000, 40.87836570454382468 ) ) ;
#5184 = DIRECTION ( 'NONE',  ( 0.000000000000000000, 0.000000000000000000, 1.000000000000000000 ) ) ;
#5185 = CARTESIAN_POINT ( 'NONE',  ( -13.20092747180492943, 1.000000000000000000, 39.84860131895386814 ) ) ;
#5186 = ORIENTED_EDGE ( 'NONE', *, *, #6420, .T. ) ;
#5187 = ORIENTED_EDGE ( 'NONE', *, *, #835, .T. ) ;
#5188 = CIRCLE ( 'NONE', #4007, 0.5000000000000004441 ) ;
#5189 = VECTOR ( 'NONE', #7891, 1000.000000000000000 ) ;
#5190 = PLANE ( 'NONE',  #6905 ) ;
#5191 = ORIENTED_EDGE ( 'NONE', *, *, #5958, .T. ) ;
#5192 = FACE_OUTER_BOUND ( 'NONE', #2198, .T. ) ;
#5193 = ORIENTED_EDGE ( 'NONE', *, *, #3226, .F. ) ;
#5194 = CARTESIAN_POINT ( 'NONE',  ( -2.835478884830091140, 1.000000000000000000, 41.54676946194324927 ) ) ;
#5195 = CARTESIAN_POINT ( 'NONE',  ( -20.00000000000000355, 0.000000000000000000, 40.99999999999999289 ) ) ;
#5196 = LINE ( 'NONE', #3312, #2153 ) ;
#5197 = PLANE ( 'NONE',  #2495 ) ;
#5198 = CARTESIAN_POINT ( 'NONE',  ( -13.19959118351404648, -0.000000000000000000, 39.88993288442766527 ) ) ;
#5199 = CARTESIAN_POINT ( 'NONE',  ( -5.335218292760532499, 0.000000000000000000, 42.22051789684429224 ) ) ;
#5200 = ORIENTED_EDGE ( 'NONE', *, *, #5460, .F. ) ;
#5201 = CARTESIAN_POINT ( 'NONE',  ( -8.396482364368326401, 1.000000000000000000, 42.18983138524006193 ) ) ;
#5202 = ORIENTED_EDGE ( 'NONE', *, *, #941, .F. ) ;
#5203 = CARTESIAN_POINT ( 'NONE',  ( 0.000000000000000000, 2.200000000000000178, 28.02500000000000213 ) ) ;
#5204 = DIRECTION ( 'NONE',  ( 0.000000000000000000, 0.000000000000000000, -1.000000000000000000 ) ) ;
#5205 = CARTESIAN_POINT ( 'NONE',  ( -4.727336352657547813, 1.000000000000000000, 41.93943188650531795 ) ) ;
#5206 = EDGE_CURVE ( 'NONE', #2356, #3728, #2353, .T. ) ;
#5207 = CARTESIAN_POINT ( 'NONE',  ( 19.49999999999999645, 24.00000000000000000, -14.50000000000004086 ) ) ;
#5208 = VECTOR ( 'NONE', #1676, 1000.000000000000000 ) ;
#5209 = DIRECTION ( 'NONE',  ( -0.000000000000000000, 1.000000000000000000, -0.000000000000000000 ) ) ;
#5210 = ADVANCED_FACE ( 'NONE', ( #7872 ), #7338, .T. ) ;
#5211 = CARTESIAN_POINT ( 'NONE',  ( -9.522354633358659726, 0.000000000000000000, 41.10816754691646224 ) ) ;
#5212 = ORIENTED_EDGE ( 'NONE', *, *, #7673, .T. ) ;
#5213 = CARTESIAN_POINT ( 'NONE',  ( -2.947320248032017531, 1.000000000000000000, 39.63184194384736969 ) ) ;
#5214 = ORIENTED_EDGE ( 'NONE', *, *, #6655, .T. ) ;
#5215 = LINE ( 'NONE', #2230, #3842 ) ;
#5216 = CARTESIAN_POINT ( 'NONE',  ( -6.183945700940245871, 1.000000000000000000, 38.92738053809850385 ) ) ;
#5217 = CARTESIAN_POINT ( 'NONE',  ( -7.537716947659503397, 0.000000000000000000, 39.68163377784200918 ) ) ;
#5218 = ADVANCED_FACE ( 'NONE', ( #7989 ), #6777, .T. ) ;
#5219 = ADVANCED_FACE ( 'NONE', ( #3786 ), #4395, .T. ) ;
#5220 = CARTESIAN_POINT ( 'NONE',  ( -17.73790808184038781, 24.08126016181792650, 43.99999999999999289 ) ) ;
#5221 = DIRECTION ( 'NONE',  ( 0.000000000000000000, 0.000000000000000000, 1.000000000000000000 ) ) ;
#5222 = ADVANCED_FACE ( 'NONE', ( #3222 ), #3262, .T. ) ;
#5223 = FACE_BOUND ( 'NONE', #7907, .T. ) ;
#5224 = CARTESIAN_POINT ( 'NONE',  ( -16.50000000000000000, 0.000000000000000000, 37.50000000000000000 ) ) ;
#5225 = CARTESIAN_POINT ( 'NONE',  ( -20.00000000000000355, 0.000000000000000000, -15.50000000000004086 ) ) ;
#5226 = EDGE_LOOP ( 'NONE', ( #6908, #702, #3009, #7517 ) ) ;
#5227 = CARTESIAN_POINT ( 'NONE',  ( -6.866346012793241194, 0.000000000000000000, 39.55829294552089692 ) ) ;
#5228 = ORIENTED_EDGE ( 'NONE', *, *, #2968, .T. ) ;
#5229 = B_SPLINE_CURVE_WITH_KNOTS ( 'NONE', 3,
 ( #971, #5724, #5061, #1508, #286, #4028, #6343, #2196, #6946, #939, #7792, #902, #2113, #6497, #4639, #7827, #1354, #4712, #2232 ),
 .UNSPECIFIED., .F., .F.,
 ( 4, 1, 1, 1, 1, 1, 1, 1, 1, 1, 1, 1, 1, 1, 1, 1, 4 ),
 ( 0.000000000000000000, 0.07508138526919318212, 0.1467848926127365838, 0.2154666963927281687, 0.2815318614138196396, 0.3457619938168169371, 0.4082707809681710986, 0.4695961891400196597, 0.5303076506397788048, 0.5895122297284521862, 0.6474493612319587310, 0.7038250251780923117, 0.7602055749988264610, 0.8172201389990154663, 0.8754039741109075345, 0.9364164093463507310, 1.000000000000000000 ),
 .UNSPECIFIED. ) ;
#5230 = EDGE_CURVE ( 'NONE', #1482, #7178, #2605, .T. ) ;
#5231 = ORIENTED_EDGE ( 'NONE', *, *, #1856, .T. ) ;
#5232 = AXIS2_PLACEMENT_3D ( 'NONE', #7384, #4353, #2478 ) ;
#5233 = FACE_OUTER_BOUND ( 'NONE', #1028, .T. ) ;
#5234 = ORIENTED_EDGE ( 'NONE', *, *, #6423, .T. ) ;
#5235 = DIRECTION ( 'NONE',  ( 1.000000000000000000, 0.000000000000000000, 0.000000000000000000 ) ) ;
#5236 = EDGE_LOOP ( 'NONE', ( #3825, #2238, #200, #1149 ) ) ;
#5237 = CARTESIAN_POINT ( 'NONE',  ( -2.566470627445001096, 0.000000000000000000, 42.19662674984159167 ) ) ;
#5238 = CARTESIAN_POINT ( 'NONE',  ( -12.27761054202555258, 1.000000000000000000, 39.44263842153810629 ) ) ;
#5239 = CARTESIAN_POINT ( 'NONE',  ( 3.073477462871951528E-15, 16.50000000000000000, 44.00000000000000000 ) ) ;
#5240 = DIRECTION ( 'NONE',  ( -0.000000000000000000, -1.000000000000000000, -0.000000000000000000 ) ) ;
#5241 = CARTESIAN_POINT ( 'NONE',  ( -4.251253180634250839, 0.000000000000000000, 40.98255925636070884 ) ) ;
#5242 = ORIENTED_EDGE ( 'NONE', *, *, #2129, .T. ) ;
#5243 = CARTESIAN_POINT ( 'NONE',  ( -8.031881583805818181, 1.000000000000000000, 42.02074769022401313 ) ) ;
#5244 = VERTEX_POINT ( 'NONE', #5587 ) ;
#5245 = CARTESIAN_POINT ( 'NONE',  ( -2.419464096465670622, 1.000000000000000000, 42.19999999999999574 ) ) ;
#5246 = DIRECTION ( 'NONE',  ( -0.000000000000000000, -1.000000000000000000, -0.000000000000000000 ) ) ;
#5247 = CARTESIAN_POINT ( 'NONE',  ( -4.247654629992202224, 1.000000000000000000, 40.23813822362329518 ) ) ;
#5248 = VECTOR ( 'NONE', #6474, 1000.000000000000000 ) ;
#5249 = CARTESIAN_POINT ( 'NONE',  ( -8.820831392957019901, 0.000000000000000000, 38.82986442268668270 ) ) ;
#5250 = CARTESIAN_POINT ( 'NONE',  ( 4.775688665340304682E-15, 14.50000000000000000, 41.99999999999999289 ) ) ;
#5251 = LINE ( 'NONE', #7014, #7080 ) ;
#5252 = CARTESIAN_POINT ( 'NONE',  ( -8.822856714818387402, 0.000000000000000000, 41.72472446986606798 ) ) ;
#5253 = EDGE_CURVE ( 'NONE', #7083, #7075, #1404, .T. ) ;
#5254 = ORIENTED_EDGE ( 'NONE', *, *, #919, .F. ) ;
#5255 = PLANE ( 'NONE',  #2529 ) ;
#5256 = ORIENTED_EDGE ( 'NONE', *, *, #624, .T. ) ;
#5257 = VECTOR ( 'NONE', #3627, 1000.000000000000000 ) ;
#5258 = DIRECTION ( 'NONE',  ( -0.000000000000000000, -1.000000000000000000, -0.000000000000000000 ) ) ;
#5259 = CARTESIAN_POINT ( 'NONE',  ( -9.054806837082550075, 1.000000000000000000, 39.38194406229025901 ) ) ;
#5260 = FACE_OUTER_BOUND ( 'NONE', #499, .T. ) ;
#5261 = ORIENTED_EDGE ( 'NONE', *, *, #4414, .F. ) ;
#5262 = CARTESIAN_POINT ( 'NONE',  ( -5.860897197650010604, 1.000000000000000000, 41.69116160432315610 ) ) ;
#5263 = LINE ( 'NONE', #3300, #2804 ) ;
#5264 = LINE ( 'NONE', #2990, #16 ) ;
#5265 = EDGE_CURVE ( 'NONE', #2014, #7221, #6846, .T. ) ;
#5266 = ORIENTED_EDGE ( 'NONE', *, *, #7711, .F. ) ;
#5267 = CARTESIAN_POINT ( 'NONE',  ( 0.000000000000000000, 1.999999999999999556, 26.52499999999999858 ) ) ;
#5268 = VERTEX_POINT ( 'NONE', #4474 ) ;
#5269 = ADVANCED_FACE ( 'NONE', ( #6816 ), #699, .F. ) ;
#5270 = EDGE_LOOP ( 'NONE', ( #5069, #3374, #1359, #711 ) ) ;
#5271 = ADVANCED_FACE ( 'NONE', ( #1869 ), #4352, .F. ) ;
#5272 = CARTESIAN_POINT ( 'NONE',  ( 13.50000000000000000, 0.000000000000000000, -37.00000000000002132 ) ) ;
#5273 = EDGE_CURVE ( 'NONE', #4034, #968, #4966, .T. ) ;
#5274 = ORIENTED_EDGE ( 'NONE', *, *, #2825, .T. ) ;
#5275 = CARTESIAN_POINT ( 'NONE',  ( 19.65534243804603065, 24.35000000000000142, 43.08674362937993152 ) ) ;
#5276 = ORIENTED_EDGE ( 'NONE', *, *, #3911, .F. ) ;
#5277 = CARTESIAN_POINT ( 'NONE',  ( -2.414090638796244193, 1.000000000000000000, 41.68064316787355494 ) ) ;
#5278 = CARTESIAN_POINT ( 'NONE',  ( -6.531833265712951864, 0.000000000000000000, 41.93942928358850963 ) ) ;
#5279 = VECTOR ( 'NONE', #885, 1000.000000000000000 ) ;
#5280 = PLANE ( 'NONE',  #168 ) ;
#5281 = AXIS2_PLACEMENT_3D ( 'NONE', #3125, #6370, #3253 ) ;
#5282 = CARTESIAN_POINT ( 'NONE',  ( -10.21179464577691576, -0.000000000000000000, 40.88472762824026319 ) ) ;
#5283 = VECTOR ( 'NONE', #6540, 1000.000000000000114 ) ;
#5284 = AXIS2_PLACEMENT_3D ( 'NONE', #695, #79, #2556 ) ;
#5285 = CARTESIAN_POINT ( 'NONE',  ( -4.268638303193791117, 0.000000000000000000, 41.12598433912933160 ) ) ;
#5286 = ORIENTED_EDGE ( 'NONE', *, *, #4044, .F. ) ;
#5287 = DIRECTION ( 'NONE',  ( 1.239088197126291063E-16, 0.000000000000000000, 1.000000000000000000 ) ) ;
#5288 = ORIENTED_EDGE ( 'NONE', *, *, #2904, .F. ) ;
#5289 = CARTESIAN_POINT ( 'NONE',  ( -13.37515933669722479, -0.000000000000000000, 42.13799337199600359 ) ) ;
#5290 = DIRECTION ( 'NONE',  ( 1.000000000000000000, 0.000000000000000000, 0.000000000000000000 ) ) ;
#5291 = FACE_BOUND ( 'NONE', #7032, .T. ) ;
#5292 = AXIS2_PLACEMENT_3D ( 'NONE', #3085, #4466, #2595 ) ;
#5293 = CARTESIAN_POINT ( 'NONE',  ( -7.525000000000002132, 0.000000000000000000, 4.724999999999996980 ) ) ;
#5294 = CARTESIAN_POINT ( 'NONE',  ( -7.444962741802267914, 0.000000000000000000, 40.83493306543919488 ) ) ;
#5295 = PLANE ( 'NONE',  #3544 ) ;
#5296 = AXIS2_PLACEMENT_3D ( 'NONE', #5970, #1714, #4194 ) ;
#5297 = CARTESIAN_POINT ( 'NONE',  ( -13.49999999999999822, -0.001000000000000132727, -17.50000000000001776 ) ) ;
#5298 = ORIENTED_EDGE ( 'NONE', *, *, #5615, .F. ) ;
#5299 = CARTESIAN_POINT ( 'NONE',  ( -17.50000000000000355, 0.5000000000000000000, 40.99999999999999289 ) ) ;
#5300 = ORIENTED_EDGE ( 'NONE', *, *, #4555, .F. ) ;
#5301 = FACE_OUTER_BOUND ( 'NONE', #5079, .T. ) ;
#5302 = CARTESIAN_POINT ( 'NONE',  ( -8.108359770236587494, 1.000000000000000000, 40.86578441670267381 ) ) ;
#5303 = CARTESIAN_POINT ( 'NONE',  ( -8.030103953614771584, 0.000000000000000000, 39.05288680998297224 ) ) ;
#5304 = VECTOR ( 'NONE', #2583, 1000.000000000000000 ) ;
#5305 = LINE ( 'NONE', #3380, #5557 ) ;
#5306 = CARTESIAN_POINT ( 'NONE',  ( -6.325046521548595813, 0.000000000000000000, 41.10816754691646935 ) ) ;
#5307 = LINE ( 'NONE', #6416, #6058 ) ;
#5308 = ORIENTED_EDGE ( 'NONE', *, *, #1708, .T. ) ;
#5309 = CARTESIAN_POINT ( 'NONE',  ( -17.50000000000000355, 0.5000000000000000000, -40.99999999999999289 ) ) ;
#5310 = ORIENTED_EDGE ( 'NONE', *, *, #2611, .F. ) ;
#5311 = ORIENTED_EDGE ( 'NONE', *, *, #1631, .T. ) ;
#5312 = EDGE_CURVE ( 'NONE', #5756, #3645, #2561, .T. ) ;
#5313 = DIRECTION ( 'NONE',  ( 0.000000000000000000, 1.000000000000000000, 0.000000000000000000 ) ) ;
#5314 = ADVANCED_FACE ( 'NONE', ( #5055 ), #5933, .T. ) ;
#5315 = CARTESIAN_POINT ( 'NONE',  ( -5.625548603008321713, 1.000000000000000000, 41.72472446986606798 ) ) ;
#5316 = ORIENTED_EDGE ( 'NONE', *, *, #4692, .T. ) ;
#5317 = CARTESIAN_POINT ( 'NONE',  ( -3.212682822296887508, 0.000000000000000000, 41.98365380453167717 ) ) ;
#5318 = CARTESIAN_POINT ( 'NONE',  ( -13.28086941205528326, 1.000000000000000000, 41.99475674533796621 ) ) ;
#5319 = VECTOR ( 'NONE', #6714, 1000.000000000000000 ) ;
#5320 = EDGE_CURVE ( 'NONE', #4066, #7623, #3909, .T. ) ;
#5321 = VECTOR ( 'NONE', #2417, 1000.000000000000000 ) ;
#5322 = EDGE_CURVE ( 'NONE', #6735, #5898, #7143, .T. ) ;
#5323 = DIRECTION ( 'NONE',  ( -0.000000000000000000, -1.000000000000000000, -0.000000000000000000 ) ) ;
#5324 = CARTESIAN_POINT ( 'NONE',  ( 19.65534243804603420, 24.34999999999999787, 42.64497474683058442 ) ) ;
#5325 = LINE ( 'NONE', #957, #1513 ) ;
#5326 = VERTEX_POINT ( 'NONE', #7713 ) ;
#5327 = CARTESIAN_POINT ( 'NONE',  ( -2.994241334416023914, 0.000000000000000000, 39.69468617189399140 ) ) ;
#5328 = CARTESIAN_POINT ( 'NONE',  ( -13.19698562592806823, 1.000000000000000000, 39.97052310937799291 ) ) ;
#5329 = CARTESIAN_POINT ( 'NONE',  ( -9.500544894717215527, 1.000000000000000000, 39.88029212275333180 ) ) ;
#5330 = CARTESIAN_POINT ( 'NONE',  ( -5.070479970654021784, 1.000000000000000000, 42.14572451139514442 ) ) ;
#5331 = DIRECTION ( 'NONE',  ( 1.000000000000000000, 0.000000000000000000, 0.000000000000000000 ) ) ;
#5332 = CARTESIAN_POINT ( 'NONE',  ( 17.50000000000000000, 0.5000000000000000000, -40.99999999999999289 ) ) ;
#5333 = CARTESIAN_POINT ( 'NONE',  ( -10.74218673210639530, 0.000000000000000000, 38.87307128906249432 ) ) ;
#5334 = VERTEX_POINT ( 'NONE', #5959 ) ;
#5335 = CARTESIAN_POINT ( 'NONE',  ( -8.107918097756128262, 1.000000000000000000, 40.83358285086494988 ) ) ;
#5336 = VERTEX_POINT ( 'NONE', #1555 ) ;
#5337 = LINE ( 'NONE', #7668, #5803 ) ;
#5338 = CARTESIAN_POINT ( 'NONE',  ( -12.49767421133226186, 1.000000000000000000, 38.93477418805543522 ) ) ;
#5339 = CARTESIAN_POINT ( 'NONE',  ( -8.529835655319638832, 0.000000000000000000, 38.85258023411333284 ) ) ;
#5340 = VERTEX_POINT ( 'NONE', #329 ) ;
#5341 = CARTESIAN_POINT ( 'NONE',  ( -20.50000000000000355, 24.00000000000000000, -15.50000000000004086 ) ) ;
#5342 = CARTESIAN_POINT ( 'NONE',  ( 2.958039891549808065, 2.200000000000000178, 27.02500000000000213 ) ) ;
#5343 = AXIS2_PLACEMENT_3D ( 'NONE', #4528, #7641, #827 ) ;
#5344 = ORIENTED_EDGE ( 'NONE', *, *, #1717, .F. ) ;
#5345 = CARTESIAN_POINT ( 'NONE',  ( -12.71328921709077164, 1.000000000000000000, 40.56689562982605679 ) ) ;
#5346 = ORIENTED_EDGE ( 'NONE', *, *, #5818, .T. ) ;
#5347 = ORIENTED_EDGE ( 'NONE', *, *, #7952, .F. ) ;
#5348 = CARTESIAN_POINT ( 'NONE',  ( -13.20092747180492943, 1.000000000000000000, 39.84860131895386814 ) ) ;
#5349 = CARTESIAN_POINT ( 'NONE',  ( -4.920899298970889291, 0.000000000000000000, 41.02078900649159721 ) ) ;
#5350 = EDGE_CURVE ( 'NONE', #2885, #4114, #5307, .T. ) ;
#5351 = VERTEX_POINT ( 'NONE', #7101 ) ;
#5352 = CARTESIAN_POINT ( 'NONE',  ( -2.469026273690760664, 0.000000000000000000, 42.19886273336930316 ) ) ;
#5353 = CARTESIAN_POINT ( 'NONE',  ( -4.248844203296016531, 1.000000000000000000, 40.18857988217608579 ) ) ;
#5354 = CIRCLE ( 'NONE', #1833, 0.8500000000000000888 ) ;
#5355 = CARTESIAN_POINT ( 'NONE',  ( -14.50000000000000178, 0.000000000000000000, 41.99999999999999289 ) ) ;
#5356 = CARTESIAN_POINT ( 'NONE',  ( -4.911922648987047779, -2.168404344971008868E-16, 40.13825685875954719 ) ) ;
#5357 = ADVANCED_FACE ( 'NONE', ( #370 ), #3382, .T. ) ;
#5358 = ORIENTED_EDGE ( 'NONE', *, *, #5102, .F. ) ;
#5359 = CARTESIAN_POINT ( 'NONE',  ( -20.50000000000000355, 0.5000000000000000000, -14.50000000000004086 ) ) ;
#5360 = DIRECTION ( 'NONE',  ( -1.000000000000000000, 0.000000000000000000, 0.000000000000000000 ) ) ;
#5361 = DIRECTION ( 'NONE',  ( 1.000000000000000000, 0.000000000000000000, 0.000000000000000000 ) ) ;
#5362 = CARTESIAN_POINT ( 'NONE',  ( -13.49999999999999822, 0.000000000000000000, -22.50000000000002132 ) ) ;
#5363 = CYLINDRICAL_SURFACE ( 'NONE', #7841, 2.999999999999999112 ) ;
#5364 = EDGE_CURVE ( 'NONE', #4726, #4113, #7677, .T. ) ;
#5365 = AXIS2_PLACEMENT_3D ( 'NONE', #5293, #2187, #6560 ) ;
#5366 = DIRECTION ( 'NONE',  ( 0.000000000000000000, 0.000000000000000000, 1.000000000000000000 ) ) ;
#5367 = ADVANCED_FACE ( 'NONE', ( #294 ), #4643, .F. ) ;
#5368 = LINE ( 'NONE', #513, #7496 ) ;
#5369 = EDGE_CURVE ( 'NONE', #5731, #2097, #5263, .T. ) ;
#5370 = ORIENTED_EDGE ( 'NONE', *, *, #2068, .F. ) ;
#5371 = CARTESIAN_POINT ( 'NONE',  ( -13.18242627714190540, 0.000000000000000000, 39.63225373965762799 ) ) ;
#5372 = VERTEX_POINT ( 'NONE', #5342 ) ;
#5373 = DIRECTION ( 'NONE',  ( 0.000000000000000000, 0.000000000000000000, 1.000000000000000000 ) ) ;
#5374 = TOROIDAL_SURFACE ( 'NONE', #1201, 2.500000000000000000, 0.5000000000000000000 ) ;
#5375 = CARTESIAN_POINT ( 'NONE',  ( -8.742165451578719271, 1.000000000000000000, 41.72229827478204101 ) ) ;
#5376 = CARTESIAN_POINT ( 'NONE',  ( -2.894332937788466342, 0.000000000000000000, 41.49790934490502536 ) ) ;
#5377 = DIRECTION ( 'NONE',  ( 0.000000000000000000, -0.000000000000000000, -1.000000000000000000 ) ) ;
#5378 = DIRECTION ( 'NONE',  ( 0.000000000000000000, -0.000000000000000000, 1.000000000000000000 ) ) ;
#5379 = VECTOR ( 'NONE', #1152, 1000.000000000000000 ) ;
#5380 = CARTESIAN_POINT ( 'NONE',  ( -15.99999999999998934, 24.00000000000000000, 39.49999999999999289 ) ) ;
#5381 = ORIENTED_EDGE ( 'NONE', *, *, #7158, .F. ) ;
#5382 = CARTESIAN_POINT ( 'NONE',  ( -6.158246832588899267, 1.000000000000000000, 39.59632042104873761 ) ) ;
#5383 = ORIENTED_EDGE ( 'NONE', *, *, #2666, .F. ) ;
#5384 = ORIENTED_EDGE ( 'NONE', *, *, #7952, .T. ) ;
#5385 = CARTESIAN_POINT ( 'NONE',  ( -9.115868248705591981, 1.000000000000000000, 42.22049188216874427 ) ) ;
#5386 = LINE ( 'NONE', #300, #393 ) ;
#5387 = ORIENTED_EDGE ( 'NONE', *, *, #2664, .F. ) ;
#5388 = CARTESIAN_POINT ( 'NONE',  ( -3.212682822296887508, 1.000000000000000000, 41.98365380453167717 ) ) ;
#5389 = CARTESIAN_POINT ( 'NONE',  ( -3.158039891549775824, 2.000000000000000000, 27.02500000000000213 ) ) ;
#5390 = CARTESIAN_POINT ( 'NONE',  ( -13.22349333439411545, 1.000000000000000000, 41.65521061853124962 ) ) ;
#5391 = FACE_OUTER_BOUND ( 'NONE', #7575, .T. ) ;
#5392 = VERTEX_POINT ( 'NONE', #2161 ) ;
#5393 = FACE_OUTER_BOUND ( 'NONE', #5770, .T. ) ;
#5394 = CARTESIAN_POINT ( 'NONE',  ( -14.50000000000000178, 0.000000000000000000, 39.27324312067139545 ) ) ;
#5395 = CARTESIAN_POINT ( 'NONE',  ( -9.473612029372461052, 0.000000000000000000, 39.80272785000477143 ) ) ;
#5396 = DIRECTION ( 'NONE',  ( 0.000000000000000000, 1.000000000000000000, 0.000000000000000000 ) ) ;
#5397 = PRODUCT_DEFINITION_CONTEXT ( 'detailed design', #264, 'design' ) ;
#5398 = DIRECTION ( 'NONE',  ( 1.875376730785737473E-16, -0.000000000000000000, 1.000000000000000000 ) ) ;
#5399 = AXIS2_PLACEMENT_3D ( 'NONE', #1046, #3489, #6638 ) ;
#5400 = ADVANCED_FACE ( 'NONE', ( #2041 ), #4521, .F. ) ;
#5401 = AXIS2_PLACEMENT_3D ( 'NONE', #5267, #2389, #3044 ) ;
#5402 = DIRECTION ( 'NONE',  ( 1.000000000000000000, 0.000000000000000000, -0.000000000000000000 ) ) ;
#5403 = DIRECTION ( 'NONE',  ( 0.000000000000000000, 1.000000000000000000, -0.000000000000000000 ) ) ;
#5404 = LINE ( 'NONE', #7934, #462 ) ;
#5405 = ADVANCED_FACE ( 'NONE', ( #444 ), #6117, .F. ) ;
#5406 = VERTEX_POINT ( 'NONE', #4222 ) ;
#5407 = CARTESIAN_POINT ( 'NONE',  ( -13.15793070240264484, 0.000000000000000000, 39.53226328521057553 ) ) ;
#5408 = ORIENTED_EDGE ( 'NONE', *, *, #1319, .F. ) ;
#5409 = DIRECTION ( 'NONE',  ( 0.000000000000000000, -0.000000000000000000, 1.000000000000000000 ) ) ;
#5410 = CARTESIAN_POINT ( 'NONE',  ( -8.154040974098400341, 0.000000000000000000, 41.19090075861952016 ) ) ;
#5411 = VECTOR ( 'NONE', #4838, 1000.000000000000000 ) ;
#5412 = CARTESIAN_POINT ( 'NONE',  ( -2.631275774971848946, 0.000000000000000000, 41.64918290755145591 ) ) ;
#5413 = VECTOR ( 'NONE', #6923, 1000.000000000000000 ) ;
#5414 = CARTESIAN_POINT ( 'NONE',  ( -12.17537429720225362, 0.000000000000000000, 39.40983319097319537 ) ) ;
#5415 = EDGE_CURVE ( 'NONE', #6203, #2510, #1176, .T. ) ;
#5416 = VECTOR ( 'NONE', #2545, 1000.000000000000000 ) ;
#5417 = EDGE_CURVE ( 'NONE', #3243, #707, #3441, .T. ) ;
#5418 = LINE ( 'NONE', #2917, #6165 ) ;
#5419 = CARTESIAN_POINT ( 'NONE',  ( -8.672858230418485803, 0.000000000000000000, 38.83295029064272086 ) ) ;
#5420 = VERTEX_POINT ( 'NONE', #5380 ) ;
#5421 = ORIENTED_EDGE ( 'NONE', *, *, #6113, .T. ) ;
#5422 = CARTESIAN_POINT ( 'NONE',  ( -7.826415757015599439, 0.000000000000000000, 41.84561132268298422 ) ) ;
#5423 = VECTOR ( 'NONE', #2361, 1000.000000000000000 ) ;
#5424 = EDGE_LOOP ( 'NONE', ( #2125, #6576, #3115, #3696 ) ) ;
#5425 = CARTESIAN_POINT ( 'NONE',  ( -12.17537429720225362, 0.000000000000000000, 39.40983319097319537 ) ) ;
#5426 = CARTESIAN_POINT ( 'NONE',  ( -7.015594507192638218, 1.000000000000000000, 40.83493306543919488 ) ) ;
#5427 = DIRECTION ( 'NONE',  ( 0.000000000000000000, 0.000000000000000000, 1.000000000000000000 ) ) ;
#5428 = AXIS2_PLACEMENT_3D ( 'NONE', #7942, #4829, #2382 ) ;
#5429 = ORIENTED_EDGE ( 'NONE', *, *, #5170, .T. ) ;
#5430 = PLANE ( 'NONE',  #6588 ) ;
#5431 = DIRECTION ( 'NONE',  ( -1.000000000000000000, 0.000000000000000000, 0.000000000000000000 ) ) ;
#5432 = CARTESIAN_POINT ( 'NONE',  ( -15.99999999999998934, 2.000000000000000000, 41.99999999999999289 ) ) ;
#5433 = CARTESIAN_POINT ( 'NONE',  ( -11.65000000000000036, 5.000000000000000000, -15.45000000000001883 ) ) ;
#5434 = CARTESIAN_POINT ( 'NONE',  ( -13.34494425650313332, 1.000000000000000000, 42.11063534136486908 ) ) ;
#5435 = DIRECTION ( 'NONE',  ( -0.000000000000000000, -1.000000000000000000, -0.000000000000000000 ) ) ;
#5436 = ORIENTED_EDGE ( 'NONE', *, *, #5417, .T. ) ;
#5437 = CARTESIAN_POINT ( 'NONE',  ( 17.50000000000000000, 0.000000000000000000, -43.50000000000000000 ) ) ;
#5438 = FACE_OUTER_BOUND ( 'NONE', #3086, .T. ) ;
#5439 = DIRECTION ( 'NONE',  ( -0.000000000000000000, -1.000000000000000000, -0.000000000000000000 ) ) ;
#5440 = CARTESIAN_POINT ( 'NONE',  ( 19.90041507641943497, 23.99999999999999645, -42.00000000000000711 ) ) ;
#5441 = CARTESIAN_POINT ( 'NONE',  ( -11.65000000000000036, 2.000000000000000000, -39.90000000000001990 ) ) ;
#5442 = AXIS2_PLACEMENT_3D ( 'NONE', #3324, #235, #5204 ) ;
#5443 = LINE ( 'NONE', #4818, #3231 ) ;
#5444 = CARTESIAN_POINT ( 'NONE',  ( 6.000000000000003553, 17.00000000000000000, 43.50000000000000000 ) ) ;
#5445 = CARTESIAN_POINT ( 'NONE',  ( -9.997293152983871778, 0.000000000000000000, 39.44100827606358450 ) ) ;
#5446 = VERTEX_POINT ( 'NONE', #7217 ) ;
#5447 = CYLINDRICAL_SURFACE ( 'NONE', #8001, 0.3500000000000030864 ) ;
#5448 = ORIENTED_EDGE ( 'NONE', *, *, #2029, .T. ) ;
#5449 = CARTESIAN_POINT ( 'NONE',  ( -6.339396425814388003, 1.000000000000000000, 40.04827691292733505 ) ) ;
#5450 = DIRECTION ( 'NONE',  ( 0.8591433408540535277, 0.000000000000000000, 0.5117350094200469046 ) ) ;
#5451 = CARTESIAN_POINT ( 'NONE',  ( -12.67231846598835787, 0.000000000000000000, 40.58649358377827809 ) ) ;
#5452 = EDGE_CURVE ( 'NONE', #936, #4293, #1511, .T. ) ;
#5453 = DIRECTION ( 'NONE',  ( 0.000000000000000000, 0.000000000000000000, -1.000000000000000000 ) ) ;
#5454 = EDGE_CURVE ( 'NONE', #5670, #202, #7255, .T. ) ;
#5455 = DIRECTION ( 'NONE',  ( 0.000000000000000000, 0.000000000000000000, 1.000000000000000000 ) ) ;
#5456 = CARTESIAN_POINT ( 'NONE',  ( -9.917775276463480338, 1.000000000000000000, 39.33102985848652366 ) ) ;
#5457 = VERTEX_POINT ( 'NONE', #2307 ) ;
#5458 = ORIENTED_EDGE ( 'NONE', *, *, #5159, .F. ) ;
#5459 = CARTESIAN_POINT ( 'NONE',  ( -8.795592123969401044, -0.000000000000000000, 41.72390468822391796 ) ) ;
#5460 = EDGE_CURVE ( 'NONE', #757, #2521, #1992, .T. ) ;
#5461 = EDGE_CURVE ( 'NONE', #5870, #5822, #7332, .T. ) ;
#5462 = ORIENTED_EDGE ( 'NONE', *, *, #6382, .T. ) ;
#5463 = CARTESIAN_POINT ( 'NONE',  ( -7.735957301607134795, 1.000000000000000000, 39.33103954169592953 ) ) ;
#5464 = EDGE_CURVE ( 'NONE', #5583, #7822, #4717, .T. ) ;
#5465 = VECTOR ( 'NONE', #7801, 1000.000000000000000 ) ;
#5466 = LINE ( 'NONE', #2438, #4747 ) ;
#5467 = CARTESIAN_POINT ( 'NONE',  ( -2.749999999999996891, 19.25000000000000355, 43.00000000000000000 ) ) ;
#5468 = CYLINDRICAL_SURFACE ( 'NONE', #7228, 3.000000000000002665 ) ;
#5469 = EDGE_CURVE ( 'NONE', #816, #4119, #6610, .T. ) ;
#5470 = ORIENTED_EDGE ( 'NONE', *, *, #2726, .T. ) ;
#5471 = FACE_OUTER_BOUND ( 'NONE', #6176, .T. ) ;
#5472 = CARTESIAN_POINT ( 'NONE',  ( -4.340408835849436819, 1.000000000000000000, 39.68163377784200208 ) ) ;
#5473 = CARTESIAN_POINT ( 'NONE',  ( 10.75000000000000533, 19.25000000000000000, 39.99999999999999289 ) ) ;
#5474 = DIRECTION ( 'NONE',  ( -1.000000000000000000, 0.000000000000000000, 0.000000000000000000 ) ) ;
#5475 = LINE ( 'NONE', #7962, #6394 ) ;
#5476 = LINE ( 'NONE', #2365, #858 ) ;
#5477 = VERTEX_POINT ( 'NONE', #32 ) ;
#5478 = CARTESIAN_POINT ( 'NONE',  ( 1.338183063655702609, 1.000000000000000000, 42.19999999999999574 ) ) ;
#5479 = CARTESIAN_POINT ( 'NONE',  ( -17.50000000000000355, 0.5000000000000000000, 40.99999999999999289 ) ) ;
#5480 = DIRECTION ( 'NONE',  ( -0.000000000000000000, -1.000000000000000000, -0.000000000000000000 ) ) ;
#5481 = LINE ( 'NONE', #6633, #2037 ) ;
#5482 = DIRECTION ( 'NONE',  ( -0.000000000000000000, -0.000000000000000000, 1.000000000000000000 ) ) ;
#5483 = CARTESIAN_POINT ( 'NONE',  ( -11.99316053514356817, 0.000000000000000000, 39.39155368557223369 ) ) ;
#5484 = LINE ( 'NONE', #433, #6142 ) ;
#5485 = CARTESIAN_POINT ( 'NONE',  ( -11.99316053514356817, 1.000000000000000000, 38.87307128906249432 ) ) ;
#5486 = VERTEX_POINT ( 'NONE', #8069 ) ;
#5487 = CARTESIAN_POINT ( 'NONE',  ( -8.795592123969401044, 1.000000000000000000, 41.72390468822391796 ) ) ;
#5488 = VERTEX_POINT ( 'NONE', #6933 ) ;
#5489 = DIRECTION ( 'NONE',  ( -1.000000000000000000, 0.000000000000000000, 0.000000000000000000 ) ) ;
#5490 = CARTESIAN_POINT ( 'NONE',  ( -13.18242627714190540, 0.000000000000000000, 39.63225373965762799 ) ) ;
#5491 = CARTESIAN_POINT ( 'NONE',  ( -12.80814740002413821, 0.000000000000000000, 40.63673712748850875 ) ) ;
#5492 = CARTESIAN_POINT ( 'NONE',  ( -12.51937082655303612, 0.000000000000000000, 39.72556611132146287 ) ) ;
#5493 = CARTESIAN_POINT ( 'NONE',  ( -20.50000000000000355, 26.00000000000000355, -15.50000000000004086 ) ) ;
#5494 = ADVANCED_FACE ( 'NONE', ( #73 ), #6805, .F. ) ;
#5495 = CARTESIAN_POINT ( 'NONE',  ( -7.735957301607134795, 0.000000000000000000, 39.33103954169592953 ) ) ;
#5496 = ORIENTED_EDGE ( 'NONE', *, *, #7862, .T. ) ;
#5497 = CARTESIAN_POINT ( 'NONE',  ( 19.33128477567705161, 24.81280230458175851, 43.42145423888850075 ) ) ;
#5498 = VERTEX_POINT ( 'NONE', #4340 ) ;
#5499 = CARTESIAN_POINT ( 'NONE',  ( -7.736288809860710991, 0.000000000000000000, 41.74363050356624427 ) ) ;
#5500 = ORIENTED_EDGE ( 'NONE', *, *, #1537, .F. ) ;
#5501 = CARTESIAN_POINT ( 'NONE',  ( -11.99316053514356817, 1.000000000000000000, 38.87307128906249432 ) ) ;
#5502 = EDGE_CURVE ( 'NONE', #611, #2970, #4122, .T. ) ;
#5503 = LINE ( 'NONE', #4272, #339 ) ;
#5504 = CARTESIAN_POINT ( 'NONE',  ( -3.793840107080990620, 0.000000000000000000, 39.97203959567751497 ) ) ;
#5505 = CARTESIAN_POINT ( 'NONE',  ( -18.50000000000000355, 24.00000000000000000, -42.00000000000000000 ) ) ;
#5506 = ORIENTED_EDGE ( 'NONE', *, *, #2703, .T. ) ;
#5507 = EDGE_CURVE ( 'NONE', #6460, #2616, #6991, .T. ) ;
#5508 = CARTESIAN_POINT ( 'NONE',  ( -4.247654629992202224, 0.000000000000000000, 40.83493306543919488 ) ) ;
#5509 = DIRECTION ( 'NONE',  ( -1.000000000000000000, 0.000000000000000000, -0.000000000000000000 ) ) ;
#5510 = DIRECTION ( 'NONE',  ( 1.000000000000000000, 0.000000000000000000, -1.239088197126291063E-16 ) ) ;
#5511 = ADVANCED_FACE ( 'NONE', ( #3863 ), #4919, .T. ) ;
#5512 = CARTESIAN_POINT ( 'NONE',  ( -12.60038992562543925, 1.000000000000000000, 42.03134024879537378 ) ) ;
#5513 = EDGE_CURVE ( 'NONE', #2172, #5392, #3819, .T. ) ;
#5514 = CARTESIAN_POINT ( 'NONE',  ( -7.015594507192638218, 1.000000000000000000, 40.23813822362329518 ) ) ;
#5515 = DIRECTION ( 'NONE',  ( -0.000000000000000000, -1.000000000000000000, -0.000000000000000000 ) ) ;
#5516 = ORIENTED_EDGE ( 'NONE', *, *, #3313, .T. ) ;
#5517 = CARTESIAN_POINT ( 'NONE',  ( -3.423205036185305694, 0.000000000000000000, 41.81399671450299138 ) ) ;
#5518 = CARTESIAN_POINT ( 'NONE',  ( -8.850571849458860996, 1.000000000000000000, 41.72390688698142469 ) ) ;
#5519 = CARTESIAN_POINT ( 'NONE',  ( -8.661640571336075567, 1.000000000000000000, 39.36250293755926322 ) ) ;
#5520 = DIRECTION ( 'NONE',  ( 0.000000000000000000, 0.000000000000000000, -1.000000000000000000 ) ) ;
#5521 = LINE ( 'NONE', #4817, #2439 ) ;
#5522 = CARTESIAN_POINT ( 'NONE',  ( -5.199097817091694829, 1.000000000000000000, 39.48636578538301478 ) ) ;
#5523 = CARTESIAN_POINT ( 'NONE',  ( -5.707587244282433581, 0.000000000000000000, 41.72230437016766302 ) ) ;
#5524 = CARTESIAN_POINT ( 'NONE',  ( -10.21176960252802246, 0.000000000000000000, 40.18857519758690700 ) ) ;
#5525 = ORIENTED_EDGE ( 'NONE', *, *, #3103, .T. ) ;
#5526 = CARTESIAN_POINT ( 'NONE',  ( -8.822856714818387402, 0.000000000000000000, 42.24320686637580025 ) ) ;
#5527 = VERTEX_POINT ( 'NONE', #3210 ) ;
#5528 = CARTESIAN_POINT ( 'NONE',  ( -15.99999999999998934, 27.53553390593273775, 41.99999999999999289 ) ) ;
#5529 = CARTESIAN_POINT ( 'NONE',  ( -12.27566097848641036, 1.000000000000000000, 40.29730283081208597 ) ) ;
#5530 = CARTESIAN_POINT ( 'NONE',  ( -3.070953911146864002, 1.000000000000000000, 41.23882797743167572 ) ) ;
#5531 = VECTOR ( 'NONE', #2133, 1000.000000000000000 ) ;
#5532 = DIRECTION ( 'NONE',  ( -1.000000000000000000, 0.000000000000000000, 0.000000000000000000 ) ) ;
#5533 = CARTESIAN_POINT ( 'NONE',  ( -9.729141377523021106, 1.000000000000000000, 41.93942928358850963 ) ) ;
#5534 = VECTOR ( 'NONE', #4039, 1000.000000000000000 ) ;
#5535 = LINE ( 'NONE', #1214, #2537 ) ;
#5536 = AXIS2_PLACEMENT_3D ( 'NONE', #3923, #758, #5771 ) ;
#5537 = AXIS2_PLACEMENT_3D ( 'NONE', #908, #3386, #296 ) ;
#5538 = VERTEX_POINT ( 'NONE', #1860 ) ;
#5539 = CARTESIAN_POINT ( 'NONE',  ( -4.956732862288331098, 0.000000000000000000, 41.19090075861951306 ) ) ;
#5540 = ORIENTED_EDGE ( 'NONE', *, *, #6611, .F. ) ;
#5541 = CARTESIAN_POINT ( 'NONE',  ( -8.532526404570599965, 0.000000000000000000, 42.22051789684428513 ) ) ;
#5542 = AXIS2_PLACEMENT_3D ( 'NONE', #6265, #55, #590 ) ;
#5543 = ORIENTED_EDGE ( 'NONE', *, *, #1623, .F. ) ;
#5544 = CARTESIAN_POINT ( 'NONE',  ( -12.40063199776768776, 1.000000000000000000, 39.52317005246205639 ) ) ;
#5545 = AXIS2_PLACEMENT_3D ( 'NONE', #848, #160, #4508 ) ;
#5546 = LINE ( 'NONE', #1062, #4874 ) ;
#5547 = CARTESIAN_POINT ( 'NONE',  ( -3.515949941950692992, 0.000000000000000000, 39.36093227087017965 ) ) ;
#5548 = CARTESIAN_POINT ( 'NONE',  ( -13.49999999999999822, 2.000000000000000000, -17.50000000000001776 ) ) ;
#5549 = B_SPLINE_CURVE_WITH_KNOTS ( 'NONE', 3,
 ( #6727, #1052, #3529, #2999, #5492, #6031, #7414, #403, #6765, #442, #1820, #7902, #4298, #6803, #5414, #2916, #3691, #4790, #1699 ),
 .UNSPECIFIED., .F., .F.,
 ( 4, 1, 1, 1, 1, 1, 1, 1, 1, 1, 1, 1, 1, 1, 1, 1, 4 ),
 ( 0.000000000000000000, 0.06579783688550046306, 0.1280235417969586842, 0.1886888656408765574, 0.2467057464450110316, 0.3037432482044406523, 0.3594303855343031207, 0.4157704389918597254, 0.4726227911395777803, 0.5302064488511945006, 0.5894206072400510754, 0.6493207522301672752, 0.7120316962960571150, 0.7783879971017142463, 0.8478019893456194556, 0.9220327674879322810, 1.000000000000000000 ),
 .UNSPECIFIED. ) ;
#5550 = ORIENTED_EDGE ( 'NONE', *, *, #2267, .T. ) ;
#5551 = LINE ( 'NONE', #7467, #6462 ) ;
#5552 = CARTESIAN_POINT ( 'NONE',  ( -4.982069472248840114, 0.000000000000000000, 39.80088522246153815 ) ) ;
#5553 = EDGE_CURVE ( 'NONE', #6465, #5340, #119, .T. ) ;
#5554 = LINE ( 'NONE', #1272, #418 ) ;
#5555 = CARTESIAN_POINT ( 'NONE',  ( 4.770489558936219510E-15, 22.00000000000000355, 43.00000000000000000 ) ) ;
#5556 = EDGE_CURVE ( 'NONE', #6890, #4401, #2430, .T. ) ;
#5557 = VECTOR ( 'NONE', #368, 1000.000000000000000 ) ;
#5558 = DIRECTION ( 'NONE',  ( 1.000000000000000000, 0.000000000000000000, -0.000000000000000000 ) ) ;
#5559 = CARTESIAN_POINT ( 'NONE',  ( -12.20947290700478050, 1.000000000000000000, 40.87894742444168372 ) ) ;
#5560 = ORIENTED_EDGE ( 'NONE', *, *, #2319, .F. ) ;
#5561 = DIRECTION ( 'NONE',  ( -0.000000000000000000, -1.000000000000000000, -0.000000000000000000 ) ) ;
#5562 = CARTESIAN_POINT ( 'NONE',  ( 11.65000000000000036, 2.000000000000000000, -39.90000000000001990 ) ) ;
#5563 = EDGE_CURVE ( 'NONE', #5488, #375, #5535, .T. ) ;
#5564 = CARTESIAN_POINT ( 'NONE',  ( 18.79365281775996266, 24.35000000000000142, 43.70974290283547248 ) ) ;
#5565 = DIRECTION ( 'NONE',  ( 0.000000000000000000, 0.000000000000000000, -1.000000000000000000 ) ) ;
#5566 = EDGE_CURVE ( 'NONE', #2637, #4607, #7542, .T. ) ;
#5567 = CARTESIAN_POINT ( 'NONE',  ( -7.015594507192638218, 0.000000000000000000, 40.23813822362329518 ) ) ;
#5568 = DIRECTION ( 'NONE',  ( -1.000000000000000000, 0.000000000000000000, 0.000000000000000000 ) ) ;
#5569 = CARTESIAN_POINT ( 'NONE',  ( -10.20954197524548768, 1.000000000000000000, 40.09112917498209328 ) ) ;
#5570 = ORIENTED_EDGE ( 'NONE', *, *, #5923, .F. ) ;
#5571 = CARTESIAN_POINT ( 'NONE',  ( -4.538649189797069106, 0.000000000000000000, 39.33103954169592953 ) ) ;
#5572 = ORIENTED_EDGE ( 'NONE', *, *, #685, .T. ) ;
#5573 = CARTESIAN_POINT ( 'NONE',  ( -6.158246832588899267, 1.000000000000000000, 39.59632042104873761 ) ) ;
#5574 = DIRECTION ( 'NONE',  ( -0.000000000000000000, 0.000000000000000000, -1.000000000000000000 ) ) ;
#5575 = LINE ( 'NONE', #2592, #3714 ) ;
#5576 = VECTOR ( 'NONE', #5137, 1000.000000000000000 ) ;
#5577 = CIRCLE ( 'NONE', #2056, 0.5000000000000004441 ) ;
#5578 = CARTESIAN_POINT ( 'NONE',  ( -7.015594507192638218, 1.000000000000000000, 40.23813822362329518 ) ) ;
#5579 = CARTESIAN_POINT ( 'NONE',  ( -9.621138297991583599, 1.000000000000000000, 42.02095732157949470 ) ) ;
#5580 = CARTESIAN_POINT ( 'NONE',  ( -5.991609068541224659, 0.000000000000000000, 39.44455716969037695 ) ) ;
#5581 = ORIENTED_EDGE ( 'NONE', *, *, #7905, .F. ) ;
#5582 = LINE ( 'NONE', #2472, #1375 ) ;
#5583 = VERTEX_POINT ( 'NONE', #5088 ) ;
#5584 = CARTESIAN_POINT ( 'NONE',  ( -4.538980698050645302, 0.000000000000000000, 41.74363050356624427 ) ) ;
#5585 = ORIENTED_EDGE ( 'NONE', *, *, #2810, .F. ) ;
#5586 = CARTESIAN_POINT ( 'NONE',  ( -7.824752142083736040, 1.000000000000000000, 39.22789410885822292 ) ) ;
#5587 = CARTESIAN_POINT ( 'NONE',  ( -18.50000000000000355, 0.000000000000000000, 41.99999999999999289 ) ) ;
#5588 = LINE ( 'NONE', #2394, #2731 ) ;
#5589 = LINE ( 'NONE', #4840, #6059 ) ;
#5590 = VERTEX_POINT ( 'NONE', #6243 ) ;
#5591 = CARTESIAN_POINT ( 'NONE',  ( -9.308400471932250397, 1.000000000000000000, 41.53505624808690300 ) ) ;
#5592 = CARTESIAN_POINT ( 'NONE',  ( -2.469028257614060085, 0.000000000000000000, 38.87420266041139172 ) ) ;
#5593 = LINE ( 'NONE', #1715, #6033 ) ;
#5594 = B_SPLINE_SURFACE_WITH_KNOTS ( 'NONE', 3, 1, ( 
 ( #1496, #3974 ),
 ( #66, #1941 ),
 ( #5981, #2832 ),
 ( #7129, #1001 ),
 ( #1573, #1040 ),
 ( #5329, #7781 ),
 ( #4734, #5395 ),
 ( #6594, #7848 ),
 ( #961, #5861 ),
 ( #2142, #1607 ),
 ( #2750, #357 ),
 ( #7815, #3438 ),
 ( #1688, #6669 ),
 ( #7199, #4665 ),
 ( #4086, #7887 ),
 ( #3481, #2867 ),
 ( #7736, #5942 ),
 ( #390, #5900 ),
 ( #2900, #3517 ) ),
 .UNSPECIFIED., .F., .F., .F.,
 ( 4, 1, 1, 1, 1, 1, 1, 1, 1, 1, 1, 1, 1, 1, 1, 1, 4 ),
 ( 2, 2 ),
 ( 0.000000000000000000, 0.07345715613897864371, 0.1441200022763791389, 0.2117209706102848310, 0.2773648265937360136, 0.3407292973374563272, 0.4029304958146234794, 0.4647323957381083170, 0.5257030480813030815, 0.5855512426781939173, 0.6438346293953993715, 0.7010245918864551617, 0.7578260360307701449, 0.8152895099920239863, 0.8744465696945312727, 0.9359361114452993125, 1.000000000000000000 ),
 ( 0.000000000000000000, 1.000000000000000000 ),
 .UNSPECIFIED. ) ;
#5595 = DIRECTION ( 'NONE',  ( -0.000000000000000000, -1.000000000000000000, -0.000000000000000000 ) ) ;
#5596 = PLANE ( 'NONE',  #1819 ) ;
#5597 = ADVANCED_FACE ( 'NONE', ( #3693, #6324 ), #6198, .T. ) ;
#5598 = ORIENTED_EDGE ( 'NONE', *, *, #6060, .F. ) ;
#5599 = CARTESIAN_POINT ( 'NONE',  ( 2.958039891549808065, 2.000000000000000000, 26.02499999999999858 ) ) ;
#5600 = ORIENTED_EDGE ( 'NONE', *, *, #6018, .T. ) ;
#5601 = LINE ( 'NONE', #12, #976 ) ;
#5602 = CARTESIAN_POINT ( 'NONE',  ( -9.501333274198879408, 0.000000000000000000, 41.19105569659330257 ) ) ;
#5603 = CARTESIAN_POINT ( 'NONE',  ( 4.119968255444916849E-15, 19.25000000000000355, 43.00000000000000000 ) ) ;
#5604 = CARTESIAN_POINT ( 'NONE',  ( 15.99999999999999645, 24.00000000000000000, 39.49999999999999289 ) ) ;
#5605 = CARTESIAN_POINT ( 'NONE',  ( -5.772387469798721860, 0.000000000000000000, 38.83298889685600130 ) ) ;
#5606 = CARTESIAN_POINT ( 'NONE',  ( -5.623523281146955988, 1.000000000000000000, 39.34834681919642208 ) ) ;
#5607 = ADVANCED_FACE ( 'NONE', ( #5662 ), #4546, .F. ) ;
#5608 = LINE ( 'NONE', #4907, #5413 ) ;
#5609 = VERTEX_POINT ( 'NONE', #319 ) ;
#5610 = DIRECTION ( 'NONE',  ( 1.000000000000000000, -0.000000000000000000, -0.000000000000000000 ) ) ;
#5611 = VERTEX_POINT ( 'NONE', #3939 ) ;
#5612 = DIRECTION ( 'NONE',  ( 1.000000000000000000, 0.000000000000000000, 0.000000000000000000 ) ) ;
#5613 = CARTESIAN_POINT ( 'NONE',  ( -13.02182959754980196, 1.000000000000000000, 39.27072550891713831 ) ) ;
#5614 = CARTESIAN_POINT ( 'NONE',  ( -6.350251614515913801, 0.000000000000000000, 40.86579185886650123 ) ) ;
#5615 = EDGE_CURVE ( 'NONE', #7008, #4037, #1581, .T. ) ;
#5616 = CARTESIAN_POINT ( 'NONE',  ( -1.945538780905986309, 1.000000000000000000, 39.39155368557223369 ) ) ;
#5617 = AXIS2_PLACEMENT_3D ( 'NONE', #2606, #5098, #3787 ) ;
#5618 = EDGE_CURVE ( 'NONE', #3970, #5134, #3626, .T. ) ;
#5619 = DIRECTION ( 'NONE',  ( -0.000000000000000000, -1.000000000000000000, -0.000000000000000000 ) ) ;
#5620 = ADVANCED_FACE ( 'NONE', ( #5788 ), #6446, .F. ) ;
#5621 = CARTESIAN_POINT ( 'NONE',  ( -5.704891215557157835, 0.000000000000000000, 39.35075519117447840 ) ) ;
#5622 = EDGE_LOOP ( 'NONE', ( #3305, #3335, #7098, #1763, #5276, #1629 ) ) ;
#5623 = LINE ( 'NONE', #7500, #1634 ) ;
#5624 = ORIENTED_EDGE ( 'NONE', *, *, #4402, .T. ) ;
#5625 = CARTESIAN_POINT ( 'NONE',  ( -4.461548989254240816, 0.000000000000000000, 41.63289887886230645 ) ) ;
#5626 = ORIENTED_EDGE ( 'NONE', *, *, #4552, .F. ) ;
#5627 = CARTESIAN_POINT ( 'NONE',  ( -3.423439662392884220, 1.000000000000000000, 39.26109334934799477 ) ) ;
#5628 = VECTOR ( 'NONE', #7851, 1000.000000000000000 ) ;
#5629 = DIRECTION ( 'NONE',  ( 0.000000000000000000, 0.000000000000000000, 1.000000000000000000 ) ) ;
#5630 = CARTESIAN_POINT ( 'NONE',  ( 8.250000000000005329, 19.24999999999999645, 43.00000000000000000 ) ) ;
#5631 = LINE ( 'NONE', #44, #70 ) ;
#5632 = ORIENTED_EDGE ( 'NONE', *, *, #1719, .T. ) ;
#5633 = CARTESIAN_POINT ( 'NONE',  ( -9.402513582925484670, 1.000000000000000000, 41.41240453727452575 ) ) ;
#5634 = CARTESIAN_POINT ( 'NONE',  ( -5.096242925866041773, 0.000000000000000000, 39.59505128259326767 ) ) ;
#5635 = AXIS2_PLACEMENT_3D ( 'NONE', #3907, #126, #40 ) ;
#5636 = ORIENTED_EDGE ( 'NONE', *, *, #6655, .F. ) ;
#5637 = LINE ( 'NONE', #8042, #2419 ) ;
#5638 = CARTESIAN_POINT ( 'NONE',  ( -4.247654629992202224, 1.000000000000000000, 40.83493306543919488 ) ) ;
#5639 = VECTOR ( 'NONE', #7280, 1000.000000000000000 ) ;
#5640 = ORIENTED_EDGE ( 'NONE', *, *, #2207, .F. ) ;
#5641 = CARTESIAN_POINT ( 'NONE',  ( 4.119968255444916849E-15, 19.25000000000000355, -44.00099999999999767 ) ) ;
#5642 = VERTEX_POINT ( 'NONE', #5832 ) ;
#5643 = VERTEX_POINT ( 'NONE', #2797 ) ;
#5644 = CARTESIAN_POINT ( 'NONE',  ( -3.793871375374599619, 0.000000000000000000, 41.10441885722578803 ) ) ;
#5645 = CARTESIAN_POINT ( 'NONE',  ( -8.983999305057773554, 1.000000000000000000, 41.71094548779758071 ) ) ;
#5646 = CARTESIAN_POINT ( 'NONE',  ( 19.49999999999999645, 24.00000000000000000, -15.50000000000004086 ) ) ;
#5647 = CARTESIAN_POINT ( 'NONE',  ( -5.625548603008321713, 1.000000000000000000, 42.24320686637580025 ) ) ;
#5648 = CARTESIAN_POINT ( 'NONE',  ( -20.50000000000000355, 1.000000000000000000, -15.50000000000004086 ) ) ;
#5649 = CARTESIAN_POINT ( 'NONE',  ( -5.096242925866041773, 1.000000000000000000, 39.59505128259326767 ) ) ;
#5650 = CARTESIAN_POINT ( 'NONE',  ( -10.16039516834137579, 1.000000000000000000, 39.81188535139720130 ) ) ;
#5651 = ORIENTED_EDGE ( 'NONE', *, *, #7663, .F. ) ;
#5652 = CARTESIAN_POINT ( 'NONE',  ( -7.736288809860710991, 0.000000000000000000, 41.74363050356624427 ) ) ;
#5653 = ORIENTED_EDGE ( 'NONE', *, *, #240, .T. ) ;
#5654 = CARTESIAN_POINT ( 'NONE',  ( -5.857498725272484386, 1.000000000000000000, 39.38194406229027322 ) ) ;
#5655 = CARTESIAN_POINT ( 'NONE',  ( -12.51946945996820837, 0.000000000000000000, 40.03558791188721955 ) ) ;
#5656 = CARTESIAN_POINT ( 'NONE',  ( -6.350251614515913801, 1.000000000000000000, 40.86579185886650123 ) ) ;
#5657 = B_SPLINE_SURFACE_WITH_KNOTS ( 'NONE', 3, 1, ( 
 ( #7325, #3565 ),
 ( #6069, #481 ),
 ( #2953, #4256 ),
 ( #5449, #7938 ),
 ( #558, #8019 ),
 ( #2340, #4826 ),
 ( #7210, #1616 ),
 ( #4096, #6604 ),
 ( #1010, #1334 ),
 ( #5573, #3157 ),
 ( #4334, #6277 ),
 ( #6190, #5039 ),
 ( #7446, #1853 ),
 ( #1816, #25 ),
 ( #5654, #603 ),
 ( #3688, #4294 ),
 ( #7579, #6838 ),
 ( #3118, #3079 ),
 ( #65, #1372 ) ),
 .UNSPECIFIED., .F., .F., .F.,
 ( 4, 1, 1, 1, 1, 1, 1, 1, 1, 1, 1, 1, 1, 1, 1, 1, 4 ),
 ( 2, 2 ),
 ( 0.000000000000000000, 0.07345715613897869922, 0.1441200022763791389, 0.2117209706102848865, 0.2773648265937364576, 0.3407292973374566047, 0.4029304958146238680, 0.4647323957381087056, 0.5257030480813035256, 0.5855512426781944724, 0.6438346293953999266, 0.7010245918864562720, 0.7578260360307713661, 0.8152895099920245414, 0.8744465696945319388, 0.9359361114453000896, 1.000000000000000000 ),
 ( 0.000000000000000000, 1.000000000000000000 ),
 .UNSPECIFIED. ) ;
#5658 = EDGE_CURVE ( 'NONE', #4764, #2579, #4633, .T. ) ;
#5659 = DIRECTION ( 'NONE',  ( -1.000000000000000000, 0.000000000000000000, 0.000000000000000000 ) ) ;
#5660 = LINE ( 'NONE', #7541, #1211 ) ;
#5661 = EDGE_CURVE ( 'NONE', #2521, #6686, #2679, .T. ) ;
#5662 = FACE_OUTER_BOUND ( 'NONE', #4964, .T. ) ;
#5663 = VERTEX_POINT ( 'NONE', #5128 ) ;
#5664 = CARTESIAN_POINT ( 'NONE',  ( -5.325343364215927799, 1.000000000000000000, 41.66423967152967123 ) ) ;
#5665 = ORIENTED_EDGE ( 'NONE', *, *, #3072, .F. ) ;
#5666 = CARTESIAN_POINT ( 'NONE',  ( -5.070479970654021784, 1.000000000000000000, 42.14572451139514442 ) ) ;
#5667 = CIRCLE ( 'NONE', #5802, 2.999999999999999112 ) ;
#5668 = EDGE_CURVE ( 'NONE', #4852, #2151, #5750, .T. ) ;
#5669 = EDGE_CURVE ( 'NONE', #3400, #2122, #241, .T. ) ;
#5670 = VERTEX_POINT ( 'NONE', #932 ) ;
#5671 = CARTESIAN_POINT ( 'NONE',  ( -2.566476511966188756, 1.000000000000000000, 38.87642705320691050 ) ) ;
#5672 = AXIS2_PLACEMENT_3D ( 'NONE', #4267, #1217, #7766 ) ;
#5673 = VECTOR ( 'NONE', #1229, 1000.000000000000000 ) ;
#5674 = AXIS2_PLACEMENT_3D ( 'NONE', #4682, #5961, #864 ) ;
#5675 = DIRECTION ( 'NONE',  ( -1.000000000000000000, 0.000000000000000000, -1.084202172485503571E-16 ) ) ;
#5676 = CARTESIAN_POINT ( 'NONE',  ( 4.176073880299687069, 0.9819660112500995242, 26.02499999999999858 ) ) ;
#5677 = DIRECTION ( 'NONE',  ( -1.000000000000000000, 0.000000000000000000, 0.000000000000000000 ) ) ;
#5678 = VERTEX_POINT ( 'NONE', #280 ) ;
#5679 = DIRECTION ( 'NONE',  ( 0.000000000000000000, 0.000000000000000000, 1.000000000000000000 ) ) ;
#5680 = PLANE ( 'NONE',  #2814 ) ;
#5681 = AXIS2_PLACEMENT_3D ( 'NONE', #4958, #1987, #3123 ) ;
#5682 = AXIS2_PLACEMENT_3D ( 'NONE', #3889, #2013, #7043 ) ;
#5683 = EDGE_LOOP ( 'NONE', ( #7312, #3592, #2000, #5791 ) ) ;
#5684 = AXIS2_PLACEMENT_3D ( 'NONE', #682, #7536, #5612 ) ;
#5685 = DIRECTION ( 'NONE',  ( 0.000000000000000000, -0.000000000000000000, 1.000000000000000000 ) ) ;
#5686 = VERTEX_POINT ( 'NONE', #2755 ) ;
#5687 = DIRECTION ( 'NONE',  ( 0.000000000000000000, 0.000000000000000000, -1.000000000000000000 ) ) ;
#5688 = VERTEX_POINT ( 'NONE', #2106 ) ;
#5689 = ORIENTED_EDGE ( 'NONE', *, *, #7996, .T. ) ;
#5690 = CARTESIAN_POINT ( 'NONE',  ( -19.50000000000000355, 26.00000000000000355, -15.50000000000004086 ) ) ;
#5691 = CARTESIAN_POINT ( 'NONE',  ( -9.547921941187476946, 1.000000000000000000, 40.83358285086494988 ) ) ;
#5692 = CARTESIAN_POINT ( 'NONE',  ( -2.994241334416023914, 1.000000000000000000, 39.69468617189399140 ) ) ;
#5693 = FACE_OUTER_BOUND ( 'NONE', #2449, .T. ) ;
#5694 = AXIS2_PLACEMENT_3D ( 'NONE', #4327, #2535, #5565 ) ;
#5695 = CARTESIAN_POINT ( 'NONE',  ( -6.422321384578626002, 0.000000000000000000, 39.05285795492782341 ) ) ;
#5696 = PLANE ( 'NONE',  #4916 ) ;
#5697 = CARTESIAN_POINT ( 'NONE',  ( -13.20092747180492943, 1.000000000000000000, 39.84860131895386814 ) ) ;
#5698 = ORIENTED_EDGE ( 'NONE', *, *, #4837, .T. ) ;
#5699 = CARTESIAN_POINT ( 'NONE',  ( -7.538566537288216018, 0.000000000000000000, 41.39259125174281451 ) ) ;
#5700 = EDGE_LOOP ( 'NONE', ( #37, #6964, #6591, #6694, #5026, #5525 ) ) ;
#5701 = DIRECTION ( 'NONE',  ( 0.000000000000000000, -0.000000000000000000, 1.000000000000000000 ) ) ;
#5702 = AXIS2_PLACEMENT_3D ( 'NONE', #28, #3161, #2506 ) ;
#5703 = CARTESIAN_POINT ( 'NONE',  ( -12.53708810889349756, 0.000000000000000000, 39.93477133485399833 ) ) ;
#5704 = CARTESIAN_POINT ( 'NONE',  ( -6.244815776183613387, 1.000000000000000000, 41.34361849979202930 ) ) ;
#5705 = PLANE ( 'NONE',  #1137 ) ;
#5706 = DIRECTION ( 'NONE',  ( 0.000000000000000000, -0.000000000000000000, 1.000000000000000000 ) ) ;
#5707 = CARTESIAN_POINT ( 'NONE',  ( -6.276303917562395362, 0.000000000000000000, 39.80272785000476432 ) ) ;
#5708 = EDGE_CURVE ( 'NONE', #5058, #101, #7134, .T. ) ;
#5709 = ORIENTED_EDGE ( 'NONE', *, *, #7850, .F. ) ;
#5710 = CARTESIAN_POINT ( 'NONE',  ( -5.098349079590729360, 0.000000000000000000, 41.47644860127867616 ) ) ;
#5711 = ORIENTED_EDGE ( 'NONE', *, *, #1519, .T. ) ;
#5712 = CARTESIAN_POINT ( 'NONE',  ( -5.335218292760532499, 1.000000000000000000, 42.22051789684429224 ) ) ;
#5713 = CARTESIAN_POINT ( 'NONE',  ( 2.680296350454350662, 1.000000000000000000, 38.87307128906249432 ) ) ;
#5714 = VECTOR ( 'NONE', #7923, 1000.000000000000000 ) ;
#5715 = ORIENTED_EDGE ( 'NONE', *, *, #7549, .F. ) ;
#5716 = CARTESIAN_POINT ( 'NONE',  ( -8.820831392957019901, 1.000000000000000000, 38.82986442268668270 ) ) ;
#5717 = EDGE_CURVE ( 'NONE', #3666, #6554, #1500, .T. ) ;
#5718 = CARTESIAN_POINT ( 'NONE',  ( -8.661640571336075567, 0.000000000000000000, 39.36250293755926322 ) ) ;
#5719 = CARTESIAN_POINT ( 'NONE',  ( -12.22561745848038761, 0.000000000000000000, 40.31405604023855460 ) ) ;
#5720 = ADVANCED_FACE ( 'NONE', ( #1422 ), #4670, .F. ) ;
#5721 = CARTESIAN_POINT ( 'NONE',  ( 17.50000000000000000, 26.00000000000000355, -44.00000000000000000 ) ) ;
#5722 = EDGE_LOOP ( 'NONE', ( #406, #681, #4768, #35 ) ) ;
#5723 = CARTESIAN_POINT ( 'NONE',  ( -5.096242925866041773, 1.000000000000000000, 39.59505128259326767 ) ) ;
#5724 = CARTESIAN_POINT ( 'NONE',  ( -4.911051658426521804, -0.000000000000000000, 40.86578441670268091 ) ) ;
#5725 = EDGE_CURVE ( 'NONE', #2618, #4852, #5907, .T. ) ;
#5726 = EDGE_CURVE ( 'NONE', #4023, #7037, #4092, .T. ) ;
#5727 = ORIENTED_EDGE ( 'NONE', *, *, #127, .T. ) ;
#5728 = EDGE_CURVE ( 'NONE', #1672, #6345, #990, .T. ) ;
#5729 = B_SPLINE_CURVE_WITH_KNOTS ( 'NONE', 3,
 ( #2318, #3389, #5887, #2170, #4651, #7150, #7426, #1710, #6817, #1267, #5547, #3095, #3013, #4839, #4967, #5504, #6087, #3747, #6251 ),
 .UNSPECIFIED., .F., .F.,
 ( 4, 1, 1, 1, 1, 1, 1, 1, 1, 1, 1, 1, 1, 1, 1, 1, 4 ),
 ( 0.000000000000000000, 0.06729469765281936855, 0.1323083183792489737, 0.1949623356769687177, 0.2564310776043090545, 0.3167578526268597372, 0.3773010139992366563, 0.4381281660048146898, 0.5000330122741468708, 0.5618955944281553982, 0.6226566775423103550, 0.6829362082077644613, 0.7433890452025619933, 0.8046644911138022271, 0.8673863065367776182, 0.9323999272632071955, 1.000000000000000000 ),
 .UNSPECIFIED. ) ;
#5730 = CARTESIAN_POINT ( 'NONE',  ( 0.000000000000000000, 2.200000000000000178, 29.48303989154977245 ) ) ;
#5731 = VERTEX_POINT ( 'NONE', #1127 ) ;
#5732 = CARTESIAN_POINT ( 'NONE',  ( -8.153167122906451070, 1.000000000000000000, 39.87868280993804149 ) ) ;
#5733 = ORIENTED_EDGE ( 'NONE', *, *, #3712, .T. ) ;
#5734 = FACE_OUTER_BOUND ( 'NONE', #4681, .T. ) ;
#5735 = CARTESIAN_POINT ( 'NONE',  ( -12.53710745432704954, 1.000000000000000000, 39.82656070279370653 ) ) ;
#5736 = CARTESIAN_POINT ( 'NONE',  ( 18.90623611104252078, 24.35000000000000497, 43.64999999999999147 ) ) ;
#5737 = CARTESIAN_POINT ( 'NONE',  ( -6.053934607142283042, 1.000000000000000000, 38.88322787360075949 ) ) ;
#5738 = B_SPLINE_SURFACE_WITH_KNOTS ( 'NONE', 3, 1, ( 
 ( #4638, #7139 ),
 ( #938, #3413 ),
 ( #5913, #7176 ),
 ( #970, #3451 ),
 ( #5953, #366 ),
 ( #5338, #2231 ),
 ( #6724, #1854 ),
 ( #1900, #3081 ),
 ( #7447, #6111 ),
 ( #2997, #8065 ),
 ( #7411, #7488 ),
 ( #5613, #6763 ),
 ( #3607, #1817 ),
 ( #559, #2380 ),
 ( #4335, #2426 ),
 ( #6839, #5490 ),
 ( #6278, #2341 ),
 ( #3733, #683 ),
 ( #6151, #7977 ) ),
 .UNSPECIFIED., .F., .F., .F.,
 ( 4, 1, 1, 1, 1, 1, 1, 1, 1, 1, 1, 1, 1, 1, 1, 1, 4 ),
 ( 2, 2 ),
 ( 0.000000000000000000, 0.07843179547123446671, 0.1529242292312007756, 0.2238112806510675068, 0.2910160459248095632, 0.3551843574720577879, 0.4173049545918368630, 0.4775560804329987974, 0.5362136719730484780, 0.5936294231239309660, 0.6497377195796022464, 0.7052758769808901151, 0.7606209039256471849, 0.8172949069948552969, 0.8755495224450414726, 0.9361489412511438957, 1.000000000000000000 ),
 ( 0.000000000000000000, 1.000000000000000000 ),
 .UNSPECIFIED. ) ;
#5739 = VECTOR ( 'NONE', #6546, 1000.000000000000000 ) ;
#5740 = DIRECTION ( 'NONE',  ( -1.000000000000000000, 0.000000000000000000, 0.000000000000000000 ) ) ;
#5741 = CYLINDRICAL_SURFACE ( 'NONE', #463, 0.3500000000000030864 ) ;
#5742 = ORIENTED_EDGE ( 'NONE', *, *, #21, .F. ) ;
#5743 = CARTESIAN_POINT ( 'NONE',  ( -8.031881583805818181, 0.000000000000000000, 42.02074769022401313 ) ) ;
#5744 = ORIENTED_EDGE ( 'NONE', *, *, #3919, .F. ) ;
#5745 = CARTESIAN_POINT ( 'NONE',  ( -7.525000000000000355, 0.000000000000000000, 24.77499999999999858 ) ) ;
#5746 = FACE_OUTER_BOUND ( 'NONE', #7072, .T. ) ;
#5747 = CARTESIAN_POINT ( 'NONE',  ( -13.20596893479630829, 0.000000000000000000, 41.17317999644649973 ) ) ;
#5748 = PLANE ( 'NONE',  #7649 ) ;
#5749 = LINE ( 'NONE', #4669, #3160 ) ;
#5750 = LINE ( 'NONE', #2069, #7370 ) ;
#5751 = ORIENTED_EDGE ( 'NONE', *, *, #1079, .T. ) ;
#5752 = CARTESIAN_POINT ( 'NONE',  ( -5.544857339768650029, 0.000000000000000000, 41.72229827478202679 ) ) ;
#5753 = ORIENTED_EDGE ( 'NONE', *, *, #974, .F. ) ;
#5754 = CARTESIAN_POINT ( 'NONE',  ( -6.107693198152117198, 1.000000000000000000, 39.53825140067257848 ) ) ;
#5755 = CARTESIAN_POINT ( 'NONE',  ( -9.400498364806038509, 0.000000000000000000, 39.66064185272751530 ) ) ;
#5756 = VERTEX_POINT ( 'NONE', #1654 ) ;
#5757 = VECTOR ( 'NONE', #5882, 1000.000000000000000 ) ;
#5758 = FACE_OUTER_BOUND ( 'NONE', #1825, .T. ) ;
#5759 = CARTESIAN_POINT ( 'NONE',  ( -8.820831392957019901, 0.000000000000000000, 39.34834681919642208 ) ) ;
#5760 = CARTESIAN_POINT ( 'NONE',  ( -12.48501330907420659, 0.000000000000000000, 40.12264124650415198 ) ) ;
#5761 = FACE_OUTER_BOUND ( 'NONE', #4677, .T. ) ;
#5762 = ORIENTED_EDGE ( 'NONE', *, *, #29, .F. ) ;
#5763 = ORIENTED_EDGE ( 'NONE', *, *, #2822, .F. ) ;
#5764 = EDGE_CURVE ( 'NONE', #966, #5873, #2366, .T. ) ;
#5765 = DIRECTION ( 'NONE',  ( 0.000000000000000000, 1.000000000000000000, 0.000000000000000000 ) ) ;
#5766 = EDGE_CURVE ( 'NONE', #3783, #3034, #5368, .T. ) ;
#5767 = ORIENTED_EDGE ( 'NONE', *, *, #5312, .T. ) ;
#5768 = CARTESIAN_POINT ( 'NONE',  ( -8.108362400698375438, 1.000000000000000000, 40.20031152415153031 ) ) ;
#5769 = VECTOR ( 'NONE', #459, 1000.000000000000000 ) ;
#5770 = EDGE_LOOP ( 'NONE', ( #3676, #6349, #6534, #6256 ) ) ;
#5771 = DIRECTION ( 'NONE',  ( 1.000000000000000000, 0.000000000000000000, -0.000000000000000000 ) ) ;
#5772 = CARTESIAN_POINT ( 'NONE',  ( 17.49999999999999645, 0.5000000000000000000, 40.99999999999999289 ) ) ;
#5773 = CARTESIAN_POINT ( 'NONE',  ( -3.121804266686193596, 0.000000000000000000, 39.99040445071936745 ) ) ;
#5774 = EDGE_CURVE ( 'NONE', #5527, #6749, #5404, .T. ) ;
#5775 = ADVANCED_FACE ( 'NONE', ( #965 ), #710, .T. ) ;
#5776 = LINE ( 'NONE', #7773, #6429 ) ;
#5777 = VECTOR ( 'NONE', #7216, 1000.000000000000000 ) ;
#5778 = CARTESIAN_POINT ( 'NONE',  ( 6.000000000000004441, 19.24999999999999645, 43.50000000000000000 ) ) ;
#5779 = CARTESIAN_POINT ( 'NONE',  ( -13.22320601227995596, 1.000000000000000000, 41.38514550444367046 ) ) ;
#5780 = ORIENTED_EDGE ( 'NONE', *, *, #2469, .F. ) ;
#5781 = CARTESIAN_POINT ( 'NONE',  ( -12.55960526786820708, 1.000000000000000000, 41.68000662022670610 ) ) ;
#5782 = ORIENTED_EDGE ( 'NONE', *, *, #1812, .F. ) ;
#5783 = CARTESIAN_POINT ( 'NONE',  ( -5.918560136895525403, 0.000000000000000000, 42.22049188216873716 ) ) ;
#5784 = CARTESIAN_POINT ( 'NONE',  ( -20.00000000000000355, 0.5000000000000000000, -15.50000000000004086 ) ) ;
#5785 = CARTESIAN_POINT ( 'NONE',  ( -4.627444030273671238, 1.000000000000000000, 39.22789410885823003 ) ) ;
#5786 = CARTESIAN_POINT ( 'NONE',  ( -9.827689496764405064, 0.000000000000000000, 39.22785229367399751 ) ) ;
#5787 = CARTESIAN_POINT ( 'NONE',  ( -9.547921941187476946, 0.000000000000000000, 40.83358285086494988 ) ) ;
#5788 = FACE_OUTER_BOUND ( 'NONE', #2786, .T. ) ;
#5789 = VERTEX_POINT ( 'NONE', #3684 ) ;
#5790 = LINE ( 'NONE', #322, #3316 ) ;
#5791 = ORIENTED_EDGE ( 'NONE', *, *, #33, .T. ) ;
#5792 = LINE ( 'NONE', #3377, #4875 ) ;
#5793 = CARTESIAN_POINT ( 'NONE',  ( -6.630381384954339374, 1.000000000000000000, 39.22785229367399751 ) ) ;
#5794 = VERTEX_POINT ( 'NONE', #2586 ) ;
#5795 = CARTESIAN_POINT ( 'NONE',  ( -3.322165638162387413, 1.000000000000000000, 39.17012568194358835 ) ) ;
#5796 = DIRECTION ( 'NONE',  ( 0.000000000000000000, 1.000000000000000000, 0.000000000000000000 ) ) ;
#5797 = CARTESIAN_POINT ( 'NONE',  ( -18.49999999999999289, 27.53553390593273775, 39.49999999999999289 ) ) ;
#5798 = CARTESIAN_POINT ( 'NONE',  ( -7.525000000000002132, 0.000000000000000000, 4.724999999999996980 ) ) ;
#5799 = CARTESIAN_POINT ( 'NONE',  ( -6.183945700940245871, 0.000000000000000000, 38.92738053809850385 ) ) ;
#5800 = EDGE_LOOP ( 'NONE', ( #7719, #735 ) ) ;
#5801 = ORIENTED_EDGE ( 'NONE', *, *, #6766, .F. ) ;
#5802 = AXIS2_PLACEMENT_3D ( 'NONE', #4696, #4981, #6873 ) ;
#5803 = VECTOR ( 'NONE', #2111, 1000.000000000000000 ) ;
#5804 = CARTESIAN_POINT ( 'NONE',  ( 19.99999999999999645, 0.5000000000000000000, 40.99999999999999289 ) ) ;
#5805 = ORIENTED_EDGE ( 'NONE', *, *, #2715, .T. ) ;
#5806 = CARTESIAN_POINT ( 'NONE',  ( -8.118192763487973806, 0.000000000000000000, 40.04731677189010242 ) ) ;
#5807 = AXIS2_PLACEMENT_3D ( 'NONE', #6897, #5675, #782 ) ;
#5808 = ADVANCED_FACE ( 'NONE', ( #8014 ), #3113, .F. ) ;
#5809 = VECTOR ( 'NONE', #921, 1000.000000000000000 ) ;
#5810 = ORIENTED_EDGE ( 'NONE', *, *, #5350, .T. ) ;
#5811 = PLANE ( 'NONE',  #6467 ) ;
#5812 = CARTESIAN_POINT ( 'NONE',  ( -12.40063199776768776, 1.000000000000000000, 39.52317005246205639 ) ) ;
#5813 = CARTESIAN_POINT ( 'NONE',  ( -3.158039891549775824, 2.000000000000000000, 26.52499999999999858 ) ) ;
#5814 = VECTOR ( 'NONE', #400, 1000.000000000000000 ) ;
#5815 = DIRECTION ( 'NONE',  ( 0.000000000000000000, -0.000000000000000000, -1.000000000000000000 ) ) ;
#5816 = ADVANCED_FACE ( 'NONE', ( #1204 ), #5035, .T. ) ;
#5817 = FACE_OUTER_BOUND ( 'NONE', #4937, .T. ) ;
#5818 = EDGE_CURVE ( 'NONE', #7407, #1301, #5608, .T. ) ;
#5819 = CARTESIAN_POINT ( 'NONE',  ( -0.01473193973690074127, 1.000000000000000000, 38.87307128906249432 ) ) ;
#5820 = AXIS2_PLACEMENT_3D ( 'NONE', #4630, #5866, #6133 ) ;
#5821 = EDGE_CURVE ( 'NONE', #4192, #3230, #7532, .T. ) ;
#5822 = VERTEX_POINT ( 'NONE', #6186 ) ;
#5823 = CARTESIAN_POINT ( 'NONE',  ( -12.68931425007778024, 1.000000000000000000, 42.18623636152150880 ) ) ;
#5824 = ORIENTED_EDGE ( 'NONE', *, *, #7663, .T. ) ;
#5825 = CARTESIAN_POINT ( 'NONE',  ( -6.531833265712951864, 0.000000000000000000, 41.93942928358850963 ) ) ;
#5826 = CARTESIAN_POINT ( 'NONE',  ( -8.822856714818387402, 1.000000000000000000, 42.24320686637580025 ) ) ;
#5827 = DIRECTION ( 'NONE',  ( 0.000000000000000000, -1.000000000000000000, 0.000000000000000000 ) ) ;
#5828 = EDGE_CURVE ( 'NONE', #7797, #2952, #678, .T. ) ;
#5829 = DIRECTION ( 'NONE',  ( 1.000000000000000000, 0.000000000000000000, 0.000000000000000000 ) ) ;
#5830 = CARTESIAN_POINT ( 'NONE',  ( -2.470833317507218130, 0.000000000000000000, 41.67893556573324787 ) ) ;
#5831 = AXIS2_PLACEMENT_3D ( 'NONE', #2845, #1620, #7141 ) ;
#5832 = CARTESIAN_POINT ( 'NONE',  ( 13.49999999999999822, 0.000000000000000000, -22.50000000000002132 ) ) ;
#5833 = ORIENTED_EDGE ( 'NONE', *, *, #1728, .T. ) ;
#5834 = DIRECTION ( 'NONE',  ( 0.000000000000000000, 0.000000000000000000, 1.000000000000000000 ) ) ;
#5835 = EDGE_LOOP ( 'NONE', ( #5228, #4949, #4432, #7261 ) ) ;
#5836 = LINE ( 'NONE', #3984, #1884 ) ;
#5837 = CARTESIAN_POINT ( 'NONE',  ( -9.249579179592201328, 1.000000000000000000, 39.48709226286082696 ) ) ;
#5838 = CARTESIAN_POINT ( 'NONE',  ( 1.338183063655702609, 1.000000000000000000, 39.92556354968578347 ) ) ;
#5839 = LINE ( 'NONE', #6453, #5902 ) ;
#5840 = CARTESIAN_POINT ( 'NONE',  ( -11.40784251720874387, 0.000000000000000000, 40.86058714234982858 ) ) ;
#5841 = CARTESIAN_POINT ( 'NONE',  ( -13.12640226976545677, 1.000000000000000000, 40.93124373366098467 ) ) ;
#5842 = CARTESIAN_POINT ( 'NONE',  ( -12.53767207382356830, -0.000000000000000000, 39.89880890832505145 ) ) ;
#5843 = ORIENTED_EDGE ( 'NONE', *, *, #7814, .T. ) ;
#5844 = CARTESIAN_POINT ( 'NONE',  ( -6.993675077343516122, 0.000000000000000000, 39.94826238671202390 ) ) ;
#5845 = VERTEX_POINT ( 'NONE', #1811 ) ;
#5846 = ORIENTED_EDGE ( 'NONE', *, *, #1265, .F. ) ;
#5847 = AXIS2_PLACEMENT_3D ( 'NONE', #7537, #3856, #4462 ) ;
#5848 = FACE_OUTER_BOUND ( 'NONE', #163, .T. ) ;
#5849 = VERTEX_POINT ( 'NONE', #1164 ) ;
#5850 = CARTESIAN_POINT ( 'NONE',  ( -9.547921941187476946, 0.000000000000000000, 40.23206225803919978 ) ) ;
#5851 = VERTEX_POINT ( 'NONE', #7574 ) ;
#5852 = LINE ( 'NONE', #2782, #988 ) ;
#5853 = LINE ( 'NONE', #5239, #7192 ) ;
#5854 = EDGE_CURVE ( 'NONE', #6503, #4458, #1245, .T. ) ;
#5855 = CARTESIAN_POINT ( 'NONE',  ( -20.50000000000000355, 26.00000000000000355, -44.00000000000000000 ) ) ;
#5856 = CARTESIAN_POINT ( 'NONE',  ( -5.575750238799362712, -0.000000000000000000, 42.24215233848653384 ) ) ;
#5857 = ORIENTED_EDGE ( 'NONE', *, *, #4615, .F. ) ;
#5858 = CARTESIAN_POINT ( 'NONE',  ( -8.267788082464088362, 1.000000000000000000, 42.14572451139512310 ) ) ;
#5859 = ORIENTED_EDGE ( 'NONE', *, *, #3011, .T. ) ;
#5860 = CARTESIAN_POINT ( 'NONE',  ( -5.774414359738670122, 0.000000000000000000, 42.24008771227013881 ) ) ;
#5861 = CARTESIAN_POINT ( 'NONE',  ( -9.400498364806038509, 0.000000000000000000, 39.66064185272751530 ) ) ;
#5862 = CARTESIAN_POINT ( 'NONE',  ( -12.48314576540662735, 0.000000000000000000, 41.07561947919430168 ) ) ;
#5863 = CARTESIAN_POINT ( 'NONE',  ( 2.003838848758051405, 1.000000000000000000, 42.19999999999999574 ) ) ;
#5864 = AXIS2_PLACEMENT_3D ( 'NONE', #5730, #2574, #2128 ) ;
#5865 = EDGE_CURVE ( 'NONE', #5731, #4708, #2497, .T. ) ;
#5866 = DIRECTION ( 'NONE',  ( 0.000000000000000000, 1.000000000000000000, -0.000000000000000000 ) ) ;
#5867 = CARTESIAN_POINT ( 'NONE',  ( -12.55822533446472988, 1.000000000000000000, 41.38987125545352797 ) ) ;
#5868 = DIRECTION ( 'NONE',  ( 0.000000000000000000, -0.000000000000000000, -1.000000000000000000 ) ) ;
#5869 = ADVANCED_FACE ( 'NONE', ( #6313 ), #4945, .T. ) ;
#5870 = VERTEX_POINT ( 'NONE', #6834 ) ;
#5871 = CARTESIAN_POINT ( 'NONE',  ( -2.994241334416023914, 1.000000000000000000, 39.69468617189399140 ) ) ;
#5872 = B_SPLINE_SURFACE_WITH_KNOTS ( 'NONE', 3, 1, ( 
 ( #56, #7568 ),
 ( #104, #7040 ),
 ( #1970, #225 ),
 ( #2582, #6957 ),
 ( #1932, #5773 ),
 ( #2534, #3846 ),
 ( #714, #1363 ),
 ( #4489, #3193 ),
 ( #5692, #5029 ),
 ( #2621, #5111 ),
 ( #5155, #4411 ),
 ( #1447, #760 ),
 ( #2093, #183 ),
 ( #3239, #7000 ),
 ( #3763, #7605 ),
 ( #7647, #6917 ),
 ( #1408, #3886 ),
 ( #797, #2658 ),
 ( #2053, #4571 ) ),
 .UNSPECIFIED., .F., .F., .F.,
 ( 4, 1, 1, 1, 1, 1, 1, 1, 1, 1, 1, 1, 1, 1, 1, 1, 4 ),
 ( 2, 2 ),
 ( 0.000000000000000000, 0.07209650420366271739, 0.1409017526855209645, 0.2072923739875996152, 0.2713032156108189930, 0.3333055557521315548, 0.3945053556894813074, 0.4547806141562345528, 0.5151160198052338046, 0.5748876980478826448, 0.6330255439051276634, 0.6909620078903782048, 0.7489147009020561407, 0.8084341198246398630, 0.8692816877722726598, 0.9330612528114975435, 1.000000000000000000 ),
 ( 0.000000000000000000, 1.000000000000000000 ),
 .UNSPECIFIED. ) ;
#5873 = VERTEX_POINT ( 'NONE', #5697 ) ;
#5874 = LINE ( 'NONE', #3903, #5009 ) ;
#5875 = LINE ( 'NONE', #124, #3358 ) ;
#5876 = CARTESIAN_POINT ( 'NONE',  ( -8.393955207003626739, 0.000000000000000000, 38.88309750971865952 ) ) ;
#5877 = LINE ( 'NONE', #1588, #6218 ) ;
#5878 = EDGE_CURVE ( 'NONE', #5908, #3348, #5151, .T. ) ;
#5879 = ADVANCED_FACE ( 'NONE', ( #3152 ), #1976, .T. ) ;
#5880 = DIRECTION ( 'NONE',  ( 0.000000000000000000, 0.000000000000000000, -1.000000000000000000 ) ) ;
#5881 = DIRECTION ( 'NONE',  ( 0.8591433408540531946, 0.000000000000000000, 0.5117350094200474597 ) ) ;
#5882 = DIRECTION ( 'NONE',  ( -0.000000000000000000, -1.000000000000000000, -0.000000000000000000 ) ) ;
#5883 = ORIENTED_EDGE ( 'NONE', *, *, #7855, .F. ) ;
#5884 = CARTESIAN_POINT ( 'NONE',  ( -6.053934607142283042, 0.000000000000000000, 38.88322787360075949 ) ) ;
#5885 = EDGE_LOOP ( 'NONE', ( #924, #1058, #1640, #381 ) ) ;
#5886 = ORIENTED_EDGE ( 'NONE', *, *, #883, .T. ) ;
#5887 = CARTESIAN_POINT ( 'NONE',  ( -2.566476511966188756, 0.000000000000000000, 38.87642705320691050 ) ) ;
#5888 = EDGE_LOOP ( 'NONE', ( #3376, #2473, #6263, #5651 ) ) ;
#5889 = LINE ( 'NONE', #5068, #7630 ) ;
#5890 = EDGE_LOOP ( 'NONE', ( #1753, #7524, #6997, #6545 ) ) ;
#5891 = LINE ( 'NONE', #795, #5531 ) ;
#5892 = DIRECTION ( 'NONE',  ( -0.000000000000000000, 0.000000000000000000, 1.000000000000000000 ) ) ;
#5893 = FACE_OUTER_BOUND ( 'NONE', #2236, .T. ) ;
#5894 = DIRECTION ( 'NONE',  ( 0.000000000000000000, 0.000000000000000000, -1.000000000000000000 ) ) ;
#5895 = FACE_OUTER_BOUND ( 'NONE', #753, .T. ) ;
#5896 = ORIENTED_EDGE ( 'NONE', *, *, #341, .T. ) ;
#5897 = CARTESIAN_POINT ( 'NONE',  ( -0.01473193973690074127, 1.000000000000000000, 42.19999999999999574 ) ) ;
#5898 = VERTEX_POINT ( 'NONE', #6146 ) ;
#5899 = CARTESIAN_POINT ( 'NONE',  ( -7.014486533966848292, 1.000000000000000000, 40.88472762824026319 ) ) ;
#5900 = CARTESIAN_POINT ( 'NONE',  ( -8.848322269388122052, 0.000000000000000000, 39.34916050897395934 ) ) ;
#5901 = CARTESIAN_POINT ( 'NONE',  ( -5.625548603008321713, 1.000000000000000000, 42.24320686637580025 ) ) ;
#5902 = VECTOR ( 'NONE', #5221, 1000.000000000000000 ) ;
#5903 = CARTESIAN_POINT ( 'NONE',  ( -8.107918097756128262, 1.000000000000000000, 40.23206225803919978 ) ) ;
#5904 = CARTESIAN_POINT ( 'NONE',  ( -12.57982868963411605, 1.000000000000000000, 41.92527184479979496 ) ) ;
#5905 = CARTESIAN_POINT ( 'NONE',  ( 7.525000000000000355, 0.000000000000000000, 24.77499999999999858 ) ) ;
#5906 = B_SPLINE_CURVE_WITH_KNOTS ( 'NONE', 3,
 ( #5451, #4914, #560, #5491, #2381, #7940, #3037, #7371, #4296, #5042, #4424, #7582, #7011, #5084, #5747, #4383, #6885, #1295, #2547 ),
 .UNSPECIFIED., .F., .F.,
 ( 4, 1, 1, 1, 1, 1, 1, 1, 1, 1, 1, 1, 1, 1, 1, 1, 4 ),
 ( 0.000000000000000000, 0.07086649681150197777, 0.1382942507454155978, 0.2030105034707019585, 0.2648402321061451015, 0.3246477305993405449, 0.3830962630374037947, 0.4407396418996636367, 0.4981264148582853490, 0.5557840161187042050, 0.6142325485567663446, 0.6738099711304145201, 0.7344074013561794345, 0.7973281723961992418, 0.8627061949289662746, 0.9301825717312348640, 1.000000000000000000 ),
 .UNSPECIFIED. ) ;
#5907 = LINE ( 'NONE', #7821, #3976 ) ;
#5908 = VERTEX_POINT ( 'NONE', #554 ) ;
#5909 = CARTESIAN_POINT ( 'NONE',  ( -2.385033624822445297, 1.000000000000000000, 39.39155368557223369 ) ) ;
#5910 = EDGE_LOOP ( 'NONE', ( #777, #6314, #2649, #3274 ) ) ;
#5911 = VECTOR ( 'NONE', #2306, 1000.000000000000000 ) ;
#5912 = DIRECTION ( 'NONE',  ( 0.000000000000000000, 0.000000000000000000, -1.000000000000000000 ) ) ;
#5913 = CARTESIAN_POINT ( 'NONE',  ( -12.12865481463962780, 1.000000000000000000, 38.87525926817654920 ) ) ;
#5914 = CARTESIAN_POINT ( 'NONE',  ( -7.824752142083736040, 0.000000000000000000, 39.22789410885822292 ) ) ;
#5915 = EDGE_CURVE ( 'NONE', #983, #6399, #1113, .T. ) ;
#5916 = ORIENTED_EDGE ( 'NONE', *, *, #7955, .F. ) ;
#5917 = B_SPLINE_CURVE_WITH_KNOTS ( 'NONE', 3,
 ( #6621, #2820, #6580, #7151, #4652, #2853, #4117, #526, #1785, #7377, #3655, #6003, #7188, #1596, #951, #2242, #2432, #3470, #5315 ),
 .UNSPECIFIED., .F., .F.,
 ( 4, 1, 1, 1, 1, 1, 1, 1, 1, 1, 1, 1, 1, 1, 1, 1, 4 ),
 ( 0.000000000000000000, 0.07508138526919318212, 0.1467848926127365838, 0.2154666963927281687, 0.2815318614138196396, 0.3457619938168169371, 0.4082707809681710986, 0.4695961891400196597, 0.5303076506397788048, 0.5895122297284521862, 0.6474493612319587310, 0.7038250251780923117, 0.7602055749988264610, 0.8172201389990154663, 0.8754039741109075345, 0.9364164093463507310, 1.000000000000000000 ),
 .UNSPECIFIED. ) ;
#5918 = ADVANCED_FACE ( 'NONE', ( #6272 ), #3198, .T. ) ;
#5919 = DIRECTION ( 'NONE',  ( 0.000000000000000000, 0.000000000000000000, 1.000000000000000000 ) ) ;
#5920 = CARTESIAN_POINT ( 'NONE',  ( -13.22283344101944103, 0.000000000000000000, 41.36060300094856501 ) ) ;
#5921 = ORIENTED_EDGE ( 'NONE', *, *, #4552, .T. ) ;
#5922 = CARTESIAN_POINT ( 'NONE',  ( -12.79257228029990756, 1.000000000000000000, 40.52897135994680866 ) ) ;
#5923 = EDGE_CURVE ( 'NONE', #6542, #6544, #8024, .T. ) ;
#5924 = ADVANCED_FACE ( 'NONE', ( #6517 ), #4537, .F. ) ;
#5925 = ORIENTED_EDGE ( 'NONE', *, *, #84, .T. ) ;
#5926 = VERTEX_POINT ( 'NONE', #5779 ) ;
#5927 = CARTESIAN_POINT ( 'NONE',  ( -2.749999999999995559, 22.00000000000000355, -44.00099999999999767 ) ) ;
#5928 = DIRECTION ( 'NONE',  ( 0.000000000000000000, 0.000000000000000000, -1.000000000000000000 ) ) ;
#5929 = ORIENTED_EDGE ( 'NONE', *, *, #530, .F. ) ;
#5930 = CARTESIAN_POINT ( 'NONE',  ( -20.50000000000000355, 0.5000000000000000000, 43.50000000000000000 ) ) ;
#5931 = CARTESIAN_POINT ( 'NONE',  ( -5.068305244886597727, 0.000000000000000000, 38.92754240160101631 ) ) ;
#5932 = AXIS2_PLACEMENT_3D ( 'NONE', #4853, #1764, #6592 ) ;
#5933 = B_SPLINE_SURFACE_WITH_KNOTS ( 'NONE', 3, 1, ( 
 ( #1954, #4435 ),
 ( #6941, #1349 ),
 ( #3827, #3703 ),
 ( #746, #128 ),
 ( #6208, #616 ),
 ( #1472, #977 ),
 ( #3342, #4070 ),
 ( #2118, #4031 ),
 ( #4557, #6573 ),
 ( #3459, #5183 ),
 ( #5841, #1433 ),
 ( #3949, #3990 ),
 ( #2081, #3421 ),
 ( #2768, #6500 ),
 ( #2200, #7795 ),
 ( #6455, #7062 ),
 ( #861, #905 ),
 ( #2811, #5920 ),
 ( #251, #2730 ) ),
 .UNSPECIFIED., .F., .F., .F.,
 ( 4, 1, 1, 1, 1, 1, 1, 1, 1, 1, 1, 1, 1, 1, 1, 1, 4 ),
 ( 2, 2 ),
 ( 0.000000000000000000, 0.07086649681150197777, 0.1382942507454155978, 0.2030105034707019585, 0.2648402321061451015, 0.3246477305993405449, 0.3830962630374037947, 0.4407396418996636367, 0.4981264148582853490, 0.5557840161187042050, 0.6142325485567663446, 0.6738099711304145201, 0.7344074013561794345, 0.7973281723961992418, 0.8627061949289662746, 0.9301825717312348640, 1.000000000000000000 ),
 ( 0.000000000000000000, 1.000000000000000000 ),
 .UNSPECIFIED. ) ;
#5934 = CARTESIAN_POINT ( 'NONE',  ( 13.49999999999999822, 0.2999999999999999889, -17.50000000000001776 ) ) ;
#5935 = AXIS2_PLACEMENT_3D ( 'NONE', #3050, #4190, #8034 ) ;
#5936 = AXIS2_PLACEMENT_3D ( 'NONE', #6535, #5912, #6566 ) ;
#5937 = CARTESIAN_POINT ( 'NONE',  ( -4.935715435780513971, 1.000000000000000000, 39.96094187914432894 ) ) ;
#5938 = DIRECTION ( 'NONE',  ( -1.239088197126291063E-16, 0.000000000000000000, -1.000000000000000000 ) ) ;
#5939 = VERTEX_POINT ( 'NONE', #7731 ) ;
#5940 = CARTESIAN_POINT ( 'NONE',  ( -2.385033624822445297, 1.000000000000000000, 41.68151760349024926 ) ) ;
#5941 = CARTESIAN_POINT ( 'NONE',  ( -13.49999999999999822, 0.2999999999999999889, -22.50000000000002132 ) ) ;
#5942 = CARTESIAN_POINT ( 'NONE',  ( -8.902199327367220860, 0.000000000000000000, 39.35075519117446419 ) ) ;
#5943 = CARTESIAN_POINT ( 'NONE',  ( -8.822856714818387402, 1.000000000000000000, 41.72472446986606798 ) ) ;
#5944 = AXIS2_PLACEMENT_3D ( 'NONE', #7585, #6973, #6368 ) ;
#5945 = CARTESIAN_POINT ( 'NONE',  ( -9.619629496388695244, 0.000000000000000000, 39.05285795492783052 ) ) ;
#5946 = CARTESIAN_POINT ( 'NONE',  ( -12.25868008685203137, 1.000000000000000000, 40.89498948717196924 ) ) ;
#5947 = VECTOR ( 'NONE', #7898, 1000.000000000000000 ) ;
#5948 = CARTESIAN_POINT ( 'NONE',  ( -8.871079368379955810, 0.000000000000000000, 38.83091906519467784 ) ) ;
#5949 = VERTEX_POINT ( 'NONE', #3969 ) ;
#5950 = DIRECTION ( 'NONE',  ( 0.000000000000000000, 1.000000000000000000, 0.000000000000000000 ) ) ;
#5951 = ORIENTED_EDGE ( 'NONE', *, *, #580, .T. ) ;
#5952 = CARTESIAN_POINT ( 'NONE',  ( 11.65000000000000036, 5.000000000000000000, -15.45000000000001883 ) ) ;
#5953 = CARTESIAN_POINT ( 'NONE',  ( -12.38217419680454334, 1.000000000000000000, 38.90778857078750974 ) ) ;
#5954 = CARTESIAN_POINT ( 'NONE',  ( -7.657932725564890575, 0.000000000000000000, 39.44123848650360031 ) ) ;
#5955 = VECTOR ( 'NONE', #3596, 1000.000000000000000 ) ;
#5956 = CARTESIAN_POINT ( 'NONE',  ( -12.55822533446472988, 1.000000000000000000, 41.62683391323336934 ) ) ;
#5957 = CARTESIAN_POINT ( 'NONE',  ( 11.65000000000000036, 5.000000000000000000, -39.05000000000001847 ) ) ;
#5958 = EDGE_CURVE ( 'NONE', #2952, #4998, #3242, .T. ) ;
#5959 = CARTESIAN_POINT ( 'NONE',  ( 7.525000000000002132, 2.000000000000000000, 4.724999999999996980 ) ) ;
#5960 = EDGE_LOOP ( 'NONE', ( #1444, #1646, #2775, #7443 ) ) ;
#5961 = DIRECTION ( 'NONE',  ( 0.000000000000000000, -0.000000000000000000, 1.000000000000000000 ) ) ;
#5962 = ORIENTED_EDGE ( 'NONE', *, *, #4555, .T. ) ;
#5963 = ORIENTED_EDGE ( 'NONE', *, *, #6708, .F. ) ;
#5964 = EDGE_CURVE ( 'NONE', #5609, #3645, #1532, .T. ) ;
#5965 = CARTESIAN_POINT ( 'NONE',  ( 0.5000000000000005551, 2.000000000000000000, 29.48303989154980798 ) ) ;
#5966 = CARTESIAN_POINT ( 'NONE',  ( -4.911051658426521804, 1.000000000000000000, 40.86578441670268091 ) ) ;
#5967 = EDGE_LOOP ( 'NONE', ( #1885, #4798, #7513, #5767 ) ) ;
#5968 = EDGE_CURVE ( 'NONE', #5268, #7083, #2707, .T. ) ;
#5969 = CARTESIAN_POINT ( 'NONE',  ( -3.812235999651717666, 1.000000000000000000, 40.96123336018781202 ) ) ;
#5970 = CARTESIAN_POINT ( 'NONE',  ( 6.000000000000005329, 21.50000000000000000, 43.00000000000000000 ) ) ;
#5971 = VECTOR ( 'NONE', #468, 1000.000000000000000 ) ;
#5972 = VECTOR ( 'NONE', #2325, 1000.000000000000000 ) ;
#5973 = VECTOR ( 'NONE', #7359, 1000.000000000000000 ) ;
#5974 = EDGE_CURVE ( 'NONE', #666, #5488, #3397, .T. ) ;
#5975 = CARTESIAN_POINT ( 'NONE',  ( -12.04109315252923551, 0.000000000000000000, 40.86058714234982858 ) ) ;
#5976 = DIRECTION ( 'NONE',  ( 0.000000000000000000, -1.000000000000000000, 0.000000000000000000 ) ) ;
#5977 = DIRECTION ( 'NONE',  ( 0.000000000000000000, 0.000000000000000000, -1.000000000000000000 ) ) ;
#5978 = ORIENTED_EDGE ( 'NONE', *, *, #774, .T. ) ;
#5979 = CARTESIAN_POINT ( 'NONE',  ( -2.385033624822445297, 0.000000000000000000, 39.39155368557223369 ) ) ;
#5980 = CARTESIAN_POINT ( 'NONE',  ( -13.17029376894973680, 1.000000000000000000, 40.08643186166186467 ) ) ;
#5981 = CARTESIAN_POINT ( 'NONE',  ( -9.546842379973647041, 1.000000000000000000, 40.13865615616361282 ) ) ;
#5982 = DIRECTION ( 'NONE',  ( 0.8591433408540535277, 0.000000000000000000, -0.5117350094200469046 ) ) ;
#5983 = FACE_OUTER_BOUND ( 'NONE', #6406, .T. ) ;
#5984 = CARTESIAN_POINT ( 'NONE',  ( 20.49999999999999645, 26.00000000000000355, -40.99999999999999289 ) ) ;
#5985 = DIRECTION ( 'NONE',  ( 0.000000000000000000, 1.000000000000000000, -0.000000000000000000 ) ) ;
#5986 = ORIENTED_EDGE ( 'NONE', *, *, #3767, .T. ) ;
#5987 = CARTESIAN_POINT ( 'NONE',  ( -12.49767421133226186, 0.000000000000000000, 38.93477418805543522 ) ) ;
#5988 = ORIENTED_EDGE ( 'NONE', *, *, #6855, .T. ) ;
#5989 = CARTESIAN_POINT ( 'NONE',  ( -20.50000000000000355, 24.00000000000000000, -15.50000000000004086 ) ) ;
#5990 = CARTESIAN_POINT ( 'NONE',  ( -8.344679296680588720, 1.000000000000000000, 41.53505539339037256 ) ) ;
#5991 = CARTESIAN_POINT ( 'NONE',  ( -3.793840107080990620, 1.000000000000000000, 39.97203959567751497 ) ) ;
#5992 = ORIENTED_EDGE ( 'NONE', *, *, #4846, .T. ) ;
#5993 = CARTESIAN_POINT ( 'NONE',  ( -14.50000000000000178, 1.000000000000000000, 41.99999999999999289 ) ) ;
#5994 = CARTESIAN_POINT ( 'NONE',  ( -10.21290261900270480, 1.000000000000000000, 40.23813822362329518 ) ) ;
#5995 = ORIENTED_EDGE ( 'NONE', *, *, #1431, .T. ) ;
#5996 = CARTESIAN_POINT ( 'NONE',  ( -4.247654629992202224, 0.000000000000000000, 40.83493306543919488 ) ) ;
#5997 = B_SPLINE_CURVE_WITH_KNOTS ( 'NONE', 3,
 ( #1571, #6398, #3320, #923, #5201, #5858, #232, #5243, #4049, #6519, #7693, #7084, #7045, #1493, #3971, #7654, #3399, #4622, #270 ),
 .UNSPECIFIED., .F., .F.,
 ( 4, 1, 1, 1, 1, 1, 1, 1, 1, 1, 1, 1, 1, 1, 1, 1, 4 ),
 ( 0.000000000000000000, 0.06754833664786011327, 0.1325516695759140495, 0.1952254823667967376, 0.2565522035029124681, 0.3168088224494997607, 0.3766733412029135697, 0.4372649060884281069, 0.4990499599808042031, 0.5607315244112555108, 0.6216531320571606622, 0.6821090900150486025, 0.7427014245273787507, 0.8043186927919613316, 0.8672227418442760571, 0.9324516633521389153, 1.000000000000000000 ),
 .UNSPECIFIED. ) ;
#5998 = EDGE_LOOP ( 'NONE', ( #6574, #6498 ) ) ;
#5999 = ORIENTED_EDGE ( 'NONE', *, *, #2079, .F. ) ;
#6000 = B_SPLINE_SURFACE_WITH_KNOTS ( 'NONE', 3, 1, ( 
 ( #2619, #5108 ),
 ( #7603, #3542 ),
 ( #5969, #6657 ),
 ( #1598, #6623 ),
 ( #6090, #4078 ),
 ( #4727, #7225 ),
 ( #2891, #1679 ),
 ( #2321, #2823 ),
 ( #2209, #6582 ),
 ( #1030, #6005 ),
 ( #1641, #2358 ),
 ( #5388, #5317 ),
 ( #7267, #6043 ),
 ( #2282, #992 ),
 ( #7804, #347 ),
 ( #7875, #4157 ),
 ( #454, #7918 ),
 ( #2855, #5352 ),
 ( #415, #500 ) ),
 .UNSPECIFIED., .F., .F., .F.,
 ( 4, 1, 1, 1, 1, 1, 1, 1, 1, 1, 1, 1, 1, 1, 1, 1, 4 ),
 ( 2, 2 ),
 ( 0.000000000000000000, 0.06794493716412419726, 0.1329963633457003913, 0.1957546515378124075, 0.2573556140642163093, 0.3175654473667056110, 0.3778800306114095675, 0.4384306039546655431, 0.5001043934369067134, 0.5620452374073775514, 0.6227284889903226262, 0.6831530576973183777, 0.7435149127717378681, 0.8049242936207946508, 0.8676147442630081086, 0.9326661704445839973, 1.000000000000000000 ),
 ( 0.000000000000000000, 1.000000000000000000 ),
 .UNSPECIFIED. ) ;
#6001 = DIRECTION ( 'NONE',  ( 0.000000000000000000, 0.000000000000000000, -1.000000000000000000 ) ) ;
#6002 = DIRECTION ( 'NONE',  ( 1.000000000000000000, 0.000000000000000000, 0.000000000000000000 ) ) ;
#6003 = CARTESIAN_POINT ( 'NONE',  ( -5.202170331775579193, 1.000000000000000000, 41.58568747885375672 ) ) ;
#6004 = ORIENTED_EDGE ( 'NONE', *, *, #5369, .F. ) ;
#6005 = CARTESIAN_POINT ( 'NONE',  ( -3.423205036185305694, 0.000000000000000000, 41.81399671450299138 ) ) ;
#6006 = LINE ( 'NONE', #1031, #7772 ) ;
#6007 = ADVANCED_FACE ( 'NONE', ( #5895 ), #3850, .T. ) ;
#6008 = VECTOR ( 'NONE', #2082, 1000.000000000000000 ) ;
#6009 = EDGE_CURVE ( 'NONE', #7822, #7800, #7776, .T. ) ;
#6010 = CARTESIAN_POINT ( 'NONE',  ( -13.24343231412400179, 0.000000000000000000, 41.85009010864629175 ) ) ;
#6011 = PLANE ( 'NONE',  #4360 ) ;
#6012 = ORIENTED_EDGE ( 'NONE', *, *, #740, .F. ) ;
#6013 = CARTESIAN_POINT ( 'NONE',  ( -3.121804266686193596, 0.000000000000000000, 39.99040445071936745 ) ) ;
#6014 = CARTESIAN_POINT ( 'NONE',  ( -13.20092747180492943, 0.000000000000000000, 39.84860131895386814 ) ) ;
#6015 = EDGE_CURVE ( 'NONE', #6890, #5038, #4456, .T. ) ;
#6016 = LINE ( 'NONE', #425, #7394 ) ;
#6017 = CARTESIAN_POINT ( 'NONE',  ( 5.000000000000000888, 2.000000000000000000, -38.50000000000002132 ) ) ;
#6018 = EDGE_CURVE ( 'NONE', #4401, #5038, #3929, .T. ) ;
#6019 = LINE ( 'NONE', #3483, #8052 ) ;
#6020 = AXIS2_PLACEMENT_3D ( 'NONE', #4249, #5398, #8008 ) ;
#6021 = DIRECTION ( 'NONE',  ( -0.000000000000000000, -1.000000000000000000, -0.000000000000000000 ) ) ;
#6022 = CARTESIAN_POINT ( 'NONE',  ( 19.49999999999999645, 26.00000000000000355, -15.50000000000004086 ) ) ;
#6023 = CARTESIAN_POINT ( 'NONE',  ( -9.917775276463480338, 0.000000000000000000, 39.33102985848652366 ) ) ;
#6024 = ORIENTED_EDGE ( 'NONE', *, *, #3658, .T. ) ;
#6025 = CARTESIAN_POINT ( 'NONE',  ( -11.99316053514356817, 0.000000000000000000, 38.87307128906249432 ) ) ;
#6026 = ORIENTED_EDGE ( 'NONE', *, *, #5915, .F. ) ;
#6027 = DIRECTION ( 'NONE',  ( -0.000000000000000000, -1.000000000000000000, -0.000000000000000000 ) ) ;
#6028 = VECTOR ( 'NONE', #7480, 1000.000000000000000 ) ;
#6029 = CARTESIAN_POINT ( 'NONE',  ( -8.664385522316301547, 0.000000000000000000, 41.71097785711829431 ) ) ;
#6030 = CARTESIAN_POINT ( 'NONE',  ( -3.099303495994306434, 0.000000000000000000, 41.16187745727415148 ) ) ;
#6031 = CARTESIAN_POINT ( 'NONE',  ( -12.50450095691891228, 0.000000000000000000, 39.67907600026820347 ) ) ;
#6032 = DIRECTION ( 'NONE',  ( -0.000000000000000000, 1.000000000000000000, -0.000000000000000000 ) ) ;
#6033 = VECTOR ( 'NONE', #1108, 1000.000000000000000 ) ;
#6034 = CARTESIAN_POINT ( 'NONE',  ( -8.529835655319638832, 0.000000000000000000, 38.85258023411333284 ) ) ;
#6035 = ORIENTED_EDGE ( 'NONE', *, *, #3661, .T. ) ;
#6036 = ORIENTED_EDGE ( 'NONE', *, *, #4667, .T. ) ;
#6037 = CARTESIAN_POINT ( 'NONE',  ( -8.118207410780955868, 0.000000000000000000, 41.02078900649161852 ) ) ;
#6038 = ORIENTED_EDGE ( 'NONE', *, *, #7675, .F. ) ;
#6039 = CARTESIAN_POINT ( 'NONE',  ( -12.51937082655303612, 1.000000000000000000, 39.72556611132146287 ) ) ;
#6040 = LINE ( 'NONE', #2973, #5411 ) ;
#6041 = LINE ( 'NONE', #6579, #5739 ) ;
#6042 = ORIENTED_EDGE ( 'NONE', *, *, #7718, .F. ) ;
#6043 = CARTESIAN_POINT ( 'NONE',  ( -3.096994002659582801, 0.000000000000000000, 42.05072138570804441 ) ) ;
#6044 = CARTESIAN_POINT ( 'NONE',  ( -4.247654629992202224, 0.000000000000000000, 40.23813822362329518 ) ) ;
#6045 = LINE ( 'NONE', #1877, #3294 ) ;
#6046 = CARTESIAN_POINT ( 'NONE',  ( -15.99999999999998934, 27.53553390593273775, 41.99999999999999289 ) ) ;
#6047 = CARTESIAN_POINT ( 'NONE',  ( -0.01473193973690074127, 0.000000000000000000, 38.87307128906249432 ) ) ;
#6048 = ADVANCED_FACE ( 'NONE', ( #2096 ), #5741, .T. ) ;
#6049 = FACE_OUTER_BOUND ( 'NONE', #7056, .T. ) ;
#6050 = ORIENTED_EDGE ( 'NONE', *, *, #5123, .F. ) ;
#6051 = FACE_OUTER_BOUND ( 'NONE', #3088, .T. ) ;
#6052 = DIRECTION ( 'NONE',  ( 1.000000000000000000, 0.000000000000000000, 0.000000000000000000 ) ) ;
#6053 = CARTESIAN_POINT ( 'NONE',  ( -8.109230760797112580, 1.000000000000000000, 40.13825685875954719 ) ) ;
#6054 = CARTESIAN_POINT ( 'NONE',  ( 11.65000000000000036, 2.000000000000000000, -39.05000000000001847 ) ) ;
#6055 = ADVANCED_FACE ( 'NONE', ( #268 ), #3318, .T. ) ;
#6056 = CARTESIAN_POINT ( 'NONE',  ( -0.001229793994459750517, 1.000000000000000000, 41.14750773937670658 ) ) ;
#6057 = VECTOR ( 'NONE', #6914, 1000.000000000000000 ) ;
#6058 = VECTOR ( 'NONE', #7029, 1000.000000000000000 ) ;
#6059 = VECTOR ( 'NONE', #1227, 1000.000000000000000 ) ;
#6060 = EDGE_CURVE ( 'NONE', #4391, #7333, #997, .T. ) ;
#6061 = CARTESIAN_POINT ( 'NONE',  ( -12.67231846598835787, 1.000000000000000000, 40.58649358377827809 ) ) ;
#6062 = EDGE_CURVE ( 'NONE', #231, #6201, #1834, .T. ) ;
#6063 = DIRECTION ( 'NONE',  ( 0.000000000000000000, 0.000000000000000000, -1.000000000000000000 ) ) ;
#6064 = DIRECTION ( 'NONE',  ( 1.084202172485503571E-16, -0.000000000000000000, 1.000000000000000000 ) ) ;
#6065 = ORIENTED_EDGE ( 'NONE', *, *, #787, .F. ) ;
#6066 = CARTESIAN_POINT ( 'NONE',  ( -8.591373256759883503, 1.000000000000000000, 41.69100458942324394 ) ) ;
#6067 = B_SPLINE_SURFACE_WITH_KNOTS ( 'NONE', 3, 1, ( 
 ( #3678, #7477 ),
 ( #5518, #4370 ),
 ( #6181, #4284 ),
 ( #5645, #2411 ),
 ( #4939, #6956 ),
 ( #4899, #2581 ),
 ( #8051, #3067 ),
 ( #7436, #13 ),
 ( #4410, #3634 ),
 ( #6829, #1968 ),
 ( #5072, #1843 ),
 ( #1240, #6224 ),
 ( #631, #3801 ),
 ( #3106, #5602 ),
 ( #6915, #2491 ),
 ( #4982, #7526 ),
 ( #6307, #6874 ),
 ( #5028, #6139 ),
 ( #5691, #1282 ) ),
 .UNSPECIFIED., .F., .F., .F.,
 ( 4, 1, 1, 1, 1, 1, 1, 1, 1, 1, 1, 1, 1, 1, 1, 1, 4 ),
 ( 2, 2 ),
 ( 0.000000000000000000, 0.06423747715722107066, 0.1259097262829842745, 0.1847459735606457321, 0.2418978195181659130, 0.2988493496186204190, 0.3553042103759527781, 0.4132715226514090956, 0.4724536107966808007, 0.5327944789494866162, 0.5940017050204926541, 0.6561289276357257227, 0.7201351317259209184, 0.7857970234602661419, 0.8540595815342768571, 0.9253769245980613123, 1.000000000000000000 ),
 ( 0.000000000000000000, 1.000000000000000000 ),
 .UNSPECIFIED. ) ;
#6068 = ORIENTED_EDGE ( 'NONE', *, *, #3172, .T. ) ;
#6069 = CARTESIAN_POINT ( 'NONE',  ( -6.350249354093224774, 1.000000000000000000, 40.20052702401105194 ) ) ;
#6070 = EDGE_CURVE ( 'NONE', #6332, #4305, #5325, .T. ) ;
#6071 = CARTESIAN_POINT ( 'NONE',  ( -16.49999999999999645, 1.000000000000000000, 38.08197506309361557 ) ) ;
#6072 = VECTOR ( 'NONE', #4107, 1000.000000000000000 ) ;
#6073 = CARTESIAN_POINT ( 'NONE',  ( 6.000000000000005329, 22.00000000000000000, 43.50000000000000000 ) ) ;
#6074 = AXIS2_PLACEMENT_3D ( 'NONE', #1247, #20, #1289 ) ;
#6075 = CARTESIAN_POINT ( 'NONE',  ( 2.680296350454350662, 1.000000000000000000, 38.87307128906249432 ) ) ;
#6076 = CIRCLE ( 'NONE', #741, 0.8500000000000000888 ) ;
#6077 = ADVANCED_FACE ( 'NONE', ( #4694 ), #6779, .T. ) ;
#6078 = LINE ( 'NONE', #4264, #7462 ) ;
#6079 = CARTESIAN_POINT ( 'NONE',  ( -19.65534243804603065, 24.35000000000000142, -81.85104867949057450 ) ) ;
#6080 = VERTEX_POINT ( 'NONE', #7195 ) ;
#6081 = ORIENTED_EDGE ( 'NONE', *, *, #6919, .F. ) ;
#6082 = CARTESIAN_POINT ( 'NONE',  ( -8.107918097756128262, 0.000000000000000000, 40.83358285086494988 ) ) ;
#6083 = AXIS2_PLACEMENT_3D ( 'NONE', #27, #6319, #1855 ) ;
#6084 = EDGE_LOOP ( 'NONE', ( #2167, #5782, #1559, #301 ) ) ;
#6085 = CARTESIAN_POINT ( 'NONE',  ( -7.444962741802267914, 1.000000000000000000, 40.83493306543919488 ) ) ;
#6086 = CARTESIAN_POINT ( 'NONE',  ( -9.382801699526167383, 1.000000000000000000, 42.14558066666307212 ) ) ;
#6087 = CARTESIAN_POINT ( 'NONE',  ( -3.812214834283711440, 0.000000000000000000, 40.11498680206921108 ) ) ;
#6088 = VECTOR ( 'NONE', #7738, 1000.000000000000000 ) ;
#6089 = ORIENTED_EDGE ( 'NONE', *, *, #3359, .F. ) ;
#6090 = CARTESIAN_POINT ( 'NONE',  ( -3.762519982319842526, 1.000000000000000000, 41.24041774624000567 ) ) ;
#6091 = CARTESIAN_POINT ( 'NONE',  ( -13.22407759558715412, 1.000000000000000000, 41.70330414871190072 ) ) ;
#6092 = DIRECTION ( 'NONE',  ( 0.000000000000000000, 0.000000000000000000, -1.000000000000000000 ) ) ;
#6093 = CARTESIAN_POINT ( 'NONE',  ( 1.324680917913261480, 0.000000000000000000, 39.92353822782441597 ) ) ;
#6094 = CARTESIAN_POINT ( 'NONE',  ( 20.49999999999999645, 2.000000000000000000, -44.00000000000000000 ) ) ;
#6095 = DIRECTION ( 'NONE',  ( 0.000000000000000000, 0.000000000000000000, -1.000000000000000000 ) ) ;
#6096 = VECTOR ( 'NONE', #3513, 1000.000000000000000 ) ;
#6097 = ORIENTED_EDGE ( 'NONE', *, *, #3767, .F. ) ;
#6098 = LINE ( 'NONE', #2985, #4869 ) ;
#6099 = CARTESIAN_POINT ( 'NONE',  ( 4.119968255444916849E-15, 19.25000000000000355, 43.00000000000000000 ) ) ;
#6100 = CARTESIAN_POINT ( 'NONE',  ( 20.49999999999999645, 26.00000000000000355, -15.50000000000004086 ) ) ;
#6101 = CARTESIAN_POINT ( 'NONE',  ( -0.5000000000000004441, 2.000000000000000000, 29.48303989154980798 ) ) ;
#6102 = EDGE_CURVE ( 'NONE', #3078, #7694, #7956, .T. ) ;
#6103 = CARTESIAN_POINT ( 'NONE',  ( 19.99999999999999645, 0.000000000000000000, 0.000000000000000000 ) ) ;
#6104 = VECTOR ( 'NONE', #315, 1000.000000000000000 ) ;
#6105 = DIRECTION ( 'NONE',  ( 0.000000000000000000, 0.000000000000000000, -1.000000000000000000 ) ) ;
#6106 = CARTESIAN_POINT ( 'NONE',  ( -12.03909432757722264, 1.000000000000000000, 38.87381303387155640 ) ) ;
#6107 = ORIENTED_EDGE ( 'NONE', *, *, #2961, .F. ) ;
#6108 = CARTESIAN_POINT ( 'NONE',  ( -12.95682703012285408, 0.000000000000000000, 39.19578809683287091 ) ) ;
#6109 = VERTEX_POINT ( 'NONE', #7340 ) ;
#6110 = LINE ( 'NONE', #439, #865 ) ;
#6111 = CARTESIAN_POINT ( 'NONE',  ( -12.79733905322507681, 0.000000000000000000, 39.06830269621759300 ) ) ;
#6112 = CARTESIAN_POINT ( 'NONE',  ( -2.631275774971848946, 1.000000000000000000, 41.64918290755145591 ) ) ;
#6113 = EDGE_CURVE ( 'NONE', #5794, #2970, #4274, .T. ) ;
#6114 = LINE ( 'NONE', #7979, #3080 ) ;
#6115 = CARTESIAN_POINT ( 'NONE',  ( 19.49999999999999645, 1.000000000000000000, -14.50000000000004086 ) ) ;
#6116 = EDGE_CURVE ( 'NONE', #216, #7334, #3015, .T. ) ;
#6117 = PLANE ( 'NONE',  #4229 ) ;
#6118 = ORIENTED_EDGE ( 'NONE', *, *, #571, .T. ) ;
#6119 = ORIENTED_EDGE ( 'NONE', *, *, #3150, .T. ) ;
#6120 = CYLINDRICAL_SURFACE ( 'NONE', #3189, 0.8500000000000035305 ) ;
#6121 = ADVANCED_FACE ( 'NONE', ( #1603 ), #4082, .T. ) ;
#6122 = EDGE_CURVE ( 'NONE', #7181, #6109, #7385, .T. ) ;
#6123 = EDGE_LOOP ( 'NONE', ( #4731, #7322, #1775, #4562, #3169, #775, #1515 ) ) ;
#6124 = LINE ( 'NONE', #6206, #6297 ) ;
#6125 = AXIS2_PLACEMENT_3D ( 'NONE', #3139, #1193, #6177 ) ;
#6126 = CARTESIAN_POINT ( 'NONE',  ( 11.65000000000000036, 2.000000000000000000, -16.30000000000001847 ) ) ;
#6127 = CARTESIAN_POINT ( 'NONE',  ( -3.148579966557493393, 0.000000000000000000, 40.81062920310279907 ) ) ;
#6128 = CARTESIAN_POINT ( 'NONE',  ( -18.49999999999999289, 26.00000000000000355, 43.82842712474619873 ) ) ;
#6129 = EDGE_LOOP ( 'NONE', ( #2182, #7824, #7523, #2680 ) ) ;
#6130 = CARTESIAN_POINT ( 'NONE',  ( -1.279882995803637735, 1.000000000000000000, 38.87307128906249432 ) ) ;
#6131 = CARTESIAN_POINT ( 'NONE',  ( -13.34494425650313332, 1.000000000000000000, 42.11063534136486908 ) ) ;
#6132 = CARTESIAN_POINT ( 'NONE',  ( -18.50000000000000355, 1.000000000000000000, 39.27324312067140255 ) ) ;
#6133 = DIRECTION ( 'NONE',  ( 0.000000000000000000, 0.000000000000000000, -1.000000000000000000 ) ) ;
#6134 = B_SPLINE_SURFACE_WITH_KNOTS ( 'NONE', 3, 1, ( 
 ( #3648, #7412 ),
 ( #2302, #6726 ),
 ( #2915, #1780 ),
 ( #1134, #3608 ),
 ( #6112, #5412 ),
 ( #402, #1051 ),
 ( #6152, #6764 ),
 ( #1170, #2879 ),
 ( #1090, #5376 ),
 ( #1818, #6642 ),
 ( #4868, #3528 ),
 ( #4789, #4180 ),
 ( #5530, #7249 ),
 ( #8022, #6030 ),
 ( #519, #7864 ),
 ( #4748, #2998 ),
 ( #1660, #6681 ),
 ( #7288, #483 ),
 ( #3567, #4140 ) ),
 .UNSPECIFIED., .F., .F., .F.,
 ( 4, 1, 1, 1, 1, 1, 1, 1, 1, 1, 1, 1, 1, 1, 1, 1, 4 ),
 ( 2, 2 ),
 ( 0.000000000000000000, 0.06670444623284096930, 0.1302607681779227589, 0.1908953556931661522, 0.2502064430093249303, 0.3079562883143117658, 0.3656899613981883235, 0.4236243114713499347, 0.4831867751421408119, 0.5433109930441692992, 0.6033752742928781831, 0.6648250174573923088, 0.7270942417324739449, 0.7913789250196556768, 0.8580453624480058883, 0.9271234476888333687, 1.000000000000000000 ),
 ( 0.000000000000000000, 1.000000000000000000 ),
 .UNSPECIFIED. ) ;
#6135 = LINE ( 'NONE', #6869, #3904 ) ;
#6136 = CARTESIAN_POINT ( 'NONE',  ( -8.519649064165722763, 0.000000000000000000, 39.40921460729319392 ) ) ;
#6137 = ORIENTED_EDGE ( 'NONE', *, *, #4143, .F. ) ;
#6138 = CARTESIAN_POINT ( 'NONE',  ( -3.148579966557493393, 0.000000000000000000, 40.25771633494984059 ) ) ;
#6139 = CARTESIAN_POINT ( 'NONE',  ( -9.547559726325982155, 0.000000000000000000, 40.86579185886651544 ) ) ;
#6140 = CARTESIAN_POINT ( 'NONE',  ( -18.50000000000000355, 1.000000000000000000, 39.27324312067140255 ) ) ;
#6141 = CARTESIAN_POINT ( 'NONE',  ( -7.444962741802267914, 1.000000000000000000, 40.23813822362329518 ) ) ;
#6142 = VECTOR ( 'NONE', #7281, 1000.000000000000000 ) ;
#6143 = CARTESIAN_POINT ( 'NONE',  ( 19.49999999999999645, 24.00000000000000000, -14.50000000000004086 ) ) ;
#6144 = CARTESIAN_POINT ( 'NONE',  ( -19.90041507641942786, 24.00000000000000355, -42.00000000000000000 ) ) ;
#6145 = DIRECTION ( 'NONE',  ( -0.000000000000000000, -1.000000000000000000, -0.000000000000000000 ) ) ;
#6146 = CARTESIAN_POINT ( 'NONE',  ( -14.00000000000000178, 0.000000000000000000, 38.98908507197222661 ) ) ;
#6147 = VERTEX_POINT ( 'NONE', #352 ) ;
#6148 = CARTESIAN_POINT ( 'NONE',  ( -13.20020821340926176, -0.000000000000000000, 39.81118044994734362 ) ) ;
#6149 = ORIENTED_EDGE ( 'NONE', *, *, #5717, .T. ) ;
#6150 = FACE_OUTER_BOUND ( 'NONE', #6948, .T. ) ;
#6151 = CARTESIAN_POINT ( 'NONE',  ( -13.20092747180492943, 1.000000000000000000, 39.84860131895386814 ) ) ;
#6152 = CARTESIAN_POINT ( 'NONE',  ( -2.772713093988969035, 1.000000000000000000, 41.58912165807024053 ) ) ;
#6153 = LINE ( 'NONE', #7251, #7519 ) ;
#6154 = FACE_OUTER_BOUND ( 'NONE', #4419, .T. ) ;
#6155 = CARTESIAN_POINT ( 'NONE',  ( -7.657932725564890575, 0.000000000000000000, 39.44123848650360031 ) ) ;
#6156 = VECTOR ( 'NONE', #2476, 1000.000000000000000 ) ;
#6157 = EDGE_CURVE ( 'NONE', #2034, #4947, #5589, .T. ) ;
#6158 = VERTEX_POINT ( 'NONE', #3705 ) ;
#6159 = CARTESIAN_POINT ( 'NONE',  ( -8.822856714818387402, 0.000000000000000000, 41.72472446986606798 ) ) ;
#6160 = ORIENTED_EDGE ( 'NONE', *, *, #5556, .F. ) ;
#6161 = CARTESIAN_POINT ( 'NONE',  ( -19.50000000000000355, 1.000000000000000000, -15.50000000000004086 ) ) ;
#6162 = EDGE_CURVE ( 'NONE', #5048, #6187, #6211, .T. ) ;
#6163 = VERTEX_POINT ( 'NONE', #6128 ) ;
#6164 = CARTESIAN_POINT ( 'NONE',  ( -12.01477264048804727, 0.000000000000000000, 39.39195512730677251 ) ) ;
#6165 = VECTOR ( 'NONE', #6609, 1000.000000000000000 ) ;
#6166 = ADVANCED_FACE ( 'NONE', ( #2975 ), #5468, .T. ) ;
#6167 = CARTESIAN_POINT ( 'NONE',  ( -12.55822533446472988, 1.000000000000000000, 41.62683391323336934 ) ) ;
#6168 = CARTESIAN_POINT ( 'NONE',  ( -13.22320601227995596, 0.000000000000000000, 41.38514550444367046 ) ) ;
#6169 = ADVANCED_FACE ( 'NONE', ( #1148 ), #4660, .F. ) ;
#6170 = LINE ( 'NONE', #574, #458 ) ;
#6171 = ORIENTED_EDGE ( 'NONE', *, *, #6710, .T. ) ;
#6172 = CARTESIAN_POINT ( 'NONE',  ( 0.000000000000000000, 2.000000000000000000, 26.52499999999999858 ) ) ;
#6173 = CARTESIAN_POINT ( 'NONE',  ( -2.566476511966188756, 0.000000000000000000, 38.87642705320691050 ) ) ;
#6174 = PLANE ( 'NONE',  #41 ) ;
#6175 = B_SPLINE_CURVE_WITH_KNOTS ( 'NONE', 3,
 ( #2784, #5282, #8044, #3717, #7998, #3062, #3021, #4934, #6825, #2406, #7348, #5022, #2525, #1800, #1315, #1154, #6219, #1234, #4241 ),
 .UNSPECIFIED., .F., .F.,
 ( 4, 1, 1, 1, 1, 1, 1, 1, 1, 1, 1, 1, 1, 1, 1, 1, 4 ),
 ( 0.000000000000000000, 0.06725487302720209448, 0.1322381225825242923, 0.1948031581500086484, 0.2562468496294657005, 0.3166976563282773993, 0.3770420711781234391, 0.4378748038330637082, 0.4994890483826037730, 0.5612269675233085842, 0.6217977186905822018, 0.6819241721295510317, 0.7424712588206616726, 0.8038193238971659271, 0.8668136612825509957, 0.9321374888020109717, 1.000000000000000000 ),
 .UNSPECIFIED. ) ;
#6176 = EDGE_LOOP ( 'NONE', ( #8002, #6384, #3211, #1597 ) ) ;
#6177 = DIRECTION ( 'NONE',  ( 0.000000000000000000, -0.000000000000000000, 1.000000000000000000 ) ) ;
#6178 = FACE_OUTER_BOUND ( 'NONE', #6666, .T. ) ;
#6179 = ORIENTED_EDGE ( 'NONE', *, *, #1708, .F. ) ;
#6180 = DIRECTION ( 'NONE',  ( 0.000000000000000000, 0.000000000000000000, -1.000000000000000000 ) ) ;
#6181 = CARTESIAN_POINT ( 'NONE',  ( -8.904895356092497494, 1.000000000000000000, 41.72230437016767013 ) ) ;
#6182 = CARTESIAN_POINT ( 'NONE',  ( -8.739657377530591020, 1.000000000000000000, 39.35063482574201288 ) ) ;
#6183 = CARTESIAN_POINT ( 'NONE',  ( -5.000000000000000888, 0.3000000000000001554, -38.50000000000002132 ) ) ;
#6184 = CARTESIAN_POINT ( 'NONE',  ( -5.623523281146955988, 1.000000000000000000, 38.82986442268668270 ) ) ;
#6185 = DIRECTION ( 'NONE',  ( 0.000000000000000000, -1.000000000000000000, 0.000000000000000000 ) ) ;
#6186 = CARTESIAN_POINT ( 'NONE',  ( -4.910609985946062572, 0.000000000000000000, 40.23206225803919978 ) ) ;
#6187 = VERTEX_POINT ( 'NONE', #7159 ) ;
#6188 = CARTESIAN_POINT ( 'NONE',  ( -7.658857101064306505, 1.000000000000000000, 41.63289887886230645 ) ) ;
#6189 = ORIENTED_EDGE ( 'NONE', *, *, #1716, .T. ) ;
#6190 = CARTESIAN_POINT ( 'NONE',  ( -6.052271067782140079, 1.000000000000000000, 39.48709226286085539 ) ) ;
#6191 = CARTESIAN_POINT ( 'NONE',  ( -12.22561745848038761, 0.000000000000000000, 40.31405604023855460 ) ) ;
#6192 = CARTESIAN_POINT ( 'NONE',  ( -6.339444085983210186, 1.000000000000000000, 41.02075128517785885 ) ) ;
#6193 = CIRCLE ( 'NONE', #5399, 2.250000000000001332 ) ;
#6194 = VECTOR ( 'NONE', #3264, 1000.000000000000000 ) ;
#6195 = DIRECTION ( 'NONE',  ( 1.000000000000000000, 0.000000000000000000, -0.000000000000000000 ) ) ;
#6196 = CARTESIAN_POINT ( 'NONE',  ( -20.50000000000000355, 24.00000000000000000, 44.00000000000000000 ) ) ;
#6197 = AXIS2_PLACEMENT_3D ( 'NONE', #3758, #6911, #1317 ) ;
#6198 = PLANE ( 'NONE',  #74 ) ;
#6199 = CIRCLE ( 'NONE', #4618, 2.999999999999999112 ) ;
#6200 = AXIS2_PLACEMENT_3D ( 'NONE', #2540, #7442, #5078 ) ;
#6201 = VERTEX_POINT ( 'NONE', #4887 ) ;
#6202 = CARTESIAN_POINT ( 'NONE',  ( -4.910609985946062572, 0.000000000000000000, 40.83358285086494988 ) ) ;
#6203 = VERTEX_POINT ( 'NONE', #3664 ) ;
#6204 = CARTESIAN_POINT ( 'NONE',  ( -4.834573471995753380, 1.000000000000000000, 42.02074769022403444 ) ) ;
#6205 = ORIENTED_EDGE ( 'NONE', *, *, #6116, .T. ) ;
#6206 = CARTESIAN_POINT ( 'NONE',  ( -19.00000000000000355, 1.000000000000000000, 38.98908507197222661 ) ) ;
#6207 = EDGE_CURVE ( 'NONE', #2471, #7535, #6170, .T. ) ;
#6208 = CARTESIAN_POINT ( 'NONE',  ( -12.86899862219522284, 1.000000000000000000, 40.66755302084575163 ) ) ;
#6209 = DIRECTION ( 'NONE',  ( 0.000000000000000000, 0.000000000000000000, -1.000000000000000000 ) ) ;
#6210 = VECTOR ( 'NONE', #5982, 1000.000000000000114 ) ;
#6211 = LINE ( 'NONE', #6818, #1237 ) ;
#6212 = ORIENTED_EDGE ( 'NONE', *, *, #1033, .F. ) ;
#6213 = CARTESIAN_POINT ( 'NONE',  ( -8.904895356092497494, 1.000000000000000000, 41.72230437016767013 ) ) ;
#6214 = CARTESIAN_POINT ( 'NONE',  ( -5.145156753558784324, 0.000000000000000000, 39.53714583903604307 ) ) ;
#6215 = DIRECTION ( 'NONE',  ( 0.9889363528682922899, 0.000000000000000000, 0.1483404529302795871 ) ) ;
#6216 = ADVANCED_FACE ( 'NONE', ( #1569 ), #4928, .T. ) ;
#6217 = DIRECTION ( 'NONE',  ( 0.000000000000000000, 0.000000000000000000, 1.000000000000000000 ) ) ;
#6218 = VECTOR ( 'NONE', #290, 1000.000000000000000 ) ;
#6219 = CARTESIAN_POINT ( 'NONE',  ( -8.971722471548737587, 0.000000000000000000, 42.24008771227013170 ) ) ;
#6220 = ADVANCED_FACE ( 'NONE', ( #4397 ), #1398, .F. ) ;
#6221 = CARTESIAN_POINT ( 'NONE',  ( -12.52546318663356750, 1.000000000000000000, 41.16705463990547287 ) ) ;
#6222 = VERTEX_POINT ( 'NONE', #6859 ) ;
#6223 = CARTESIAN_POINT ( 'NONE',  ( 18.49999999999999645, 2.000000000000000000, -42.00000000000000711 ) ) ;
#6224 = CARTESIAN_POINT ( 'NONE',  ( -9.442123887993673748, 0.000000000000000000, 41.34361849979201509 ) ) ;
#6225 = CARTESIAN_POINT ( 'NONE',  ( -8.249959254485604632, 1.000000000000000000, 39.65901123847051224 ) ) ;
#6226 = CARTESIAN_POINT ( 'NONE',  ( 4.775688665340304682E-15, 14.49999999999999822, 41.99999999999999289 ) ) ;
#6227 = EDGE_CURVE ( 'NONE', #6246, #7196, #2806, .T. ) ;
#6228 = EDGE_CURVE ( 'NONE', #7655, #6703, #1956, .T. ) ;
#6229 = CARTESIAN_POINT ( 'NONE',  ( -6.921682431048512107, 0.000000000000000000, 39.68145957347610420 ) ) ;
#6230 = DIRECTION ( 'NONE',  ( -0.000000000000000000, -0.000000000000000000, 1.000000000000000000 ) ) ;
#6231 = DIRECTION ( 'NONE',  ( -1.000000000000000000, 0.000000000000000000, 0.000000000000000000 ) ) ;
#6232 = VERTEX_POINT ( 'NONE', #1268 ) ;
#6233 = CARTESIAN_POINT ( 'NONE',  ( -7.496739086853851930, 1.000000000000000000, 41.26258314496016055 ) ) ;
#6234 = VERTEX_POINT ( 'NONE', #659 ) ;
#6235 = LINE ( 'NONE', #1980, #2280 ) ;
#6236 = CARTESIAN_POINT ( 'NONE',  ( -20.50000000000000355, 26.00000000000000355, -14.50000000000004086 ) ) ;
#6237 = CARTESIAN_POINT ( 'NONE',  ( -5.930583576071750684, 1.000000000000000000, 41.66405100344283596 ) ) ;
#6238 = AXIS2_PLACEMENT_3D ( 'NONE', #2117, #2080, #7028 ) ;
#6239 = VECTOR ( 'NONE', #995, 1000.000000000000000 ) ;
#6240 = FACE_OUTER_BOUND ( 'NONE', #2883, .T. ) ;
#6241 = VECTOR ( 'NONE', #2903, 1000.000000000000000 ) ;
#6242 = CARTESIAN_POINT ( 'NONE',  ( -10.16156595613018077, 0.000000000000000000, 41.26281078938649216 ) ) ;
#6243 = CARTESIAN_POINT ( 'NONE',  ( -5.625548603008321713, 1.000000000000000000, 41.72472446986606798 ) ) ;
#6244 = EDGE_LOOP ( 'NONE', ( #3303, #94, #3041, #6189 ) ) ;
#6245 = CARTESIAN_POINT ( 'NONE',  ( -5.625548603008321713, 0.000000000000000000, 41.72472446986606798 ) ) ;
#6246 = VERTEX_POINT ( 'NONE', #130 ) ;
#6247 = CARTESIAN_POINT ( 'NONE',  ( -5.991609068541224659, 1.000000000000000000, 39.44455716969037695 ) ) ;
#6248 = ORIENTED_EDGE ( 'NONE', *, *, #4105, .F. ) ;
#6249 = LINE ( 'NONE', #8033, #34 ) ;
#6250 = CARTESIAN_POINT ( 'NONE',  ( 15.99999999999999645, 27.53553390593273775, 41.99999999999999289 ) ) ;
#6251 = CARTESIAN_POINT ( 'NONE',  ( -3.815585966234085635, 0.000000000000000000, 40.26244208595968388 ) ) ;
#6252 = DIRECTION ( 'NONE',  ( -1.000000000000000000, 0.000000000000000000, 0.000000000000000000 ) ) ;
#6253 = VERTEX_POINT ( 'NONE', #6943 ) ;
#6254 = CARTESIAN_POINT ( 'NONE',  ( 3.035766082959412415E-15, 16.50000000000000000, 39.99999999999999289 ) ) ;
#6255 = CARTESIAN_POINT ( 'NONE',  ( -3.515949941950692992, 1.000000000000000000, 39.36093227087017965 ) ) ;
#6256 = ORIENTED_EDGE ( 'NONE', *, *, #5452, .T. ) ;
#6257 = VECTOR ( 'NONE', #7954, 1000.000000000000000 ) ;
#6258 =( NAMED_UNIT ( * ) PLANE_ANGLE_UNIT ( ) SI_UNIT ( $, .RADIAN. ) );
#6259 = CARTESIAN_POINT ( 'NONE',  ( -1.945538780905986309, 0.000000000000000000, 41.68151760349024926 ) ) ;
#6260 = ORIENTED_EDGE ( 'NONE', *, *, #1762, .F. ) ;
#6261 = DIRECTION ( 'NONE',  ( 0.000000000000000000, 0.000000000000000000, 1.000000000000000000 ) ) ;
#6262 = ADVANCED_FACE ( 'NONE', ( #7552 ), #172, .T. ) ;
#6263 = ORIENTED_EDGE ( 'NONE', *, *, #5553, .T. ) ;
#6264 = CARTESIAN_POINT ( 'NONE',  ( 2.680296350454350662, 1.000000000000000000, 42.19999999999999574 ) ) ;
#6265 = CARTESIAN_POINT ( 'NONE',  ( -0.001229793994459750517, 1.000000000000000000, 41.14750773937670658 ) ) ;
#6266 = PLANE ( 'NONE',  #2802 ) ;
#6267 = CARTESIAN_POINT ( 'NONE',  ( -5.774414359738670122, 1.000000000000000000, 42.24008771227013881 ) ) ;
#6268 = CARTESIAN_POINT ( 'NONE',  ( -5.673771256569889232, 1.000000000000000000, 38.83091906519467784 ) ) ;
#6269 = EDGE_CURVE ( 'NONE', #1156, #4448, #4350, .T. ) ;
#6270 = CARTESIAN_POINT ( 'NONE',  ( -14.00000000000000178, 0.000000000000000000, 42.49999999999999289 ) ) ;
#6271 = EDGE_CURVE ( 'NONE', #6656, #5334, #5631, .T. ) ;
#6272 = FACE_OUTER_BOUND ( 'NONE', #3455, .T. ) ;
#6273 = EDGE_CURVE ( 'NONE', #3781, #3783, #6988, .T. ) ;
#6274 = EDGE_LOOP ( 'NONE', ( #3361, #5516, #557, #3877, #2114, #7172, #6837, #1957, #3535, #569, #3694, #4108, #7367, #2667, #649, #4563 ) ) ;
#6275 = CARTESIAN_POINT ( 'NONE',  ( -7.591775790034061444, 1.000000000000000000, 41.51653259535947882 ) ) ;
#6276 = EDGE_LOOP ( 'NONE', ( #2557, #7614, #7026, #52, #2229 ) ) ;
#6277 = CARTESIAN_POINT ( 'NONE',  ( -6.107693198152117198, 0.000000000000000000, 39.53825140067257848 ) ) ;
#6278 = CARTESIAN_POINT ( 'NONE',  ( -13.19880632513082119, 1.000000000000000000, 39.73824438420880512 ) ) ;
#6279 = CARTESIAN_POINT ( 'NONE',  ( -6.055659521459856975, 0.000000000000000000, 41.58568926665001442 ) ) ;
#6280 = DIRECTION ( 'NONE',  ( 0.000000000000000000, 0.000000000000000000, -1.000000000000000000 ) ) ;
#6281 = AXIS2_PLACEMENT_3D ( 'NONE', #1832, #2, #1870 ) ;
#6282 = CARTESIAN_POINT ( 'NONE',  ( -10.19073357396589152, 0.000000000000000000, 41.12581091917764553 ) ) ;
#6283 = CARTESIAN_POINT ( 'NONE',  ( -6.203190252995969267, 0.000000000000000000, 39.66064185272752241 ) ) ;
#6284 = ORIENTED_EDGE ( 'NONE', *, *, #7344, .F. ) ;
#6285 = DIRECTION ( 'NONE',  ( 0.000000000000000000, 1.000000000000000000, 0.000000000000000000 ) ) ;
#6286 = EDGE_LOOP ( 'NONE', ( #4897, #3792, #3687, #478 ) ) ;
#6287 = PLANE ( 'NONE',  #5284 ) ;
#6288 = ORIENTED_EDGE ( 'NONE', *, *, #1821, .T. ) ;
#6289 = CARTESIAN_POINT ( 'NONE',  ( -8.770806584099148040, 1.000000000000000000, 38.83090765209404083 ) ) ;
#6290 = TOROIDAL_SURFACE ( 'NONE', #7318, 2.500000000000000000, 0.5000000000000000000 ) ;
#6291 = CARTESIAN_POINT ( 'NONE',  ( -8.179377584058904915, 0.000000000000000000, 39.80088522246152394 ) ) ;
#6292 = CARTESIAN_POINT ( 'NONE',  ( -13.38995751219910524, 1.000000000000000000, 42.19999999999999574 ) ) ;
#6293 = DIRECTION ( 'NONE',  ( 0.000000000000000000, -0.000000000000000000, 1.000000000000000000 ) ) ;
#6294 = EDGE_LOOP ( 'NONE', ( #4586, #7835, #3154, #1896 ) ) ;
#6295 = CARTESIAN_POINT ( 'NONE',  ( -9.547921941187476946, 1.000000000000000000, 40.83358285086494988 ) ) ;
#6296 = CARTESIAN_POINT ( 'NONE',  ( -4.920884651677907229, 0.000000000000000000, 40.04731677189008821 ) ) ;
#6297 = VECTOR ( 'NONE', #1707, 1000.000000000000114 ) ;
#6298 = VERTEX_POINT ( 'NONE', #6899 ) ;
#6299 = EDGE_LOOP ( 'NONE', ( #8074, #8031, #2038, #2931 ) ) ;
#6300 = DIRECTION ( 'NONE',  ( -1.000000000000000000, 0.000000000000000000, 0.000000000000000000 ) ) ;
#6301 = AXIS2_PLACEMENT_3D ( 'NONE', #4197, #7389, #4845 ) ;
#6302 = ORIENTED_EDGE ( 'NONE', *, *, #7404, .F. ) ;
#6303 = DIRECTION ( 'NONE',  ( 0.000000000000000000, 0.000000000000000000, -1.000000000000000000 ) ) ;
#6304 = ORIENTED_EDGE ( 'NONE', *, *, #2969, .F. ) ;
#6305 = EDGE_LOOP ( 'NONE', ( #7871, #7789, #1835, #3623, #3541, #1594, #4268, #7754, #5448, #6880, #295, #7105, #7147, #7112, #5751, #5805, #180, #2130 ) ) ;
#6306 = CARTESIAN_POINT ( 'NONE',  ( -19.50000000000000355, 26.00000000000000355, -14.50000000000004086 ) ) ;
#6307 = CARTESIAN_POINT ( 'NONE',  ( -9.546851342382055350, 1.000000000000000000, 40.92878304598654182 ) ) ;
#6308 = CARTESIAN_POINT ( 'NONE',  ( 18.49999999999999645, 24.00000000000000000, -42.00000000000000711 ) ) ;
#6309 = DIRECTION ( 'NONE',  ( -0.000000000000000000, -1.000000000000000000, -0.000000000000000000 ) ) ;
#6310 = CARTESIAN_POINT ( 'NONE',  ( 19.49999999999999645, 26.00000000000000355, -15.50000000000004086 ) ) ;
#6311 = EDGE_CURVE ( 'NONE', #1898, #6809, #2648, .T. ) ;
#6312 = DIRECTION ( 'NONE',  ( -0.000000000000000000, 1.000000000000000000, -0.000000000000000000 ) ) ;
#6313 = FACE_OUTER_BOUND ( 'NONE', #4202, .T. ) ;
#6314 = ORIENTED_EDGE ( 'NONE', *, *, #240, .F. ) ;
#6315 = CARTESIAN_POINT ( 'NONE',  ( -7.448561292444315640, 0.000000000000000000, 40.98255925636070174 ) ) ;
#6316 = ORIENTED_EDGE ( 'NONE', *, *, #2726, .F. ) ;
#6317 = PLANE ( 'NONE',  #4490 ) ;
#6318 = CARTESIAN_POINT ( 'NONE',  ( 0.000000000000000000, 24.35000000000000142, 43.64999999999999147 ) ) ;
#6319 = DIRECTION ( 'NONE',  ( -0.000000000000000000, -1.000000000000000000, -0.000000000000000000 ) ) ;
#6320 = DIRECTION ( 'NONE',  ( 0.000000000000000000, -1.000000000000000000, 0.000000000000000000 ) ) ;
#6321 = ADVANCED_FACE ( 'NONE', ( #5140 ), #88, .F. ) ;
#6322 = EDGE_CURVE ( 'NONE', #6749, #2952, #701, .T. ) ;
#6323 = CARTESIAN_POINT ( 'NONE',  ( -9.115868248705591981, 1.000000000000000000, 42.22049188216874427 ) ) ;
#6324 = FACE_BOUND ( 'NONE', #1087, .T. ) ;
#6325 = EDGE_CURVE ( 'NONE', #2876, #7341, #749, .T. ) ;
#6326 = ORIENTED_EDGE ( 'NONE', *, *, #5350, .F. ) ;
#6327 = CARTESIAN_POINT ( 'NONE',  ( -5.261559723456119109, 0.000000000000000000, 41.62871846951557586 ) ) ;
#6328 = ORIENTED_EDGE ( 'NONE', *, *, #2345, .T. ) ;
#6329 = CARTESIAN_POINT ( 'NONE',  ( -5.000000000000000888, 0.3000000000000001554, -38.50000000000002132 ) ) ;
#6330 = VECTOR ( 'NONE', #2250, 1000.000000000000000 ) ;
#6331 = CARTESIAN_POINT ( 'NONE',  ( -6.993675077343516122, 1.000000000000000000, 39.94826238671202390 ) ) ;
#6332 = VERTEX_POINT ( 'NONE', #3176 ) ;
#6333 = EDGE_CURVE ( 'NONE', #7800, #5642, #4476, .T. ) ;
#6334 = LINE ( 'NONE', #7548, #3149 ) ;
#6335 = VECTOR ( 'NONE', #7527, 1000.000000000000000 ) ;
#6336 = AXIS2_PLACEMENT_3D ( 'NONE', #2689, #7752, #4679 ) ;
#6337 = AXIS2_PLACEMENT_3D ( 'NONE', #5952, #5178, #3336 ) ;
#6338 = CARTESIAN_POINT ( 'NONE',  ( -8.153167122906451070, 0.000000000000000000, 39.87868280993804149 ) ) ;
#6339 = CARTESIAN_POINT ( 'NONE',  ( -12.27566097848641036, 0.000000000000000000, 40.29730283081208597 ) ) ;
#6340 = DIRECTION ( 'NONE',  ( -1.000000000000000000, -0.000000000000000000, -0.000000000000000000 ) ) ;
#6341 = ORIENTED_EDGE ( 'NONE', *, *, #4704, .F. ) ;
#6342 = CARTESIAN_POINT ( 'NONE',  ( -5.199097817091694829, -2.168404344971008868E-16, 39.48636578538301478 ) ) ;
#6343 = CARTESIAN_POINT ( 'NONE',  ( -4.982718438572572239, 0.000000000000000000, 41.26947296769150597 ) ) ;
#6344 = VECTOR ( 'NONE', #1461, 1000.000000000000000 ) ;
#6345 = VERTEX_POINT ( 'NONE', #5721 ) ;
#6346 = VECTOR ( 'NONE', #2444, 1000.000000000000000 ) ;
#6347 = ORIENTED_EDGE ( 'NONE', *, *, #1132, .T. ) ;
#6348 = CARTESIAN_POINT ( 'NONE',  ( -11.65000000000000036, 2.000000000000000000, -38.20000000000000995 ) ) ;
#6349 = ORIENTED_EDGE ( 'NONE', *, *, #5878, .F. ) ;
#6350 = CARTESIAN_POINT ( 'NONE',  ( -12.00420001071885601, 1.000000000000000000, 40.34169641270832329 ) ) ;
#6351 = EDGE_LOOP ( 'NONE', ( #1056, #4513, #5640, #4282 ) ) ;
#6352 = ORIENTED_EDGE ( 'NONE', *, *, #7767, .F. ) ;
#6353 = LINE ( 'NONE', #5071, #1748 ) ;
#6354 = PLANE ( 'NONE',  #1120 ) ;
#6355 = LINE ( 'NONE', #1323, #338 ) ;
#6356 = CIRCLE ( 'NONE', #6734, 2.249999999999997335 ) ;
#6357 = CARTESIAN_POINT ( 'NONE',  ( -6.720467164653421754, 0.000000000000000000, 39.33102985848655209 ) ) ;
#6358 = CARTESIAN_POINT ( 'NONE',  ( -12.60038992562543925, 0.000000000000000000, 42.03134024879537378 ) ) ;
#6359 = CARTESIAN_POINT ( 'NONE',  ( -4.176073880299687069, 0.9819660112500995242, 26.02499999999999858 ) ) ;
#6360 = ORIENTED_EDGE ( 'NONE', *, *, #1125, .F. ) ;
#6361 = CARTESIAN_POINT ( 'NONE',  ( -7.465946415003858583, 0.000000000000000000, 41.12598433912934581 ) ) ;
#6362 = ORIENTED_EDGE ( 'NONE', *, *, #624, .F. ) ;
#6363 = DIRECTION ( 'NONE',  ( -0.000000000000000000, 1.000000000000000000, -0.000000000000000000 ) ) ;
#6364 = CARTESIAN_POINT ( 'NONE',  ( -0.001229793994459750517, 1.000000000000000000, 41.14750773937670658 ) ) ;
#6365 = CARTESIAN_POINT ( 'NONE',  ( -11.40784251720874387, 1.000000000000000000, 39.39155368557223369 ) ) ;
#6366 = FACE_OUTER_BOUND ( 'NONE', #1387, .T. ) ;
#6367 = CARTESIAN_POINT ( 'NONE',  ( -12.55006478137655002, 0.000000000000000000, 41.27213640130365491 ) ) ;
#6368 = DIRECTION ( 'NONE',  ( 0.000000000000000000, 0.000000000000000000, 1.000000000000000000 ) ) ;
#6369 = VERTEX_POINT ( 'NONE', #2607 ) ;
#6370 = DIRECTION ( 'NONE',  ( 0.000000000000000000, 0.000000000000000000, -1.000000000000000000 ) ) ;
#6371 = ORIENTED_EDGE ( 'NONE', *, *, #2225, .T. ) ;
#6372 = CARTESIAN_POINT ( 'NONE',  ( -6.052271067782140079, 1.000000000000000000, 39.48709226286085539 ) ) ;
#6373 = CARTESIAN_POINT ( 'NONE',  ( -5.916540725781524124, 1.000000000000000000, 38.85255935333744048 ) ) ;
#6374 = AXIS2_PLACEMENT_3D ( 'NONE', #5778, #5894, #5740 ) ;
#6375 = EDGE_CURVE ( 'NONE', #7655, #5642, #6381, .T. ) ;
#6376 = ORIENTED_EDGE ( 'NONE', *, *, #4517, .T. ) ;
#6377 = CYLINDRICAL_SURFACE ( 'NONE', #2633, 0.5000000000000004441 ) ;
#6378 = ADVANCED_FACE ( 'NONE', ( #5761 ), #7636, .T. ) ;
#6379 = DIRECTION ( 'NONE',  ( -0.000000000000000000, -1.000000000000000000, -0.000000000000000000 ) ) ;
#6380 = DIRECTION ( 'NONE',  ( 1.000000000000000000, 0.000000000000000000, 0.000000000000000000 ) ) ;
#6381 = LINE ( 'NONE', #785, #6194 ) ;
#6382 = EDGE_CURVE ( 'NONE', #4113, #4795, #6418, .T. ) ;
#6383 = EDGE_CURVE ( 'NONE', #3864, #5457, #4968, .T. ) ;
#6384 = ORIENTED_EDGE ( 'NONE', *, *, #2362, .F. ) ;
#6385 = ORIENTED_EDGE ( 'NONE', *, *, #1527, .F. ) ;
#6386 = LINE ( 'NONE', #3880, #6526 ) ;
#6387 = ORIENTED_EDGE ( 'NONE', *, *, #2654, .F. ) ;
#6388 = CARTESIAN_POINT ( 'NONE',  ( -8.293551037676106574, 0.000000000000000000, 39.59505128259326767 ) ) ;
#6389 = EDGE_LOOP ( 'NONE', ( #2807, #6137, #1143, #2909, #8029, #1906 ) ) ;
#6390 = DIRECTION ( 'NONE',  ( 0.000000000000000000, -0.000000000000000000, 1.000000000000000000 ) ) ;
#6391 = CARTESIAN_POINT ( 'NONE',  ( 20.49999999999999645, 2.000000000000000000, 40.99999999999999289 ) ) ;
#6392 = FACE_OUTER_BOUND ( 'NONE', #6990, .T. ) ;
#6393 = DIRECTION ( 'NONE',  ( -1.000000000000000000, 0.000000000000000000, 0.000000000000000000 ) ) ;
#6394 = VECTOR ( 'NONE', #7682, 1000.000000000000000 ) ;
#6395 = CARTESIAN_POINT ( 'NONE',  ( -3.815585966234085635, 1.000000000000000000, 40.81332963225128907 ) ) ;
#6396 = DIRECTION ( 'NONE',  ( 0.000000000000000000, 0.000000000000000000, 1.000000000000000000 ) ) ;
#6397 = VERTEX_POINT ( 'NONE', #1592 ) ;
#6398 = CARTESIAN_POINT ( 'NONE',  ( -8.773058350609428402, 1.000000000000000000, 42.24215233848653384 ) ) ;
#6399 = VERTEX_POINT ( 'NONE', #2164 ) ;
#6400 = CARTESIAN_POINT ( 'NONE',  ( -6.423830186181517909, 1.000000000000000000, 42.02095732157948760 ) ) ;
#6401 = DIRECTION ( 'NONE',  ( 0.000000000000000000, 0.000000000000000000, 1.000000000000000000 ) ) ;
#6402 = CARTESIAN_POINT ( 'NONE',  ( -5.332527543509572254, 1.000000000000000000, 38.85258023411333284 ) ) ;
#6403 = CARTESIAN_POINT ( 'NONE',  ( -8.871079368379955810, -0.000000000000000000, 38.83091906519467784 ) ) ;
#6404 = CARTESIAN_POINT ( 'NONE',  ( -12.50565553840695365, 0.000000000000000000, 41.12008747361034011 ) ) ;
#6405 = CARTESIAN_POINT ( 'NONE',  ( -9.127891687881819038, 0.000000000000000000, 41.66405100344285017 ) ) ;
#6406 = EDGE_LOOP ( 'NONE', ( #7778, #2314, #446, #5762 ) ) ;
#6407 = CARTESIAN_POINT ( 'NONE',  ( -3.148579966557493393, 1.000000000000000000, 40.25771633494984059 ) ) ;
#6408 = EDGE_LOOP ( 'NONE', ( #333, #7293, #1949, #5212 ) ) ;
#6409 = CARTESIAN_POINT ( 'NONE',  ( -13.02069731221881277, 1.000000000000000000, 40.78254622267271401 ) ) ;
#6410 = CARTESIAN_POINT ( 'NONE',  ( -9.536704537624450140, 1.000000000000000000, 40.04827691292732084 ) ) ;
#6411 = ORIENTED_EDGE ( 'NONE', *, *, #6070, .F. ) ;
#6412 = AXIS2_PLACEMENT_3D ( 'NONE', #906, #5403, #1083 ) ;
#6413 = CARTESIAN_POINT ( 'NONE',  ( -3.097189801499042883, 1.000000000000000000, 39.02287587908189437 ) ) ;
#6414 = CARTESIAN_POINT ( 'NONE',  ( 5.000000000000000888, 0.3000000000000001554, -38.50000000000002132 ) ) ;
#6415 = ADVANCED_FACE ( 'NONE', ( #1557 ), #332, .T. ) ;
#6416 = CARTESIAN_POINT ( 'NONE',  ( -10.21290261900270480, 0.000000000000000000, 40.23813822362329518 ) ) ;
#6417 = DIRECTION ( 'NONE',  ( 0.000000000000000000, 0.000000000000000000, -1.000000000000000000 ) ) ;
#6418 = LINE ( 'NONE', #1871, #3454 ) ;
#6419 = VERTEX_POINT ( 'NONE', #4035 ) ;
#6420 = EDGE_CURVE ( 'NONE', #3230, #5611, #3668, .T. ) ;
#6421 = ORIENTED_EDGE ( 'NONE', *, *, #6615, .T. ) ;
#6422 = VECTOR ( 'NONE', #551, 1000.000000000000000 ) ;
#6423 = EDGE_CURVE ( 'NONE', #7262, #5939, #3345, .T. ) ;
#6424 = EDGE_CURVE ( 'NONE', #4576, #6253, #2157, .T. ) ;
#6425 = DIRECTION ( 'NONE',  ( -1.000000000000000000, 1.541976423090494253E-15, 0.000000000000000000 ) ) ;
#6426 = EDGE_LOOP ( 'NONE', ( #6302, #376, #191, #3117 ) ) ;
#6427 = CARTESIAN_POINT ( 'NONE',  ( -12.50448668108969486, 1.000000000000000000, 40.08094160474740164 ) ) ;
#6428 = EDGE_CURVE ( 'NONE', #3835, #166, #729, .T. ) ;
#6429 = VECTOR ( 'NONE', #1448, 1000.000000000000000 ) ;
#6430 = VERTEX_POINT ( 'NONE', #4072 ) ;
#6431 = CARTESIAN_POINT ( 'NONE',  ( -2.553529539393398107, 1.000000000000000000, 41.66845634957928723 ) ) ;
#6432 = FACE_OUTER_BOUND ( 'NONE', #2288, .T. ) ;
#6433 = CARTESIAN_POINT ( 'NONE',  ( 20.49999999999999645, 0.5000000000000000000, -40.99999999999999289 ) ) ;
#6434 = CARTESIAN_POINT ( 'NONE',  ( -14.50000000000000178, 1.000000000000000000, 41.99999999999999289 ) ) ;
#6435 = VECTOR ( 'NONE', #369, 1000.000000000000000 ) ;
#6436 = CARTESIAN_POINT ( 'NONE',  ( 20.49999999999999645, 26.00000000000000355, 40.99999999999999289 ) ) ;
#6437 = CARTESIAN_POINT ( 'NONE',  ( -5.199174252558260712, 0.000000000000000000, 42.18983138524004772 ) ) ;
#6438 = ORIENTED_EDGE ( 'NONE', *, *, #2563, .F. ) ;
#6439 = LINE ( 'NONE', #2668, #3700 ) ;
#6440 = ORIENTED_EDGE ( 'NONE', *, *, #3226, .T. ) ;
#6441 = LINE ( 'NONE', #234, #7119 ) ;
#6442 = DIRECTION ( 'NONE',  ( -0.000000000000000000, 0.000000000000000000, 1.000000000000000000 ) ) ;
#6443 = CARTESIAN_POINT ( 'NONE',  ( -5.478029752320794366, 1.000000000000000000, 42.24008301392174047 ) ) ;
#6444 = CARTESIAN_POINT ( 'NONE',  ( 13.49999999999999822, -0.001000000000000132727, -17.50000000000001776 ) ) ;
#6445 = CARTESIAN_POINT ( 'NONE',  ( -3.147929291326182710, -0.000000000000000000, 40.84238612686667125 ) ) ;
#6446 = PLANE ( 'NONE',  #5545 ) ;
#6447 = ORIENTED_EDGE ( 'NONE', *, *, #7711, .T. ) ;
#6448 = CARTESIAN_POINT ( 'NONE',  ( 0.000000000000000000, 26.00000000000000355, 0.000000000000000000 ) ) ;
#6449 = ORIENTED_EDGE ( 'NONE', *, *, #7910, .F. ) ;
#6450 = CARTESIAN_POINT ( 'NONE',  ( -12.92490098347637506, 1.000000000000000000, 40.70191667146841041 ) ) ;
#6451 = CARTESIAN_POINT ( 'NONE',  ( -9.400498364806038509, 1.000000000000000000, 39.66064185272751530 ) ) ;
#6452 = ORIENTED_EDGE ( 'NONE', *, *, #6802, .F. ) ;
#6453 = CARTESIAN_POINT ( 'NONE',  ( -20.50000000000000355, 0.5000000000000000000, -44.00000000000000000 ) ) ;
#6454 = CARTESIAN_POINT ( 'NONE',  ( -0.001229793994459750517, 1.000000000000000000, 41.14750773937670658 ) ) ;
#6455 = CARTESIAN_POINT ( 'NONE',  ( -13.21583824381312944, 1.000000000000000000, 41.24132990925804876 ) ) ;
#6456 = CARTESIAN_POINT ( 'NONE',  ( -12.53708810889349756, 0.000000000000000000, 39.93477133485399833 ) ) ;
#6457 = CARTESIAN_POINT ( 'NONE',  ( -12.04109315252923551, 1.000000000000000000, 40.86058714234982858 ) ) ;
#6458 = ORIENTED_EDGE ( 'NONE', *, *, #6228, .F. ) ;
#6459 = EDGE_CURVE ( 'NONE', #5873, #651, #5136, .T. ) ;
#6460 = VERTEX_POINT ( 'NONE', #7065 ) ;
#6461 = AXIS2_PLACEMENT_3D ( 'NONE', #3593, #6704, #4084 ) ;
#6462 = VECTOR ( 'NONE', #3098, 1000.000000000000000 ) ;
#6463 = CIRCLE ( 'NONE', #6713, 0.5000000000000004441 ) ;
#6464 = CARTESIAN_POINT ( 'NONE',  ( 11.65000000000000036, 5.000000000000000000, -39.05000000000001847 ) ) ;
#6465 = VERTEX_POINT ( 'NONE', #7219 ) ;
#6466 = LINE ( 'NONE', #2697, #3450 ) ;
#6467 = AXIS2_PLACEMENT_3D ( 'NONE', #2656, #6390, #1563 ) ;
#6468 = ORIENTED_EDGE ( 'NONE', *, *, #5005, .T. ) ;
#6469 = CARTESIAN_POINT ( 'NONE',  ( -13.38995751219910524, 1.000000000000000000, 42.15139227532721122 ) ) ;
#6470 = DIRECTION ( 'NONE',  ( 0.000000000000000000, 0.000000000000000000, 1.000000000000000000 ) ) ;
#6471 = DIRECTION ( 'NONE',  ( -0.000000000000000000, -1.000000000000000000, -0.000000000000000000 ) ) ;
#6472 = EDGE_CURVE ( 'NONE', #4720, #7681, #1628, .T. ) ;
#6473 = CIRCLE ( 'NONE', #1517, 0.8500000000000000888 ) ;
#6474 = DIRECTION ( 'NONE',  ( -0.000000000000000000, -1.000000000000000000, -0.000000000000000000 ) ) ;
#6475 = ADVANCED_FACE ( 'NONE', ( #1474 ), #4109, .T. ) ;
#6476 = CARTESIAN_POINT ( 'NONE',  ( -13.17029376894973680, 0.000000000000000000, 40.08643186166186467 ) ) ;
#6477 = DIRECTION ( 'NONE',  ( -0.000000000000000000, -1.000000000000000000, -0.000000000000000000 ) ) ;
#6478 = CIRCLE ( 'NONE', #1397, 0.8500000000000035305 ) ;
#6479 = ORIENTED_EDGE ( 'NONE', *, *, #5464, .F. ) ;
#6480 = CARTESIAN_POINT ( 'NONE',  ( -15.99999999999998934, 24.00000000000000000, 41.99999999999999289 ) ) ;
#6481 = VERTEX_POINT ( 'NONE', #1020 ) ;
#6482 = CARTESIAN_POINT ( 'NONE',  ( -11.99316053514356817, 0.000000000000000000, 38.87307128906249432 ) ) ;
#6483 = EDGE_CURVE ( 'NONE', #5175, #4601, #3317, .T. ) ;
#6484 = PLANE ( 'NONE',  #5847 ) ;
#6485 = CARTESIAN_POINT ( 'NONE',  ( -4.248868035151198264, 1.000000000000000000, 40.88471154557890941 ) ) ;
#6486 = EDGE_CURVE ( 'NONE', #2616, #6460, #1756, .T. ) ;
#6487 = CARTESIAN_POINT ( 'NONE',  ( -11.65000000000000036, 2.000000000000000000, -39.05000000000001847 ) ) ;
#6488 = CARTESIAN_POINT ( 'NONE',  ( -12.68931425007778024, 1.000000000000000000, 42.18623636152150880 ) ) ;
#6489 = CARTESIAN_POINT ( 'NONE',  ( -12.42328055138422371, 1.000000000000000000, 40.99896127141653324 ) ) ;
#6490 = AXIS2_PLACEMENT_3D ( 'NONE', #4219, #1135, #1173 ) ;
#6491 = CARTESIAN_POINT ( 'NONE',  ( -9.358242940752422356, 0.000000000000000000, 41.47669141429480533 ) ) ;
#6492 = VERTEX_POINT ( 'NONE', #4879 ) ;
#6493 = FACE_OUTER_BOUND ( 'NONE', #6305, .T. ) ;
#6494 = ORIENTED_EDGE ( 'NONE', *, *, #7511, .F. ) ;
#6495 = LINE ( 'NONE', #1426, #340 ) ;
#6496 = CARTESIAN_POINT ( 'NONE',  ( -9.249579179592201328, 0.000000000000000000, 39.48709226286082696 ) ) ;
#6497 = CARTESIAN_POINT ( 'NONE',  ( -5.325343364215927799, 0.000000000000000000, 41.66423967152967123 ) ) ;
#6498 = ORIENTED_EDGE ( 'NONE', *, *, #7664, .F. ) ;
#6499 = CARTESIAN_POINT ( 'NONE',  ( 5.204170427930421283E-15, 21.50000000000000000, 43.50000000000000000 ) ) ;
#6500 = CARTESIAN_POINT ( 'NONE',  ( -13.19153083017208417, 0.000000000000000000, 41.10834370833413942 ) ) ;
#6501 = DIRECTION ( 'NONE',  ( -1.000000000000000000, -0.000000000000000000, -0.000000000000000000 ) ) ;
#6502 = VECTOR ( 'NONE', #19, 1000.000000000000000 ) ;
#6503 = VERTEX_POINT ( 'NONE', #528 ) ;
#6504 = DIRECTION ( 'NONE',  ( -1.000000000000000000, 0.000000000000000000, -0.000000000000000000 ) ) ;
#6505 = EDGE_LOOP ( 'NONE', ( #7599, #7294, #1019, #792 ) ) ;
#6506 = EDGE_LOOP ( 'NONE', ( #6601, #5020, #7094, #1013 ) ) ;
#6507 = AXIS2_PLACEMENT_3D ( 'NONE', #4168, #3402, #1077 ) ;
#6508 = FACE_OUTER_BOUND ( 'NONE', #11, .T. ) ;
#6509 = ORIENTED_EDGE ( 'NONE', *, *, #942, .F. ) ;
#6510 = CARTESIAN_POINT ( 'NONE',  ( -12.48501330907420659, 1.000000000000000000, 40.12264124650415198 ) ) ;
#6511 = ORIENTED_EDGE ( 'NONE', *, *, #6663, .F. ) ;
#6512 = CARTESIAN_POINT ( 'NONE',  ( -19.65534243804603065, 24.35000000000000142, 43.08674362937994573 ) ) ;
#6513 = CARTESIAN_POINT ( 'NONE',  ( -11.65000000000000036, 5.000000000000000000, -39.05000000000001847 ) ) ;
#6514 = LINE ( 'NONE', #918, #4710 ) ;
#6515 = LINE ( 'NONE', #187, #1145 ) ;
#6516 = EDGE_CURVE ( 'NONE', #4040, #7908, #4061, .T. ) ;
#6517 = FACE_OUTER_BOUND ( 'NONE', #5089, .T. ) ;
#6518 = ORIENTED_EDGE ( 'NONE', *, *, #1674, .T. ) ;
#6519 = CARTESIAN_POINT ( 'NONE',  ( -7.826415757015599439, 1.000000000000000000, 41.84561132268298422 ) ) ;
#6520 = ORIENTED_EDGE ( 'NONE', *, *, #7120, .F. ) ;
#6521 = CARTESIAN_POINT ( 'NONE',  ( -13.34494425650313332, 0.000000000000000000, 42.11063534136486908 ) ) ;
#6522 = CARTESIAN_POINT ( 'NONE',  ( 3.706649960732684935E-15, 17.00000000000000000, 43.50000000000000000 ) ) ;
#6523 = CARTESIAN_POINT ( 'NONE',  ( -4.298607393280103217, 1.000000000000000000, 39.81177443701671592 ) ) ;
#6524 = EDGE_CURVE ( 'NONE', #2815, #2356, #6463, .T. ) ;
#6525 = CARTESIAN_POINT ( 'NONE',  ( 19.65534243804603065, 24.35000000000000142, -81.85104867949057450 ) ) ;
#6526 = VECTOR ( 'NONE', #2087, 1000.000000000000000 ) ;
#6527 = CARTESIAN_POINT ( 'NONE',  ( -12.65878445204307567, 1.000000000000000000, 42.15771771528820011 ) ) ;
#6528 = ADVANCED_FACE ( 'NONE', ( #6648 ), #6120, .T. ) ;
#6529 = CARTESIAN_POINT ( 'NONE',  ( -8.873105219534329180, 1.000000000000000000, 42.24215401961486549 ) ) ;
#6530 = EDGE_CURVE ( 'NONE', #375, #3970, #1047, .T. ) ;
#6531 = CARTESIAN_POINT ( 'NONE',  ( -9.402513582925484670, 0.000000000000000000, 41.41240453727452575 ) ) ;
#6532 = ORIENTED_EDGE ( 'NONE', *, *, #3862, .F. ) ;
#6533 = CARTESIAN_POINT ( 'NONE',  ( -8.118207410780955868, 1.000000000000000000, 41.02078900649161852 ) ) ;
#6534 = ORIENTED_EDGE ( 'NONE', *, *, #4455, .T. ) ;
#6535 = CARTESIAN_POINT ( 'NONE',  ( 6.000000000000004441, 19.24999999999999645, 44.00000000000000000 ) ) ;
#6536 = CARTESIAN_POINT ( 'NONE',  ( -5.623523281146955988, 0.000000000000000000, 38.82986442268668270 ) ) ;
#6537 = CARTESIAN_POINT ( 'NONE',  ( -3.812214834283711440, 0.000000000000000000, 40.11498680206921108 ) ) ;
#6538 = VERTEX_POINT ( 'NONE', #6161 ) ;
#6539 = FACE_BOUND ( 'NONE', #4253, .T. ) ;
#6540 = DIRECTION ( 'NONE',  ( -0.5735764363510501562, -0.8191520442889889120, 0.000000000000000000 ) ) ;
#6541 = SURFACE_STYLE_USAGE ( .BOTH. , #4782 ) ;
#6542 = VERTEX_POINT ( 'NONE', #7909 ) ;
#6543 = CARTESIAN_POINT ( 'NONE',  ( -7.015594507192638218, 0.000000000000000000, 40.23813822362329518 ) ) ;
#6544 = VERTEX_POINT ( 'NONE', #5996 ) ;
#6545 = ORIENTED_EDGE ( 'NONE', *, *, #7260, .F. ) ;
#6546 = DIRECTION ( 'NONE',  ( -1.000000000000000000, -0.000000000000000000, -0.000000000000000000 ) ) ;
#6547 = CARTESIAN_POINT ( 'NONE',  ( -30.90413761649823954, 8.285055587643343600, -15.50000000000004086 ) ) ;
#6548 = ORIENTED_EDGE ( 'NONE', *, *, #3323, .F. ) ;
#6549 = DIRECTION ( 'NONE',  ( 0.000000000000000000, 0.000000000000000000, 1.000000000000000000 ) ) ;
#6550 = CARTESIAN_POINT ( 'NONE',  ( -19.00000000000000355, 0.000000000000000000, 38.98908507197222661 ) ) ;
#6551 = LINE ( 'NONE', #5355, #6748 ) ;
#6552 = CARTESIAN_POINT ( 'NONE',  ( 3.158039891549775824, 2.000000000000000000, 27.02500000000000213 ) ) ;
#6553 = DIRECTION ( 'NONE',  ( 0.000000000000000000, 0.000000000000000000, -1.000000000000000000 ) ) ;
#6554 = VERTEX_POINT ( 'NONE', #7948 ) ;
#6555 = LINE ( 'NONE', #7162, #5279 ) ;
#6556 = CARTESIAN_POINT ( 'NONE',  ( -13.23225853153248543, 0.000000000000000000, 41.77581869224876954 ) ) ;
#6557 = CARTESIAN_POINT ( 'NONE',  ( 19.99999999999999645, 0.5000000000000000000, -14.50000000000004086 ) ) ;
#6558 = CARTESIAN_POINT ( 'NONE',  ( -4.268923723303605477, 1.000000000000000000, 39.94831373857041257 ) ) ;
#6559 = EDGE_CURVE ( 'NONE', #629, #5794, #4339, .T. ) ;
#6560 = DIRECTION ( 'NONE',  ( 8.651987411355645508E-17, 0.000000000000000000, 1.000000000000000000 ) ) ;
#6561 = CARTESIAN_POINT ( 'NONE',  ( -7.444962741802267914, 1.000000000000000000, 40.83493306543919488 ) ) ;
#6562 = CARTESIAN_POINT ( 'NONE',  ( -9.058205309460076293, 0.000000000000000000, 41.69116160432314899 ) ) ;
#6563 = VERTEX_POINT ( 'NONE', #38 ) ;
#6564 = CARTESIAN_POINT ( 'NONE',  ( -8.154040974098400341, 1.000000000000000000, 41.19090075861952016 ) ) ;
#6565 = VERTEX_POINT ( 'NONE', #2641 ) ;
#6566 = DIRECTION ( 'NONE',  ( -1.000000000000000000, 0.000000000000000000, 0.000000000000000000 ) ) ;
#6567 = CARTESIAN_POINT ( 'NONE',  ( -8.132799525236222848, 0.000000000000000000, 41.10818612692376206 ) ) ;
#6568 = CARTESIAN_POINT ( 'NONE',  ( -3.793840107080990620, 0.000000000000000000, 39.97203959567751497 ) ) ;
#6569 = ADVANCED_FACE ( 'NONE', ( #6851 ), #398, .T. ) ;
#6570 = CARTESIAN_POINT ( 'NONE',  ( -11.65000000000000036, 5.000000000000000000, -38.20000000000000995 ) ) ;
#6571 = FACE_BOUND ( 'NONE', #922, .T. ) ;
#6572 = ADVANCED_FACE ( 'NONE', ( #3784 ), #6287, .F. ) ;
#6573 = CARTESIAN_POINT ( 'NONE',  ( -13.06049310521892259, 0.000000000000000000, 40.82891160613321802 ) ) ;
#6574 = ORIENTED_EDGE ( 'NONE', *, *, #2405, .F. ) ;
#6575 = CARTESIAN_POINT ( 'NONE',  ( -13.06863111576659975, 1.000000000000000000, 40.29149230053953090 ) ) ;
#6576 = ORIENTED_EDGE ( 'NONE', *, *, #3011, .F. ) ;
#6577 = EDGE_CURVE ( 'NONE', #3706, #3906, #6978, .T. ) ;
#6578 = VERTEX_POINT ( 'NONE', #6329 ) ;
#6579 = CARTESIAN_POINT ( 'NONE',  ( -18.49999999999999289, 2.000000000000000000, 39.49999999999999289 ) ) ;
#6580 = CARTESIAN_POINT ( 'NONE',  ( -4.911915132740187317, 1.000000000000000000, 40.92873881434073979 ) ) ;
#6581 = ORIENTED_EDGE ( 'NONE', *, *, #1273, .T. ) ;
#6582 = CARTESIAN_POINT ( 'NONE',  ( -3.515933104865747172, 0.000000000000000000, 41.71487329346738449 ) ) ;
#6583 = CARTESIAN_POINT ( 'NONE',  ( -4.832795841804705894, 0.000000000000000000, 39.05288680998296513 ) ) ;
#6584 = VECTOR ( 'NONE', #4409, 1000.000000000000000 ) ;
#6585 = VECTOR ( 'NONE', #7825, 1000.000000000000000 ) ;
#6586 = AXIS2_PLACEMENT_3D ( 'NONE', #6891, #6285, #3168 ) ;
#6587 = CARTESIAN_POINT ( 'NONE',  ( -13.34494425650313332, 0.000000000000000000, 42.11063534136486908 ) ) ;
#6588 = AXIS2_PLACEMENT_3D ( 'NONE', #953, #7190, #4769 ) ;
#6589 = CARTESIAN_POINT ( 'NONE',  ( 19.75685484862685115, 24.20502525316942055, 42.49999999999999289 ) ) ;
#6590 = DIRECTION ( 'NONE',  ( 1.000000000000000000, 0.000000000000000000, -0.000000000000000000 ) ) ;
#6591 = ORIENTED_EDGE ( 'NONE', *, *, #622, .T. ) ;
#6592 = DIRECTION ( 'NONE',  ( 1.000000000000000000, 0.000000000000000000, 0.000000000000000000 ) ) ;
#6593 = LINE ( 'NONE', #1648, #5021 ) ;
#6594 = CARTESIAN_POINT ( 'NONE',  ( -9.440550537951432730, 1.000000000000000000, 39.72928893388638016 ) ) ;
#6595 = CARTESIAN_POINT ( 'NONE',  ( -10.74218673210639530, 1.000000000000000000, 38.87307128906249432 ) ) ;
#6596 = VECTOR ( 'NONE', #723, 1000.000000000000114 ) ;
#6597 = LINE ( 'NONE', #428, #5628 ) ;
#6598 = CARTESIAN_POINT ( 'NONE',  ( -19.50000000000000355, 26.00000000000000355, -14.50000000000004086 ) ) ;
#6599 = VECTOR ( 'NONE', #7238, 1000.000000000000000 ) ;
#6600 = CARTESIAN_POINT ( 'NONE',  ( -12.79733905322507681, 1.000000000000000000, 39.06830269621759300 ) ) ;
#6601 = ORIENTED_EDGE ( 'NONE', *, *, #732, .T. ) ;
#6602 = CARTESIAN_POINT ( 'NONE',  ( -8.396482364368326401, 0.000000000000000000, 42.18983138524006193 ) ) ;
#6603 = ORIENTED_EDGE ( 'NONE', *, *, #3911, .T. ) ;
#6604 = CARTESIAN_POINT ( 'NONE',  ( -6.243242426141363488, 0.000000000000000000, 39.72928893388636595 ) ) ;
#6605 = CARTESIAN_POINT ( 'NONE',  ( -8.212573469902768153, 1.000000000000000000, 41.34338491910011015 ) ) ;
#6606 = CARTESIAN_POINT ( 'NONE',  ( -7.592082127366043487, 1.000000000000000000, 39.55827786110704380 ) ) ;
#6607 = CARTESIAN_POINT ( 'NONE',  ( -18.90623611104252788, 24.35000000000000142, 43.64999999999999147 ) ) ;
#6608 = VECTOR ( 'NONE', #6682, 1000.000000000000000 ) ;
#6609 = DIRECTION ( 'NONE',  ( -0.000000000000000000, -1.000000000000000000, -0.000000000000000000 ) ) ;
#6610 = LINE ( 'NONE', #4302, #1760 ) ;
#6611 = EDGE_CURVE ( 'NONE', #5372, #6147, #738, .T. ) ;
#6612 = ORIENTED_EDGE ( 'NONE', *, *, #1122, .F. ) ;
#6613 = DIRECTION ( 'NONE',  ( 1.000000000000000000, 0.000000000000000000, 0.000000000000000000 ) ) ;
#6614 = ORIENTED_EDGE ( 'NONE', *, *, #6322, .T. ) ;
#6615 = EDGE_CURVE ( 'NONE', #651, #5926, #3179, .T. ) ;
#6616 = ORIENTED_EDGE ( 'NONE', *, *, #7152, .F. ) ;
#6617 = EDGE_CURVE ( 'NONE', #7535, #5351, #245, .T. ) ;
#6618 = CARTESIAN_POINT ( 'NONE',  ( -9.253080854662458776, 1.000000000000000000, 42.18996141059079008 ) ) ;
#6619 = CARTESIAN_POINT ( 'NONE',  ( -14.50000000000000178, 0.000000000000000000, 41.99999999999999289 ) ) ;
#6620 = ADVANCED_FACE ( 'NONE', ( #2842 ), #2759, .T. ) ;
#6621 = CARTESIAN_POINT ( 'NONE',  ( -4.910609985946062572, 1.000000000000000000, 40.83358285086494988 ) ) ;
#6622 = EDGE_LOOP ( 'NONE', ( #3004, #5147, #2475, #8018 ) ) ;
#6623 = CARTESIAN_POINT ( 'NONE',  ( -3.793871375374599619, 0.000000000000000000, 41.10441885722578803 ) ) ;
#6624 = CARTESIAN_POINT ( 'NONE',  ( -5.573498472289083239, 1.000000000000000000, 38.83090765209404083 ) ) ;
#6625 = AXIS2_PLACEMENT_3D ( 'NONE', #1418, #6442, #2671 ) ;
#6626 = VECTOR ( 'NONE', #3357, 1000.000000000000000 ) ;
#6627 = CARTESIAN_POINT ( 'NONE',  ( -13.30986312531619653, 1.000000000000000000, 42.05706901167678780 ) ) ;
#6628 = CARTESIAN_POINT ( 'NONE',  ( -4.910609985946062572, 1.000000000000000000, 40.23206225803919978 ) ) ;
#6629 = ORIENTED_EDGE ( 'NONE', *, *, #6516, .T. ) ;
#6630 = CARTESIAN_POINT ( 'NONE',  ( 19.65534243804603065, 24.35000000000000142, 43.08674362937993152 ) ) ;
#6631 = CARTESIAN_POINT ( 'NONE',  ( -12.67231846598835787, 1.000000000000000000, 40.58649358377827809 ) ) ;
#6632 = DIRECTION ( 'NONE',  ( 0.000000000000000000, -0.000000000000000000, 1.000000000000000000 ) ) ;
#6633 = CARTESIAN_POINT ( 'NONE',  ( -11.40784251720874387, 1.000000000000000000, 40.34210474584009631 ) ) ;
#6634 = DIRECTION ( 'NONE',  ( 0.000000000000000000, 0.000000000000000000, -1.000000000000000000 ) ) ;
#6635 = DIRECTION ( 'NONE',  ( 1.000000000000000000, 0.000000000000000000, 0.000000000000000000 ) ) ;
#6636 = CARTESIAN_POINT ( 'NONE',  ( -9.381253812750307119, 0.000000000000000000, 38.92738053809848253 ) ) ;
#6637 = ORIENTED_EDGE ( 'NONE', *, *, #7298, .T. ) ;
#6638 = DIRECTION ( 'NONE',  ( 1.000000000000000000, 0.000000000000000000, 0.000000000000000000 ) ) ;
#6639 = ORIENTED_EDGE ( 'NONE', *, *, #3665, .T. ) ;
#6640 = DIRECTION ( 'NONE',  ( -0.000000000000000000, -1.000000000000000000, -0.000000000000000000 ) ) ;
#6641 = CARTESIAN_POINT ( 'NONE',  ( -8.458867835266184798, 1.000000000000000000, 41.62871846951555455 ) ) ;
#6642 = CARTESIAN_POINT ( 'NONE',  ( -2.947325454773202846, 0.000000000000000000, 41.44123198506093786 ) ) ;
#6643 = CARTESIAN_POINT ( 'NONE',  ( -2.958039891549808509, 2.000000000000000000, 27.02500000000000213 ) ) ;
#6644 = CARTESIAN_POINT ( 'NONE',  ( -2.958039891549808509, -0.2360679774997919977, 26.02499999999999858 ) ) ;
#6645 = CARTESIAN_POINT ( 'NONE',  ( -9.113848837591589813, 1.000000000000000000, 38.85255935333744048 ) ) ;
#6646 = ORIENTED_EDGE ( 'NONE', *, *, #472, .T. ) ;
#6647 = EDGE_LOOP ( 'NONE', ( #6347, #2376, #5141, #1391, #6518 ) ) ;
#6648 = FACE_OUTER_BOUND ( 'NONE', #2577, .T. ) ;
#6649 = VERTEX_POINT ( 'NONE', #2722 ) ;
#6650 = EDGE_LOOP ( 'NONE', ( #2243, #1333, #5316, #323 ) ) ;
#6651 = FACE_BOUND ( 'NONE', #7189, .T. ) ;
#6652 = EDGE_CURVE ( 'NONE', #4331, #6900, #5836, .T. ) ;
#6653 = CARTESIAN_POINT ( 'NONE',  ( -10.19073357396589152, 1.000000000000000000, 41.12581091917764553 ) ) ;
#6654 = PLANE ( 'NONE',  #1171 ) ;
#6655 = EDGE_CURVE ( 'NONE', #709, #5152, #5337, .T. ) ;
#6656 = VERTEX_POINT ( 'NONE', #2073 ) ;
#6657 = CARTESIAN_POINT ( 'NONE',  ( -3.812235999651717666, 0.000000000000000000, 40.96123336018781202 ) ) ;
#6658 = FACE_OUTER_BOUND ( 'NONE', #153, .T. ) ;
#6659 = EDGE_CURVE ( 'NONE', #4025, #7135, #365, .T. ) ;
#6660 = EDGE_CURVE ( 'NONE', #1850, #3906, #5215, .T. ) ;
#6661 = TOROIDAL_SURFACE ( 'NONE', #3132, 2.500000000000000000, 0.5000000000000000000 ) ;
#6662 = DIRECTION ( 'NONE',  ( 0.000000000000000000, 0.000000000000000000, -1.000000000000000000 ) ) ;
#6663 = EDGE_CURVE ( 'NONE', #6578, #5939, #6495, .T. ) ;
#6664 = DIRECTION ( 'NONE',  ( 8.651987411355645508E-17, 0.000000000000000000, 1.000000000000000000 ) ) ;
#6665 = CARTESIAN_POINT ( 'NONE',  ( -4.920884651677907229, 1.000000000000000000, 40.04731677189008821 ) ) ;
#6666 = EDGE_LOOP ( 'NONE', ( #3738, #1678, #6024, #6646 ) ) ;
#6667 = CARTESIAN_POINT ( 'NONE',  ( -3.070975182948192828, 0.000000000000000000, 39.83354105273711809 ) ) ;
#6668 = CARTESIAN_POINT ( 'NONE',  ( -13.19698562592806823, 0.000000000000000000, 39.97052310937799291 ) ) ;
#6669 = CARTESIAN_POINT ( 'NONE',  ( -9.188917180351293013, 0.000000000000000000, 39.44455716969038406 ) ) ;
#6670 = CARTESIAN_POINT ( 'NONE',  ( 4.775688665340304682E-15, 14.50000000000000000, 39.99999999999999289 ) ) ;
#6671 = DIRECTION ( 'NONE',  ( 0.000000000000000000, 0.000000000000000000, 1.000000000000000000 ) ) ;
#6672 = CARTESIAN_POINT ( 'NONE',  ( -10.21290261900270480, 1.000000000000000000, 40.23813822362329518 ) ) ;
#6673 = CARTESIAN_POINT ( 'NONE',  ( -17.50000000000000355, 0.5000000000000000000, -40.99999999999999289 ) ) ;
#6674 = CARTESIAN_POINT ( 'NONE',  ( -8.820831392957019901, 1.000000000000000000, 38.82986442268668270 ) ) ;
#6675 = ORIENTED_EDGE ( 'NONE', *, *, #6865, .T. ) ;
#6676 = CARTESIAN_POINT ( 'NONE',  ( -8.773058350609428402, 0.000000000000000000, 42.24215233848653384 ) ) ;
#6677 = ORIENTED_EDGE ( 'NONE', *, *, #3003, .T. ) ;
#6678 = DIRECTION ( 'NONE',  ( -1.000000000000000000, 0.000000000000000000, 0.000000000000000000 ) ) ;
#6679 = VECTOR ( 'NONE', #185, 1000.000000000000000 ) ;
#6680 = CARTESIAN_POINT ( 'NONE',  ( -8.591373256759883503, 1.000000000000000000, 41.69100458942324394 ) ) ;
#6681 = CARTESIAN_POINT ( 'NONE',  ( -3.146661855316991829, 0.000000000000000000, 40.90424474201378757 ) ) ;
#6682 = DIRECTION ( 'NONE',  ( 0.000000000000000000, 0.000000000000000000, 1.000000000000000000 ) ) ;
#6683 = CARTESIAN_POINT ( 'NONE',  ( 3.706649960732684935E-15, 17.00000000000000000, 43.00000000000000000 ) ) ;
#6684 = VECTOR ( 'NONE', #2837, 1000.000000000000000 ) ;
#6685 = CARTESIAN_POINT ( 'NONE',  ( -7.592082127366043487, 0.000000000000000000, 39.55827786110704380 ) ) ;
#6686 = VERTEX_POINT ( 'NONE', #324 ) ;
#6687 = ORIENTED_EDGE ( 'NONE', *, *, #7905, .T. ) ;
#6688 = CARTESIAN_POINT ( 'NONE',  ( -8.773058350609428402, -0.000000000000000000, 42.24215233848653384 ) ) ;
#6689 = EDGE_LOOP ( 'NONE', ( #1492, #2733, #2227, #5164 ) ) ;
#6690 = CARTESIAN_POINT ( 'NONE',  ( -12.22885665237292407, 1.000000000000000000, 39.42316491394696243 ) ) ;
#6691 = CARTESIAN_POINT ( 'NONE',  ( 19.90041507641943141, 24.00000000000000000, -15.50000000000004086 ) ) ;
#6692 = CARTESIAN_POINT ( 'NONE',  ( -18.50000000000000355, 26.00000000000000355, -42.00000000000000000 ) ) ;
#6693 = ADVANCED_FACE ( 'NONE', ( #7745 ), #899, .F. ) ;
#6694 = ORIENTED_EDGE ( 'NONE', *, *, #4257, .T. ) ;
#6695 = PLANE ( 'NONE',  #3710 ) ;
#6696 = CARTESIAN_POINT ( 'NONE',  ( -5.196647095193567267, 0.000000000000000000, 38.88309750971868795 ) ) ;
#6697 = CARTESIAN_POINT ( 'NONE',  ( -18.50000000000000355, 26.00000000000000355, -42.00000000000000000 ) ) ;
#6698 = FACE_OUTER_BOUND ( 'NONE', #3808, .T. ) ;
#6699 = DIRECTION ( 'NONE',  ( 0.000000000000000000, 0.000000000000000000, 1.000000000000000000 ) ) ;
#6700 = FACE_OUTER_BOUND ( 'NONE', #4624, .T. ) ;
#6701 = VECTOR ( 'NONE', #1842, 1000.000000000000000 ) ;
#6702 = EDGE_CURVE ( 'NONE', #909, #76, #5874, .T. ) ;
#6703 = VERTEX_POINT ( 'NONE', #3295 ) ;
#6704 = DIRECTION ( 'NONE',  ( -0.000000000000000000, 1.000000000000000000, -0.000000000000000000 ) ) ;
#6705 = CARTESIAN_POINT ( 'NONE',  ( -12.71328921709077164, 1.000000000000000000, 40.56689562982605679 ) ) ;
#6706 = CARTESIAN_POINT ( 'NONE',  ( 17.61862142521854935, 24.04051647230210520, 44.00000000000000000 ) ) ;
#6707 = LINE ( 'NONE', #6101, #2169 ) ;
#6708 = EDGE_CURVE ( 'NONE', #4647, #5477, #5792, .T. ) ;
#6709 = LINE ( 'NONE', #1121, #3670 ) ;
#6710 = EDGE_CURVE ( 'NONE', #4947, #3913, #1377, .T. ) ;
#6711 = VECTOR ( 'NONE', #3146, 1000.000000000000000 ) ;
#6712 = VECTOR ( 'NONE', #2566, 1000.000000000000000 ) ;
#6713 = AXIS2_PLACEMENT_3D ( 'NONE', #7421, #1787, #4147 ) ;
#6714 = DIRECTION ( 'NONE',  ( -1.000000000000000000, 0.000000000000000000, 0.000000000000000000 ) ) ;
#6715 = ADVANCED_FACE ( 'NONE', ( #5301 ), #7790, .T. ) ;
#6716 = SURFACE_STYLE_FILL_AREA ( #7971 ) ;
#6717 = CARTESIAN_POINT ( 'NONE',  ( -13.02182959754980196, 1.000000000000000000, 39.27072550891713831 ) ) ;
#6718 = ADVANCED_FACE ( 'NONE', ( #969 ), #4709, .T. ) ;
#6719 = ORIENTED_EDGE ( 'NONE', *, *, #6921, .F. ) ;
#6720 = CARTESIAN_POINT ( 'NONE',  ( -12.79733905322507681, 0.000000000000000000, 39.06830269621759300 ) ) ;
#6721 = B_SPLINE_SURFACE_WITH_KNOTS ( 'NONE', 3, 1, ( 
 ( #2369, #6014 ),
 ( #3480, #4167 ),
 ( #5328, #6668 ),
 ( #5980, #4085 ),
 ( #7927, #4697 ),
 ( #7236, #1158 ),
 ( #7813, #7353 ),
 ( #7847, #2865 ),
 ( #389, #2290 ),
 ( #6705, #2831 ),
 ( #6631, #4246 ) ),
 .UNSPECIFIED., .F., .F., .F.,
 ( 4, 1, 1, 1, 1, 1, 1, 1, 4 ),
 ( 2, 2 ),
 ( 0.000000000000000000, 0.1280114855645179128, 0.2496027987231822509, 0.3667782482511103281, 0.4836164056771611874, 0.6033909530813523769, 0.7275615257090118915, 0.8592131980136217262, 1.000000000000000000 ),
 ( 0.000000000000000000, 1.000000000000000000 ),
 .UNSPECIFIED. ) ;
#6722 = ORIENTED_EDGE ( 'NONE', *, *, #3963, .F. ) ;
#6723 = CARTESIAN_POINT ( 'NONE',  ( -3.815585966234085635, 0.000000000000000000, 40.81332963225128907 ) ) ;
#6724 = CARTESIAN_POINT ( 'NONE',  ( -12.60483469751801522, 1.000000000000000000, 38.97199958352549487 ) ) ;
#6725 = VECTOR ( 'NONE', #7171, 1000.000000000000000 ) ;
#6726 = CARTESIAN_POINT ( 'NONE',  ( -2.414090638796244193, 0.000000000000000000, 41.68064316787355494 ) ) ;
#6727 = CARTESIAN_POINT ( 'NONE',  ( -12.53797211585106908, 0.000000000000000000, 39.88033136144860435 ) ) ;
#6728 = AXIS2_PLACEMENT_3D ( 'NONE', #5772, #4003, #6470 ) ;
#6729 = DIRECTION ( 'NONE',  ( -1.000000000000000000, 0.000000000000000000, -0.000000000000000000 ) ) ;
#6730 = CARTESIAN_POINT ( 'NONE',  ( -8.265613356696665193, 0.000000000000000000, 38.92754240160103052 ) ) ;
#6731 = ORIENTED_EDGE ( 'NONE', *, *, #5958, .F. ) ;
#6732 = VERTEX_POINT ( 'NONE', #4745 ) ;
#6733 = CARTESIAN_POINT ( 'NONE',  ( -6.303236782907145397, 1.000000000000000000, 39.88029212275333890 ) ) ;
#6734 = AXIS2_PLACEMENT_3D ( 'NONE', #7489, #2103, #2791 ) ;
#6735 = VERTEX_POINT ( 'NONE', #2996 ) ;
#6736 = CARTESIAN_POINT ( 'NONE',  ( -12.05696112574656453, 0.000000000000000000, 39.39273877232560750 ) ) ;
#6737 = DIRECTION ( 'NONE',  ( 1.000000000000000000, 0.000000000000000000, 0.000000000000000000 ) ) ;
#6738 = DIRECTION ( 'NONE',  ( 0.8591433408540534167, 0.000000000000000000, -0.5117350094200471267 ) ) ;
#6739 = DIRECTION ( 'NONE',  ( 0.000000000000000000, 0.000000000000000000, -1.000000000000000000 ) ) ;
#6740 = VECTOR ( 'NONE', #3339, 1000.000000000000000 ) ;
#6741 = ORIENTED_EDGE ( 'NONE', *, *, #2604, .T. ) ;
#6742 = CARTESIAN_POINT ( 'NONE',  ( -9.192791543303609814, 1.000000000000000000, 41.62894252004939233 ) ) ;
#6743 = CARTESIAN_POINT ( 'NONE',  ( -5.623523281146955988, 0.000000000000000000, 39.34834681919642208 ) ) ;
#6744 = CARTESIAN_POINT ( 'NONE',  ( 13.50000000000000000, -0.001000000000000132727, -37.00000000000002132 ) ) ;
#6745 = PLANE ( 'NONE',  #87 ) ;
#6746 = PLANE ( 'NONE',  #1565 ) ;
#6747 = CARTESIAN_POINT ( 'NONE',  ( -8.587879467014941426, 1.000000000000000000, 39.38081116844904983 ) ) ;
#6748 = VECTOR ( 'NONE', #2212, 1000.000000000000000 ) ;
#6749 = VERTEX_POINT ( 'NONE', #2877 ) ;
#6750 = LINE ( 'NONE', #2898, #6330 ) ;
#6751 = CARTESIAN_POINT ( 'NONE',  ( 17.49999999999999645, 24.35000000000000497, 40.99999999999999289 ) ) ;
#6752 = CARTESIAN_POINT ( 'NONE',  ( -8.587879467014941426, 1.000000000000000000, 39.38081116844904983 ) ) ;
#6753 = DIRECTION ( 'NONE',  ( -1.000000000000000000, -0.000000000000000000, -0.000000000000000000 ) ) ;
#6754 = EDGE_CURVE ( 'NONE', #5326, #1423, #7976, .T. ) ;
#6755 = CARTESIAN_POINT ( 'NONE',  ( -12.70404850848309408, 0.000000000000000000, 42.19999999999999574 ) ) ;
#6756 = CARTESIAN_POINT ( 'NONE',  ( -20.50000000000000355, 26.00000000000000355, -14.50000000000004086 ) ) ;
#6757 = CARTESIAN_POINT ( 'NONE',  ( -10.21176960252802246, 1.000000000000000000, 40.18857519758690700 ) ) ;
#6758 = EDGE_CURVE ( 'NONE', #1501, #4865, #7247, .T. ) ;
#6759 = ORIENTED_EDGE ( 'NONE', *, *, #1808, .T. ) ;
#6760 = CARTESIAN_POINT ( 'NONE',  ( -13.19880632513082119, 0.000000000000000000, 39.73824438420880512 ) ) ;
#6761 = ORIENTED_EDGE ( 'NONE', *, *, #2615, .F. ) ;
#6762 = CARTESIAN_POINT ( 'NONE',  ( -11.40784251720874387, 1.000000000000000000, 42.19999999999999574 ) ) ;
#6763 = CARTESIAN_POINT ( 'NONE',  ( -13.02182959754980196, 0.000000000000000000, 39.27072550891713831 ) ) ;
#6764 = CARTESIAN_POINT ( 'NONE',  ( -2.772713093988969035, 0.000000000000000000, 41.58912165807024053 ) ) ;
#6765 = CARTESIAN_POINT ( 'NONE',  ( -12.43341291921957570, 0.000000000000000000, 39.55749574121964685 ) ) ;
#6766 = EDGE_CURVE ( 'NONE', #6460, #6981, #2263, .T. ) ;
#6767 = ADVANCED_FACE ( 'NONE', ( #4787 ), #1168, .T. ) ;
#6768 = CARTESIAN_POINT ( 'NONE',  ( 6.000000000000003553, 14.50000000000000000, 41.99999999999999289 ) ) ;
#6769 = CARTESIAN_POINT ( 'NONE',  ( -8.969695581608789325, 1.000000000000000000, 38.83298889685600841 ) ) ;
#6770 = ORIENTED_EDGE ( 'NONE', *, *, #3153, .F. ) ;
#6771 = DIRECTION ( 'NONE',  ( 0.000000000000000000, 1.000000000000000000, 0.000000000000000000 ) ) ;
#6772 = ORIENTED_EDGE ( 'NONE', *, *, #2623, .T. ) ;
#6773 = CARTESIAN_POINT ( 'NONE',  ( -8.180026550382637041, 0.000000000000000000, 41.26947296769148466 ) ) ;
#6774 = EDGE_LOOP ( 'NONE', ( #7946, #6068, #7562, #609, #8061, #387 ) ) ;
#6775 = DIRECTION ( 'NONE',  ( 0.000000000000000000, 0.000000000000000000, 1.000000000000000000 ) ) ;
#6776 = AXIS2_PLACEMENT_3D ( 'NONE', #4850, #7520, #625 ) ;
#6777 = PLANE ( 'NONE',  #6984 ) ;
#6778 = PLANE ( 'NONE',  #3270 ) ;
#6779 = CYLINDRICAL_SURFACE ( 'NONE', #7114, 0.5000000000000004441 ) ;
#6780 = ORIENTED_EDGE ( 'NONE', *, *, #3071, .T. ) ;
#6781 = CARTESIAN_POINT ( 'NONE',  ( -5.623523281146956876, 1.000000000000000000, 39.34834681919642918 ) ) ;
#6782 = CARTESIAN_POINT ( 'NONE',  ( -5.464332459526012542, 0.000000000000000000, 39.36250293755927032 ) ) ;
#6783 = LINE ( 'NONE', #7469, #5379 ) ;
#6784 = FACE_OUTER_BOUND ( 'NONE', #7870, .T. ) ;
#6785 = CARTESIAN_POINT ( 'NONE',  ( 0.000000000000000000, 2.200000000000000178, 26.52499999999999858 ) ) ;
#6786 = ORIENTED_EDGE ( 'NONE', *, *, #6423, .F. ) ;
#6787 = DIRECTION ( 'NONE',  ( 0.000000000000000000, 0.000000000000000000, 1.000000000000000000 ) ) ;
#6788 = FACE_OUTER_BOUND ( 'NONE', #1723, .T. ) ;
#6789 = CARTESIAN_POINT ( 'NONE',  ( 6.000000000000005329, 24.00000000000000000, 39.99999999999999289 ) ) ;
#6790 = CARTESIAN_POINT ( 'NONE',  ( -6.055772742852389534, 1.000000000000000000, 42.18996141059078298 ) ) ;
#6791 = AXIS2_PLACEMENT_3D ( 'NONE', #3051, #6857, #2440 ) ;
#6792 = CARTESIAN_POINT ( 'NONE',  ( -7.012233863435423764, 1.000000000000000000, 40.09112917498210749 ) ) ;
#6793 = CARTESIAN_POINT ( 'NONE',  ( -4.982069472248840114, 1.000000000000000000, 39.80088522246153815 ) ) ;
#6794 = CARTESIAN_POINT ( 'NONE',  ( -6.205205471115419869, 0.000000000000000000, 41.41240453727453286 ) ) ;
#6795 = DIRECTION ( 'NONE',  ( -0.000000000000000000, -0.000000000000000000, -1.000000000000000000 ) ) ;
#6796 = ORIENTED_EDGE ( 'NONE', *, *, #2762, .F. ) ;
#6797 = CARTESIAN_POINT ( 'NONE',  ( -7.826415757015599439, 0.000000000000000000, 41.84561132268298422 ) ) ;
#6798 = EDGE_LOOP ( 'NONE', ( #3830, #2386, #2281, #6827 ) ) ;
#6799 = CARTESIAN_POINT ( 'NONE',  ( -3.158039891549775824, 2.000000000000000000, 26.02499999999999858 ) ) ;
#6800 = CARTESIAN_POINT ( 'NONE',  ( -12.11150751302224116, 1.000000000000000000, 40.33534261267758581 ) ) ;
#6801 = CARTESIAN_POINT ( 'NONE',  ( -8.820831392957019901, 1.000000000000000000, 38.82986442268668270 ) ) ;
#6802 = EDGE_CURVE ( 'NONE', #7473, #1827, #4215, .T. ) ;
#6803 = CARTESIAN_POINT ( 'NONE',  ( -12.22885665237292407, 0.000000000000000000, 39.42316491394696243 ) ) ;
#6804 = CARTESIAN_POINT ( 'NONE',  ( -10.19073357396589152, 1.000000000000000000, 41.12581091917764553 ) ) ;
#6805 = CYLINDRICAL_SURFACE ( 'NONE', #5944, 1.500000000000001332 ) ;
#6806 = VECTOR ( 'NONE', #3356, 1000.000000000000000 ) ;
#6807 = ORIENTED_EDGE ( 'NONE', *, *, #1922, .T. ) ;
#6808 = PLANE ( 'NONE',  #7759 ) ;
#6809 = VERTEX_POINT ( 'NONE', #6723 ) ;
#6810 = CARTESIAN_POINT ( 'NONE',  ( -8.132799525236222848, 0.000000000000000000, 41.10818612692376206 ) ) ;
#6811 = EDGE_CURVE ( 'NONE', #5152, #3659, #1049, .T. ) ;
#6812 = ORIENTED_EDGE ( 'NONE', *, *, #4656, .F. ) ;
#6813 = CARTESIAN_POINT ( 'NONE',  ( -18.50000000000000355, 2.000000000000000000, -42.00000000000000000 ) ) ;
#6814 = EDGE_CURVE ( 'NONE', #6481, #867, #1737, .T. ) ;
#6815 = AXIS2_PLACEMENT_3D ( 'NONE', #3671, #2360, #3019 ) ;
#6816 = FACE_OUTER_BOUND ( 'NONE', #2500, .T. ) ;
#6817 = CARTESIAN_POINT ( 'NONE',  ( -3.322165638162387413, 0.000000000000000000, 39.17012568194358835 ) ) ;
#6818 = CARTESIAN_POINT ( 'NONE',  ( 2.958039891549808509, 2.000000000000000000, 27.02500000000000213 ) ) ;
#6819 = EDGE_CURVE ( 'NONE', #7246, #5134, #3606, .T. ) ;
#6820 = EDGE_CURVE ( 'NONE', #4305, #1182, #2300, .T. ) ;
#6821 = ORIENTED_EDGE ( 'NONE', *, *, #7664, .T. ) ;
#6822 = CARTESIAN_POINT ( 'NONE',  ( -19.50000000000000355, 24.00000000000000000, -14.50000000000004086 ) ) ;
#6823 = CARTESIAN_POINT ( 'NONE',  ( -3.595841961355080052, 1.000000000000000000, 39.46968449338162799 ) ) ;
#6824 = LINE ( 'NONE', #1232, #825 ) ;
#6825 = CARTESIAN_POINT ( 'NONE',  ( -9.918857049744550736, 0.000000000000000000, 41.74364952252324912 ) ) ;
#6826 = CARTESIAN_POINT ( 'NONE',  ( -12.55793330369778182, 1.000000000000000000, 41.36959297505097766 ) ) ;
#6827 = ORIENTED_EDGE ( 'NONE', *, *, #7707, .T. ) ;
#6828 = CARTESIAN_POINT ( 'NONE',  ( 4.775688665340304682E-15, 14.49999999999999822, 39.99999999999999289 ) ) ;
#6829 = CARTESIAN_POINT ( 'NONE',  ( -9.358242940752422356, 1.000000000000000000, 41.47669141429480533 ) ) ;
#6830 = LINE ( 'NONE', #2986, #2437 ) ;
#6831 = LINE ( 'NONE', #57, #1772 ) ;
#6832 = DIRECTION ( 'NONE',  ( -0.000000000000000000, -1.000000000000000000, -0.000000000000000000 ) ) ;
#6833 = LINE ( 'NONE', #4288, #3092 ) ;
#6834 = CARTESIAN_POINT ( 'NONE',  ( -4.910609985946062572, 1.000000000000000000, 40.23206225803919978 ) ) ;
#6835 = ORIENTED_EDGE ( 'NONE', *, *, #933, .F. ) ;
#6836 = CARTESIAN_POINT ( 'NONE',  ( -7.448561292444315640, 1.000000000000000000, 40.98255925636070174 ) ) ;
#6837 = ORIENTED_EDGE ( 'NONE', *, *, #6907, .T. ) ;
#6838 = CARTESIAN_POINT ( 'NONE',  ( -5.704891215557157835, 0.000000000000000000, 39.35075519117447840 ) ) ;
#6839 = CARTESIAN_POINT ( 'NONE',  ( -13.18242627714190540, 1.000000000000000000, 39.63225373965762799 ) ) ;
#6840 = CARTESIAN_POINT ( 'NONE',  ( -5.995483431493542348, 1.000000000000000000, 41.62894252004940654 ) ) ;
#6841 = VECTOR ( 'NONE', #5080, 1000.000000000000000 ) ;
#6842 = AXIS2_PLACEMENT_3D ( 'NONE', #3875, #6340, #7595 ) ;
#6843 = CARTESIAN_POINT ( 'NONE',  ( -2.419464096465670622, 1.000000000000000000, 42.19999999999999574 ) ) ;
#6844 = DIRECTION ( 'NONE',  ( -0.8591433408540535277, 0.000000000000000000, 0.5117350094200469046 ) ) ;
#6845 = CARTESIAN_POINT ( 'NONE',  ( 1.338183063655702609, 0.000000000000000000, 38.87307128906249432 ) ) ;
#6846 = CIRCLE ( 'NONE', #8010, 2.500000000000002220 ) ;
#6847 = VECTOR ( 'NONE', #3434, 1000.000000000000000 ) ;
#6848 = ORIENTED_EDGE ( 'NONE', *, *, #4008, .F. ) ;
#6849 = DIRECTION ( 'NONE',  ( 1.000000000000000000, 0.000000000000000000, 0.000000000000000000 ) ) ;
#6850 = ORIENTED_EDGE ( 'NONE', *, *, #5168, .F. ) ;
#6851 = FACE_OUTER_BOUND ( 'NONE', #7986, .T. ) ;
#6852 = AXIS2_PLACEMENT_3D ( 'NONE', #5479, #7966, #1765 ) ;
#6853 = ORIENTED_EDGE ( 'NONE', *, *, #4994, .F. ) ;
#6854 = CARTESIAN_POINT ( 'NONE',  ( -11.99316053514356817, 0.000000000000000000, 39.39155368557223369 ) ) ;
#6855 = EDGE_CURVE ( 'NONE', #3906, #5643, #6110, .T. ) ;
#6856 = CARTESIAN_POINT ( 'NONE',  ( -8.118192763487973806, 0.000000000000000000, 40.04731677189010242 ) ) ;
#6857 = DIRECTION ( 'NONE',  ( -1.000000000000000000, 0.000000000000000000, 0.000000000000000000 ) ) ;
#6858 = AXIS2_PLACEMENT_3D ( 'NONE', #503, #3020, #4893 ) ;
#6859 = CARTESIAN_POINT ( 'NONE',  ( 19.49999999999999645, 26.00000000000000355, -14.50000000000004086 ) ) ;
#6860 = ORIENTED_EDGE ( 'NONE', *, *, #6530, .F. ) ;
#6861 = EDGE_CURVE ( 'NONE', #1400, #6430, #1131, .T. ) ;
#6862 = DIRECTION ( 'NONE',  ( 0.000000000000000000, 0.000000000000000000, -1.000000000000000000 ) ) ;
#6863 = CARTESIAN_POINT ( 'NONE',  ( -2.974463347337334085, 1.000000000000000000, 38.96778353771131975 ) ) ;
#6864 = PLANE ( 'NONE',  #6301 ) ;
#6865 = EDGE_CURVE ( 'NONE', #7564, #3970, #4178, .T. ) ;
#6866 = CARTESIAN_POINT ( 'NONE',  ( 0.000000000000000000, 0.000000000000000000, 0.000000000000000000 ) ) ;
#6867 = ADVANCED_FACE ( 'NONE', ( #6150 ), #5657, .T. ) ;
#6868 = VECTOR ( 'NONE', #1091, 1000.000000000000000 ) ;
#6869 = CARTESIAN_POINT ( 'NONE',  ( -9.547921941187476946, 1.000000000000000000, 40.83358285086494988 ) ) ;
#6870 = ORIENTED_EDGE ( 'NONE', *, *, #1136, .F. ) ;
#6871 = CYLINDRICAL_SURFACE ( 'NONE', #1105, 2.999999999999999112 ) ;
#6872 = ORIENTED_EDGE ( 'NONE', *, *, #5865, .F. ) ;
#6873 = DIRECTION ( 'NONE',  ( 0.000000000000000000, 0.000000000000000000, 1.000000000000000000 ) ) ;
#6874 = CARTESIAN_POINT ( 'NONE',  ( -9.546851342382055350, 0.000000000000000000, 40.92878304598654182 ) ) ;
#6875 = CARTESIAN_POINT ( 'NONE',  ( -8.153167122906451070, 1.000000000000000000, 39.87868280993804149 ) ) ;
#6876 = CARTESIAN_POINT ( 'NONE',  ( -6.308232410262573531, 1.000000000000000000, 42.08952340269906500 ) ) ;
#6877 = CARTESIAN_POINT ( 'NONE',  ( -7.014461490717955883, 1.000000000000000000, 40.18857519758690700 ) ) ;
#6878 = CARTESIAN_POINT ( 'NONE',  ( -5.052651142675540719, 1.000000000000000000, 39.65901123847051934 ) ) ;
#6879 = DIRECTION ( 'NONE',  ( 1.000000000000000000, 0.000000000000000000, 0.000000000000000000 ) ) ;
#6880 = ORIENTED_EDGE ( 'NONE', *, *, #2961, .T. ) ;
#6881 = CARTESIAN_POINT ( 'NONE',  ( -5.573498472289083239, -0.000000000000000000, 38.83090765209404083 ) ) ;
#6882 = ORIENTED_EDGE ( 'NONE', *, *, #890, .F. ) ;
#6883 = DIRECTION ( 'NONE',  ( -1.000000000000000000, 0.000000000000000000, 0.000000000000000000 ) ) ;
#6884 = CARTESIAN_POINT ( 'NONE',  ( -12.48501330907420659, 0.000000000000000000, 40.12264124650415198 ) ) ;
#6885 = CARTESIAN_POINT ( 'NONE',  ( -13.22210079120285009, 0.000000000000000000, 41.31234092979578776 ) ) ;
#6886 = VECTOR ( 'NONE', #7087, 1000.000000000000000 ) ;
#6887 = DIRECTION ( 'NONE',  ( -0.000000000000000000, -1.000000000000000000, -0.000000000000000000 ) ) ;
#6888 = LINE ( 'NONE', #1986, #2640 ) ;
#6889 = DIRECTION ( 'NONE',  ( 0.000000000000000000, 0.000000000000000000, -1.000000000000000000 ) ) ;
#6890 = VERTEX_POINT ( 'NONE', #6799 ) ;
#6891 = CARTESIAN_POINT ( 'NONE',  ( 0.000000000000000000, 0.000000000000000000, 0.000000000000000000 ) ) ;
#6892 = ORIENTED_EDGE ( 'NONE', *, *, #2305, .F. ) ;
#6893 = CARTESIAN_POINT ( 'NONE',  ( -4.247654629992202224, 1.000000000000000000, 40.83493306543919488 ) ) ;
#6894 = ORIENTED_EDGE ( 'NONE', *, *, #4849, .F. ) ;
#6895 = DIRECTION ( 'NONE',  ( -0.000000000000000000, -0.000000000000000000, 1.000000000000000000 ) ) ;
#6896 = B_SPLINE_SURFACE_WITH_KNOTS ( 'NONE', 3, 1, ( 
 ( #3042, #6202 ),
 ( #5966, #7802 ),
 ( #380, #2206 ),
 ( #1826, #5349 ),
 ( #7837, #1026 ),
 ( #7983, #5539 ),
 ( #2387, #7419 ),
 ( #8028, #4921 ),
 ( #4304, #2779 ),
 ( #1989, #5710 ),
 ( #2554, #3739 ),
 ( #1342, #36 ),
 ( #1259, #6327 ),
 ( #5664, #8071 ),
 ( #693, #3821 ),
 ( #3782, #6935 ),
 ( #5130, #5752 ),
 ( #2597, #2638 ),
 ( #121, #6245 ) ),
 .UNSPECIFIED., .F., .F., .F.,
 ( 4, 1, 1, 1, 1, 1, 1, 1, 1, 1, 1, 1, 1, 1, 1, 1, 4 ),
 ( 2, 2 ),
 ( 0.000000000000000000, 0.07508138526919318212, 0.1467848926127365838, 0.2154666963927281687, 0.2815318614138196396, 0.3457619938168169371, 0.4082707809681710986, 0.4695961891400196597, 0.5303076506397788048, 0.5895122297284521862, 0.6474493612319587310, 0.7038250251780923117, 0.7602055749988264610, 0.8172201389990154663, 0.8754039741109075345, 0.9364164093463507310, 1.000000000000000000 ),
 ( 0.000000000000000000, 1.000000000000000000 ),
 .UNSPECIFIED. ) ;
#6897 = CARTESIAN_POINT ( 'NONE',  ( -0.5000000000000004441, -0.2360679774997919977, 29.48303989154980798 ) ) ;
#6898 = CARTESIAN_POINT ( 'NONE',  ( 2.958039891549808509, -0.2360679774997919977, 26.02499999999999858 ) ) ;
#6899 = CARTESIAN_POINT ( 'NONE',  ( 3.158039891549775824, 2.000000000000000000, 26.02499999999999858 ) ) ;
#6900 = VERTEX_POINT ( 'NONE', #8064 ) ;
#6901 = CARTESIAN_POINT ( 'NONE',  ( -9.474225585137016736, 1.000000000000000000, 41.26930175355269625 ) ) ;
#6902 = CARTESIAN_POINT ( 'NONE',  ( -2.419464096465670622, 0.000000000000000000, 38.87307128906249432 ) ) ;
#6903 = EDGE_CURVE ( 'NONE', #1207, #7127, #2462, .T. ) ;
#6904 = VERTEX_POINT ( 'NONE', #2501 ) ;
#6905 = AXIS2_PLACEMENT_3D ( 'NONE', #1481, #4606, #869 ) ;
#6906 = SHAPE_DEFINITION_REPRESENTATION ( #1633, #2959 ) ;
#6907 = EDGE_CURVE ( 'NONE', #2921, #3488, #3811, .T. ) ;
#6908 = ORIENTED_EDGE ( 'NONE', *, *, #5006, .F. ) ;
#6909 = PLANE ( 'NONE',  #6125 ) ;
#6910 = ORIENTED_EDGE ( 'NONE', *, *, #3964, .T. ) ;
#6911 = DIRECTION ( 'NONE',  ( -1.000000000000000000, 0.000000000000000000, 0.000000000000000000 ) ) ;
#6912 = VERTEX_POINT ( 'NONE', #643 ) ;
#6913 = ORIENTED_EDGE ( 'NONE', *, *, #4505, .T. ) ;
#6914 = DIRECTION ( 'NONE',  ( -0.000000000000000000, -1.000000000000000000, -0.000000000000000000 ) ) ;
#6915 = CARTESIAN_POINT ( 'NONE',  ( -9.522354633358659726, 1.000000000000000000, 41.10816754691646224 ) ) ;
#6916 = ADVANCED_FACE ( 'NONE', ( #1252 ), #3731, .T. ) ;
#6917 = CARTESIAN_POINT ( 'NONE',  ( -2.553529537335983868, 0.000000000000000000, 39.40461494052632219 ) ) ;
#6918 = FACE_OUTER_BOUND ( 'NONE', #3409, .T. ) ;
#6919 = EDGE_CURVE ( 'NONE', #321, #7262, #6235, .T. ) ;
#6920 = LINE ( 'NONE', #3804, #6806 ) ;
#6921 = EDGE_CURVE ( 'NONE', #555, #6492, #6473, .T. ) ;
#6922 = CARTESIAN_POINT ( 'NONE',  ( -2.419464096465670622, 1.000000000000000000, 42.19999999999999574 ) ) ;
#6923 = DIRECTION ( 'NONE',  ( 0.000000000000000000, 0.000000000000000000, 1.000000000000000000 ) ) ;
#6924 = EDGE_LOOP ( 'NONE', ( #1462, #6954, #2070 ) ) ;
#6925 = CARTESIAN_POINT ( 'NONE',  ( -4.394774015555976021, 0.000000000000000000, 39.55827786110705091 ) ) ;
#6926 = ORIENTED_EDGE ( 'NONE', *, *, #3326, .T. ) ;
#6927 = FACE_OUTER_BOUND ( 'NONE', #3425, .T. ) ;
#6928 = EDGE_CURVE ( 'NONE', #3186, #5643, #1899, .T. ) ;
#6929 = CARTESIAN_POINT ( 'NONE',  ( -2.436698586202240335, 2.200000000000000178, 24.77499999999999858 ) ) ;
#6930 = CARTESIAN_POINT ( 'NONE',  ( -6.276917473326945718, 0.000000000000000000, 41.26930175355268915 ) ) ;
#6931 = CARTESIAN_POINT ( 'NONE',  ( 8.250000000000001776, 19.24999999999999645, 43.50000000000000000 ) ) ;
#6932 = CARTESIAN_POINT ( 'NONE',  ( -9.505540522072642773, 1.000000000000000000, 42.08952340269906500 ) ) ;
#6933 = CARTESIAN_POINT ( 'NONE',  ( -8.107918097756128262, 1.000000000000000000, 40.83358285086494988 ) ) ;
#6934 = ORIENTED_EDGE ( 'NONE', *, *, #6375, .T. ) ;
#6935 = CARTESIAN_POINT ( 'NONE',  ( -5.467077410506236745, 0.000000000000000000, 41.71097785711830852 ) ) ;
#6936 = ORIENTED_EDGE ( 'NONE', *, *, #2107, .T. ) ;
#6937 = CARTESIAN_POINT ( 'NONE',  ( 3.345277028269577180, 0.000000000000000000, 42.19999999999999574 ) ) ;
#6938 = CARTESIAN_POINT ( 'NONE',  ( -8.980842693413698896, 1.000000000000000000, 39.36219628023815886 ) ) ;
#6939 = ORIENTED_EDGE ( 'NONE', *, *, #4044, .T. ) ;
#6940 = CARTESIAN_POINT ( 'NONE',  ( -3.812214834283711440, 1.000000000000000000, 40.11498680206921108 ) ) ;
#6941 = CARTESIAN_POINT ( 'NONE',  ( -12.69609325622486296, 1.000000000000000000, 40.59396509033186362 ) ) ;
#6942 = DIRECTION ( 'NONE',  ( 0.7071067811865512365, -0.7071067811865439090, -0.000000000000000000 ) ) ;
#6943 = CARTESIAN_POINT ( 'NONE',  ( -20.50000000000000355, 0.5000000000000000000, -40.99999999999999289 ) ) ;
#6944 = EDGE_LOOP ( 'NONE', ( #222, #7068, #2174, #5859 ) ) ;
#6945 = CARTESIAN_POINT ( 'NONE',  ( -5.390571355204873072, -2.168404344971008868E-16, 39.38081116844903562 ) ) ;
#6946 = CARTESIAN_POINT ( 'NONE',  ( -5.053822188417895767, 0.000000000000000000, 41.41263195574053668 ) ) ;
#6947 = CIRCLE ( 'NONE', #2887, 0.8500000000000000888 ) ;
#6948 = EDGE_LOOP ( 'NONE', ( #2088, #3506, #2138, #5421 ) ) ;
#6949 = LINE ( 'NONE', #3794, #2211 ) ;
#6950 = ADVANCED_FACE ( 'NONE', ( #6927 ), #6317, .T. ) ;
#6951 = VERTEX_POINT ( 'NONE', #4461 ) ;
#6952 = FACE_OUTER_BOUND ( 'NONE', #7787, .T. ) ;
#6953 = EDGE_LOOP ( 'NONE', ( #7125, #7545, #2738, #5131, #3291, #5733, #1712, #3307, #7224, #4347, #5744, #4074, #4761, #1990, #91, #4832, #3946, #4366 ) ) ;
#6954 = ORIENTED_EDGE ( 'NONE', *, *, #2869, .T. ) ;
#6955 = LINE ( 'NONE', #3800, #6057 ) ;
#6956 = CARTESIAN_POINT ( 'NONE',  ( -9.058205309460076293, 0.000000000000000000, 41.69116160432314899 ) ) ;
#6957 = CARTESIAN_POINT ( 'NONE',  ( -3.136862484297294085, 0.000000000000000000, 40.07566312800436492 ) ) ;
#6958 = CARTESIAN_POINT ( 'NONE',  ( -7.015594507192638218, 1.000000000000000000, 40.23813822362329518 ) ) ;
#6959 = CARTESIAN_POINT ( 'NONE',  ( -12.62647425041788019, 0.000000000000000000, 42.09968338836450386 ) ) ;
#6960 = EDGE_CURVE ( 'NONE', #6900, #2172, #4380, .T. ) ;
#6961 = CARTESIAN_POINT ( 'NONE',  ( -4.247654629992202224, 0.000000000000000000, 40.83493306543919488 ) ) ;
#6962 = ORIENTED_EDGE ( 'NONE', *, *, #4152, .T. ) ;
#6963 = CARTESIAN_POINT ( 'NONE',  ( -5.000000000000000888, 0.3000000000000001554, -41.50000000000002132 ) ) ;
#6964 = ORIENTED_EDGE ( 'NONE', *, *, #4414, .T. ) ;
#6965 = CARTESIAN_POINT ( 'NONE',  ( 2.680296350454350662, 1.000000000000000000, 38.87307128906249432 ) ) ;
#6966 = LINE ( 'NONE', #7657, #7920 ) ;
#6967 = CARTESIAN_POINT ( 'NONE',  ( -6.055659521459856975, 1.000000000000000000, 41.58568926665001442 ) ) ;
#6968 = EDGE_CURVE ( 'NONE', #2637, #321, #5082, .T. ) ;
#6969 = CARTESIAN_POINT ( 'NONE',  ( 2.680296350454350662, 1.000000000000000000, 42.19999999999999574 ) ) ;
#6970 = EDGE_CURVE ( 'NONE', #5688, #4225, #1293, .T. ) ;
#6971 = DIRECTION ( 'NONE',  ( -1.000000000000000000, -0.000000000000000000, -0.000000000000000000 ) ) ;
#6972 = EDGE_CURVE ( 'NONE', #5686, #5025, #768, .T. ) ;
#6973 = DIRECTION ( 'NONE',  ( -0.000000000000000000, 1.000000000000000000, -0.000000000000000000 ) ) ;
#6974 = ORIENTED_EDGE ( 'NONE', *, *, #5774, .T. ) ;
#6975 = CARTESIAN_POINT ( 'NONE',  ( -2.469026273690760664, 1.000000000000000000, 42.19886273336930316 ) ) ;
#6976 = B_SPLINE_SURFACE_WITH_KNOTS ( 'NONE', 3, 1, ( 
 ( #607, #4996 ),
 ( #8068, #7416 ),
 ( #2594, #1859 ),
 ( #6804, #6282 ),
 ( #1823, #6242 ),
 ( #688, #3692 ),
 ( #3084, #3164 ),
 ( #4426, #647 ),
 ( #4300, #563 ),
 ( #2550, #3039 ),
 ( #5533, #1945 ),
 ( #5579, #1904 ),
 ( #6932, #1256 ),
 ( #7494, #3122 ),
 ( #4385, #1338 ),
 ( #6323, #731 ),
 ( #931, #2105 ),
 ( #6529, #846 ),
 ( #2027, #7090 ) ),
 .UNSPECIFIED., .F., .F., .F.,
 ( 4, 1, 1, 1, 1, 1, 1, 1, 1, 1, 1, 1, 1, 1, 1, 1, 4 ),
 ( 2, 2 ),
 ( 0.000000000000000000, 0.06725487302720209448, 0.1322381225825242923, 0.1948031581500086484, 0.2562468496294657005, 0.3166976563282773993, 0.3770420711781234391, 0.4378748038330637082, 0.4994890483826037730, 0.5612269675233085842, 0.6217977186905822018, 0.6819241721295510317, 0.7424712588206616726, 0.8038193238971659271, 0.8668136612825509957, 0.9321374888020109717, 1.000000000000000000 ),
 ( 0.000000000000000000, 1.000000000000000000 ),
 .UNSPECIFIED. ) ;
#6977 = VERTEX_POINT ( 'NONE', #7410 ) ;
#6978 = LINE ( 'NONE', #6937, #8011 ) ;
#6979 = VECTOR ( 'NONE', #3604, 1000.000000000000000 ) ;
#6980 = CARTESIAN_POINT ( 'NONE',  ( -9.473612029372461052, 1.000000000000000000, 39.80272785000477143 ) ) ;
#6981 = VERTEX_POINT ( 'NONE', #5203 ) ;
#6982 = CARTESIAN_POINT ( 'NONE',  ( -2.709108999133828632, 1.000000000000000000, 38.89498084162867286 ) ) ;
#6983 = VECTOR ( 'NONE', #6261, 1000.000000000000000 ) ;
#6984 = AXIS2_PLACEMENT_3D ( 'NONE', #6167, #572, #1024 ) ;
#6985 = AXIS2_PLACEMENT_3D ( 'NONE', #3788, #1998, #6293 ) ;
#6986 = DIRECTION ( 'NONE',  ( 1.000000000000000000, -0.000000000000000000, 0.000000000000000000 ) ) ;
#6987 = CARTESIAN_POINT ( 'NONE',  ( 6.000000000000004441, 19.24999999999999645, 43.50000000000000000 ) ) ;
#6988 = LINE ( 'NONE', #2520, #4090 ) ;
#6989 = AXIS2_PLACEMENT_3D ( 'NONE', #3751, #5017, #7994 ) ;
#6990 = EDGE_LOOP ( 'NONE', ( #7103, #1593, #3820, #82 ) ) ;
#6991 = CIRCLE ( 'NONE', #5681, 1.500000000000001332 ) ;
#6992 = ORIENTED_EDGE ( 'NONE', *, *, #2818, .T. ) ;
#6993 = AXIS2_PLACEMENT_3D ( 'NONE', #3885, #5892, #1526 ) ;
#6994 = FACE_BOUND ( 'NONE', #5998, .T. ) ;
#6995 = ORIENTED_EDGE ( 'NONE', *, *, #7392, .F. ) ;
#6996 = CARTESIAN_POINT ( 'NONE',  ( -8.109230760797112580, 1.000000000000000000, 40.13825685875954719 ) ) ;
#6997 = ORIENTED_EDGE ( 'NONE', *, *, #2505, .F. ) ;
#6998 = CARTESIAN_POINT ( 'NONE',  ( -2.845046675454771634, 0.000000000000000000, 42.14747470112353511 ) ) ;
#6999 = CARTESIAN_POINT ( 'NONE',  ( -12.48493726452301189, 1.000000000000000000, 39.63584353947666017 ) ) ;
#7000 = CARTESIAN_POINT ( 'NONE',  ( -2.704308327381213406, 0.000000000000000000, 39.44998204521358787 ) ) ;
#7001 = CIRCLE ( 'NONE', #7640, 2.750000000000000888 ) ;
#7002 = FACE_OUTER_BOUND ( 'NONE', #7137, .T. ) ;
#7003 = AXIS2_PLACEMENT_3D ( 'NONE', #4593, #2233, #327 ) ;
#7004 = LINE ( 'NONE', #3927, #6626 ) ;
#7005 = CARTESIAN_POINT ( 'NONE',  ( 15.99999999999999645, 2.000000000000000000, 41.99999999999999289 ) ) ;
#7006 = ORIENTED_EDGE ( 'NONE', *, *, #5013, .T. ) ;
#7007 = DIRECTION ( 'NONE',  ( 0.000000000000000000, 1.000000000000000000, 0.000000000000000000 ) ) ;
#7008 = VERTEX_POINT ( 'NONE', #5245 ) ;
#7009 = CARTESIAN_POINT ( 'NONE',  ( -6.867448959171622569, 1.000000000000000000, 41.51656985354617291 ) ) ;
#7010 = CARTESIAN_POINT ( 'NONE',  ( -12.04109315252923551, 1.000000000000000000, 40.86058714234982858 ) ) ;
#7011 = CARTESIAN_POINT ( 'NONE',  ( -13.17438062680041888, 0.000000000000000000, 41.04624192865701815 ) ) ;
#7012 = ADVANCED_FACE ( 'NONE', ( #2062 ), #2994, .T. ) ;
#7013 = FACE_OUTER_BOUND ( 'NONE', #6084, .T. ) ;
#7014 = CARTESIAN_POINT ( 'NONE',  ( -18.49999999999999289, 27.53553390593273775, 39.49999999999999289 ) ) ;
#7015 = EDGE_CURVE ( 'NONE', #5849, #1207, #4579, .T. ) ;
#7016 = CARTESIAN_POINT ( 'NONE',  ( -9.501333274198879408, 0.000000000000000000, 41.19105569659330257 ) ) ;
#7017 = ORIENTED_EDGE ( 'NONE', *, *, #5322, .T. ) ;
#7018 = CARTESIAN_POINT ( 'NONE',  ( -13.38995751219910524, 0.000000000000000000, 42.19999999999999574 ) ) ;
#7019 = EDGE_LOOP ( 'NONE', ( #4911, #824, #4695, #1221, #1988, #4407, #396, #1095, #6205, #7982, #2650, #839, #1999, #3156, #5000, #3319, #4478, #4001, #1518, #642, #5636, #1195, #7912, #7207 ) ) ;
#7020 = CARTESIAN_POINT ( 'NONE',  ( -12.97491779268469614, 1.000000000000000000, 40.74084060040951272 ) ) ;
#7021 = CARTESIAN_POINT ( 'NONE',  ( -9.440550537951432730, 1.000000000000000000, 39.72928893388638016 ) ) ;
#7022 = CIRCLE ( 'NONE', #1017, 2.750000000000001776 ) ;
#7023 = VECTOR ( 'NONE', #7169, 1000.000000000000000 ) ;
#7024 = EDGE_CURVE ( 'NONE', #5789, #6080, #6441, .T. ) ;
#7025 = EDGE_CURVE ( 'NONE', #5822, #4389, #2789, .T. ) ;
#7026 = ORIENTED_EDGE ( 'NONE', *, *, #6754, .T. ) ;
#7027 = FACE_OUTER_BOUND ( 'NONE', #7244, .T. ) ;
#7028 = DIRECTION ( 'NONE',  ( 0.000000000000000000, -0.000000000000000000, 1.000000000000000000 ) ) ;
#7029 = DIRECTION ( 'NONE',  ( 0.000000000000000000, 0.000000000000000000, 1.000000000000000000 ) ) ;
#7030 = CARTESIAN_POINT ( 'NONE',  ( -0.6776872956907611378, 0.000000000000000000, 42.19999999999999574 ) ) ;
#7031 = DIRECTION ( 'NONE',  ( 1.000000000000000000, 0.000000000000000000, 0.000000000000000000 ) ) ;
#7032 = EDGE_LOOP ( 'NONE', ( #6770, #6722, #1249, #3143, #2193, #5286 ) ) ;
#7033 = EDGE_LOOP ( 'NONE', ( #5036, #5581, #4835, #3461 ) ) ;
#7034 = DIRECTION ( 'NONE',  ( 0.8616842594738012284, -0.000000000000000000, 0.5074448117530484526 ) ) ;
#7035 = ORIENTED_EDGE ( 'NONE', *, *, #5553, .F. ) ;
#7036 = CARTESIAN_POINT ( 'NONE',  ( -12.32182314443766380, 1.000000000000000000, 40.27776018297913652 ) ) ;
#7037 = VERTEX_POINT ( 'NONE', #6482 ) ;
#7038 = CARTESIAN_POINT ( 'NONE',  ( -19.50000000000000355, 24.57185199325789071, -14.50000000000004086 ) ) ;
#7039 = CARTESIAN_POINT ( 'NONE',  ( -5.000000000000000888, 2.000000000000000000, -41.50000000000002132 ) ) ;
#7040 = CARTESIAN_POINT ( 'NONE',  ( -3.147922526808703214, 0.000000000000000000, 40.22640960053409032 ) ) ;
#7041 = CARTESIAN_POINT ( 'NONE',  ( -3.148579966557493393, 1.000000000000000000, 40.81062920310279907 ) ) ;
#7042 = DIRECTION ( 'NONE',  ( -0.000000000000000000, -1.000000000000000000, -0.000000000000000000 ) ) ;
#7043 = DIRECTION ( 'NONE',  ( -0.000000000000000000, 0.000000000000000000, -1.000000000000000000 ) ) ;
#7044 = ORIENTED_EDGE ( 'NONE', *, *, #7252, .F. ) ;
#7045 = CARTESIAN_POINT ( 'NONE',  ( -7.591775790034061444, 1.000000000000000000, 41.51653259535947882 ) ) ;
#7046 = ORIENTED_EDGE ( 'NONE', *, *, #89, .T. ) ;
#7047 = CARTESIAN_POINT ( 'NONE',  ( -6.185493587716105246, 1.000000000000000000, 42.14558066666308633 ) ) ;
#7048 = CARTESIAN_POINT ( 'NONE',  ( 11.65000000000000036, 5.000000000000000000, -15.45000000000001883 ) ) ;
#7049 = CARTESIAN_POINT ( 'NONE',  ( -4.948897147269431862, 1.000000000000000000, 42.08951814818546922 ) ) ;
#7050 = CARTESIAN_POINT ( 'NONE',  ( -19.65534243804603420, 24.34999999999999787, 42.64497474683058442 ) ) ;
#7051 = CARTESIAN_POINT ( 'NONE',  ( -12.45489647053752691, 0.000000000000000000, 41.03568055280742755 ) ) ;
#7052 = CARTESIAN_POINT ( 'NONE',  ( -9.547921941187476946, 0.000000000000000000, 40.83358285086494988 ) ) ;
#7053 = EDGE_CURVE ( 'NONE', #5845, #7256, #5033, .T. ) ;
#7054 = ORIENTED_EDGE ( 'NONE', *, *, #6157, .F. ) ;
#7055 = CARTESIAN_POINT ( 'NONE',  ( -3.121804266686193596, 1.000000000000000000, 39.99040445071936745 ) ) ;
#7056 = EDGE_LOOP ( 'NONE', ( #6992, #4446, #3190, #7218, #1167, #2598 ) ) ;
#7057 = DIRECTION ( 'NONE',  ( -0.000000000000000000, 1.000000000000000000, -0.000000000000000000 ) ) ;
#7058 = CARTESIAN_POINT ( 'NONE',  ( -8.902199327367220860, 1.000000000000000000, 39.35075519117446419 ) ) ;
#7059 = ORIENTED_EDGE ( 'NONE', *, *, #2859, .F. ) ;
#7060 = CARTESIAN_POINT ( 'NONE',  ( -8.672858230418485803, 1.000000000000000000, 38.83295029064272086 ) ) ;
#7061 = FACE_OUTER_BOUND ( 'NONE', #4599, .T. ) ;
#7062 = CARTESIAN_POINT ( 'NONE',  ( -13.21583824381312944, 0.000000000000000000, 41.24132990925804876 ) ) ;
#7063 = CARTESIAN_POINT ( 'NONE',  ( -12.53797211585106908, 1.000000000000000000, 39.88033136144860435 ) ) ;
#7064 = ADVANCED_FACE ( 'NONE', ( #155 ), #2630, .T. ) ;
#7065 = CARTESIAN_POINT ( 'NONE',  ( 0.000000000000000000, 1.999999999999999556, 28.02500000000000213 ) ) ;
#7066 = ORIENTED_EDGE ( 'NONE', *, *, #29, .T. ) ;
#7067 = EDGE_CURVE ( 'NONE', #7822, #7655, #3516, .T. ) ;
#7068 = ORIENTED_EDGE ( 'NONE', *, *, #90, .F. ) ;
#7069 = EDGE_CURVE ( 'NONE', #6234, #7644, #4854, .T. ) ;
#7070 = CYLINDRICAL_SURFACE ( 'NONE', #4800, 0.8500000000000035305 ) ;
#7071 = ADVANCED_FACE ( 'NONE', ( #356 ), #6721, .T. ) ;
#7072 = EDGE_LOOP ( 'NONE', ( #4744, #4477, #4344, #7683 ) ) ;
#7073 = CARTESIAN_POINT ( 'NONE',  ( -12.22561745848038761, 1.000000000000000000, 40.31405604023855460 ) ) ;
#7074 = VECTOR ( 'NONE', #4170, 1000.000000000000000 ) ;
#7075 = VERTEX_POINT ( 'NONE', #1606 ) ;
#7076 = DIRECTION ( 'NONE',  ( -0.000000000000000000, 1.000000000000000000, -0.000000000000000000 ) ) ;
#7077 = CARTESIAN_POINT ( 'NONE',  ( -12.05696112574656453, 1.000000000000000000, 39.39273877232560750 ) ) ;
#7078 = LINE ( 'NONE', #8045, #3187 ) ;
#7079 = LINE ( 'NONE', #7041, #2116 ) ;
#7080 = VECTOR ( 'NONE', #278, 1000.000000000000000 ) ;
#7081 = CYLINDRICAL_SURFACE ( 'NONE', #4004, 0.8500000000000000888 ) ;
#7082 = DIRECTION ( 'NONE',  ( -0.000000000000000000, -0.000000000000000000, 1.000000000000000000 ) ) ;
#7083 = VERTEX_POINT ( 'NONE', #7886 ) ;
#7084 = CARTESIAN_POINT ( 'NONE',  ( -7.658857101064306505, 1.000000000000000000, 41.63289887886230645 ) ) ;
#7085 = ORIENTED_EDGE ( 'NONE', *, *, #872, .T. ) ;
#7086 = DIRECTION ( 'NONE',  ( -0.000000000000000000, -1.000000000000000000, -0.000000000000000000 ) ) ;
#7087 = DIRECTION ( 'NONE',  ( -0.000000000000000000, -1.000000000000000000, -0.000000000000000000 ) ) ;
#7088 = CARTESIAN_POINT ( 'NONE',  ( -12.55822533446472988, 0.000000000000000000, 41.38987125545352797 ) ) ;
#7089 = DIRECTION ( 'NONE',  ( 1.000000000000000000, -0.000000000000000000, 0.000000000000000000 ) ) ;
#7090 = CARTESIAN_POINT ( 'NONE',  ( -8.822856714818387402, 0.000000000000000000, 42.24320686637580025 ) ) ;
#7091 = DIRECTION ( 'NONE',  ( -1.000000000000000000, -0.000000000000000000, -0.000000000000000000 ) ) ;
#7092 = ORIENTED_EDGE ( 'NONE', *, *, #3063, .T. ) ;
#7093 = FACE_OUTER_BOUND ( 'NONE', #3309, .T. ) ;
#7094 = ORIENTED_EDGE ( 'NONE', *, *, #2129, .F. ) ;
#7095 = CARTESIAN_POINT ( 'NONE',  ( -13.09579162943838782, 1.000000000000000000, 40.87836570454382468 ) ) ;
#7096 = CARTESIAN_POINT ( 'NONE',  ( -6.921682431048512107, 1.000000000000000000, 39.68145957347610420 ) ) ;
#7097 = CARTESIAN_POINT ( 'NONE',  ( -3.814447738981405323, 0.000000000000000000, 40.21265535997371643 ) ) ;
#7098 = ORIENTED_EDGE ( 'NONE', *, *, #4702, .F. ) ;
#7099 = DIRECTION ( 'NONE',  ( 0.000000000000000000, 0.000000000000000000, -1.000000000000000000 ) ) ;
#7100 = LINE ( 'NONE', #6454, #5576 ) ;
#7101 = CARTESIAN_POINT ( 'NONE',  ( -11.40784251720874387, 0.000000000000000000, 39.39155368557223369 ) ) ;
#7102 = CARTESIAN_POINT ( 'NONE',  ( -12.53797211585106908, 1.000000000000000000, 39.88033136144860435 ) ) ;
#7103 = ORIENTED_EDGE ( 'NONE', *, *, #4453, .F. ) ;
#7104 = DIRECTION ( 'NONE',  ( 0.000000000000000000, 1.000000000000000000, 0.000000000000000000 ) ) ;
#7105 = ORIENTED_EDGE ( 'NONE', *, *, #7309, .T. ) ;
#7106 = EDGE_LOOP ( 'NONE', ( #4266, #1477, #2309, #3799 ) ) ;
#7107 = VECTOR ( 'NONE', #620, 1000.000000000000000 ) ;
#7108 = EDGE_CURVE ( 'NONE', #6703, #5498, #6593, .T. ) ;
#7109 = AXIS2_PLACEMENT_3D ( 'NONE', #3912, #3133, #6252 ) ;
#7110 = FACE_OUTER_BOUND ( 'NONE', #3871, .T. ) ;
#7111 = ADVANCED_FACE ( 'NONE', ( #5438 ), #1117, .T. ) ;
#7112 = ORIENTED_EDGE ( 'NONE', *, *, #2945, .T. ) ;
#7113 = CARTESIAN_POINT ( 'NONE',  ( -12.43299988338930717, 1.000000000000000000, 40.19513745864936993 ) ) ;
#7114 = AXIS2_PLACEMENT_3D ( 'NONE', #2828, #2355, #3622 ) ;
#7115 = ORIENTED_EDGE ( 'NONE', *, *, #2026, .F. ) ;
#7116 = CARTESIAN_POINT ( 'NONE',  ( -2.947325454773202846, 1.000000000000000000, 41.44123198506093786 ) ) ;
#7117 = CARTESIAN_POINT ( 'NONE',  ( -12.52987843984458749, 1.000000000000000000, 39.77464893600133422 ) ) ;
#7118 = ADVANCED_FACE ( 'NONE', ( #3551 ), #2899, .F. ) ;
#7119 = VECTOR ( 'NONE', #2711, 1000.000000000000000 ) ;
#7120 = EDGE_CURVE ( 'NONE', #867, #3781, #2415, .T. ) ;
#7121 = DIRECTION ( 'NONE',  ( -0.000000000000000000, -1.000000000000000000, -0.000000000000000000 ) ) ;
#7122 = CARTESIAN_POINT ( 'NONE',  ( -13.20092747180492943, 0.000000000000000000, 39.84860131895386814 ) ) ;
#7123 = CARTESIAN_POINT ( 'NONE',  ( -4.394467678223994866, 0.000000000000000000, 41.51653259535947882 ) ) ;
#7124 = VECTOR ( 'NONE', #7929, 1000.000000000000114 ) ;
#7125 = ORIENTED_EDGE ( 'NONE', *, *, #5725, .T. ) ;
#7126 = CARTESIAN_POINT ( 'NONE',  ( -12.60038992562543925, 1.000000000000000000, 42.03134024879537378 ) ) ;
#7127 = VERTEX_POINT ( 'NONE', #5394 ) ;
#7128 = CARTESIAN_POINT ( 'NONE',  ( -13.28086941205528326, 0.000000000000000000, 41.99475674533796621 ) ) ;
#7129 = CARTESIAN_POINT ( 'NONE',  ( -9.536704537624450140, 1.000000000000000000, 40.04827691292732084 ) ) ;
#7130 = CARTESIAN_POINT ( 'NONE',  ( -12.34785294336308148, 0.000000000000000000, 40.93813698826512137 ) ) ;
#7131 = CARTESIAN_POINT ( 'NONE',  ( -9.997293152983871778, 0.000000000000000000, 39.44100827606358450 ) ) ;
#7132 = CYLINDRICAL_SURFACE ( 'NONE', #868, 0.8500000000000000888 ) ;
#7133 = DIRECTION ( 'NONE',  ( 0.000000000000000000, 0.000000000000000000, -1.000000000000000000 ) ) ;
#7134 = LINE ( 'NONE', #7620, #345 ) ;
#7135 = VERTEX_POINT ( 'NONE', #4776 ) ;
#7136 = PLANE ( 'NONE',  #1624 ) ;
#7137 = EDGE_LOOP ( 'NONE', ( #1140, #7621, #5550, #2964 ) ) ;
#7138 = DIRECTION ( 'NONE',  ( -1.000000000000000000, 0.000000000000000000, 0.000000000000000000 ) ) ;
#7139 = CARTESIAN_POINT ( 'NONE',  ( -11.99316053514356817, 0.000000000000000000, 38.87307128906249432 ) ) ;
#7140 = CARTESIAN_POINT ( 'NONE',  ( -3.762680386008024236, 1.000000000000000000, 39.83619575229770504 ) ) ;
#7141 = DIRECTION ( 'NONE',  ( -4.163336342344333082E-15, 0.000000000000000000, 1.000000000000000000 ) ) ;
#7142 = FACE_BOUND ( 'NONE', #3740, .T. ) ;
#7143 = LINE ( 'NONE', #5224, #457 ) ;
#7144 = VECTOR ( 'NONE', #2894, 1000.000000000000000 ) ;
#7145 = ORIENTED_EDGE ( 'NONE', *, *, #2703, .F. ) ;
#7146 = CARTESIAN_POINT ( 'NONE',  ( -13.19698562592806823, 1.000000000000000000, 39.97052310937799291 ) ) ;
#7147 = ORIENTED_EDGE ( 'NONE', *, *, #2664, .T. ) ;
#7148 = ORIENTED_EDGE ( 'NONE', *, *, #1220, .F. ) ;
#7149 = AXIS2_PLACEMENT_3D ( 'NONE', #5784, #5041, #2631 ) ;
#7150 = CARTESIAN_POINT ( 'NONE',  ( -2.974463347337334085, 0.000000000000000000, 38.96778353771131975 ) ) ;
#7151 = CARTESIAN_POINT ( 'NONE',  ( -4.920899298970889291, 1.000000000000000000, 41.02078900649159721 ) ) ;
#7152 = EDGE_CURVE ( 'NONE', #3259, #6904, #7276, .T. ) ;
#7153 = ORIENTED_EDGE ( 'NONE', *, *, #3206, .T. ) ;
#7154 = CARTESIAN_POINT ( 'NONE',  ( -3.147929291326182710, 1.000000000000000000, 40.84238612686667125 ) ) ;
#7155 = CARTESIAN_POINT ( 'NONE',  ( -6.350613829377412145, 0.000000000000000000, 40.83358285086494988 ) ) ;
#7156 = CARTESIAN_POINT ( 'NONE',  ( -12.53767858343320540, 0.000000000000000000, 39.86207747711731741 ) ) ;
#7157 = CARTESIAN_POINT ( 'NONE',  ( -13.23225853153248543, 1.000000000000000000, 41.77581869224876954 ) ) ;
#7158 = EDGE_CURVE ( 'NONE', #5477, #3706, #467, .T. ) ;
#7159 = CARTESIAN_POINT ( 'NONE',  ( 2.958039891549808065, 2.000000000000000000, 27.02500000000000213 ) ) ;
#7160 = ADVANCED_FACE ( 'NONE', ( #1725 ), #8015, .T. ) ;
#7161 = ORIENTED_EDGE ( 'NONE', *, *, #3818, .F. ) ;
#7162 = CARTESIAN_POINT ( 'NONE',  ( -13.49999999999999822, 0.2999999999999999889, -17.50000000000001776 ) ) ;
#7163 = DIRECTION ( 'NONE',  ( 0.000000000000000000, 0.000000000000000000, 1.000000000000000000 ) ) ;
#7164 = CARTESIAN_POINT ( 'NONE',  ( -7.525000000000000355, 0.000000000000000000, 24.77499999999999858 ) ) ;
#7165 = CARTESIAN_POINT ( 'NONE',  ( -5.575750238799362712, 1.000000000000000000, 42.24215233848653384 ) ) ;
#7166 = EDGE_CURVE ( 'NONE', #3672, #4467, #1638, .T. ) ;
#7167 = CARTESIAN_POINT ( 'NONE',  ( -10.19098318915358448, 0.000000000000000000, 39.94826238671203811 ) ) ;
#7168 = VECTOR ( 'NONE', #2981, 1000.000000000000000 ) ;
#7169 = DIRECTION ( 'NONE',  ( -0.000000000000000000, -1.000000000000000000, -0.000000000000000000 ) ) ;
#7170 = ADVANCED_FACE ( 'NONE', ( #3192 ), #7398, .T. ) ;
#7171 = DIRECTION ( 'NONE',  ( -0.000000000000000000, -1.000000000000000000, -0.000000000000000000 ) ) ;
#7172 = ORIENTED_EDGE ( 'NONE', *, *, #3602, .F. ) ;
#7173 = CARTESIAN_POINT ( 'NONE',  ( -13.22320601227995596, 1.000000000000000000, 41.38514550444367046 ) ) ;
#7174 = ORIENTED_EDGE ( 'NONE', *, *, #1579, .F. ) ;
#7175 = DIRECTION ( 'NONE',  ( -1.000000000000000000, 0.000000000000000000, 0.000000000000000000 ) ) ;
#7176 = CARTESIAN_POINT ( 'NONE',  ( -12.12865481463962780, 0.000000000000000000, 38.87525926817654920 ) ) ;
#7177 = CARTESIAN_POINT ( 'NONE',  ( -7.657932725564890575, 1.000000000000000000, 39.44123848650360031 ) ) ;
#7178 = VERTEX_POINT ( 'NONE', #5562 ) ;
#7179 = CARTESIAN_POINT ( 'NONE',  ( -6.339444085983210186, 1.000000000000000000, 41.02075128517785885 ) ) ;
#7180 = DIRECTION ( 'NONE',  ( -0.000000000000000000, -1.000000000000000000, -0.000000000000000000 ) ) ;
#7181 = VERTEX_POINT ( 'NONE', #1197 ) ;
#7182 = CARTESIAN_POINT ( 'NONE',  ( -7.012233863435423764, 0.000000000000000000, 40.09112917498210749 ) ) ;
#7183 = VERTEX_POINT ( 'NONE', #4450 ) ;
#7184 = AXIS2_PLACEMENT_3D ( 'NONE', #5798, #1914, #213 ) ;
#7185 = B_SPLINE_CURVE_WITH_KNOTS ( 'NONE', 3,
 ( #904, #293, #2767, #5182, #5262, #7794, #3420, #859, #7749, #1432, #2160, #2199, #4642, #943, #328, #7179, #169, #7632, #2040 ),
 .UNSPECIFIED., .F., .F.,
 ( 4, 1, 1, 1, 1, 1, 1, 1, 1, 1, 1, 1, 1, 1, 1, 1, 4 ),
 ( 0.000000000000000000, 0.06423747715722175067, 0.1259097262829843022, 0.1847459735606457598, 0.2418978195181659407, 0.2988493496186204745, 0.3553042103759533332, 0.4132715226514091511, 0.4724536107966808562, 0.5327944789494867273, 0.5940017050204926541, 0.6561289276357257227, 0.7201351317259208074, 0.7857970234602662529, 0.8540595815342769681, 0.9253769245980613123, 1.000000000000000000 ),
 .UNSPECIFIED. ) ;
#7186 = EDGE_LOOP ( 'NONE', ( #6352, #5051, #3822 ) ) ;
#7187 = DIRECTION ( 'NONE',  ( 0.000000000000000000, 0.000000000000000000, 1.000000000000000000 ) ) ;
#7188 = CARTESIAN_POINT ( 'NONE',  ( -5.261559723456119109, 1.000000000000000000, 41.62871846951557586 ) ) ;
#7189 = EDGE_LOOP ( 'NONE', ( #6458, #6934, #2032, #331 ) ) ;
#7190 = DIRECTION ( 'NONE',  ( -0.8191520442889889120, 0.5735764363510501562, 0.000000000000000000 ) ) ;
#7191 = CARTESIAN_POINT ( 'NONE',  ( -5.332527543509572254, 1.000000000000000000, 38.85258023411333284 ) ) ;
#7192 = VECTOR ( 'NONE', #4535, 1000.000000000000000 ) ;
#7193 = CARTESIAN_POINT ( 'NONE',  ( -13.28086941205528326, 0.000000000000000000, 41.99475674533796621 ) ) ;
#7194 = CARTESIAN_POINT ( 'NONE',  ( -4.911054288888308861, 1.000000000000000000, 40.20031152415153741 ) ) ;
#7195 = CARTESIAN_POINT ( 'NONE',  ( 17.50000000000000000, 0.5000000000000000000, 44.00000000000000000 ) ) ;
#7196 = VERTEX_POINT ( 'NONE', #1804 ) ;
#7197 = CARTESIAN_POINT ( 'NONE',  ( 6.000000000000004441, 19.24999999999999645, 43.00000000000000000 ) ) ;
#7198 = CARTESIAN_POINT ( 'NONE',  ( 20.49999999999999645, 0.5000000000000000000, -44.00000000000000000 ) ) ;
#7199 = CARTESIAN_POINT ( 'NONE',  ( -9.124417034257520598, 1.000000000000000000, 39.40880381279465894 ) ) ;
#7200 = CARTESIAN_POINT ( 'NONE',  ( -5.068305244886597727, 1.000000000000000000, 38.92754240160101631 ) ) ;
#7201 = LINE ( 'NONE', #6525, #6088 ) ;
#7202 = AXIS2_PLACEMENT_3D ( 'NONE', #1741, #4791, #443 ) ;
#7203 = EDGE_CURVE ( 'NONE', #6397, #2542, #6076, .T. ) ;
#7204 = CARTESIAN_POINT ( 'NONE',  ( -4.247654629992202224, 1.000000000000000000, 40.83493306543919488 ) ) ;
#7205 = CARTESIAN_POINT ( 'NONE',  ( -9.113848837591589813, 1.000000000000000000, 38.85255935333744048 ) ) ;
#7206 = EDGE_CURVE ( 'NONE', #3034, #3913, #2541, .T. ) ;
#7207 = ORIENTED_EDGE ( 'NONE', *, *, #2604, .F. ) ;
#7208 = CARTESIAN_POINT ( 'NONE',  ( -8.251130300227963232, 1.000000000000000000, 41.41263195574053668 ) ) ;
#7209 = ORIENTED_EDGE ( 'NONE', *, *, #6375, .F. ) ;
#7210 = CARTESIAN_POINT ( 'NONE',  ( -6.276303917562395362, 1.000000000000000000, 39.80272785000476432 ) ) ;
#7211 = CARTESIAN_POINT ( 'NONE',  ( -8.108359770236587494, 0.000000000000000000, 40.86578441670267381 ) ) ;
#7212 = CARTESIAN_POINT ( 'NONE',  ( -7.444962741802267914, 0.000000000000000000, 40.23813822362329518 ) ) ;
#7213 = CARTESIAN_POINT ( 'NONE',  ( 20.49999999999999645, 26.00000000000000355, -14.50000000000004086 ) ) ;
#7214 = ADVANCED_FACE ( 'NONE', ( #6788 ), #6067, .T. ) ;
#7215 = EDGE_CURVE ( 'NONE', #491, #6542, #847, .T. ) ;
#7216 = DIRECTION ( 'NONE',  ( 0.000000000000000000, 0.000000000000000000, 1.000000000000000000 ) ) ;
#7217 = CARTESIAN_POINT ( 'NONE',  ( -5.625548603008321713, 1.000000000000000000, 42.24320686637580025 ) ) ;
#7218 = ORIENTED_EDGE ( 'NONE', *, *, #1575, .T. ) ;
#7219 = CARTESIAN_POINT ( 'NONE',  ( 13.50000000000000000, 2.000000000000000000, -37.00000000000002132 ) ) ;
#7220 = ORIENTED_EDGE ( 'NONE', *, *, #6928, .F. ) ;
#7221 = VERTEX_POINT ( 'NONE', #5195 ) ;
#7222 = CARTESIAN_POINT ( 'NONE',  ( -14.00000000000000178, 0.000000000000000000, 38.98908507197222661 ) ) ;
#7223 = CARTESIAN_POINT ( 'NONE',  ( -0.01473193973690074127, 0.000000000000000000, 42.19999999999999574 ) ) ;
#7224 = ORIENTED_EDGE ( 'NONE', *, *, #379, .F. ) ;
#7225 = CARTESIAN_POINT ( 'NONE',  ( -3.719724570722028112, 0.000000000000000000, 41.36958257183558629 ) ) ;
#7226 = CARTESIAN_POINT ( 'NONE',  ( -5.475550118608421002, 1.000000000000000000, 38.83295029064272086 ) ) ;
#7227 = CIRCLE ( 'NONE', #4349, 2.999999999999999112 ) ;
#7228 = AXIS2_PLACEMENT_3D ( 'NONE', #2181, #4234, #6739 ) ;
#7229 = AXIS2_PLACEMENT_3D ( 'NONE', #5641, #6303, #3185 ) ;
#7230 = CARTESIAN_POINT ( 'NONE',  ( -13.24343231412400179, 1.000000000000000000, 41.85009010864629175 ) ) ;
#7231 = VECTOR ( 'NONE', #577, 1000.000000000000000 ) ;
#7232 = AXIS2_PLACEMENT_3D ( 'NONE', #109, #4575, #4009 ) ;
#7233 = CARTESIAN_POINT ( 'NONE',  ( -5.096242925866041773, -2.168404344971008868E-16, 39.59505128259326767 ) ) ;
#7234 = ORIENTED_EDGE ( 'NONE', *, *, #3166, .T. ) ;
#7235 = DIRECTION ( 'NONE',  ( 0.000000000000000000, 0.000000000000000000, 1.000000000000000000 ) ) ;
#7236 = CARTESIAN_POINT ( 'NONE',  ( -13.06863111576659975, 1.000000000000000000, 40.29149230053953090 ) ) ;
#7237 = FACE_OUTER_BOUND ( 'NONE', #1369, .T. ) ;
#7238 = DIRECTION ( 'NONE',  ( 0.000000000000000000, 0.000000000000000000, -1.000000000000000000 ) ) ;
#7239 = AXIS2_PLACEMENT_3D ( 'NONE', #8004, #1322, #2451 ) ;
#7240 = DIRECTION ( 'NONE',  ( 0.000000000000000000, 0.000000000000000000, 1.000000000000000000 ) ) ;
#7241 = CARTESIAN_POINT ( 'NONE',  ( -12.04109315252923551, 1.000000000000000000, 40.86058714234982858 ) ) ;
#7242 = AXIS2_PLACEMENT_3D ( 'NONE', #2453, #7438, #3147 ) ;
#7243 = CARTESIAN_POINT ( 'NONE',  ( -9.619629496388695244, 0.000000000000000000, 39.05285795492783052 ) ) ;
#7244 = EDGE_LOOP ( 'NONE', ( #3833, #3016, #5665, #297, #5266 ) ) ;
#7245 = CARTESIAN_POINT ( 'NONE',  ( -8.031881583805818181, 1.000000000000000000, 42.02074769022401313 ) ) ;
#7246 = VERTEX_POINT ( 'NONE', #4488 ) ;
#7247 = LINE ( 'NONE', #1658, #5145 ) ;
#7248 = CARTESIAN_POINT ( 'NONE',  ( -8.399478443585644882, 1.000000000000000000, 41.58568747885377093 ) ) ;
#7249 = CARTESIAN_POINT ( 'NONE',  ( -3.070953911146864002, 0.000000000000000000, 41.23882797743167572 ) ) ;
#7250 = ADVANCED_FACE ( 'NONE', ( #3394 ), #4570, .F. ) ;
#7251 = CARTESIAN_POINT ( 'NONE',  ( 0.000000000000000000, 2.200000000000000178, 24.77499999999999858 ) ) ;
#7252 = EDGE_CURVE ( 'NONE', #2863, #2471, #452, .T. ) ;
#7253 = AXIS2_PLACEMENT_3D ( 'NONE', #4337, #6320, #3083 ) ;
#7254 = CARTESIAN_POINT ( 'NONE',  ( 19.49999999999999645, 1.000000000000000000, -14.50000000000004086 ) ) ;
#7255 = LINE ( 'NONE', #4873, #734 ) ;
#7256 = VERTEX_POINT ( 'NONE', #2052 ) ;
#7257 = EDGE_LOOP ( 'NONE', ( #2821, #6870, #3996, #6936 ) ) ;
#7258 = CARTESIAN_POINT ( 'NONE',  ( -8.822856714818387402, 0.000000000000000000, 41.72472446986606798 ) ) ;
#7259 = EDGE_CURVE ( 'NONE', #2016, #6234, #3961, .T. ) ;
#7260 = EDGE_CURVE ( 'NONE', #6080, #6234, #81, .T. ) ;
#7261 = ORIENTED_EDGE ( 'NONE', *, *, #7024, .F. ) ;
#7262 = VERTEX_POINT ( 'NONE', #7039 ) ;
#7263 = ADVANCED_FACE ( 'NONE', ( #3924, #6432 ), #6354, .F. ) ;
#7264 = DIRECTION ( 'NONE',  ( -0.000000000000000000, -1.000000000000000000, -0.000000000000000000 ) ) ;
#7265 = LINE ( 'NONE', #2279, #1440 ) ;
#7266 = VERTEX_POINT ( 'NONE', #3311 ) ;
#7267 = CARTESIAN_POINT ( 'NONE',  ( -3.096994002659582801, 1.000000000000000000, 42.05072138570804441 ) ) ;
#7268 = CARTESIAN_POINT ( 'NONE',  ( -5.196647095193567267, 1.000000000000000000, 38.88309750971868795 ) ) ;
#7269 = VECTOR ( 'NONE', #1373, 1000.000000000000000 ) ;
#7270 = VECTOR ( 'NONE', #5240, 1000.000000000000000 ) ;
#7271 = CARTESIAN_POINT ( 'NONE',  ( -16.49999999999999645, 1.000000000000000000, 38.08197506309361557 ) ) ;
#7272 = CARTESIAN_POINT ( 'NONE',  ( -14.50000000000000178, 1.000000000000000000, 39.27324312067139545 ) ) ;
#7273 = CARTESIAN_POINT ( 'NONE',  ( -5.052651142675540719, -2.168404344971008868E-16, 39.65901123847051934 ) ) ;
#7274 = VERTEX_POINT ( 'NONE', #7604 ) ;
#7275 = CARTESIAN_POINT ( 'NONE',  ( -2.470833318061973483, 0.000000000000000000, 39.39413572304797384 ) ) ;
#7276 = LINE ( 'NONE', #7314, #1390 ) ;
#7277 = CARTESIAN_POINT ( 'NONE',  ( 19.49999999999999645, 24.57185199325790137, -15.50000000000004086 ) ) ;
#7278 = DIRECTION ( 'NONE',  ( 1.000000000000000000, 0.000000000000000000, 0.000000000000000000 ) ) ;
#7279 = DIRECTION ( 'NONE',  ( 1.000000000000000000, 0.000000000000000000, 0.000000000000000000 ) ) ;
#7280 = DIRECTION ( 'NONE',  ( -0.000000000000000000, -1.000000000000000000, -0.000000000000000000 ) ) ;
#7281 = DIRECTION ( 'NONE',  ( -0.000000000000000000, -0.000000000000000000, 1.000000000000000000 ) ) ;
#7282 = CARTESIAN_POINT ( 'NONE',  ( -10.11899054285857602, 1.000000000000000000, 39.68145957347608999 ) ) ;
#7283 = VERTEX_POINT ( 'NONE', #7771 ) ;
#7284 = CARTESIAN_POINT ( 'NONE',  ( -8.773058350609428402, 1.000000000000000000, 42.24215233848653384 ) ) ;
#7285 = ORIENTED_EDGE ( 'NONE', *, *, #1728, .F. ) ;
#7286 = CARTESIAN_POINT ( 'NONE',  ( 6.000000000000005329, 21.50000000000000000, 43.00000000000000000 ) ) ;
#7287 = CARTESIAN_POINT ( 'NONE',  ( -8.295657191400795938, 0.000000000000000000, 41.47644860127868327 ) ) ;
#7288 = CARTESIAN_POINT ( 'NONE',  ( -3.147929291326182710, 1.000000000000000000, 40.84238612686667125 ) ) ;
#7289 = LINE ( 'NONE', #6075, #6608 ) ;
#7290 = DIRECTION ( 'NONE',  ( 0.000000000000000000, 0.000000000000000000, 1.000000000000000000 ) ) ;
#7291 = EDGE_CURVE ( 'NONE', #2097, #7407, #5852, .T. ) ;
#7292 = CARTESIAN_POINT ( 'NONE',  ( -7.923295693091808367, 0.000000000000000000, 39.13456531561291740 ) ) ;
#7293 = ORIENTED_EDGE ( 'NONE', *, *, #6617, .F. ) ;
#7294 = ORIENTED_EDGE ( 'NONE', *, *, #2573, .T. ) ;
#7295 = CARTESIAN_POINT ( 'NONE',  ( -8.146205259079499328, 0.000000000000000000, 42.08951814818546922 ) ) ;
#7296 = VERTEX_POINT ( 'NONE', #4655 ) ;
#7297 = CARTESIAN_POINT ( 'NONE',  ( -12.36408918645031463, 0.000000000000000000, 39.49169528706581644 ) ) ;
#7298 = EDGE_CURVE ( 'NONE', #6399, #983, #7637, .T. ) ;
#7299 = DIRECTION ( 'NONE',  ( 0.5735764363510501562, -0.8191520442889889120, 0.000000000000000000 ) ) ;
#7300 = CARTESIAN_POINT ( 'NONE',  ( -18.50000000000000355, 0.000000000000000000, 39.27324312067140255 ) ) ;
#7301 = EDGE_LOOP ( 'NONE', ( #2911, #7628 ) ) ;
#7302 = EDGE_CURVE ( 'NONE', #952, #5326, #759, .T. ) ;
#7303 = CARTESIAN_POINT ( 'NONE',  ( 4.119968255444916849E-15, 19.25000000000000355, 43.50000000000000000 ) ) ;
#7304 = CARTESIAN_POINT ( 'NONE',  ( -4.268923723303605477, 0.000000000000000000, 39.94831373857041257 ) ) ;
#7305 = CARTESIAN_POINT ( 'NONE',  ( -13.38995751219910524, 1.000000000000000000, 42.19999999999999574 ) ) ;
#7306 = VECTOR ( 'NONE', #6380, 1000.000000000000000 ) ;
#7307 = ADVANCED_FACE ( 'NONE', ( #2210 ), #4162, .T. ) ;
#7308 = CARTESIAN_POINT ( 'NONE',  ( 6.000000000000004441, 19.25000000000000000, 39.99999999999999289 ) ) ;
#7309 = EDGE_CURVE ( 'NONE', #1405, #588, #6006, .T. ) ;
#7310 = CARTESIAN_POINT ( 'NONE',  ( -13.22349333439411545, 0.000000000000000000, 41.65521061853124962 ) ) ;
#7311 = CARTESIAN_POINT ( 'NONE',  ( -7.525000000000000355, 2.000000000000000000, 24.77499999999999858 ) ) ;
#7312 = ORIENTED_EDGE ( 'NONE', *, *, #1873, .F. ) ;
#7313 = CARTESIAN_POINT ( 'NONE',  ( -2.631275782236383698, 0.000000000000000000, 39.42388837782787192 ) ) ;
#7314 = CARTESIAN_POINT ( 'NONE',  ( 0.000000000000000000, 2.200000000000000178, 29.48303989154977245 ) ) ;
#7315 = CARTESIAN_POINT ( 'NONE',  ( 18.90623611104252078, 24.35000000000000497, 43.64999999999999147 ) ) ;
#7316 = DIRECTION ( 'NONE',  ( -0.000000000000000000, 1.000000000000000000, -0.000000000000000000 ) ) ;
#7317 = CARTESIAN_POINT ( 'NONE',  ( 17.49999999999999645, 0.5000000000000000000, 40.99999999999999289 ) ) ;
#7318 = AXIS2_PLACEMENT_3D ( 'NONE', #7317, #3519, #6671 ) ;
#7319 = CARTESIAN_POINT ( 'NONE',  ( -7.444962741802267914, 1.000000000000000000, 40.23813822362329518 ) ) ;
#7320 =( LENGTH_UNIT ( ) NAMED_UNIT ( * ) SI_UNIT ( .MILLI., .METRE. ) );
#7321 = DIRECTION ( 'NONE',  ( -1.000000000000000000, 0.000000000000000000, 0.000000000000000000 ) ) ;
#7322 = ORIENTED_EDGE ( 'NONE', *, *, #4105, .T. ) ;
#7323 = CARTESIAN_POINT ( 'NONE',  ( -5.623523281146955988, 1.000000000000000000, 38.82986442268668270 ) ) ;
#7324 = ORIENTED_EDGE ( 'NONE', *, *, #4700, .T. ) ;
#7325 = CARTESIAN_POINT ( 'NONE',  ( -6.350613829377412145, 1.000000000000000000, 40.23206225803919978 ) ) ;
#7326 = VECTOR ( 'NONE', #6832, 1000.000000000000000 ) ;
#7327 = CARTESIAN_POINT ( 'NONE',  ( -12.53000374477614010, 0.000000000000000000, 39.98693370578899220 ) ) ;
#7328 = CARTESIAN_POINT ( 'NONE',  ( -8.672858230418485803, 0.000000000000000000, 38.83295029064272086 ) ) ;
#7329 = LINE ( 'NONE', #6643, #7785 ) ;
#7330 = FACE_BOUND ( 'NONE', #1385, .T. ) ;
#7331 = VECTOR ( 'NONE', #7960, 1000.000000000000000 ) ;
#7332 = LINE ( 'NONE', #405, #1111 ) ;
#7333 = VERTEX_POINT ( 'NONE', #5389 ) ;
#7334 = VERTEX_POINT ( 'NONE', #4770 ) ;
#7335 = CARTESIAN_POINT ( 'NONE',  ( -6.339396425814388003, 1.000000000000000000, 40.04827691292733505 ) ) ;
#7336 = VERTEX_POINT ( 'NONE', #7155 ) ;
#7337 = CARTESIAN_POINT ( 'NONE',  ( -12.46076795228589695, 0.000000000000000000, 39.59561847010406410 ) ) ;
#7338 = PLANE ( 'NONE',  #1244 ) ;
#7339 = DIRECTION ( 'NONE',  ( -1.000000000000000000, 0.000000000000000000, 0.000000000000000000 ) ) ;
#7340 = CARTESIAN_POINT ( 'NONE',  ( -2.419464096465670622, 0.000000000000000000, 38.87307128906249432 ) ) ;
#7341 = VERTEX_POINT ( 'NONE', #6550 ) ;
#7342 = CARTESIAN_POINT ( 'NONE',  ( -7.444962741802267914, 1.000000000000000000, 40.83493306543919488 ) ) ;
#7343 = CARTESIAN_POINT ( 'NONE',  ( -2.469028257614060085, 1.000000000000000000, 38.87420266041139172 ) ) ;
#7344 = EDGE_CURVE ( 'NONE', #1156, #4576, #7919, .T. ) ;
#7345 = DIRECTION ( 'NONE',  ( -1.239088197126291063E-16, 0.000000000000000000, -1.000000000000000000 ) ) ;
#7346 = CARTESIAN_POINT ( 'NONE',  ( 0.5000000000000004441, -0.2360679774997919977, 29.48303989154980798 ) ) ;
#7347 = EDGE_CURVE ( 'NONE', #5143, #6109, #3543, .T. ) ;
#7348 = CARTESIAN_POINT ( 'NONE',  ( -9.729141377523021106, 0.000000000000000000, 41.93942928358850963 ) ) ;
#7349 = CARTESIAN_POINT ( 'NONE',  ( -8.739657377530591020, 0.000000000000000000, 39.35063482574201288 ) ) ;
#7350 = VECTOR ( 'NONE', #2741, 1000.000000000000000 ) ;
#7351 = ORIENTED_EDGE ( 'NONE', *, *, #384, .T. ) ;
#7352 = CARTESIAN_POINT ( 'NONE',  ( -7.015594507192638218, 0.000000000000000000, 40.23813822362329518 ) ) ;
#7353 = CARTESIAN_POINT ( 'NONE',  ( -12.99183075958518430, 0.000000000000000000, 40.37942244110467271 ) ) ;
#7354 = ADVANCED_FACE ( 'NONE', ( #6658 ), #4807, .F. ) ;
#7355 = DIRECTION ( 'NONE',  ( 1.000000000000000000, 0.000000000000000000, 0.000000000000000000 ) ) ;
#7356 = CARTESIAN_POINT ( 'NONE',  ( 3.903127820947815962E-15, 19.25000000000000000, 43.00000000000000000 ) ) ;
#7357 = EDGE_CURVE ( 'NONE', #2848, #3448, #4433, .T. ) ;
#7358 = B_SPLINE_CURVE_WITH_KNOTS ( 'NONE', 3,
 ( #5901, #7165, #6443, #358, #1497, #5330, #7049, #7737, #5205, #3286, #2143, #4581, #3935, #2064, #316, #7782, #195, #6485, #7697 ),
 .UNSPECIFIED., .F., .F.,
 ( 4, 1, 1, 1, 1, 1, 1, 1, 1, 1, 1, 1, 1, 1, 1, 1, 4 ),
 ( 0.000000000000000000, 0.06754833664786011327, 0.1325516695759136609, 0.1952254823667963213, 0.2565522035029128012, 0.3168088224495000937, 0.3766733412029139583, 0.4372649060884284955, 0.4990499599808042586, 0.5607315244112556218, 0.6216531320571607733, 0.6821090900150487135, 0.7427014245273788617, 0.8043186927919614426, 0.8672227418442761682, 0.9324516633521389153, 1.000000000000000000 ),
 .UNSPECIFIED. ) ;
#7359 = DIRECTION ( 'NONE',  ( -1.000000000000000000, 0.000000000000000000, -0.000000000000000000 ) ) ;
#7360 = AXIS2_PLACEMENT_3D ( 'NONE', #5797, #212, #4756 ) ;
#7361 = VECTOR ( 'NONE', #4470, 1000.000000000000000 ) ;
#7362 = CARTESIAN_POINT ( 'NONE',  ( -4.911054288888308861, 1.000000000000000000, 40.20031152415153741 ) ) ;
#7363 = CARTESIAN_POINT ( 'NONE',  ( -17.50000000000000355, 0.5000000000000000000, 43.50000000000000000 ) ) ;
#7364 = CARTESIAN_POINT ( 'NONE',  ( -9.251242718952347843, 0.000000000000000000, 38.88322787360075949 ) ) ;
#7365 = ORIENTED_EDGE ( 'NONE', *, *, #7611, .F. ) ;
#7366 = CARTESIAN_POINT ( 'NONE',  ( 5.000000000000000888, 2.000000000000000000, -41.50000000000002132 ) ) ;
#7367 = ORIENTED_EDGE ( 'NONE', *, *, #1392, .T. ) ;
#7368 = DIRECTION ( 'NONE',  ( -1.000000000000000000, 0.000000000000000000, 0.000000000000000000 ) ) ;
#7369 = CARTESIAN_POINT ( 'NONE',  ( -11.98168371126249276, 1.000000000000000000, 40.34210474584009631 ) ) ;
#7370 = VECTOR ( 'NONE', #7091, 1000.000000000000000 ) ;
#7371 = CARTESIAN_POINT ( 'NONE',  ( -13.02069731221881277, 0.000000000000000000, 40.78254622267271401 ) ) ;
#7372 = PLANE ( 'NONE',  #5428 ) ;
#7373 = CIRCLE ( 'NONE', #6989, 0.8500000000000035305 ) ;
#7374 = LINE ( 'NONE', #7254, #4844 ) ;
#7375 = CARTESIAN_POINT ( 'NONE',  ( -8.393955207003626739, 0.000000000000000000, 38.88309750971865952 ) ) ;
#7376 = ORIENTED_EDGE ( 'NONE', *, *, #4609, .T. ) ;
#7377 = CARTESIAN_POINT ( 'NONE',  ( -5.098349079590729360, 1.000000000000000000, 41.47644860127867616 ) ) ;
#7378 = EDGE_LOOP ( 'NONE', ( #3177, #7667, #6050, #2589 ) ) ;
#7379 = CARTESIAN_POINT ( 'NONE',  ( -7.444962741802267914, 0.000000000000000000, 40.83493306543919488 ) ) ;
#7380 = VECTOR ( 'NONE', #5595, 1000.000000000000000 ) ;
#7381 = VERTEX_POINT ( 'NONE', #662 ) ;
#7382 = CARTESIAN_POINT ( 'NONE',  ( -7.444962741802267914, 1.000000000000000000, 40.23813822362329518 ) ) ;
#7383 = CARTESIAN_POINT ( 'NONE',  ( -9.547921941187476946, 0.000000000000000000, 40.83358285086494988 ) ) ;
#7384 = CARTESIAN_POINT ( 'NONE',  ( -17.50000000000000355, 26.00000000000000355, 40.99999999999999289 ) ) ;
#7385 = LINE ( 'NONE', #1187, #596 ) ;
#7386 = ORIENTED_EDGE ( 'NONE', *, *, #5320, .F. ) ;
#7387 = DIRECTION ( 'NONE',  ( -1.000000000000000000, 0.000000000000000000, 0.000000000000000000 ) ) ;
#7388 = CARTESIAN_POINT ( 'NONE',  ( 17.50000000000000000, 24.00000000000000000, 44.00000000000000000 ) ) ;
#7389 = DIRECTION ( 'NONE',  ( 0.000000000000000000, 0.000000000000000000, -1.000000000000000000 ) ) ;
#7390 = CARTESIAN_POINT ( 'NONE',  ( -5.000000000000000888, 2.000000000000000000, -38.50000000000002132 ) ) ;
#7391 = CARTESIAN_POINT ( 'NONE',  ( 11.65000000000000036, 5.000000000000000000, -16.30000000000001847 ) ) ;
#7392 = EDGE_CURVE ( 'NONE', #22, #6222, #7430, .T. ) ;
#7393 = FACE_OUTER_BOUND ( 'NONE', #3940, .T. ) ;
#7394 = VECTOR ( 'NONE', #4626, 1000.000000000000000 ) ;
#7395 = AXIS2_PLACEMENT_3D ( 'NONE', #5332, #2223, #5366 ) ;
#7396 = ORIENTED_EDGE ( 'NONE', *, *, #1379, .F. ) ;
#7397 = CARTESIAN_POINT ( 'NONE',  ( -3.212682822296887508, 0.000000000000000000, 41.98365380453167717 ) ) ;
#7398 = PLANE ( 'NONE',  #5542 ) ;
#7399 = CIRCLE ( 'NONE', #2058, 2.500000000000002220 ) ;
#7400 = CARTESIAN_POINT ( 'NONE',  ( 17.73867274831500751, 24.08152925889957174, 43.99286819589190145 ) ) ;
#7401 = CARTESIAN_POINT ( 'NONE',  ( -6.423830186181517909, 1.000000000000000000, 42.02095732157948760 ) ) ;
#7402 = CARTESIAN_POINT ( 'NONE',  ( -6.630381384954339374, 0.000000000000000000, 39.22785229367399751 ) ) ;
#7403 = CARTESIAN_POINT ( 'NONE',  ( -12.68931425007778024, -0.000000000000000000, 42.18623636152150880 ) ) ;
#7404 = EDGE_CURVE ( 'NONE', #2970, #5822, #1032, .T. ) ;
#7405 = CARTESIAN_POINT ( 'NONE',  ( -6.111092360122184708, 0.000000000000000000, 41.53505624808691721 ) ) ;
#7406 = DIRECTION ( 'NONE',  ( -0.000000000000000000, -1.000000000000000000, -0.000000000000000000 ) ) ;
#7407 = VERTEX_POINT ( 'NONE', #3099 ) ;
#7408 = CARTESIAN_POINT ( 'NONE',  ( -8.532526404570599965, 0.000000000000000000, 42.22051789684428513 ) ) ;
#7409 = ORIENTED_EDGE ( 'NONE', *, *, #7497, .F. ) ;
#7410 = CARTESIAN_POINT ( 'NONE',  ( 19.49999999999999645, 24.57185199325790137, -14.50000000000004086 ) ) ;
#7411 = CARTESIAN_POINT ( 'NONE',  ( -12.95682703012285408, 1.000000000000000000, 39.19578809683287091 ) ) ;
#7412 = CARTESIAN_POINT ( 'NONE',  ( -2.385033624822445297, 0.000000000000000000, 41.68151760349024926 ) ) ;
#7413 = ADVANCED_FACE ( 'NONE', ( #4400 ), #5680, .T. ) ;
#7414 = CARTESIAN_POINT ( 'NONE',  ( -12.48493726452301189, 0.000000000000000000, 39.63584353947666017 ) ) ;
#7415 = EDGE_CURVE ( 'NONE', #1482, #2694, #7373, .T. ) ;
#7416 = CARTESIAN_POINT ( 'NONE',  ( -10.21179464577691576, 0.000000000000000000, 40.88472762824026319 ) ) ;
#7417 = CARTESIAN_POINT ( 'NONE',  ( -5.783534581603631430, 0.000000000000000000, 39.36219628023814465 ) ) ;
#7418 = ORIENTED_EDGE ( 'NONE', *, *, #7152, .T. ) ;
#7419 = CARTESIAN_POINT ( 'NONE',  ( -4.982718438572572239, 0.000000000000000000, 41.26947296769150597 ) ) ;
#7420 = ORIENTED_EDGE ( 'NONE', *, *, #5821, .F. ) ;
#7421 = CARTESIAN_POINT ( 'NONE',  ( 19.99999999999999645, 0.5000000000000000000, -15.50000000000004086 ) ) ;
#7422 = EDGE_LOOP ( 'NONE', ( #3293, #5298, #4255, #3429 ) ) ;
#7423 = CARTESIAN_POINT ( 'NONE',  ( -7.537716947659503397, 1.000000000000000000, 39.68163377784200918 ) ) ;
#7424 = AXIS2_PLACEMENT_3D ( 'NONE', #1595, #911, #7873 ) ;
#7425 = PLANE ( 'NONE',  #2400 ) ;
#7426 = CARTESIAN_POINT ( 'NONE',  ( -3.097189801499042883, 0.000000000000000000, 39.02287587908189437 ) ) ;
#7427 = DIRECTION ( 'NONE',  ( -0.000000000000000000, -1.000000000000000000, -0.000000000000000000 ) ) ;
#7428 = VERTEX_POINT ( 'NONE', #7388 ) ;
#7429 = FACE_OUTER_BOUND ( 'NONE', #6426, .T. ) ;
#7430 = LINE ( 'NONE', #2523, #6346 ) ;
#7431 = DIRECTION ( 'NONE',  ( 0.000000000000000000, 0.000000000000000000, 1.000000000000000000 ) ) ;
#7432 = DIRECTION ( 'NONE',  ( 0.000000000000000000, 1.000000000000000000, 0.000000000000000000 ) ) ;
#7433 = CARTESIAN_POINT ( 'NONE',  ( 5.204170427930421283E-15, 21.50000000000000000, 43.00000000000000000 ) ) ;
#7434 = ORIENTED_EDGE ( 'NONE', *, *, #4110, .F. ) ;
#7435 = LINE ( 'NONE', #6223, #1505 ) ;
#7436 = CARTESIAN_POINT ( 'NONE',  ( -9.252967633269921777, 1.000000000000000000, 41.58568926665002863 ) ) ;
#7437 = CARTESIAN_POINT ( 'NONE',  ( -8.342464865368846461, 1.000000000000000000, 39.53714583903603597 ) ) ;
#7438 = DIRECTION ( 'NONE',  ( 1.000000000000000000, 0.000000000000000000, 0.000000000000000000 ) ) ;
#7439 = PRESENTATION_LAYER_ASSIGNMENT (  '', '', ( #2872 ) ) ;
#7440 = CARTESIAN_POINT ( 'NONE',  ( -14.00000000000000178, 1.000000000000000000, 42.49999999999999289 ) ) ;
#7441 = CARTESIAN_POINT ( 'NONE',  ( -5.145156753558784324, 1.000000000000000000, 39.53714583903604307 ) ) ;
#7442 = DIRECTION ( 'NONE',  ( -1.000000000000000000, 0.000000000000000000, 0.000000000000000000 ) ) ;
#7443 = ORIENTED_EDGE ( 'NONE', *, *, #4664, .F. ) ;
#7444 = CARTESIAN_POINT ( 'NONE',  ( -4.248844203296016531, -0.000000000000000000, 40.18857988217608579 ) ) ;
#7445 = ORIENTED_EDGE ( 'NONE', *, *, #8058, .T. ) ;
#7446 = CARTESIAN_POINT ( 'NONE',  ( -5.991609068541224659, 1.000000000000000000, 39.44455716969037695 ) ) ;
#7447 = CARTESIAN_POINT ( 'NONE',  ( -12.79733905322507681, 1.000000000000000000, 39.06830269621759300 ) ) ;
#7448 = CARTESIAN_POINT ( 'NONE',  ( -6.304025162388811943, 1.000000000000000000, 41.19105569659328836 ) ) ;
#7449 = ADVANCED_FACE ( 'NONE', ( #704 ), #3447, .T. ) ;
#7450 = CARTESIAN_POINT ( 'NONE',  ( 2.003838848758051405, 1.000000000000000000, 38.87307128906249432 ) ) ;
#7451 = DIRECTION ( 'NONE',  ( 7.666467083416905203E-17, -0.7071067811865435759, 0.7071067811865513475 ) ) ;
#7452 = EDGE_CURVE ( 'NONE', #4389, #5406, #5229, .T. ) ;
#7453 = CARTESIAN_POINT ( 'NONE',  ( -6.107693198152117198, 0.000000000000000000, 39.53825140067257848 ) ) ;
#7454 = VECTOR ( 'NONE', #5157, 1000.000000000000000 ) ;
#7455 = ORIENTED_EDGE ( 'NONE', *, *, #3469, .T. ) ;
#7456 = FACE_OUTER_BOUND ( 'NONE', #829, .T. ) ;
#7457 = ORIENTED_EDGE ( 'NONE', *, *, #174, .F. ) ;
#7458 = CARTESIAN_POINT ( 'NONE',  ( -4.394467678223994866, 0.000000000000000000, 41.51653259535947882 ) ) ;
#7459 = ADVANCED_FACE ( 'NONE', ( #5260 ), #1943, .T. ) ;
#7460 = ORIENTED_EDGE ( 'NONE', *, *, #330, .F. ) ;
#7461 = CARTESIAN_POINT ( 'NONE',  ( -7.923295693091808367, 1.000000000000000000, 39.13456531561291740 ) ) ;
#7462 = VECTOR ( 'NONE', #6032, 1000.000000000000000 ) ;
#7463 = CARTESIAN_POINT ( 'NONE',  ( -17.50000000000000355, 0.000000000000000000, 40.99999999999999289 ) ) ;
#7464 = CARTESIAN_POINT ( 'NONE',  ( 11.65000000000000036, 5.000000000000000000, -38.20000000000000995 ) ) ;
#7465 = CARTESIAN_POINT ( 'NONE',  ( -3.815585966234085635, 1.000000000000000000, 40.81332963225128907 ) ) ;
#7466 = ORIENTED_EDGE ( 'NONE', *, *, #520, .T. ) ;
#7467 = CARTESIAN_POINT ( 'NONE',  ( 2.003838848758051405, 0.000000000000000000, 42.19999999999999574 ) ) ;
#7468 = DIRECTION ( 'NONE',  ( 0.000000000000000000, 0.000000000000000000, -1.000000000000000000 ) ) ;
#7469 = CARTESIAN_POINT ( 'NONE',  ( 1.324680917913261480, 1.000000000000000000, 39.92353822782441597 ) ) ;
#7470 = CARTESIAN_POINT ( 'NONE',  ( -13.22320601227995596, 1.000000000000000000, 41.63155966424321974 ) ) ;
#7471 = ORIENTED_EDGE ( 'NONE', *, *, #5726, .F. ) ;
#7472 = DIRECTION ( 'NONE',  ( 0.000000000000000000, 0.000000000000000000, 1.000000000000000000 ) ) ;
#7473 = VERTEX_POINT ( 'NONE', #1210 ) ;
#7474 = CARTESIAN_POINT ( 'NONE',  ( -12.55822533446472988, 1.000000000000000000, 41.38987125545352797 ) ) ;
#7475 = EDGE_LOOP ( 'NONE', ( #1360, #767, #3642, #6171, #3618 ) ) ;
#7476 = CARTESIAN_POINT ( 'NONE',  ( -10.21290261900270480, 1.000000000000000000, 40.83493306543919488 ) ) ;
#7477 = CARTESIAN_POINT ( 'NONE',  ( -8.822856714818387402, 0.000000000000000000, 41.72472446986606798 ) ) ;
#7478 = CARTESIAN_POINT ( 'NONE',  ( -1.279882995803637735, 1.000000000000000000, 42.19999999999999574 ) ) ;
#7479 = CARTESIAN_POINT ( 'NONE',  ( -6.867448959171622569, 1.000000000000000000, 41.51656985354617291 ) ) ;
#7480 = DIRECTION ( 'NONE',  ( 8.651987411355645508E-17, 0.000000000000000000, 1.000000000000000000 ) ) ;
#7481 = DIRECTION ( 'NONE',  ( 0.000000000000000000, 0.000000000000000000, -1.000000000000000000 ) ) ;
#7482 = CARTESIAN_POINT ( 'NONE',  ( -0.01473193973690074127, 1.000000000000000000, 38.87307128906249432 ) ) ;
#7483 = B_SPLINE_CURVE_WITH_KNOTS ( 'NONE', 3,
 ( #7382, #4271, #3091, #3046, #2436, #7423, #494, #1830, #5463, #5586, #7461, #3173, #744, #5135, #1911, #3219, #7060, #6289, #5716 ),
 .UNSPECIFIED., .F., .F.,
 ( 4, 1, 1, 1, 1, 1, 1, 1, 1, 1, 1, 1, 1, 1, 1, 1, 4 ),
 ( 0.000000000000000000, 0.06729306736676420042, 0.1322670285608542606, 0.1951516687811753747, 0.2568146365700377243, 0.3175742476819443660, 0.3779243297592583262, 0.4388911209805860802, 0.5006486888848837857, 0.5624795667426891743, 0.6228729693141643597, 0.6829399291483482237, 0.7432412384698643404, 0.8043243552672582064, 0.8670446511871435780, 0.9320961949735373508, 1.000000000000000000 ),
 .UNSPECIFIED. ) ;
#7484 = VERTEX_POINT ( 'NONE', #1739 ) ;
#7485 = CARTESIAN_POINT ( 'NONE',  ( -5.068305244886597727, 0.000000000000000000, 38.92754240160101631 ) ) ;
#7486 = EDGE_LOOP ( 'NONE', ( #1852, #4924, #7543, #373 ) ) ;
#7487 = DIRECTION ( 'NONE',  ( 0.000000000000000000, 0.000000000000000000, -1.000000000000000000 ) ) ;
#7488 = CARTESIAN_POINT ( 'NONE',  ( -12.95682703012285408, 0.000000000000000000, 39.19578809683287091 ) ) ;
#7489 = CARTESIAN_POINT ( 'NONE',  ( 6.000000000000004441, 19.24999999999999645, 43.50000000000000000 ) ) ;
#7490 = VECTOR ( 'NONE', #1038, 1000.000000000000000 ) ;
#7491 = AXIS2_PLACEMENT_3D ( 'NONE', #7342, #1754, #6549 ) ;
#7492 = VECTOR ( 'NONE', #5677, 1000.000000000000000 ) ;
#7493 = CARTESIAN_POINT ( 'NONE',  ( 6.000000000000004441, 19.24999999999999645, 43.00000000000000000 ) ) ;
#7494 = CARTESIAN_POINT ( 'NONE',  ( -9.382801699526167383, 1.000000000000000000, 42.14558066666307212 ) ) ;
#7495 = DIRECTION ( 'NONE',  ( -0.000000000000000000, -1.000000000000000000, -0.000000000000000000 ) ) ;
#7496 = VECTOR ( 'NONE', #7857, 1000.000000000000000 ) ;
#7497 = EDGE_CURVE ( 'NONE', #4722, #166, #2265, .T. ) ;
#7498 = AXIS2_PLACEMENT_3D ( 'NONE', #4290, #6795, #4987 ) ;
#7499 = ORIENTED_EDGE ( 'NONE', *, *, #1181, .F. ) ;
#7500 = CARTESIAN_POINT ( 'NONE',  ( 15.99999999999999645, 24.00000000000000000, 41.99999999999999289 ) ) ;
#7501 = ORIENTED_EDGE ( 'NONE', *, *, #2904, .T. ) ;
#7502 = CARTESIAN_POINT ( 'NONE',  ( -4.248868035151198264, 0.000000000000000000, 40.88471154557890941 ) ) ;
#7503 = VECTOR ( 'NONE', #4912, 1000.000000000000000 ) ;
#7504 = ADVANCED_FACE ( 'NONE', ( #2342 ), #6134, .T. ) ;
#7505 = ORIENTED_EDGE ( 'NONE', *, *, #7158, .T. ) ;
#7506 = CARTESIAN_POINT ( 'NONE',  ( -3.762680386008024236, 1.000000000000000000, 39.83619575229770504 ) ) ;
#7507 = ADVANCED_FACE ( 'NONE', ( #1698 ), #2427, .T. ) ;
#7508 = DIRECTION ( 'NONE',  ( -0.000000000000000000, -1.000000000000000000, -0.000000000000000000 ) ) ;
#7509 = FACE_OUTER_BOUND ( 'NONE', #6286, .T. ) ;
#7510 = AXIS2_PLACEMENT_3D ( 'NONE', #7271, #7997, #4809 ) ;
#7511 = EDGE_CURVE ( 'NONE', #6649, #173, #5906, .T. ) ;
#7512 = DIRECTION ( 'NONE',  ( 8.651987411355645508E-17, -0.000000000000000000, -1.000000000000000000 ) ) ;
#7513 = ORIENTED_EDGE ( 'NONE', *, *, #890, .T. ) ;
#7514 = CARTESIAN_POINT ( 'NONE',  ( -5.542349265720526219, -2.168404344971008868E-16, 39.35063482574200577 ) ) ;
#7515 = CARTESIAN_POINT ( 'NONE',  ( -2.974463347337334085, 0.000000000000000000, 38.96778353771131975 ) ) ;
#7516 = ADVANCED_FACE ( 'NONE', ( #4952 ), #3511, .T. ) ;
#7517 = ORIENTED_EDGE ( 'NONE', *, *, #4605, .T. ) ;
#7518 = EDGE_CURVE ( 'NONE', #4607, #7262, #5575, .T. ) ;
#7519 = VECTOR ( 'NONE', #5532, 1000.000000000000000 ) ;
#7520 = DIRECTION ( 'NONE',  ( 1.000000000000000000, -0.000000000000000000, 0.000000000000000000 ) ) ;
#7521 = ORIENTED_EDGE ( 'NONE', *, *, #3611, .T. ) ;
#7522 = CARTESIAN_POINT ( 'NONE',  ( -12.45489647053752691, 1.000000000000000000, 41.03568055280742755 ) ) ;
#7523 = ORIENTED_EDGE ( 'NONE', *, *, #4251, .F. ) ;
#7524 = ORIENTED_EDGE ( 'NONE', *, *, #68, .F. ) ;
#7525 = CARTESIAN_POINT ( 'NONE',  ( -3.719724570722028112, 0.000000000000000000, 41.36958257183558629 ) ) ;
#7526 = CARTESIAN_POINT ( 'NONE',  ( -9.536752197793271435, 0.000000000000000000, 41.02075128517785174 ) ) ;
#7527 = DIRECTION ( 'NONE',  ( 1.000000000000000000, 0.000000000000000000, -0.000000000000000000 ) ) ;
#7528 = CARTESIAN_POINT ( 'NONE',  ( 0.000000000000000000, 0.2999999999999999889, 0.000000000000000000 ) ) ;
#7529 = CARTESIAN_POINT ( 'NONE',  ( -6.799985041173804312, 1.000000000000000000, 39.44100827606357029 ) ) ;
#7530 = CYLINDRICAL_SURFACE ( 'NONE', #2836, 4.750000000000001776 ) ;
#7531 = VECTOR ( 'NONE', #7481, 1000.000000000000000 ) ;
#7532 = LINE ( 'NONE', #1329, #2675 ) ;
#7533 = ORIENTED_EDGE ( 'NONE', *, *, #974, .T. ) ;
#7534 = CARTESIAN_POINT ( 'NONE',  ( -7.591775790034061444, 0.000000000000000000, 41.51653259535947882 ) ) ;
#7535 = VERTEX_POINT ( 'NONE', #6365 ) ;
#7536 = DIRECTION ( 'NONE',  ( -0.000000000000000000, -0.000000000000000000, 1.000000000000000000 ) ) ;
#7537 = CARTESIAN_POINT ( 'NONE',  ( -13.38995751219910524, 1.000000000000000000, 42.15139227532721122 ) ) ;
#7538 = CARTESIAN_POINT ( 'NONE',  ( -5.707587244282433581, 0.000000000000000000, 41.72230437016766302 ) ) ;
#7539 = VECTOR ( 'NONE', #1888, 1000.000000000000000 ) ;
#7540 = LINE ( 'NONE', #158, #1651 ) ;
#7541 = CARTESIAN_POINT ( 'NONE',  ( -4.247654629992202224, 1.000000000000000000, 40.23813822362329518 ) ) ;
#7542 = LINE ( 'NONE', #1946, #7768 ) ;
#7543 = ORIENTED_EDGE ( 'NONE', *, *, #2568, .T. ) ;
#7544 = CARTESIAN_POINT ( 'NONE',  ( -3.423205036185305694, 1.000000000000000000, 41.81399671450299138 ) ) ;
#7545 = ORIENTED_EDGE ( 'NONE', *, *, #5668, .T. ) ;
#7546 = CARTESIAN_POINT ( 'NONE',  ( -4.341258425478150329, 0.000000000000000000, 41.39259125174281451 ) ) ;
#7547 = VERTEX_POINT ( 'NONE', #3813 ) ;
#7548 = CARTESIAN_POINT ( 'NONE',  ( -11.40784251720874387, 0.000000000000000000, 42.19999999999999574 ) ) ;
#7549 = EDGE_CURVE ( 'NONE', #4458, #7858, #2632, .T. ) ;
#7550 = CARTESIAN_POINT ( 'NONE',  ( 19.49999999999999645, 26.00000000000000355, -14.50000000000004086 ) ) ;
#7551 = FACE_OUTER_BOUND ( 'NONE', #5888, .T. ) ;
#7552 = FACE_OUTER_BOUND ( 'NONE', #1937, .T. ) ;
#7553 = ORIENTED_EDGE ( 'NONE', *, *, #3510, .T. ) ;
#7554 = B_SPLINE_CURVE_WITH_KNOTS ( 'NONE', 3,
 ( #3250, #1460, #5830, #1499, #3978, #4506, #239, #7661, #198, #2677, #2635, #3330, #893, #5127, #3938, #2147, #3371, #6445, #5171 ),
 .UNSPECIFIED., .F., .F.,
 ( 4, 1, 1, 1, 1, 1, 1, 1, 1, 1, 1, 1, 1, 1, 1, 1, 4 ),
 ( 0.000000000000000000, 0.06670444623284096930, 0.1302607681779227589, 0.1908953556931661522, 0.2502064430093249303, 0.3079562883143117658, 0.3656899613981883235, 0.4236243114713499347, 0.4831867751421408119, 0.5433109930441692992, 0.6033752742928781831, 0.6648250174573923088, 0.7270942417324739449, 0.7913789250196556768, 0.8580453624480058883, 0.9271234476888333687, 1.000000000000000000 ),
 .UNSPECIFIED. ) ;
#7555 = CARTESIAN_POINT ( 'NONE',  ( -8.850571849458860996, 1.000000000000000000, 41.72390688698142469 ) ) ;
#7556 = CARTESIAN_POINT ( 'NONE',  ( -7.735957301607134795, 1.000000000000000000, 39.33103954169592953 ) ) ;
#7557 = VERTEX_POINT ( 'NONE', #7617 ) ;
#7558 = VECTOR ( 'NONE', #2651, 1000.000000000000000 ) ;
#7559 = ADVANCED_FACE ( 'NONE', ( #3120 ), #8066, .T. ) ;
#7560 = CARTESIAN_POINT ( 'NONE',  ( -13.50000000000000000, 2.000000000000000000, -37.00000000000002132 ) ) ;
#7561 = EDGE_CURVE ( 'NONE', #3034, #217, #6356, .T. ) ;
#7562 = ORIENTED_EDGE ( 'NONE', *, *, #5253, .T. ) ;
#7563 = DIRECTION ( 'NONE',  ( 0.000000000000000000, 0.000000000000000000, 1.000000000000000000 ) ) ;
#7564 = VERTEX_POINT ( 'NONE', #5943 ) ;
#7565 = ORIENTED_EDGE ( 'NONE', *, *, #3964, .F. ) ;
#7566 = CARTESIAN_POINT ( 'NONE',  ( 11.65000000000000036, 5.000000000000000000, -38.20000000000000995 ) ) ;
#7567 = CARTESIAN_POINT ( 'NONE',  ( -6.964257844320117741, 0.000000000000000000, 41.26281078938650637 ) ) ;
#7568 = CARTESIAN_POINT ( 'NONE',  ( -3.148579966557493393, 0.000000000000000000, 40.25771633494984059 ) ) ;
#7569 = DIRECTION ( 'NONE',  ( 0.000000000000000000, -0.000000000000000000, -1.000000000000000000 ) ) ;
#7570 = ADVANCED_FACE ( 'NONE', ( #5291, #4543 ), #2833, .T. ) ;
#7571 = EDGE_CURVE ( 'NONE', #5446, #1280, #7358, .T. ) ;
#7572 = CARTESIAN_POINT ( 'NONE',  ( -5.772387469798721860, 1.000000000000000000, 38.83298889685600130 ) ) ;
#7573 = CARTESIAN_POINT ( 'NONE',  ( -12.67231846598835787, 0.000000000000000000, 40.58649358377827809 ) ) ;
#7574 = CARTESIAN_POINT ( 'NONE',  ( 19.65534243804603065, 24.35000000000000142, 42.85000000000000142 ) ) ;
#7575 = EDGE_LOOP ( 'NONE', ( #7017, #3390, #2337, #2204 ) ) ;
#7576 = FACE_OUTER_BOUND ( 'NONE', #3245, .T. ) ;
#7577 = ORIENTED_EDGE ( 'NONE', *, *, #1172, .T. ) ;
#7578 = VECTOR ( 'NONE', #1101, 1000.000000000000000 ) ;
#7579 = CARTESIAN_POINT ( 'NONE',  ( -5.704891215557157835, 1.000000000000000000, 39.35075519117447840 ) ) ;
#7580 = B_SPLINE_CURVE_WITH_KNOTS ( 'NONE', 3,
 ( #165, #2642, #4471, #6410, #900, #7626, #6980, #7021, #6451, #3905, #779, #5837, #1389, #3868, #5259, #6938, #7058, #246, #2154 ),
 .UNSPECIFIED., .F., .F.,
 ( 4, 1, 1, 1, 1, 1, 1, 1, 1, 1, 1, 1, 1, 1, 1, 1, 4 ),
 ( 0.000000000000000000, 0.07345715613897864371, 0.1441200022763791389, 0.2117209706102848310, 0.2773648265937360136, 0.3407292973374563272, 0.4029304958146234794, 0.4647323957381083170, 0.5257030480813030815, 0.5855512426781939173, 0.6438346293953993715, 0.7010245918864551617, 0.7578260360307701449, 0.8152895099920239863, 0.8744465696945312727, 0.9359361114452993125, 1.000000000000000000 ),
 .UNSPECIFIED. ) ;
#7581 = CARTESIAN_POINT ( 'NONE',  ( -12.53767207382356830, 1.000000000000000000, 39.89880890832505145 ) ) ;
#7582 = CARTESIAN_POINT ( 'NONE',  ( -13.15158717259558330, 0.000000000000000000, 40.98767780553906448 ) ) ;
#7583 = DIRECTION ( 'NONE',  ( 0.000000000000000000, 1.000000000000000000, 0.000000000000000000 ) ) ;
#7584 = CARTESIAN_POINT ( 'NONE',  ( -11.40784251720874387, 1.000000000000000000, 42.19999999999999574 ) ) ;
#7585 = CARTESIAN_POINT ( 'NONE',  ( 0.000000000000000000, -2.242640687119287879, 26.52499999999999858 ) ) ;
#7586 = EDGE_LOOP ( 'NONE', ( #3423, #1045, #7831, #4212 ) ) ;
#7587 = CARTESIAN_POINT ( 'NONE',  ( -3.596049369194421086, 1.000000000000000000, 41.60667592502554868 ) ) ;
#7588 = ORIENTED_EDGE ( 'NONE', *, *, #2818, .F. ) ;
#7589 = CARTESIAN_POINT ( 'NONE',  ( 2.958039891549773870, 2.200000000000000178, 26.52499999999999858 ) ) ;
#7590 = CARTESIAN_POINT ( 'NONE',  ( -9.473612029372461052, 0.000000000000000000, 39.80272785000477143 ) ) ;
#7591 = ORIENTED_EDGE ( 'NONE', *, *, #2171, .T. ) ;
#7592 = DIRECTION ( 'NONE',  ( -1.000000000000000000, 0.000000000000000000, 0.000000000000000000 ) ) ;
#7593 = CARTESIAN_POINT ( 'NONE',  ( -8.133023547590578772, 0.000000000000000000, 39.96094187914432183 ) ) ;
#7594 = CARTESIAN_POINT ( 'NONE',  ( -15.99999999999998934, 2.000000000000000000, 41.99999999999999289 ) ) ;
#7595 = DIRECTION ( 'NONE',  ( 0.000000000000000000, 0.000000000000000000, 1.000000000000000000 ) ) ;
#7596 = ORIENTED_EDGE ( 'NONE', *, *, #5854, .T. ) ;
#7597 = EDGE_LOOP ( 'NONE', ( #1734, #7148, #5103, #3771 ) ) ;
#7598 = DIRECTION ( 'NONE',  ( -0.000000000000000000, -1.000000000000000000, -0.000000000000000000 ) ) ;
#7599 = ORIENTED_EDGE ( 'NONE', *, *, #980, .F. ) ;
#7600 = CARTESIAN_POINT ( 'NONE',  ( -12.17073608243399896, 1.000000000000000000, 40.32707850571679131 ) ) ;
#7601 = EDGE_CURVE ( 'NONE', #3645, #2122, #7932, .T. ) ;
#7602 = ORIENTED_EDGE ( 'NONE', *, *, #6577, .T. ) ;
#7603 = CARTESIAN_POINT ( 'NONE',  ( -3.814453231110129572, 1.000000000000000000, 40.86334080205804042 ) ) ;
#7604 = CARTESIAN_POINT ( 'NONE',  ( -8.822856714818387402, 1.000000000000000000, 42.24320686637580025 ) ) ;
#7605 = CARTESIAN_POINT ( 'NONE',  ( -2.631275782236383698, 0.000000000000000000, 39.42388837782787192 ) ) ;
#7606 = CARTESIAN_POINT ( 'NONE',  ( 5.204170427930421283E-15, 21.50000000000000000, 43.00000000000000000 ) ) ;
#7607 = EDGE_CURVE ( 'NONE', #1453, #4192, #4623, .T. ) ;
#7608 = CARTESIAN_POINT ( 'NONE',  ( 20.49999999999999645, 26.00000000000000355, -44.00000000000000000 ) ) ;
#7609 = EDGE_CURVE ( 'NONE', #7341, #6735, #1119, .T. ) ;
#7610 = CARTESIAN_POINT ( 'NONE',  ( -4.248868035151198264, -0.000000000000000000, 40.88471154557890941 ) ) ;
#7611 = EDGE_CURVE ( 'NONE', #2669, #6246, #1608, .T. ) ;
#7612 = ORIENTED_EDGE ( 'NONE', *, *, #1436, .F. ) ;
#7613 = CARTESIAN_POINT ( 'NONE',  ( 2.003838848758051405, 1.000000000000000000, 38.87307128906249432 ) ) ;
#7614 = ORIENTED_EDGE ( 'NONE', *, *, #7302, .T. ) ;
#7615 = CARTESIAN_POINT ( 'NONE',  ( -6.867448959171622569, 0.000000000000000000, 41.51656985354617291 ) ) ;
#7616 = PLANE ( 'NONE',  #6625 ) ;
#7617 = CARTESIAN_POINT ( 'NONE',  ( -19.00000000000000355, 1.000000000000000000, 38.98908507197222661 ) ) ;
#7618 = PLANE ( 'NONE',  #4648 ) ;
#7619 = CARTESIAN_POINT ( 'NONE',  ( -12.55793330369778182, 0.000000000000000000, 41.36959297505097766 ) ) ;
#7620 = CARTESIAN_POINT ( 'NONE',  ( -11.40784251720874387, 1.000000000000000000, 40.86058714234982858 ) ) ;
#7621 = ORIENTED_EDGE ( 'NONE', *, *, #6819, .F. ) ;
#7622 = CARTESIAN_POINT ( 'NONE',  ( -3.515933104865747172, 1.000000000000000000, 41.71487329346738449 ) ) ;
#7623 = VERTEX_POINT ( 'NONE', #6595 ) ;
#7624 = CARTESIAN_POINT ( 'NONE',  ( -4.948897147269431862, 1.000000000000000000, 42.08951814818546922 ) ) ;
#7625 = VECTOR ( 'NONE', #3844, 1000.000000000000000 ) ;
#7626 = CARTESIAN_POINT ( 'NONE',  ( -9.500544894717215527, 1.000000000000000000, 39.88029212275333180 ) ) ;
#7627 = AXIS2_PLACEMENT_3D ( 'NONE', #1351, #1915, #822 ) ;
#7628 = ORIENTED_EDGE ( 'NONE', *, *, #6486, .F. ) ;
#7629 = DIRECTION ( 'NONE',  ( 0.000000000000000000, 0.000000000000000000, 1.000000000000000000 ) ) ;
#7630 = VECTOR ( 'NONE', #7563, 1000.000000000000000 ) ;
#7631 = TOROIDAL_SURFACE ( 'NONE', #5150, 2.750000000000000888, 0.5000000000000000000 ) ;
#7632 = CARTESIAN_POINT ( 'NONE',  ( -6.350251614515913801, 1.000000000000000000, 40.86579185886650123 ) ) ;
#7633 = AXIS2_PLACEMENT_3D ( 'NONE', #3477, #5977, #498 ) ;
#7634 = CARTESIAN_POINT ( 'NONE',  ( -8.109230760797112580, 0.000000000000000000, 40.13825685875954719 ) ) ;
#7635 = DIRECTION ( 'NONE',  ( 0.000000000000000000, 1.000000000000000000, 0.000000000000000000 ) ) ;
#7636 = PLANE ( 'NONE',  #1107 ) ;
#7637 = CIRCLE ( 'NONE', #3199, 0.8500000000000035305 ) ;
#7638 = ORIENTED_EDGE ( 'NONE', *, *, #5708, .T. ) ;
#7639 = ORIENTED_EDGE ( 'NONE', *, *, #2312, .F. ) ;
#7640 = AXIS2_PLACEMENT_3D ( 'NONE', #7356, #1767, #7278 ) ;
#7641 = DIRECTION ( 'NONE',  ( 0.000000000000000000, 0.000000000000000000, -1.000000000000000000 ) ) ;
#7642 = ORIENTED_EDGE ( 'NONE', *, *, #5923, .T. ) ;
#7643 = CARTESIAN_POINT ( 'NONE',  ( -8.179377584058904915, 1.000000000000000000, 39.80088522246152394 ) ) ;
#7644 = VERTEX_POINT ( 'NONE', #2868 ) ;
#7645 = CARTESIAN_POINT ( 'NONE',  ( -3.099303495994306434, 1.000000000000000000, 41.16187745727415148 ) ) ;
#7646 = CARTESIAN_POINT ( 'NONE',  ( -5.918560136895525403, 0.000000000000000000, 42.22049188216873716 ) ) ;
#7647 = CARTESIAN_POINT ( 'NONE',  ( -2.553529537335983868, 1.000000000000000000, 39.40461494052632219 ) ) ;
#7648 = FACE_OUTER_BOUND ( 'NONE', #3753, .T. ) ;
#7649 = AXIS2_PLACEMENT_3D ( 'NONE', #7450, #1337, #6195 ) ;
#7650 = ADVANCED_FACE ( 'NONE', ( #1650, #7968 ), #2414, .T. ) ;
#7651 = CARTESIAN_POINT ( 'NONE',  ( 4.119968255444916849E-15, 19.25000000000000355, 44.00000000000000000 ) ) ;
#7652 = CARTESIAN_POINT ( 'NONE',  ( -4.299430975043786241, 0.000000000000000000, 41.26258314496016766 ) ) ;
#7653 = ORIENTED_EDGE ( 'NONE', *, *, #7561, .F. ) ;
#7654 = CARTESIAN_POINT ( 'NONE',  ( -7.465946415003858583, 1.000000000000000000, 41.12598433912934581 ) ) ;
#7655 = VERTEX_POINT ( 'NONE', #5362 ) ;
#7656 = CARTESIAN_POINT ( 'NONE',  ( -6.630753234201829827, 0.000000000000000000, 41.84563246896666300 ) ) ;
#7657 = CARTESIAN_POINT ( 'NONE',  ( -3.815585966234085635, 0.000000000000000000, 40.26244208595968388 ) ) ;
#7658 = CARTESIAN_POINT ( 'NONE',  ( -4.725987581281742678, 1.000000000000000000, 39.13456531561291740 ) ) ;
#7659 = LINE ( 'NONE', #5903, #5110 ) ;
#7660 = ADVANCED_FACE ( 'NONE', ( #4816 ), #7849, .T. ) ;
#7661 = CARTESIAN_POINT ( 'NONE',  ( -2.835478884830091140, 0.000000000000000000, 41.54676946194324927 ) ) ;
#7662 = DIRECTION ( 'NONE',  ( 0.000000000000000000, 0.000000000000000000, 1.000000000000000000 ) ) ;
#7663 = EDGE_CURVE ( 'NONE', #6703, #5340, #3636, .T. ) ;
#7664 = EDGE_CURVE ( 'NONE', #794, #6981, #2685, .T. ) ;
#7665 = VERTEX_POINT ( 'NONE', #1002 ) ;
#7666 = CARTESIAN_POINT ( 'NONE',  ( -3.146637659894378380, 1.000000000000000000, 40.16522530597276130 ) ) ;
#7667 = ORIENTED_EDGE ( 'NONE', *, *, #3103, .F. ) ;
#7668 = CARTESIAN_POINT ( 'NONE',  ( 19.90041507641943141, 24.00000000000000000, -81.85104867949057450 ) ) ;
#7669 = CARTESIAN_POINT ( 'NONE',  ( -9.188917180351293013, 0.000000000000000000, 39.44455716969038406 ) ) ;
#7670 = VECTOR ( 'NONE', #5246, 1000.000000000000000 ) ;
#7671 = VECTOR ( 'NONE', #5568, 1000.000000000000000 ) ;
#7672 = CARTESIAN_POINT ( 'NONE',  ( -18.32937921002475790, 24.26250559488455494, 43.88563253059326286 ) ) ;
#7673 = EDGE_CURVE ( 'NONE', #5663, #7725, #5481, .T. ) ;
#7674 = LINE ( 'NONE', #1305, #2766 ) ;
#7675 = EDGE_CURVE ( 'NONE', #1627, #2172, #550, .T. ) ;
#7676 = CARTESIAN_POINT ( 'NONE',  ( -6.350251614515913801, -0.000000000000000000, 40.86579185886650123 ) ) ;
#7677 = LINE ( 'NONE', #820, #5283 ) ;
#7678 = DIRECTION ( 'NONE',  ( -1.000000000000000000, -1.541976423090497014E-15, 0.000000000000000000 ) ) ;
#7679 = CARTESIAN_POINT ( 'NONE',  ( 1.338183063655702609, 1.000000000000000000, 42.19999999999999574 ) ) ;
#7680 = ORIENTED_EDGE ( 'NONE', *, *, #6814, .T. ) ;
#7681 = VERTEX_POINT ( 'NONE', #3482 ) ;
#7682 = DIRECTION ( 'NONE',  ( -0.000000000000000000, -1.000000000000000000, -0.000000000000000000 ) ) ;
#7683 = ORIENTED_EDGE ( 'NONE', *, *, #6663, .T. ) ;
#7684 = CARTESIAN_POINT ( 'NONE',  ( -8.249959254485604632, 1.000000000000000000, 39.65901123847051224 ) ) ;
#7685 = ORIENTED_EDGE ( 'NONE', *, *, #2858, .F. ) ;
#7686 = CARTESIAN_POINT ( 'NONE',  ( -3.070953911146864002, 1.000000000000000000, 41.23882797743167572 ) ) ;
#7687 = CARTESIAN_POINT ( 'NONE',  ( -12.11824645010213253, 1.000000000000000000, 39.39843514511768063 ) ) ;
#7688 = LINE ( 'NONE', #5813, #6711 ) ;
#7689 = DIRECTION ( 'NONE',  ( 0.000000000000000000, 0.000000000000000000, 1.000000000000000000 ) ) ;
#7690 = LINE ( 'NONE', #837, #7270 ) ;
#7691 = CARTESIAN_POINT ( 'NONE',  ( -4.247654629992202224, 1.000000000000000000, 40.83493306543919488 ) ) ;
#7692 = ORIENTED_EDGE ( 'NONE', *, *, #4692, .F. ) ;
#7693 = CARTESIAN_POINT ( 'NONE',  ( -7.736288809860710991, 1.000000000000000000, 41.74363050356624427 ) ) ;
#7694 = VERTEX_POINT ( 'NONE', #6017 ) ;
#7695 = CARTESIAN_POINT ( 'NONE',  ( -7.012308010795884172, 1.000000000000000000, 40.98263487574882902 ) ) ;
#7696 = LINE ( 'NONE', #6318, #1928 ) ;
#7697 = CARTESIAN_POINT ( 'NONE',  ( -4.247654629992202224, 1.000000000000000000, 40.83493306543919488 ) ) ;
#7698 = CARTESIAN_POINT ( 'NONE',  ( 2.958039891549808509, 2.000000000000000000, 26.02499999999999858 ) ) ;
#7699 = CARTESIAN_POINT ( 'NONE',  ( -12.54055446861018908, 0.000000000000000000, 41.21774020021141638 ) ) ;
#7700 = DIRECTION ( 'NONE',  ( -0.000000000000000000, -1.000000000000000000, -0.000000000000000000 ) ) ;
#7701 = EDGE_LOOP ( 'NONE', ( #4758, #5600, #3061, #5067 ) ) ;
#7702 = CARTESIAN_POINT ( 'NONE',  ( 0.000000000000000000, 2.200000000000000178, 26.52499999999999858 ) ) ;
#7703 = ORIENTED_EDGE ( 'NONE', *, *, #5469, .F. ) ;
#7704 = DIRECTION ( 'NONE',  ( -0.000000000000000000, -1.000000000000000000, -0.000000000000000000 ) ) ;
#7705 = CARTESIAN_POINT ( 'NONE',  ( -6.530479707489701191, 1.000000000000000000, 39.13452977689640733 ) ) ;
#7706 = CARTESIAN_POINT ( 'NONE',  ( -3.719396478671860962, 1.000000000000000000, 39.70722293578302242 ) ) ;
#7707 = EDGE_CURVE ( 'NONE', #5486, #737, #3554, .T. ) ;
#7708 = CARTESIAN_POINT ( 'NONE',  ( -17.50000000000000355, 24.00000000000000000, 44.00000000000000000 ) ) ;
#7709 = VECTOR ( 'NONE', #1732, 1000.000000000000000 ) ;
#7710 = CARTESIAN_POINT ( 'NONE',  ( 2.680296350454350662, 1.000000000000000000, 38.87307128906249432 ) ) ;
#7711 = EDGE_CURVE ( 'NONE', #2669, #2719, #7001, .T. ) ;
#7712 = DIRECTION ( 'NONE',  ( 0.000000000000000000, 0.000000000000000000, 1.000000000000000000 ) ) ;
#7713 = CARTESIAN_POINT ( 'NONE',  ( -14.00000000000000178, 1.000000000000000000, 38.98908507197222661 ) ) ;
#7714 = CARTESIAN_POINT ( 'NONE',  ( 4.775688665340304682E-15, 14.50000000000000000, 39.99999999999999289 ) ) ;
#7715 = ORIENTED_EDGE ( 'NONE', *, *, #7259, .F. ) ;
#7716 = DIRECTION ( 'NONE',  ( 0.000000000000000000, 1.000000000000000000, 0.000000000000000000 ) ) ;
#7717 = EDGE_CURVE ( 'NONE', #6563, #4636, #4248, .T. ) ;
#7718 = EDGE_CURVE ( 'NONE', #4636, #7838, #2901, .T. ) ;
#7719 = ORIENTED_EDGE ( 'NONE', *, *, #6921, .T. ) ;
#7720 = ORIENTED_EDGE ( 'NONE', *, *, #872, .F. ) ;
#7721 = DIRECTION ( 'NONE',  ( 8.896017825522088106E-17, 0.000000000000000000, 1.000000000000000000 ) ) ;
#7722 = ORIENTED_EDGE ( 'NONE', *, *, #1923, .T. ) ;
#7723 = CARTESIAN_POINT ( 'NONE',  ( -14.00000000000000178, 0.000000000000000000, 42.49999999999999289 ) ) ;
#7724 = AXIS2_PLACEMENT_3D ( 'NONE', #4434, #167, #1430 ) ;
#7725 = VERTEX_POINT ( 'NONE', #1078 ) ;
#7726 = CARTESIAN_POINT ( 'NONE',  ( -19.33128477567705161, 24.81280230458176206, 43.42145423888850075 ) ) ;
#7727 = CARTESIAN_POINT ( 'NONE',  ( -12.01477264048804727, 1.000000000000000000, 39.39195512730677251 ) ) ;
#7728 = CARTESIAN_POINT ( 'NONE',  ( -3.421946424906955109, 1.000000000000000000, 39.26255699978821667 ) ) ;
#7729 = AXIS2_PLACEMENT_3D ( 'NONE', #964, #1653, #5402 ) ;
#7730 = LINE ( 'NONE', #5855, #1018 ) ;
#7731 = CARTESIAN_POINT ( 'NONE',  ( -5.000000000000000888, 2.000000000000000000, -38.50000000000002132 ) ) ;
#7732 = ORIENTED_EDGE ( 'NONE', *, *, #622, .F. ) ;
#7733 = CARTESIAN_POINT ( 'NONE',  ( -12.65878445204307567, 1.000000000000000000, 42.15771771528820011 ) ) ;
#7734 = ORIENTED_EDGE ( 'NONE', *, *, #5566, .T. ) ;
#7735 = CARTESIAN_POINT ( 'NONE',  ( -13.24343231412400179, 0.000000000000000000, 41.85009010864629175 ) ) ;
#7736 = CARTESIAN_POINT ( 'NONE',  ( -8.902199327367220860, 1.000000000000000000, 39.35075519117446419 ) ) ;
#7737 = CARTESIAN_POINT ( 'NONE',  ( -4.834573471995753380, 1.000000000000000000, 42.02074769022403444 ) ) ;
#7738 = DIRECTION ( 'NONE',  ( 0.000000000000000000, 0.000000000000000000, -1.000000000000000000 ) ) ;
#7739 = CARTESIAN_POINT ( 'NONE',  ( -12.55822533446472988, 1.000000000000000000, 41.62683391323336934 ) ) ;
#7740 = CARTESIAN_POINT ( 'NONE',  ( -12.55793330369778182, 1.000000000000000000, 41.36959297505097766 ) ) ;
#7741 = CARTESIAN_POINT ( 'NONE',  ( -9.546851342382055350, 0.000000000000000000, 40.92878304598654182 ) ) ;
#7742 = ORIENTED_EDGE ( 'NONE', *, *, #1812, .T. ) ;
#7743 = CARTESIAN_POINT ( 'NONE',  ( -0.5000000000000005551, 0.9819660112501004123, 30.70107388029968476 ) ) ;
#7744 = ORIENTED_EDGE ( 'NONE', *, *, #2124, .F. ) ;
#7745 = FACE_OUTER_BOUND ( 'NONE', #6129, .T. ) ;
#7746 = CARTESIAN_POINT ( 'NONE',  ( -9.500544894717215527, 0.000000000000000000, 39.88029212275333180 ) ) ;
#7747 = CARTESIAN_POINT ( 'NONE',  ( -7.735957301607134795, 0.000000000000000000, 39.33103954169592953 ) ) ;
#7748 = VERTEX_POINT ( 'NONE', #6141 ) ;
#7749 = CARTESIAN_POINT ( 'NONE',  ( -6.111092360122184708, 1.000000000000000000, 41.53505624808691721 ) ) ;
#7750 = EDGE_CURVE ( 'NONE', #7178, #1556, #6478, .T. ) ;
#7751 = VECTOR ( 'NONE', #2217, 1000.000000000000000 ) ;
#7752 = DIRECTION ( 'NONE',  ( 0.000000000000000000, -1.000000000000000000, 0.000000000000000000 ) ) ;
#7753 = DIRECTION ( 'NONE',  ( 0.000000000000000000, -1.000000000000000000, 0.000000000000000000 ) ) ;
#7754 = ORIENTED_EDGE ( 'NONE', *, *, #5728, .T. ) ;
#7755 = CARTESIAN_POINT ( 'NONE',  ( -6.921682431048512107, 0.000000000000000000, 39.68145957347610420 ) ) ;
#7756 = ORIENTED_EDGE ( 'NONE', *, *, #1428, .F. ) ;
#7757 = EDGE_LOOP ( 'NONE', ( #4368, #53, #2004, #1702 ) ) ;
#7758 = B_SPLINE_SURFACE_WITH_KNOTS ( 'NONE', 3, 1, ( 
 ( #6781, #3708 ),
 ( #3750, #5016 ),
 ( #3054, #7514 ),
 ( #4399, #5101 ),
 ( #1958, #6945 ),
 ( #1353, #133 ),
 ( #4439, #3831 ),
 ( #3228, #6342 ),
 ( #751, #2609 ),
 ( #5723, #7233 ),
 ( #2248, #7273 ),
 ( #956, #7883 ),
 ( #386, #2213 ),
 ( #4851, #1114 ),
 ( #5937, #4693 ),
 ( #6665, #3476 ),
 ( #1602, #5356 ),
 ( #7194, #1683 ),
 ( #6628, #3433 ) ),
 .UNSPECIFIED., .F., .F., .F.,
 ( 4, 1, 1, 1, 1, 1, 1, 1, 1, 1, 1, 1, 1, 1, 1, 1, 4 ),
 ( 2, 2 ),
 ( 0.000000000000000000, 0.06446381892914707090, 0.1258150915620539212, 0.1846969363889005566, 0.2422245544822581587, 0.2986646420830950666, 0.3553533927496381750, 0.4124801843501519905, 0.4720135607638127340, 0.5327626201293295116, 0.5937107934902152717, 0.6560840948965374064, 0.7201709165251821698, 0.7859626150842671244, 0.8545056633784311462, 0.9255567339690852213, 1.000000000000000000 ),
 ( 0.000000000000000000, 1.000000000000000000 ),
 .UNSPECIFIED. ) ;
#7759 = AXIS2_PLACEMENT_3D ( 'NONE', #1178, #6771, #1561 ) ;
#7760 = CIRCLE ( 'NONE', #5935, 0.5000000000000004441 ) ;
#7761 = AXIS2_PLACEMENT_3D ( 'NONE', #2734, #7104, #214 ) ;
#7762 = EDGE_CURVE ( 'NONE', #1501, #709, #2943, .T. ) ;
#7763 = ADVANCED_FACE ( 'NONE', ( #2332 ), #1727, .T. ) ;
#7764 = LINE ( 'NONE', #5348, #1684 ) ;
#7765 = ORIENTED_EDGE ( 'NONE', *, *, #5728, .F. ) ;
#7766 = DIRECTION ( 'NONE',  ( 1.000000000000000000, 0.000000000000000000, -0.000000000000000000 ) ) ;
#7767 = EDGE_CURVE ( 'NONE', #2151, #3333, #6707, .T. ) ;
#7768 = VECTOR ( 'NONE', #8026, 1000.000000000000000 ) ;
#7769 = ORIENTED_EDGE ( 'NONE', *, *, #1868, .T. ) ;
#7770 = CARTESIAN_POINT ( 'NONE',  ( -2.974619445318801070, 0.000000000000000000, 42.10619183328534376 ) ) ;
#7771 = CARTESIAN_POINT ( 'NONE',  ( -2.249999999999996891, 19.25000000000000355, 43.50000000000000000 ) ) ;
#7772 = VECTOR ( 'NONE', #416, 1000.000000000000000 ) ;
#7773 = CARTESIAN_POINT ( 'NONE',  ( 3.345277028269577180, 1.000000000000000000, 42.19999999999999574 ) ) ;
#7774 = EDGE_CURVE ( 'NONE', #4066, #4303, #4286, .T. ) ;
#7775 = CARTESIAN_POINT ( 'NONE',  ( -13.37515933669722479, 0.000000000000000000, 42.13799337199600359 ) ) ;
#7776 = LINE ( 'NONE', #188, #3057 ) ;
#7777 = VECTOR ( 'NONE', #1799, 1000.000000000000000 ) ;
#7778 = ORIENTED_EDGE ( 'NONE', *, *, #4510, .T. ) ;
#7779 = CARTESIAN_POINT ( 'NONE',  ( -12.70404850848309586, 0.000000000000000000, 42.20000000000000284 ) ) ;
#7780 = CARTESIAN_POINT ( 'NONE',  ( -6.964257844320117741, 0.000000000000000000, 41.26281078938650637 ) ) ;
#7781 = CARTESIAN_POINT ( 'NONE',  ( -9.500544894717215527, 0.000000000000000000, 39.88029212275333180 ) ) ;
#7782 = CARTESIAN_POINT ( 'NONE',  ( -4.268638303193791117, 1.000000000000000000, 41.12598433912933160 ) ) ;
#7783 = CARTESIAN_POINT ( 'NONE',  ( -19.75685484862685115, 24.20502525316942055, 42.49999999999999289 ) ) ;
#7784 = DIRECTION ( 'NONE',  ( 0.000000000000000000, -0.000000000000000000, 1.000000000000000000 ) ) ;
#7785 = VECTOR ( 'NONE', #1740, 1000.000000000000000 ) ;
#7786 = CARTESIAN_POINT ( 'NONE',  ( -8.850571849458860996, -0.000000000000000000, 41.72390688698142469 ) ) ;
#7787 = EDGE_LOOP ( 'NONE', ( #2829, #1352, #354, #4291 ) ) ;
#7788 = DIRECTION ( 'NONE',  ( -1.000000000000000000, 0.000000000000000000, 0.000000000000000000 ) ) ;
#7789 = ORIENTED_EDGE ( 'NONE', *, *, #4903, .T. ) ;
#7790 = PLANE ( 'NONE',  #986 ) ;
#7791 = CARTESIAN_POINT ( 'NONE',  ( -8.522651476025995265, 1.000000000000000000, 41.66423967152968544 ) ) ;
#7792 = CARTESIAN_POINT ( 'NONE',  ( -5.147371184870521255, 0.000000000000000000, 41.53505539339036545 ) ) ;
#7793 = ORIENTED_EDGE ( 'NONE', *, *, #5006, .T. ) ;
#7794 = CARTESIAN_POINT ( 'NONE',  ( -5.930583576071750684, 1.000000000000000000, 41.66405100344283596 ) ) ;
#7795 = CARTESIAN_POINT ( 'NONE',  ( -13.20596893479630829, 0.000000000000000000, 41.17317999644649973 ) ) ;
#7796 = VECTOR ( 'NONE', #3557, 1000.000000000000000 ) ;
#7797 = VERTEX_POINT ( 'NONE', #5604 ) ;
#7798 = CARTESIAN_POINT ( 'NONE',  ( -12.99183075958518430, 1.000000000000000000, 40.37942244110467271 ) ) ;
#7799 = ORIENTED_EDGE ( 'NONE', *, *, #3266, .T. ) ;
#7800 = VERTEX_POINT ( 'NONE', #3194 ) ;
#7801 = DIRECTION ( 'NONE',  ( 0.5071094851168946871, 0.000000000000000000, -0.8618816450676264340 ) ) ;
#7802 = CARTESIAN_POINT ( 'NONE',  ( -4.911051658426521804, 0.000000000000000000, 40.86578441670268091 ) ) ;
#7803 = EDGE_LOOP ( 'NONE', ( #135, #7703, #7553, #5187 ) ) ;
#7804 = CARTESIAN_POINT ( 'NONE',  ( -2.845046675454771634, 1.000000000000000000, 42.14747470112353511 ) ) ;
#7805 = CARTESIAN_POINT ( 'NONE',  ( -13.23225853153248543, 1.000000000000000000, 41.77581869224876954 ) ) ;
#7806 = ADVANCED_FACE ( 'NONE', ( #6918 ), #3069, .F. ) ;
#7807 = ADVANCED_FACE ( 'NONE', ( #5693 ), #8054, .F. ) ;
#7808 = CARTESIAN_POINT ( 'NONE',  ( 1.338183063655702609, 1.000000000000000000, 39.92556354968578347 ) ) ;
#7809 = PLANE ( 'NONE',  #4099 ) ;
#7810 = CARTESIAN_POINT ( 'NONE',  ( -4.176073880299687069, 0.9819660112500995242, 27.02500000000000213 ) ) ;
#7811 = EDGE_LOOP ( 'NONE', ( #2046, #207, #5231, #4673 ) ) ;
#7812 = LINE ( 'NONE', #7846, #7490 ) ;
#7813 = CARTESIAN_POINT ( 'NONE',  ( -12.99183075958518430, 1.000000000000000000, 40.37942244110467271 ) ) ;
#7814 = EDGE_CURVE ( 'NONE', #6578, #3078, #5074, .T. ) ;
#7815 = CARTESIAN_POINT ( 'NONE',  ( -9.249579179592201328, 1.000000000000000000, 39.48709226286082696 ) ) ;
#7816 = CARTESIAN_POINT ( 'NONE',  ( -12.55736049708272617, 0.000000000000000000, 41.32981794285805677 ) ) ;
#7817 = EDGE_CURVE ( 'NONE', #5392, #4224, #6831, .T. ) ;
#7818 = CARTESIAN_POINT ( 'NONE',  ( -7.525000000000000355, 2.000000000000000000, 24.77499999999999858 ) ) ;
#7819 = AXIS2_PLACEMENT_3D ( 'NONE', #4443, #1356, #6425 ) ;
#7820 = PLANE ( 'NONE',  #628 ) ;
#7821 = CARTESIAN_POINT ( 'NONE',  ( 0.5000000000000004441, 2.000000000000000000, 29.48303989154980798 ) ) ;
#7822 = VERTEX_POINT ( 'NONE', #3723 ) ;
#7823 = CARTESIAN_POINT ( 'NONE',  ( -8.108359770236587494, 1.000000000000000000, 40.86578441670267381 ) ) ;
#7824 = ORIENTED_EDGE ( 'NONE', *, *, #7069, .T. ) ;
#7825 = DIRECTION ( 'NONE',  ( 1.000000000000000000, 0.000000000000000000, 0.000000000000000000 ) ) ;
#7826 = CARTESIAN_POINT ( 'NONE',  ( -7.444962741802267914, 0.000000000000000000, 40.23813822362329518 ) ) ;
#7827 = CARTESIAN_POINT ( 'NONE',  ( -5.467077410506236745, 0.000000000000000000, 41.71097785711830852 ) ) ;
#7828 = EDGE_LOOP ( 'NONE', ( #7685, #7161, #299, #4547 ) ) ;
#7829 = DIRECTION ( 'NONE',  ( 0.000000000000000000, 0.000000000000000000, -1.000000000000000000 ) ) ;
#7830 = CARTESIAN_POINT ( 'NONE',  ( -10.21176960252802246, 1.000000000000000000, 40.18857519758690700 ) ) ;
#7831 = ORIENTED_EDGE ( 'NONE', *, *, #5766, .F. ) ;
#7832 = CARTESIAN_POINT ( 'NONE',  ( -5.000000000000000888, 2.000000000000000000, -41.50000000000002132 ) ) ;
#7833 = ORIENTED_EDGE ( 'NONE', *, *, #4908, .T. ) ;
#7834 = VECTOR ( 'NONE', #4475, 1000.000000000000000 ) ;
#7835 = ORIENTED_EDGE ( 'NONE', *, *, #1384, .T. ) ;
#7836 = CARTESIAN_POINT ( 'NONE',  ( -0.01473193973690074127, 1.000000000000000000, 42.19999999999999574 ) ) ;
#7837 = CARTESIAN_POINT ( 'NONE',  ( -4.935491413426158047, 1.000000000000000000, 41.10818612692378338 ) ) ;
#7838 = VERTEX_POINT ( 'NONE', #6226 ) ;
#7839 = DIRECTION ( 'NONE',  ( -0.8618816450676264340, 0.000000000000000000, -0.5071094851168946871 ) ) ;
#7840 = CARTESIAN_POINT ( 'NONE',  ( -4.248844203296016531, 0.000000000000000000, 40.18857988217608579 ) ) ;
#7841 = AXIS2_PLACEMENT_3D ( 'NONE', #1652, #4130, #6634 ) ;
#7842 = CARTESIAN_POINT ( 'NONE',  ( 2.958039891549808509, -0.2360679774997919977, 27.02500000000000213 ) ) ;
#7843 = EDGE_CURVE ( 'NONE', #6201, #6465, #3108, .T. ) ;
#7844 = LINE ( 'NONE', #7963, #3573 ) ;
#7845 = ORIENTED_EDGE ( 'NONE', *, *, #3465, .F. ) ;
#7846 = CARTESIAN_POINT ( 'NONE',  ( 2.680296350454350662, 1.000000000000000000, 42.19999999999999574 ) ) ;
#7847 = CARTESIAN_POINT ( 'NONE',  ( -12.90039709384089051, 1.000000000000000000, 40.45936558615927225 ) ) ;
#7848 = CARTESIAN_POINT ( 'NONE',  ( -9.440550537951432730, 0.000000000000000000, 39.72928893388638016 ) ) ;
#7849 = PLANE ( 'NONE',  #2549 ) ;
#7850 = EDGE_CURVE ( 'NONE', #6565, #4011, #592, .T. ) ;
#7851 = DIRECTION ( 'NONE',  ( 0.000000000000000000, 0.000000000000000000, -1.000000000000000000 ) ) ;
#7852 = VECTOR ( 'NONE', #2323, 1000.000000000000000 ) ;
#7853 = ADVANCED_FACE ( 'NONE', ( #15 ), #1971, .F. ) ;
#7854 = FACE_OUTER_BOUND ( 'NONE', #1841, .T. ) ;
#7855 = EDGE_CURVE ( 'NONE', #2110, #5446, #5120, .T. ) ;
#7856 =( BOUNDED_CURVE ( )  B_SPLINE_CURVE ( 3, ( #5275, #5497, #566, #4686 ),
 .UNSPECIFIED., .F., .F. ) 
 B_SPLINE_CURVE_WITH_KNOTS ( ( 4, 4 ),
 ( 0.7692285645373797554, 1.230959417340777184 ),
 .UNSPECIFIED. ) 
 CURVE ( )  GEOMETRIC_REPRESENTATION_ITEM ( )  RATIONAL_B_SPLINE_CURVE ( ( 1.000000000000000000, 0.9823124884281213554, 0.9823124884281213554, 1.000000000000000000 ) ) 
 REPRESENTATION_ITEM ( '' )  );
#7857 = DIRECTION ( 'NONE',  ( 0.000000000000000000, 0.000000000000000000, 1.000000000000000000 ) ) ;
#7858 = VERTEX_POINT ( 'NONE', #7922 ) ;
#7859 = CARTESIAN_POINT ( 'NONE',  ( -8.267788082464088362, 0.000000000000000000, 42.14572451139512310 ) ) ;
#7860 = ORIENTED_EDGE ( 'NONE', *, *, #6615, .F. ) ;
#7861 = CARTESIAN_POINT ( 'NONE',  ( -14.00000000000000178, 1.000000000000000000, 38.98908507197222661 ) ) ;
#7862 = EDGE_CURVE ( 'NONE', #3348, #6563, #1124, .T. ) ;
#7863 = FACE_OUTER_BOUND ( 'NONE', #1442, .T. ) ;
#7864 = CARTESIAN_POINT ( 'NONE',  ( -3.121801229433724956, 0.000000000000000000, 41.08063309869420010 ) ) ;
#7865 = DIRECTION ( 'NONE',  ( -0.000000000000000000, -1.000000000000000000, -0.000000000000000000 ) ) ;
#7866 = LINE ( 'NONE', #5341, #5911 ) ;
#7867 = CARTESIAN_POINT ( 'NONE',  ( 6.000000000000004441, 19.25000000000000000, 41.99999999999999289 ) ) ;
#7868 = VERTEX_POINT ( 'NONE', #6093 ) ;
#7869 = CARTESIAN_POINT ( 'NONE',  ( -7.591775790034061444, 0.000000000000000000, 41.51653259535947882 ) ) ;
#7870 = EDGE_LOOP ( 'NONE', ( #1503, #873, #5572, #2874 ) ) ;
#7871 = ORIENTED_EDGE ( 'NONE', *, *, #533, .F. ) ;
#7872 = FACE_OUTER_BOUND ( 'NONE', #7486, .T. ) ;
#7873 = DIRECTION ( 'NONE',  ( 0.000000000000000000, 0.000000000000000000, -1.000000000000000000 ) ) ;
#7874 = ORIENTED_EDGE ( 'NONE', *, *, #6009, .F. ) ;
#7875 = CARTESIAN_POINT ( 'NONE',  ( -2.709131268668909520, 1.000000000000000000, 42.17815662196002791 ) ) ;
#7876 = CARTESIAN_POINT ( 'NONE',  ( -4.538649189797069106, 0.000000000000000000, 39.33103954169592953 ) ) ;
#7877 = VECTOR ( 'NONE', #2377, 1000.000000000000000 ) ;
#7878 = AXIS2_PLACEMENT_3D ( 'NONE', #2801, #7138, #4026 ) ;
#7879 = CARTESIAN_POINT ( 'NONE',  ( -12.70404850848309408, 1.000000000000000000, 42.19999999999999574 ) ) ;
#7880 = CARTESIAN_POINT ( 'NONE',  ( -15.99999999999998934, 27.53553390593273775, 39.49999999999999289 ) ) ;
#7881 = AXIS2_PLACEMENT_3D ( 'NONE', #7993, #6862, #7387 ) ;
#7882 = VECTOR ( 'NONE', #4314, 1000.000000000000000 ) ;
#7883 = CARTESIAN_POINT ( 'NONE',  ( -5.014650753002883654, -2.168404344971008868E-16, 39.72779942703725453 ) ) ;
#7884 = ORIENTED_EDGE ( 'NONE', *, *, #2362, .T. ) ;
#7885 = DIRECTION ( 'NONE',  ( 0.000000000000000000, 0.000000000000000000, 1.000000000000000000 ) ) ;
#7886 = CARTESIAN_POINT ( 'NONE',  ( -8.820831392957019901, 0.000000000000000000, 39.34834681919642208 ) ) ;
#7887 = CARTESIAN_POINT ( 'NONE',  ( -9.054806837082550075, 0.000000000000000000, 39.38194406229025901 ) ) ;
#7888 = CARTESIAN_POINT ( 'NONE',  ( -2.749999999999995559, 19.25000000000000355, -44.00099999999999767 ) ) ;
#7889 = EDGE_CURVE ( 'NONE', #5939, #7694, #2285, .T. ) ;
#7890 = FACE_OUTER_BOUND ( 'NONE', #5890, .T. ) ;
#7891 = DIRECTION ( 'NONE',  ( 1.000000000000000000, 0.000000000000000000, 0.000000000000000000 ) ) ;
#7892 = VECTOR ( 'NONE', #2324, 1000.000000000000000 ) ;
#7893 = LINE ( 'NONE', #6756, #4172 ) ;
#7894 = CARTESIAN_POINT ( 'NONE',  ( -10.06365412460330511, 1.000000000000000000, 39.55829294552088982 ) ) ;
#7895 = ORIENTED_EDGE ( 'NONE', *, *, #6269, .F. ) ;
#7896 = CARTESIAN_POINT ( 'NONE',  ( -12.25928822143882968, 0.000000000000000000, 38.88753216466480467 ) ) ;
#7897 = EDGE_LOOP ( 'NONE', ( #3854, #1128, #851, #3499 ) ) ;
#7898 = DIRECTION ( 'NONE',  ( -1.000000000000000000, -0.000000000000000000, -0.000000000000000000 ) ) ;
#7899 = CARTESIAN_POINT ( 'NONE',  ( -8.822856714818387402, 1.000000000000000000, 41.72472446986606798 ) ) ;
#7900 = DIRECTION ( 'NONE',  ( -0.000000000000000000, -1.000000000000000000, -0.000000000000000000 ) ) ;
#7901 = EDGE_CURVE ( 'NONE', #1402, #7838, #1109, .T. ) ;
#7902 = CARTESIAN_POINT ( 'NONE',  ( -12.32293490107982059, 0.000000000000000000, 39.46482750425766284 ) ) ;
#7903 = AXIS2_PLACEMENT_3D ( 'NONE', #5086, #4583, #5331 ) ;
#7904 = LINE ( 'NONE', #1700, #5777 ) ;
#7905 = EDGE_CURVE ( 'NONE', #966, #7037, #543, .T. ) ;
#7906 = CARTESIAN_POINT ( 'NONE',  ( -8.770806584099148040, -0.000000000000000000, 38.83090765209404083 ) ) ;
#7907 = EDGE_LOOP ( 'NONE', ( #1228, #7460 ) ) ;
#7908 = VERTEX_POINT ( 'NONE', #5294 ) ;
#7909 = CARTESIAN_POINT ( 'NONE',  ( -5.625548603008321713, 0.000000000000000000, 42.24320686637580025 ) ) ;
#7910 = EDGE_CURVE ( 'NONE', #907, #4165, #4721, .T. ) ;
#7911 = ADVANCED_FACE ( 'NONE', ( #4771 ), #4160, .T. ) ;
#7912 = ORIENTED_EDGE ( 'NONE', *, *, #4736, .T. ) ;
#7913 = CARTESIAN_POINT ( 'NONE',  ( -12.70404850848309408, 1.000000000000000000, 42.19999999999999574 ) ) ;
#7914 = CARTESIAN_POINT ( 'NONE',  ( -9.621138297991583599, 1.000000000000000000, 42.02095732157949470 ) ) ;
#7915 = APPLICATION_CONTEXT ( 'automotive_design' ) ;
#7916 = LINE ( 'NONE', #7222, #5208 ) ;
#7917 = ORIENTED_EDGE ( 'NONE', *, *, #2119, .T. ) ;
#7918 = CARTESIAN_POINT ( 'NONE',  ( -2.566470627445001096, 0.000000000000000000, 42.19662674984159167 ) ) ;
#7919 = LINE ( 'NONE', #1564, #3463 ) ;
#7920 = VECTOR ( 'NONE', #6401, 1000.000000000000000 ) ;
#7921 = LINE ( 'NONE', #6132, #7852 ) ;
#7922 = CARTESIAN_POINT ( 'NONE',  ( -20.50000000000000355, 0.5000000000000000000, 40.99999999999999289 ) ) ;
#7923 = DIRECTION ( 'NONE',  ( -0.5074448117530484526, 0.000000000000000000, 0.8616842594738012284 ) ) ;
#7924 = LINE ( 'NONE', #2896, #3452 ) ;
#7925 = VERTEX_POINT ( 'NONE', #1718 ) ;
#7926 = LINE ( 'NONE', #2329, #7751 ) ;
#7927 = CARTESIAN_POINT ( 'NONE',  ( -13.12833298676244986, 1.000000000000000000, 40.19356535273515618 ) ) ;
#7928 = PLANE ( 'NONE',  #2963 ) ;
#7929 = DIRECTION ( 'NONE',  ( 0.5735764363510501562, -0.8191520442889889120, -1.075671902059766150E-16 ) ) ;
#7930 = LINE ( 'NONE', #2293, #5973 ) ;
#7931 = CARTESIAN_POINT ( 'NONE',  ( -12.06091977755754208, 0.000000000000000000, 40.86089534692937519 ) ) ;
#7932 = B_SPLINE_CURVE_WITH_KNOTS ( 'NONE', 3,
 ( #7088, #4627, #7816, #1574, #3975, #3366, #889, #5862, #274, #807, #5167, #7130, #236, #3439, #4052, #1539, #4666, #2751, #2672 ),
 .UNSPECIFIED., .F., .F.,
 ( 4, 1, 1, 1, 1, 1, 1, 1, 1, 1, 1, 1, 1, 1, 1, 1, 4 ),
 ( 0.000000000000000000, 0.07228250537338813675, 0.1417792298526898143, 0.2071137172815571970, 0.2690824588548207386, 0.3299020253643352163, 0.3887838206447167821, 0.4464549620732678470, 0.5039190452201486314, 0.5613158139161780191, 0.6187967133585402513, 0.6770403836484710780, 0.7360697183437151514, 0.7975059020896776429, 0.8614196338882013082, 0.9293219695156609284, 1.000000000000000000 ),
 .UNSPECIFIED. ) ;
#7933 = LINE ( 'NONE', #4821, #7709 ) ;
#7934 = CARTESIAN_POINT ( 'NONE',  ( 18.50000000000000000, 27.53553390593273775, 39.49999999999999289 ) ) ;
#7935 = ORIENTED_EDGE ( 'NONE', *, *, #6311, .F. ) ;
#7936 = CARTESIAN_POINT ( 'NONE',  ( 0.000000000000000000, 24.00000000000000000, 43.64999999999999147 ) ) ;
#7937 = ORIENTED_EDGE ( 'NONE', *, *, #4242, .T. ) ;
#7938 = CARTESIAN_POINT ( 'NONE',  ( -6.339396425814388003, 0.000000000000000000, 40.04827691292733505 ) ) ;
#7939 = CARTESIAN_POINT ( 'NONE',  ( -0.4999999999999958922, 2.200000000000000178, 29.48303989154980798 ) ) ;
#7940 = CARTESIAN_POINT ( 'NONE',  ( -12.92490098347637506, 0.000000000000000000, 40.70191667146841041 ) ) ;
#7941 = CIRCLE ( 'NONE', #521, 0.5000000000000004441 ) ;
#7942 = CARTESIAN_POINT ( 'NONE',  ( 7.525000000000002132, 0.000000000000000000, 4.724999999999996980 ) ) ;
#7943 = DIRECTION ( 'NONE',  ( 0.000000000000000000, 0.000000000000000000, -1.000000000000000000 ) ) ;
#7944 = CARTESIAN_POINT ( 'NONE',  ( -10.16039516834137579, 1.000000000000000000, 39.81188535139720130 ) ) ;
#7945 = ADVANCED_FACE ( 'NONE', ( #7961 ), #3628, .F. ) ;
#7946 = ORIENTED_EDGE ( 'NONE', *, *, #1567, .T. ) ;
#7947 = ORIENTED_EDGE ( 'NONE', *, *, #1719, .F. ) ;
#7948 = CARTESIAN_POINT ( 'NONE',  ( 18.49999999999999645, 2.000000000000000000, -42.00000000000000711 ) ) ;
#7949 = ADVANCED_FACE ( 'NONE', ( #6698 ), #1681, .T. ) ;
#7950 = VERTEX_POINT ( 'NONE', #2146 ) ;
#7951 = CARTESIAN_POINT ( 'NONE',  ( -12.43341291921957570, 1.000000000000000000, 39.55749574121964685 ) ) ;
#7952 = EDGE_CURVE ( 'NONE', #6253, #1269, #3860, .T. ) ;
#7953 = CARTESIAN_POINT ( 'NONE',  ( 0.000000000000000000, 0.3000000000000001554, 0.000000000000000000 ) ) ;
#7954 = DIRECTION ( 'NONE',  ( -0.000000000000000000, -0.000000000000000000, 1.000000000000000000 ) ) ;
#7955 = EDGE_CURVE ( 'NONE', #5678, #3654, #353, .T. ) ;
#7956 = LINE ( 'NONE', #618, #6847 ) ;
#7957 = VERTEX_POINT ( 'NONE', #2936 ) ;
#7958 = PLANE ( 'NONE',  #7491 ) ;
#7959 = CARTESIAN_POINT ( 'NONE',  ( -4.247654629992202224, 1.000000000000000000, 40.23813822362329518 ) ) ;
#7960 = DIRECTION ( 'NONE',  ( -0.000000000000000000, -0.000000000000000000, 1.000000000000000000 ) ) ;
#7961 = FACE_OUTER_BOUND ( 'NONE', #4441, .T. ) ;
#7962 = CARTESIAN_POINT ( 'NONE',  ( -8.820831392957019901, 1.000000000000000000, 38.82986442268668270 ) ) ;
#7963 = CARTESIAN_POINT ( 'NONE',  ( -13.22320601227995596, 1.000000000000000000, 41.38514550444367046 ) ) ;
#7964 = ORIENTED_EDGE ( 'NONE', *, *, #6333, .T. ) ;
#7965 = PLANE ( 'NONE',  #4479 ) ;
#7966 = DIRECTION ( 'NONE',  ( 0.000000000000000000, 1.000000000000000000, 0.000000000000000000 ) ) ;
#7967 = CARTESIAN_POINT ( 'NONE',  ( -12.55822533446472988, 0.000000000000000000, 41.38987125545352797 ) ) ;
#7968 = FACE_OUTER_BOUND ( 'NONE', #8070, .T. ) ;
#7969 = LINE ( 'NONE', #3555, #7074 ) ;
#7970 = DIRECTION ( 'NONE',  ( 0.000000000000000000, 1.000000000000000000, 0.000000000000000000 ) ) ;
#7971 = FILL_AREA_STYLE ('',( #3559 ) ) ;
#7972 = CARTESIAN_POINT ( 'NONE',  ( -12.49767421133226186, 1.000000000000000000, 38.93477418805543522 ) ) ;
#7973 = ORIENTED_EDGE ( 'NONE', *, *, #6611, .T. ) ;
#7974 = DIRECTION ( 'NONE',  ( 0.000000000000000000, 0.000000000000000000, -1.000000000000000000 ) ) ;
#7975 = ORIENTED_EDGE ( 'NONE', *, *, #2416, .F. ) ;
#7976 = LINE ( 'NONE', #7861, #587 ) ;
#7977 = CARTESIAN_POINT ( 'NONE',  ( -13.20092747180492943, 0.000000000000000000, 39.84860131895386814 ) ) ;
#7978 = DIRECTION ( 'NONE',  ( 0.000000000000000000, 0.000000000000000000, 1.000000000000000000 ) ) ;
#7979 = CARTESIAN_POINT ( 'NONE',  ( -13.49999999999999822, -0.001000000000000132727, -17.50000000000001776 ) ) ;
#7980 = DIRECTION ( 'NONE',  ( 0.000000000000000000, 1.000000000000000000, -0.000000000000000000 ) ) ;
#7981 = DIRECTION ( 'NONE',  ( 0.000000000000000000, 0.000000000000000000, 1.000000000000000000 ) ) ;
#7982 = ORIENTED_EDGE ( 'NONE', *, *, #5112, .T. ) ;
#7983 = CARTESIAN_POINT ( 'NONE',  ( -4.956732862288331098, 1.000000000000000000, 41.19090075861951306 ) ) ;
#7984 = ORIENTED_EDGE ( 'NONE', *, *, #6062, .F. ) ;
#7985 = CARTESIAN_POINT ( 'NONE',  ( -8.295657191400795938, 0.000000000000000000, 41.47644860127868327 ) ) ;
#7986 = EDGE_LOOP ( 'NONE', ( #5570, #5846, #3759, #5311 ) ) ;
#7987 = CARTESIAN_POINT ( 'NONE',  ( -12.32293490107982059, 0.000000000000000000, 39.46482750425766284 ) ) ;
#7988 = ADVANCED_FACE ( 'NONE', ( #930 ), #7132, .T. ) ;
#7989 = FACE_OUTER_BOUND ( 'NONE', #5967, .T. ) ;
#7990 = CARTESIAN_POINT ( 'NONE',  ( 15.99999999999999645, 27.53553390593273775, 41.99999999999999289 ) ) ;
#7991 = DIRECTION ( 'NONE',  ( 0.000000000000000000, 0.000000000000000000, -1.000000000000000000 ) ) ;
#7992 = ORIENTED_EDGE ( 'NONE', *, *, #3598, .T. ) ;
#7993 = CARTESIAN_POINT ( 'NONE',  ( 19.99999999999999645, 0.5000000000000000000, -44.00000000000000000 ) ) ;
#7994 = DIRECTION ( 'NONE',  ( 0.000000000000000000, 0.000000000000000000, -1.000000000000000000 ) ) ;
#7995 = PLANE ( 'NONE',  #6815 ) ;
#7996 = EDGE_CURVE ( 'NONE', #2616, #794, #3589, .T. ) ;
#7997 = DIRECTION ( 'NONE',  ( 0.5117350094200470156, 0.000000000000000000, -0.8591433408540536387 ) ) ;
#7998 = CARTESIAN_POINT ( 'NONE',  ( -10.16156595613018077, 0.000000000000000000, 41.26281078938649216 ) ) ;
#7999 = EDGE_CURVE ( 'NONE', #4119, #7181, #4240, .T. ) ;
#8000 = LINE ( 'NONE', #7433, #6983 ) ;
#8001 = AXIS2_PLACEMENT_3D ( 'NONE', #7936, #4864, #7974 ) ;
#8002 = ORIENTED_EDGE ( 'NONE', *, *, #637, .F. ) ;
#8003 = CARTESIAN_POINT ( 'NONE',  ( -3.322377784943332468, 0.000000000000000000, 41.90501854322032216 ) ) ;
#8004 = CARTESIAN_POINT ( 'NONE',  ( 6.000000000000003553, 16.50000000000000000, 43.50000000000000000 ) ) ;
#8005 = FACE_OUTER_BOUND ( 'NONE', #7597, .T. ) ;
#8006 = DIRECTION ( 'NONE',  ( -1.000000000000000000, 0.000000000000000000, -0.000000000000000000 ) ) ;
#8007 = ADVANCED_FACE ( 'NONE', ( #3545 ), #6745, .T. ) ;
#8008 = DIRECTION ( 'NONE',  ( 1.000000000000000000, 0.000000000000000000, -1.875376730785737473E-16 ) ) ;
#8009 = CIRCLE ( 'NONE', #2022, 2.250000000000001332 ) ;
#8010 = AXIS2_PLACEMENT_3D ( 'NONE', #7463, #6379, #1996 ) ;
#8011 = VECTOR ( 'NONE', #3823, 1000.000000000000000 ) ;
#8012 = CARTESIAN_POINT ( 'NONE',  ( 3.345277028269577180, 1.000000000000000000, 38.87307128906249432 ) ) ;
#8013 = CARTESIAN_POINT ( 'NONE',  ( -5.930583576071750684, 0.000000000000000000, 41.66405100344283596 ) ) ;
#8014 = FACE_OUTER_BOUND ( 'NONE', #1343, .T. ) ;
#8015 = TOROIDAL_SURFACE ( 'NONE', #6852, 2.500000000000000000, 0.5000000000000000000 ) ;
#8016 = ORIENTED_EDGE ( 'NONE', *, *, #6659, .T. ) ;
#8017 = LINE ( 'NONE', #7366, #7877 ) ;
#8018 = ORIENTED_EDGE ( 'NONE', *, *, #6311, .T. ) ;
#8019 = CARTESIAN_POINT ( 'NONE',  ( -6.325183942123373981, 0.000000000000000000, 39.96187102888313802 ) ) ;
#8020 = CARTESIAN_POINT ( 'NONE',  ( -12.27566097848641036, 0.000000000000000000, 40.29730283081208597 ) ) ;
#8021 = VECTOR ( 'NONE', #648, 1000.000000000000000 ) ;
#8022 = CARTESIAN_POINT ( 'NONE',  ( -3.099303495994306434, 1.000000000000000000, 41.16187745727415148 ) ) ;
#8023 = CARTESIAN_POINT ( 'NONE',  ( 6.000000000000004441, 19.25000000000000000, -44.00099999999999767 ) ) ;
#8024 = B_SPLINE_CURVE_WITH_KNOTS ( 'NONE', 3,
 ( #4495, #5856, #1491, #5199, #6437, #800, #4620, #2137, #3280, #2785, #5117, #310, #7123, #2745, #7652, #5285, #5241, #7610, #6961 ),
 .UNSPECIFIED., .F., .F.,
 ( 4, 1, 1, 1, 1, 1, 1, 1, 1, 1, 1, 1, 1, 1, 1, 1, 4 ),
 ( 0.000000000000000000, 0.06754833664786011327, 0.1325516695759136609, 0.1952254823667963213, 0.2565522035029128012, 0.3168088224495000937, 0.3766733412029139583, 0.4372649060884284955, 0.4990499599808042586, 0.5607315244112556218, 0.6216531320571607733, 0.6821090900150487135, 0.7427014245273788617, 0.8043186927919614426, 0.8672227418442761682, 0.9324516633521389153, 1.000000000000000000 ),
 .UNSPECIFIED. ) ;
#8025 = CARTESIAN_POINT ( 'NONE',  ( 11.65000000000000036, 5.000000000000000000, -39.90000000000001990 ) ) ;
#8026 = DIRECTION ( 'NONE',  ( -1.000000000000000000, -0.000000000000000000, -0.000000000000000000 ) ) ;
#8027 = ORIENTED_EDGE ( 'NONE', *, *, #6483, .F. ) ;
#8028 = CARTESIAN_POINT ( 'NONE',  ( -5.015265358092706904, 1.000000000000000000, 41.34338491910011726 ) ) ;
#8029 = ORIENTED_EDGE ( 'NONE', *, *, #3206, .F. ) ;
#8030 = CARTESIAN_POINT ( 'NONE',  ( -7.496739086853851930, 0.000000000000000000, 41.26258314496016055 ) ) ;
#8031 = ORIENTED_EDGE ( 'NONE', *, *, #5461, .F. ) ;
#8032 = VECTOR ( 'NONE', #7089, 1000.000000000000000 ) ;
#8033 = CARTESIAN_POINT ( 'NONE',  ( -14.50000000000000178, 1.000000000000000000, 39.27324312067139545 ) ) ;
#8034 = DIRECTION ( 'NONE',  ( -1.000000000000000000, 0.000000000000000000, 0.000000000000000000 ) ) ;
#8035 = LINE ( 'NONE', #1750, #1580 ) ;
#8036 = DIRECTION ( 'NONE',  ( -0.7071067811865512365, -0.7071067811865439090, -0.000000000000000000 ) ) ;
#8037 = VERTEX_POINT ( 'NONE', #5555 ) ;
#8038 = LINE ( 'NONE', #6822, #985 ) ;
#8039 = CARTESIAN_POINT ( 'NONE',  ( -3.423439662392884220, 1.000000000000000000, 39.26109334934799477 ) ) ;
#8040 = LINE ( 'NONE', #7, #7331 ) ;
#8041 = B_SPLINE_CURVE_WITH_KNOTS ( 'NONE', 3,
 ( #1241, #8053, #6182, #5519, #6752, #1726, #2452, #2413, #7437, #3722, #6225, #1844, #4326, #6875, #633, #3553, #6053, #2007, #3277 ),
 .UNSPECIFIED., .F., .F.,
 ( 4, 1, 1, 1, 1, 1, 1, 1, 1, 1, 1, 1, 1, 1, 1, 1, 4 ),
 ( 0.000000000000000000, 0.06446381892914643252, 0.1258150915620533106, 0.1846969363889006677, 0.2422245544822576591, 0.2986646420830946780, 0.3553533927496377864, 0.4124801843501516019, 0.4720135607638124009, 0.5327626201293291786, 0.5937107934902150497, 0.6560840948965371844, 0.7201709165251817257, 0.7859626150842670134, 0.8545056633784310351, 0.9255567339690851103, 1.000000000000000000 ),
 .UNSPECIFIED. ) ;
#8042 = CARTESIAN_POINT ( 'NONE',  ( -17.50000000000000355, 2.000000000000000000, 44.00000000000000000 ) ) ;
#8043 = ORIENTED_EDGE ( 'NONE', *, *, #2168, .F. ) ;
#8044 = CARTESIAN_POINT ( 'NONE',  ( -10.20961612260595253, 0.000000000000000000, 40.98263487574882902 ) ) ;
#8045 = CARTESIAN_POINT ( 'NONE',  ( -14.50000000000000178, 0.000000000000000000, 39.27324312067139545 ) ) ;
#8046 = AXIS2_PLACEMENT_3D ( 'NONE', #854, #3215, #1427 ) ;
#8047 = VECTOR ( 'NONE', #7042, 1000.000000000000000 ) ;
#8048 = EDGE_CURVE ( 'NONE', #2965, #2815, #4363, .T. ) ;
#8049 = ORIENTED_EDGE ( 'NONE', *, *, #6968, .F. ) ;
#8050 = DIRECTION ( 'NONE',  ( -0.000000000000000000, -0.000000000000000000, -1.000000000000000000 ) ) ;
#8051 = CARTESIAN_POINT ( 'NONE',  ( -9.192791543303609814, 1.000000000000000000, 41.62894252004939233 ) ) ;
#8052 = VECTOR ( 'NONE', #4088, 1000.000000000000000 ) ;
#8053 = CARTESIAN_POINT ( 'NONE',  ( -8.793330778103314316, 1.000000000000000000, 39.34912196363719517 ) ) ;
#8054 = PLANE ( 'NONE',  #7242 ) ;
#8055 = LINE ( 'NONE', #4985, #6028 ) ;
#8056 = EDGE_CURVE ( 'NONE', #178, #5789, #5637, .T. ) ;
#8057 = CARTESIAN_POINT ( 'NONE',  ( -4.935715435780513971, 1.000000000000000000, 39.96094187914432894 ) ) ;
#8058 = EDGE_CURVE ( 'NONE', #6904, #5372, #748, .T. ) ;
#8059 = CARTESIAN_POINT ( 'NONE',  ( -10.16039516834137579, 0.000000000000000000, 39.81188535139720130 ) ) ;
#8060 = EDGE_CURVE ( 'NONE', #2848, #5845, #4442, .T. ) ;
#8061 = ORIENTED_EDGE ( 'NONE', *, *, #6530, .T. ) ;
#8062 = CARTESIAN_POINT ( 'NONE',  ( -7.924644464467613503, 1.000000000000000000, 41.93943188650532505 ) ) ;
#8063 = EDGE_LOOP ( 'NONE', ( #5585, #242, #2629, #1535 ) ) ;
#8064 = CARTESIAN_POINT ( 'NONE',  ( 2.003838848758051405, 0.000000000000000000, 38.87307128906249432 ) ) ;
#8065 = CARTESIAN_POINT ( 'NONE',  ( -12.88152142756190521, 0.000000000000000000, 39.12834846772272357 ) ) ;
#8066 = CYLINDRICAL_SURFACE ( 'NONE', #6083, 0.8500000000000035305 ) ;
#8067 = DIRECTION ( 'NONE',  ( 0.000000000000000000, 0.000000000000000000, -1.000000000000000000 ) ) ;
#8068 = CARTESIAN_POINT ( 'NONE',  ( -10.21179464577691576, 1.000000000000000000, 40.88472762824026319 ) ) ;
#8069 = CARTESIAN_POINT ( 'NONE',  ( -3.815585966234085635, 1.000000000000000000, 40.26244208595968388 ) ) ;
#8070 = EDGE_LOOP ( 'NONE', ( #6812, #3562, #6882, #6449, #5763, #7692, #4794, #125, #7860, #1009, #2512, #3994, #7386, #3385, #422 ) ) ;
#8071 = CARTESIAN_POINT ( 'NONE',  ( -5.325343364215927799, 0.000000000000000000, 41.66423967152967123 ) ) ;
#8072 = ORIENTED_EDGE ( 'NONE', *, *, #2319, .T. ) ;
#8073 = CARTESIAN_POINT ( 'NONE',  ( -4.538980698050645302, 1.000000000000000000, 41.74363050356624427 ) ) ;
#8074 = ORIENTED_EDGE ( 'NONE', *, *, #7025, .F. ) ;
#8075 = DIRECTION ( 'NONE',  ( -0.000000000000000000, -1.000000000000000000, -0.000000000000000000 ) ) ;
ENDSEC;
END-ISO-10303-21;
