id,resource_id,ts,pp1,pp2,pp3,,activity,curtain,data,device_id,distance sensor,hours_since_today,light,light sensor,operation,participant,pp3,recipient,reed sensor,sender,Temperature,ts,window
6614,outdoor_sender,2024-08-29T23:03:15,,,,,,,,"d5947925a76a34d00",,,,,,,"","outdoor_temp",,"outdoor_sender",18.0625,1724961827266,
6615,outdoor_sender,2024-08-29T23:03:15,,,,,,,,"d5947925a76a34d00",,,,,,,"","outdoor_temp",,"outdoor_sender",18.0625,1724965395332,
6706,outdoor_sender,2024-08-30T00:02:43,,,,,,,,"d5947925a76a34d00",,,,,,,"","outdoor_temp",,"outdoor_sender",17.875,1724965395332,
6707,outdoor_sender,2024-08-30T00:02:43,,,,,,,,"d5947925a76a34d00",,,,,,,"","outdoor_temp",,"outdoor_sender",17.875,1724968963739,
6814,outdoor_sender,2024-08-30T01:02:11,,,,,,,,"d5947925a76a34d00",,,,,,,"","outdoor_temp",,"outdoor_sender",17.6875,1724968963739,
6815,outdoor_sender,2024-08-30T01:02:11,,,,,,,,"d5947925a76a34d00",,,,,,,"","outdoor_temp",,"outdoor_sender",17.6875,1724972531383,
6920,outdoor_sender,2024-08-30T02:01:37,,,,,,,,"d5947925a76a34d00",,,,,,,"","outdoor_temp",,"outdoor_sender",17.5,1724972531383,
6921,outdoor_sender,2024-08-30T02:01:37,,,,,,,,"d5947925a76a34d00",,,,,,,"","outdoor_temp",,"outdoor_sender",17.5,1724976097752,
7024,outdoor_sender,2024-08-30T03:01:03,,,,,,,,"d5947925a76a34d00",,,,,,,"","outdoor_temp",,"outdoor_sender",17.1875,1724976097752,
7025,outdoor_sender,2024-08-30T03:01:03,,,,,,,,"d5947925a76a34d00",,,,,,,"","outdoor_temp",,"outdoor_sender",17.1875,1724979663566,
7120,outdoor_sender,2024-08-30T04:00:34,,,,,,,,"d5947925a76a34d00",,,,,,,"","outdoor_temp",,"outdoor_sender",16.9375,1724979663566,
7121,outdoor_sender,2024-08-30T04:00:34,,,,,,,,"d5947925a76a34d00",,,,,,,"","outdoor_temp",,"outdoor_sender",16.9375,1724983234399,
7213,outdoor_sender,2024-08-30T05:00:01,,,,,,,,"d5947925a76a34d00",,,,,,,"","outdoor_temp",,"outdoor_sender",16.5625,1724983234399,
7214,outdoor_sender,2024-08-30T05:00:01,,,,,,,,"d5947925a76a34d00",,,,,,,"","outdoor_temp",,"outdoor_sender",16.5625,1724986801482,
7313,outdoor_sender,2024-08-30T05:59:27,,,,,,,,"d5947925a76a34d00",,,,,,,"","outdoor_temp",,"outdoor_sender",16.5625,1724986801482,
7314,outdoor_sender,2024-08-30T05:59:27,,,,,,,,"d5947925a76a34d00",,,,,,,"","outdoor_temp",,"outdoor_sender",16.5625,1724990367692,
7413,outdoor_sender,2024-08-30T06:58:51,,,,,,,,"d5947925a76a34d00",,,,,,,"","outdoor_temp",,"outdoor_sender",16.3125,1724990367692,
7414,outdoor_sender,2024-08-30T06:58:51,,,,,,,,"d5947925a76a34d00",,,,,,,"","outdoor_temp",,"outdoor_sender",16.3125,1724993931143,
7509,outdoor_sender,2024-08-30T07:58:14,,,,,,,,"d5947925a76a34d00",,,,,,,"","outdoor_temp",,"outdoor_sender",16.8125,1724993931143,
7510,outdoor_sender,2024-08-30T07:58:14,,,,,,,,"d5947925a76a34d00",,,,,,,"","outdoor_temp",,"outdoor_sender",16.8125,1724997494795,
7609,outdoor_sender,2024-08-30T08:57:43,,,,,,,,"d5947925a76a34d00",,,,,,,"","outdoor_temp",,"outdoor_sender",16.9375,1724997494795,
7610,outdoor_sender,2024-08-30T08:57:43,,,,,,,,"d5947925a76a34d00",,,,,,,"","outdoor_temp",,"outdoor_sender",16.9375,1725001063745,
7701,outdoor_sender,2024-08-30T09:57:13,,,,,,,,"d5947925a76a34d00",,,,,,,"","outdoor_temp",,"outdoor_sender",17.4375,1725001063745,
7702,outdoor_sender,2024-08-30T09:57:13,,,,,,,,"d5947925a76a34d00",,,,,,,"","outdoor_temp",,"outdoor_sender",17.4375,1725004633320,
7791,outdoor_sender,2024-08-30T10:56:42,,,,,,,,"d5947925a76a34d00",,,,,,,"","outdoor_temp",,"outdoor_sender",18.625,1725004633320,
7792,outdoor_sender,2024-08-30T10:56:43,,,,,,,,"d5947925a76a34d00",,,,,,,"","outdoor_temp",,"outdoor_sender",18.625,1725008202994,
7879,outdoor_sender,2024-08-30T11:56:15,,,,,,,,"d5947925a76a34d00",,,,,,,"","outdoor_temp",,"outdoor_sender",19.75,1725008202994,
7880,outdoor_sender,2024-08-30T11:56:15,,,,,,,,"d5947925a76a34d00",,,,,,,"","outdoor_temp",,"outdoor_sender",19.75,1725011775661,
7973,outdoor_sender,2024-08-30T12:55:41,,,,,,,,"d5947925a76a34d00",,,,,,,"","outdoor_temp",,"outdoor_sender",19.75,1725011775661,
7974,outdoor_sender,2024-08-30T12:55:41,,,,,,,,"d5947925a76a34d00",,,,,,,"","outdoor_temp",,"outdoor_sender",19.75,1725015341245,
8069,outdoor_sender,2024-08-30T13:55:14,,,,,,,,"d5947925a76a34d00",,,,,,,"","outdoor_temp",,"outdoor_sender",20.125,1725015341245,
8070,outdoor_sender,2024-08-30T13:55:14,,,,,,,,"d5947925a76a34d00",,,,,,,"","outdoor_temp",,"outdoor_sender",20.125,1725018914744,
8151,outdoor_sender,2024-08-30T14:54:46,,,,,,,,"d5947925a76a34d00",,,,,,,"","outdoor_temp",,"outdoor_sender",21.625,1725018914744,
8152,outdoor_sender,2024-08-30T14:54:46,,,,,,,,"d5947925a76a34d00",,,,,,,"","outdoor_temp",,"outdoor_sender",21.625,1725022486864,
8241,outdoor_sender,2024-08-30T15:54:20,,,,,,,,"d5947925a76a34d00",,,,,,,"","outdoor_temp",,"outdoor_sender",21.8125,1725022486864,
8242,outdoor_sender,2024-08-30T15:54:20,,,,,,,,"d5947925a76a34d00",,,,,,,"","outdoor_temp",,"outdoor_sender",21.8125,1725026060193,
8325,outdoor_sender,2024-08-30T16:53:50,,,,,,,,"d5947925a76a34d00",,,,,,,"","outdoor_temp",,"outdoor_sender",21.5625,1725026060193,
8326,outdoor_sender,2024-08-30T16:53:50,,,,,,,,"d5947925a76a34d00",,,,,,,"","outdoor_temp",,"outdoor_sender",21.5625,1725029630240,
8413,outdoor_sender,2024-08-30T17:53:15,,,,,,,,"d5947925a76a34d00",,,,,,,"","outdoor_temp",,"outdoor_sender",20.75,1725029630240,
8414,outdoor_sender,2024-08-30T17:53:15,,,,,,,,"d5947925a76a34d00",,,,,,,"","outdoor_temp",,"outdoor_sender",20.75,1725033195633,
8501,outdoor_sender,2024-08-30T18:52:41,,,,,,,,"d5947925a76a34d00",,,,,,,"","outdoor_temp",,"outdoor_sender",20.4375,1725033195633,
8502,outdoor_sender,2024-08-30T18:52:41,,,,,,,,"d5947925a76a34d00",,,,,,,"","outdoor_temp",,"outdoor_sender",20.4375,1725036761550,
8589,outdoor_sender,2024-08-30T19:52:10,,,,,,,,"d5947925a76a34d00",,,,,,,"","outdoor_temp",,"outdoor_sender",19.375,1725036761550,
8590,outdoor_sender,2024-08-30T19:52:10,,,,,,,,"d5947925a76a34d00",,,,,,,"","outdoor_temp",,"outdoor_sender",19.375,1725040330897,
8677,outdoor_sender,2024-08-30T20:51:40,,,,,,,,"d5947925a76a34d00",,,,,,,"","outdoor_temp",,"outdoor_sender",18.6875,1725040330897,
8678,outdoor_sender,2024-08-30T20:51:40,,,,,,,,"d5947925a76a34d00",,,,,,,"","outdoor_temp",,"outdoor_sender",18.6875,1725043900299,
8773,outdoor_sender,2024-08-30T21:51:09,,,,,,,,"d5947925a76a34d00",,,,,,,"","outdoor_temp",,"outdoor_sender",18.3125,1725043900299,
8774,outdoor_sender,2024-08-30T21:51:09,,,,,,,,"d5947925a76a34d00",,,,,,,"","outdoor_temp",,"outdoor_sender",18.3125,1725047469609,
8869,outdoor_sender,2024-08-30T22:50:36,,,,,,,,"d5947925a76a34d00",,,,,,,"","outdoor_temp",,"outdoor_sender",18,1725047469609,
8870,outdoor_sender,2024-08-30T22:50:36,,,,,,,,"d5947925a76a34d00",,,,,,,"","outdoor_temp",,"outdoor_sender",18,1725051036733,
8959,outdoor_sender,2024-08-30T23:50:05,,,,,,,,"d5947925a76a34d00",,,,,,,"","outdoor_temp",,"outdoor_sender",17.875,1725051036733,
8960,outdoor_sender,2024-08-30T23:50:06,,,,,,,,"d5947925a76a34d00",,,,,,,"","outdoor_temp",,"outdoor_sender",17.875,1725054606030,
9041,outdoor_sender,2024-08-31T00:49:31,,,,,,,,"d5947925a76a34d00",,,,,,,"","outdoor_temp",,"outdoor_sender",17.4375,1725054606030,
9042,outdoor_sender,2024-08-31T00:49:31,,,,,,,,"d5947925a76a34d00",,,,,,,"","outdoor_temp",,"outdoor_sender",17.4375,1725058171183,
9139,outdoor_sender,2024-08-31T01:48:57,,,,,,,,"d5947925a76a34d00",,,,,,,"","outdoor_temp",,"outdoor_sender",16.8125,1725058171183,
9140,outdoor_sender,2024-08-31T01:48:58,,,,,,,,"d5947925a76a34d00",,,,,,,"","outdoor_temp",,"outdoor_sender",16.8125,1725061737940,
9223,outdoor_sender,2024-08-31T02:48:23,,,,,,,,"d5947925a76a34d00",,,,,,,"","outdoor_temp",,"outdoor_sender",16.125,1725061737940,
9224,outdoor_sender,2024-08-31T02:48:24,,,,,,,,"d5947925a76a34d00",,,,,,,"","outdoor_temp",,"outdoor_sender",16.125,1725065303980,
9315,outdoor_sender,2024-08-31T03:47:49,,,,,,,,"d5947925a76a34d00",,,,,,,"","outdoor_temp",,"outdoor_sender",15.5625,1725065303980,
9316,outdoor_sender,2024-08-31T03:47:49,,,,,,,,"d5947925a76a34d00",,,,,,,"","outdoor_temp",,"outdoor_sender",15.5625,1725068869333,
9411,outdoor_sender,2024-08-31T04:47:17,,,,,,,,"d5947925a76a34d00",,,,,,,"","outdoor_temp",,"outdoor_sender",15.25,1725068869333,
9412,outdoor_sender,2024-08-31T04:47:17,,,,,,,,"d5947925a76a34d00",,,,,,,"","outdoor_temp",,"outdoor_sender",15.25,1725072437465,
9456,HH1_outdoor,2024-08-31T05:18:42,,,,,,,,"d7cd1690399714acf",,,,,,"H1","","HH_outdoor_temp",,"HH1_outdoor",15.4375,1725074322347,
9495,outdoor_sender,2024-08-31T05:46:43,,,,,,,,"d5947925a76a34d00",,,,,,,"","outdoor_temp",,"outdoor_sender",15.25,1725072437465,
9496,outdoor_sender,2024-08-31T05:46:43,,,,,,,,"d5947925a76a34d00",,,,,,,"","outdoor_temp",,"outdoor_sender",15.25,1725076003319,
9538,HH1_outdoor,2024-08-31T06:17:43,,,,,,,,"d7cd1690399714acf",,,,,,"H1","","HH_outdoor_temp",,"HH1_outdoor",15.4375,1725077863342,
9571,outdoor_sender,2024-08-31T06:46:13,,,,,,,,"d5947925a76a34d00",,,,,,,"","outdoor_temp",,"outdoor_sender",15.0625,1725076003319,
9572,outdoor_sender,2024-08-31T06:46:13,,,,,,,,"d5947925a76a34d00",,,,,,,"","outdoor_temp",,"outdoor_sender",15.0625,1725079573593,
9616,HH1_outdoor,2024-08-31T07:16:48,,,,,,,,"d7cd1690399714acf",,,,,,"H1","","HH_outdoor_temp",,"HH1_outdoor",15.4375,1725081408657,
9651,outdoor_sender,2024-08-31T07:45:40,,,,,,,,"d5947925a76a34d00",,,,,,,"","outdoor_temp",,"outdoor_sender",15,1725079573593,
9652,outdoor_sender,2024-08-31T07:45:40,,,,,,,,"d5947925a76a34d00",,,,,,,"","outdoor_temp",,"outdoor_sender",15,1725083140570,
9655,HH1_outdoor,2024-08-31T07:48:03,,,,,,,,"d7cd1690399714acf",,,,,,"H1","","HH_outdoor_temp",,"HH1_outdoor",15,1725081408657,
9656,HH1_outdoor,2024-08-31T07:48:03,,,,,,,,"d7cd1690399714acf",,,,,,"H1","","HH_outdoor_temp",,"HH1_outdoor",15,1725083283760,
9696,HH1_outdoor,2024-08-31T08:15:54,,,,,,,,"d7cd1690399714acf",,,,,,"H1","","HH_outdoor_temp",,"HH1_outdoor",15,1725084954339,
9735,outdoor_sender,2024-08-31T08:45:14,,,,,,,,"d5947925a76a34d00",,,,,,,"","outdoor_temp",,"outdoor_sender",16,1725083140570,
9736,outdoor_sender,2024-08-31T08:45:14,,,,,,,,"d5947925a76a34d00",,,,,,,"","outdoor_temp",,"outdoor_sender",16,1725086714525,
9739,HH1_outdoor,2024-08-31T08:48:33,,,,,,,,"d7cd1690399714acf",,,,,,"H1","","HH_outdoor_temp",,"HH1_outdoor",15.8125,1725084954339,
9740,HH1_outdoor,2024-08-31T08:48:34,,,,,,,,"d7cd1690399714acf",,,,,,"H1","","HH_outdoor_temp",,"HH1_outdoor",15.8125,1725086914039,
9784,HH1_outdoor,2024-08-31T09:15:21,,,,,,,,"d7cd1690399714acf",,,,,,"H1","","HH_outdoor_temp",,"HH1_outdoor",15.8125,1725088521551,
9827,outdoor_sender,2024-08-31T09:44:40,,,,,,,,"d5947925a76a34d00",,,,,,,"","outdoor_temp",,"outdoor_sender",17.125,1725086714525,
9828,outdoor_sender,2024-08-31T09:44:40,,,,,,,,"d5947925a76a34d00",,,,,,,"","outdoor_temp",,"outdoor_sender",17.125,1725090280293,
9876,HH1_outdoor,2024-08-31T10:14:55,,,,,,,,"d7cd1690399714acf",,,,,,"H1","","HH_outdoor_temp",,"HH1_outdoor",15.8125,1725092095230,
9917,outdoor_sender,2024-08-31T10:44:13,,,,,,,,"d5947925a76a34d00",,,,,,,"","outdoor_temp",,"outdoor_sender",18.1875,1725090280293,
9918,outdoor_sender,2024-08-31T10:44:13,,,,,,,,"d5947925a76a34d00",,,,,,,"","outdoor_temp",,"outdoor_sender",18.1875,1725093853452,
9925,HH1_outdoor,2024-08-31T10:47:56,,,,,,,,"d7cd1690399714acf",,,,,,"H1","","HH_outdoor_temp",,"HH1_outdoor",18.375,1725092095230,
9926,HH1_outdoor,2024-08-31T10:47:56,,,,,,,,"d7cd1690399714acf",,,,,,"H1","","HH_outdoor_temp",,"HH1_outdoor",18.375,1725094076385,
9972,HH1_outdoor,2024-08-31T11:14:18,,,,,,,,"d7cd1690399714acf",,,,,,"H1","","HH_outdoor_temp",,"HH1_outdoor",18.375,1725095658193,
10013,outdoor_sender,2024-08-31T11:43:47,,,,,,,,"d5947925a76a34d00",,,,,,,"","outdoor_temp",,"outdoor_sender",19.5625,1725093853452,
10014,outdoor_sender,2024-08-31T11:43:47,,,,,,,,"d5947925a76a34d00",,,,,,,"","outdoor_temp",,"outdoor_sender",19.5625,1725097427421,
10046,HH1_outdoor,2024-08-31T12:04:38,,,,,,,,"d7cd1690399714acf",,,,,,"H1","","HH_outdoor_temp",,"HH1_outdoor",20.875,1725095658193,
10047,HH1_outdoor,2024-08-31T12:04:38,,,,,,,,"d7cd1690399714acf",,,,,,"H1","","HH_outdoor_temp",,"HH1_outdoor",20.875,1725098678480,
10098,outdoor_sender,2024-08-31T12:43:18,,,,,,,,"d5947925a76a34d00",,,,,,,"","outdoor_temp",,"outdoor_sender",19.5625,1725100998055,
10123,HH1_outdoor,2024-08-31T13:03:29,,,,,,,,"d7cd1690399714acf",,,,,,"H1","","HH_outdoor_temp",,"HH1_outdoor",21.625,1725098678480,
10124,HH1_outdoor,2024-08-31T13:03:29,,,,,,,,"d7cd1690399714acf",,,,,,"H1","","HH_outdoor_temp",,"HH1_outdoor",21.625,1725102209571,
10175,outdoor_sender,2024-08-31T13:42:50,,,,,,,,"d5947925a76a34d00",,,,,,,"","outdoor_temp",,"outdoor_sender",19.5625,1725104570862,
10249,outdoor_sender,2024-08-31T14:42:18,,,,,,,,"d5947925a76a34d00",,,,,,,"","outdoor_temp",,"outdoor_sender",19.5625,1725108138849,
10264,HH1_outdoor,2024-08-31T14:58:03,,,,,,,,"d7cd1690399714acf",,,,,,"H1","","HH_outdoor_temp",,"HH1_outdoor",25.3125,1725102209571,
10265,HH1_outdoor,2024-08-31T14:58:03,,,,,,,,"d7cd1690399714acf",,,,,,"H1","","HH_outdoor_temp",,"HH1_outdoor",25.3125,1725109083671,
10312,outdoor_sender,2024-08-31T15:41:49,,,,,,,,"d5947925a76a34d00",,,,,,,"","outdoor_temp",,"outdoor_sender",19.5625,1725111709356,
10327,HH1_outdoor,2024-08-31T15:55:20,,,,,,,,"d7cd1690399714acf",,,,,,"H1","","HH_outdoor_temp",,"HH1_outdoor",26.1875,1725109083671,
10328,HH1_outdoor,2024-08-31T15:55:20,,,,,,,,"d7cd1690399714acf",,,,,,"H1","","HH_outdoor_temp",,"HH1_outdoor",26.1875,1725112520311,
10387,outdoor_sender,2024-08-31T16:41:14,,,,,,,,"d5947925a76a34d00",,,,,,,"","outdoor_temp",,"outdoor_sender",19.5625,1725115274565,
10402,HH1_outdoor,2024-08-31T16:53:37,,,,,,,,"d7cd1690399714acf",,,,,,"H1","","HH_outdoor_temp",,"HH1_outdoor",26.625,1725112520311,
10403,HH1_outdoor,2024-08-31T16:53:37,,,,,,,,"d7cd1690399714acf",,,,,,"H1","","HH_outdoor_temp",,"HH1_outdoor",26.625,1725116016864,
10468,outdoor_sender,2024-08-31T17:40:39,,,,,,,,"d5947925a76a34d00",,,,,,,"","outdoor_temp",,"outdoor_sender",19.5625,1725118839611,
10479,HH1_outdoor,2024-08-31T17:52:22,,,,,,,,"d7cd1690399714acf",,,,,,"H1","","HH_outdoor_temp",,"HH1_outdoor",26.5625,1725116016864,
10480,HH1_outdoor,2024-08-31T17:52:22,,,,,,,,"d7cd1690399714acf",,,,,,"H1","","HH_outdoor_temp",,"HH1_outdoor",26.5625,1725119542322,
10535,outdoor_sender,2024-08-31T18:40:04,,,,,,,,"d5947925a76a34d00",,,,,,,"","outdoor_temp",,"outdoor_sender",19.5625,1725122404742,
10550,HH1_outdoor,2024-08-31T18:51:38,,,,,,,,"d7cd1690399714acf",,,,,,"H1","","HH_outdoor_temp",,"HH1_outdoor",24.4375,1725119542322,
10551,HH1_outdoor,2024-08-31T18:51:39,,,,,,,,"d7cd1690399714acf",,,,,,"H1","","HH_outdoor_temp",,"HH1_outdoor",24.4375,1725123098841,
10604,outdoor_sender,2024-08-31T19:39:27,,,,,,,,"d5947925a76a34d00",,,,,,,"","outdoor_temp",,"outdoor_sender",19.5625,1725125967139,
10617,HH1_outdoor,2024-08-31T19:49:20,,,,,,,,"d7cd1690399714acf",,,,,,"H1","","HH_outdoor_temp",,"HH1_outdoor",22.75,1725123098841,
10618,HH1_outdoor,2024-08-31T19:49:20,,,,,,,,"d7cd1690399714acf",,,,,,"H1","","HH_outdoor_temp",,"HH1_outdoor",22.75,1725126560656,
10679,outdoor_sender,2024-08-31T20:38:53,,,,,,,,"d5947925a76a34d00",,,,,,,"","outdoor_temp",,"outdoor_sender",19.5625,1725129532982,
10694,HH1_outdoor,2024-08-31T20:48:31,,,,,,,,"d7cd1690399714acf",,,,,,"H1","","HH_outdoor_temp",,"HH1_outdoor",21.4375,1725126560656,
10695,HH1_outdoor,2024-08-31T20:48:31,,,,,,,,"d7cd1690399714acf",,,,,,"H1","","HH_outdoor_temp",,"HH1_outdoor",21.4375,1725130111067,
10766,outdoor_sender,2024-08-31T21:38:17,,,,,,,,"d5947925a76a34d00",,,,,,,"","outdoor_temp",,"outdoor_sender",19.5625,1725133097603,
10779,HH1_outdoor,2024-08-31T21:47:24,,,,,,,,"d7cd1690399714acf",,,,,,"H1","","HH_outdoor_temp",,"HH1_outdoor",20.6875,1725130111067,
10780,HH1_outdoor,2024-08-31T21:47:24,,,,,,,,"d7cd1690399714acf",,,,,,"H1","","HH_outdoor_temp",,"HH1_outdoor",20.6875,1725133644099,
10853,outdoor_sender,2024-08-31T22:37:43,,,,,,,,"d5947925a76a34d00",,,,,,,"","outdoor_temp",,"outdoor_sender",19.5625,1725136663370,
10866,HH1_outdoor,2024-08-31T22:46:52,,,,,,,,"d7cd1690399714acf",,,,,,"H1","","HH_outdoor_temp",,"HH1_outdoor",19.8125,1725133644099,
10867,HH1_outdoor,2024-08-31T22:46:52,,,,,,,,"d7cd1690399714acf",,,,,,"H1","","HH_outdoor_temp",,"HH1_outdoor",19.8125,1725137211864,
10936,outdoor_sender,2024-08-31T23:37:08,,,,,,,,"d5947925a76a34d00",,,,,,,"","outdoor_temp",,"outdoor_sender",19.5625,1725140228340,
10951,HH1_outdoor,2024-08-31T23:46:28,,,,,,,,"d7cd1690399714acf",,,,,,"H1","","HH_outdoor_temp",,"HH1_outdoor",19.125,1725137211864,
10952,HH1_outdoor,2024-08-31T23:46:28,,,,,,,,"d7cd1690399714acf",,,,,,"H1","","HH_outdoor_temp",,"HH1_outdoor",19.125,1725140787986,
11021,outdoor_sender,2024-09-01T00:36:33,,,,,,,,"d5947925a76a34d00",,,,,,,"","outdoor_temp",,"outdoor_sender",19.5625,1725143793547,
11100,outdoor_sender,2024-09-01T01:36:01,,,,,,,,"d5947925a76a34d00",,,,,,,"","outdoor_temp",,"outdoor_sender",19.5625,1725147361695,
11107,HH1_outdoor,2024-09-01T01:43:17,,,,,,,,"d7cd1690399714acf",,,,,,"H1","","HH_outdoor_temp",,"HH1_outdoor",18.125,1725140787986,
11108,HH1_outdoor,2024-09-01T01:43:17,,,,,,,,"d7cd1690399714acf",,,,,,"H1","","HH_outdoor_temp",,"HH1_outdoor",18.125,1725147797498,
11183,outdoor_sender,2024-09-01T02:35:28,,,,,,,,"d5947925a76a34d00",,,,,,,"","outdoor_temp",,"outdoor_sender",19.5625,1725150928154,
11254,outdoor_sender,2024-09-01T03:34:49,,,,,,,,"d5947925a76a34d00",,,,,,,"","outdoor_temp",,"outdoor_sender",19.5625,1725154489706,
11327,outdoor_sender,2024-09-01T04:34:13,,,,,,,,"d5947925a76a34d00",,,,,,,"","outdoor_temp",,"outdoor_sender",19.5625,1725158053145,
11340,HH1_outdoor,2024-09-01T04:41:02,,,,,,,,"d7cd1690399714acf",,,,,,"H1","","HH_outdoor_temp",,"HH1_outdoor",17.0625,1725147797498,
11341,HH1_outdoor,2024-09-01T04:41:02,,,,,,,,"d7cd1690399714acf",,,,,,"H1","","HH_outdoor_temp",,"HH1_outdoor",17.0625,1725158462048,
11416,outdoor_sender,2024-09-01T05:33:40,,,,,,,,"d5947925a76a34d00",,,,,,,"","outdoor_temp",,"outdoor_sender",19.5625,1725161620819,
11427,HH1_outdoor,2024-09-01T05:38:54,,,,,,,,"d7cd1690399714acf",,,,,,"H1","","HH_outdoor_temp",,"HH1_outdoor",16.6875,1725158462048,
11428,HH1_outdoor,2024-09-01T05:38:55,,,,,,,,"d7cd1690399714acf",,,,,,"H1","","HH_outdoor_temp",,"HH1_outdoor",16.6875,1725161934718,
11503,outdoor_sender,2024-09-01T06:33:03,,,,,,,,"d5947925a76a34d00",,,,,,,"","outdoor_temp",,"outdoor_sender",19.5625,1725165183883,
11584,outdoor_sender,2024-09-01T07:32:34,,,,,,,,"d5947925a76a34d00",,,,,,,"","outdoor_temp",,"outdoor_sender",19.5625,1725168754761,
11611,HH1_outdoor,2024-09-01T07:50:23,,,,,,,,"d7cd1690399714acf",,,,,,"H1","","HH_outdoor_temp",,"HH1_outdoor",16.9375,1725161934718,
11612,HH1_outdoor,2024-09-01T07:50:23,,,,,,,,"d7cd1690399714acf",,,,,,"H1","","HH_outdoor_temp",,"HH1_outdoor",16.9375,1725169823698,
11673,outdoor_sender,2024-09-01T08:32:09,,,,,,,,"d5947925a76a34d00",,,,,,,"","outdoor_temp",,"outdoor_sender",19.5625,1725172329562,
11696,HH1_outdoor,2024-09-01T08:47:47,,,,,,,,"d7cd1690399714acf",,,,,,"H1","","HH_outdoor_temp",,"HH1_outdoor",19.0625,1725169823698,
11697,HH1_outdoor,2024-09-01T08:47:47,,,,,,,,"d7cd1690399714acf",,,,,,"H1","","HH_outdoor_temp",,"HH1_outdoor",19.0625,1725173267516,
11754,outdoor_sender,2024-09-01T09:31:43,,,,,,,,"d5947925a76a34d00",,,,,,,"","outdoor_temp",,"outdoor_sender",19.5625,1725175903354,
11775,HH1_outdoor,2024-09-01T09:45:02,,,,,,,,"d7cd1690399714acf",,,,,,"H1","","HH_outdoor_temp",,"HH1_outdoor",20.8125,1725173267516,
11776,HH1_outdoor,2024-09-01T09:45:02,,,,,,,,"d7cd1690399714acf",,,,,,"H1","","HH_outdoor_temp",,"HH1_outdoor",20.8125,1725176702489,
11835,outdoor_sender,2024-09-01T10:31:16,,,,,,,,"d5947925a76a34d00",,,,,,,"","outdoor_temp",,"outdoor_sender",19.5625,1725179476792,
11852,HH1_outdoor,2024-09-01T10:44:18,,,,,,,,"d7cd1690399714acf",,,,,,"H1","","HH_outdoor_temp",,"HH1_outdoor",22.6875,1725176702489,
11853,HH1_outdoor,2024-09-01T10:44:18,,,,,,,,"d7cd1690399714acf",,,,,,"H1","","HH_outdoor_temp",,"HH1_outdoor",22.6875,1725180257949,
11926,outdoor_sender,2024-09-01T11:30:48,,,,,,,,"d5947925a76a34d00",,,,,,,"","outdoor_temp",,"outdoor_sender",19.5625,1725183048018,
12031,HH1_outdoor,2024-09-01T12:39:58,,,,,,,,"d7cd1690399714acf",,,,,,"H1","","HH_outdoor_temp",,"HH1_outdoor",26.75,1725180257949,
12032,HH1_outdoor,2024-09-01T12:39:58,,,,,,,,"d7cd1690399714acf",,,,,,"H1","","HH_outdoor_temp",,"HH1_outdoor",26.75,1725187197861,
12313,HH1_outdoor,2024-09-01T15:35:41,,,,,,,,"d7cd1690399714acf",,,,,,"H1","","HH_outdoor_temp",,"HH1_outdoor",32.25,1725187197861,
12314,HH1_outdoor,2024-09-01T15:35:42,,,,,,,,"d7cd1690399714acf",,,,,,"H1","","HH_outdoor_temp",,"HH1_outdoor",32.25,1725197741803,
12433,HH1_outdoor,2024-09-01T16:52:53,,,,,,,,"d7cd1690399714acf",,,,,,"H1","","HH_outdoor_temp",,"HH1_outdoor",33.125,1725197741803,
12434,HH1_outdoor,2024-09-01T16:52:53,,,,,,,,"d7cd1690399714acf",,,,,,"H1","","HH_outdoor_temp",,"HH1_outdoor",33.125,1725202373328,
12461,,2024-09-01T17:09:50,,,,,,,,,,72,,,,,,,,,21.3,1724882400000,
12462,,2024-09-01T17:09:50,,,,,,,,,,71,,,,,,,,,20.3,1724886000000,
12463,,2024-09-01T17:09:50,,,,,,,,,,70,,,,,,,,,19.9,1724889600000,
12464,,2024-09-01T17:09:50,,,,,,,,,,69,,,,,,,,,19.1,1724893200000,
12465,,2024-09-01T17:09:50,,,,,,,,,,68,,,,,,,,,18.7,1724896800000,
12466,,2024-09-01T17:09:50,,,,,,,,,,67,,,,,,,,,18.1,1724900400000,
12467,,2024-09-01T17:09:50,,,,,,,,,,66,,,,,,,,,17.6,1724904000000,
12468,,2024-09-01T17:09:50,,,,,,,,,,65,,,,,,,,,17.3,1724907600000,
12469,,2024-09-01T17:09:51,,,,,,,,,,64,,,,,,,,,18.1,1724911200000,
12470,,2024-09-01T17:09:51,,,,,,,,,,63,,,,,,,,,20.4,1724914800000,
12471,,2024-09-01T17:09:51,,,,,,,,,,62,,,,,,,,,22.3,1724918400000,
12472,,2024-09-01T17:09:51,,,,,,,,,,61,,,,,,,,,23.5,1724922000000,
12473,,2024-09-01T17:09:51,,,,,,,,,,60,,,,,,,,,24.9,1724925600000,
12474,,2024-09-01T17:09:51,,,,,,,,,,59,,,,,,,,,25.3,1724929200000,
12475,,2024-09-01T17:09:51,,,,,,,,,,58,,,,,,,,,25.6,1724932800000,
12476,,2024-09-01T17:09:51,,,,,,,,,,57,,,,,,,,,24.8,1724936400000,
12477,,2024-09-01T17:09:51,,,,,,,,,,56,,,,,,,,,25.4,1724940000000,
12478,,2024-09-01T17:09:52,,,,,,,,,,55,,,,,,,,,25.1,1724943600000,
12479,,2024-09-01T17:09:52,,,,,,,,,,54,,,,,,,,,24.5,1724947200000,
12480,,2024-09-01T17:09:52,,,,,,,,,,53,,,,,,,,,22.4,1724950800000,
12481,,2024-09-01T17:09:52,,,,,,,,,,52,,,,,,,,,20.9,1724954400000,
12482,,2024-09-01T17:09:52,,,,,,,,,,51,,,,,,,,,19.7,1724958000000,
12483,,2024-09-01T17:09:52,,,,,,,,,,50,,,,,,,,,18.7,1724961600000,
12484,,2024-09-01T17:09:52,,,,,,,,,,49,,,,,,,,,18.1,1724965200000,
12485,,2024-09-01T17:09:52,,,,,,,,,,48,,,,,,,,,17.9,1724968800000,
12486,,2024-09-01T17:09:52,,,,,,,,,,47,,,,,,,,,17.7,1724972400000,
12487,,2024-09-01T17:09:52,,,,,,,,,,46,,,,,,,,,17.5,1724976000000,
12488,,2024-09-01T17:09:53,,,,,,,,,,45,,,,,,,,,17.2,1724979600000,
12489,,2024-09-01T17:09:53,,,,,,,,,,44,,,,,,,,,16.9,1724983200000,
12490,,2024-09-01T17:09:53,,,,,,,,,,43,,,,,,,,,16.6,1724986800000,
12491,,2024-09-01T17:09:53,,,,,,,,,,42,,,,,,,,,16.6,1724990400000,
12492,,2024-09-01T17:09:53,,,,,,,,,,41,,,,,,,,,16.3,1724994000000,
12493,,2024-09-01T17:09:53,,,,,,,,,,40,,,,,,,,,16.8,1724997600000,
12494,,2024-09-01T17:09:53,,,,,,,,,,39,,,,,,,,,16.9,1725001200000,
12495,,2024-09-01T17:09:53,,,,,,,,,,38,,,,,,,,,17.4,1725004800000,
12496,,2024-09-01T17:09:53,,,,,,,,,,37,,,,,,,,,18.6,1725008400000,
12497,,2024-09-01T17:09:54,,,,,,,,,,36,,,,,,,,,19.8,1725012000000,
12498,,2024-09-01T17:09:54,,,,,,,,,,35,,,,,,,,,19.8,1725015600000,
12499,,2024-09-01T17:09:54,,,,,,,,,,34,,,,,,,,,20.1,1725019200000,
12500,,2024-09-01T17:09:54,,,,,,,,,,33,,,,,,,,,21.6,1725022800000,
12501,,2024-09-01T17:09:54,,,,,,,,,,32,,,,,,,,,21.8,1725026400000,
12502,,2024-09-01T17:09:54,,,,,,,,,,31,,,,,,,,,21.6,1725030000000,
12503,,2024-09-01T17:09:54,,,,,,,,,,30,,,,,,,,,20.8,1725033600000,
12504,,2024-09-01T17:09:54,,,,,,,,,,29,,,,,,,,,20.4,1725037200000,
12505,,2024-09-01T17:09:54,,,,,,,,,,28,,,,,,,,,19.4,1725040800000,
12506,,2024-09-01T17:09:54,,,,,,,,,,27,,,,,,,,,18.7,1725044400000,
12507,,2024-09-01T17:09:55,,,,,,,,,,26,,,,,,,,,18.3,1725048000000,
12508,,2024-09-01T17:09:55,,,,,,,,,,25,,,,,,,,,18,1725051600000,
12509,,2024-09-01T17:09:55,,,,,,,,,,24,,,,,,,,,17.9,1725055200000,
12510,,2024-09-01T17:09:55,,,,,,,,,,23,,,,,,,,,17.4,1725058800000,
12511,,2024-09-01T17:09:55,,,,,,,,,,22,,,,,,,,,16.8,1725062400000,
12512,,2024-09-01T17:09:55,,,,,,,,,,21,,,,,,,,,16.1,1725066000000,
12513,,2024-09-01T17:09:55,,,,,,,,,,20,,,,,,,,,15.6,1725069600000,
12514,,2024-09-01T17:09:55,,,,,,,,,,19,,,,,,,,,15.3,1725073200000,
12515,,2024-09-01T17:09:55,,,,,,,,,,18,,,,,,,,,15.3,1725076800000,
12516,,2024-09-01T17:09:55,,,,,,,,,,17,,,,,,,,,15.1,1725080400000,
12517,,2024-09-01T17:09:56,,,,,,,,,,16,,,,,,,,,15,1725084000000,
12518,,2024-09-01T17:09:56,,,,,,,,,,15,,,,,,,,,16,1725087600000,
12519,,2024-09-01T17:09:56,,,,,,,,,,14,,,,,,,,,17.1,1725091200000,
12520,,2024-09-01T17:09:56,,,,,,,,,,13,,,,,,,,,18.2,1725094800000,
12521,,2024-09-01T17:09:56,,,,,,,,,,12,,,,,,,,,19.6,1725098400000,
12522,,2024-09-01T17:09:56,,,,,,,,,,11,,,,,,,,,20.7,1725102000000,
12523,,2024-09-01T17:09:56,,,,,,,,,,10,,,,,,,,,21.8,1725105600000,
12524,,2024-09-01T17:09:56,,,,,,,,,,9,,,,,,,,,22.8,1725109200000,
12525,,2024-09-01T17:09:56,,,,,,,,,,8,,,,,,,,,23.4,1725112800000,
12526,,2024-09-01T17:09:57,,,,,,,,,,7,,,,,,,,,24.1,1725116400000,
12527,,2024-09-01T17:09:57,,,,,,,,,,6,,,,,,,,,23.9,1725120000000,
12528,,2024-09-01T17:09:57,,,,,,,,,,5,,,,,,,,,23.3,1725123600000,
12529,,2024-09-01T17:09:57,,,,,,,,,,4,,,,,,,,,22.1,1725127200000,
12530,,2024-09-01T17:09:57,,,,,,,,,,3,,,,,,,,,21,1725130800000,
12531,,2024-09-01T17:09:57,,,,,,,,,,2,,,,,,,,,20.1,1725134400000,
12532,,2024-09-01T17:09:57,,,,,,,,,,1,,,,,,,,,19.5,1725138000000,
12533,,2024-09-01T17:09:57,,,,,,,,,,0,,,,,,,,,19.1,1725141600000,
12694,HH1_outdoor,2024-09-01T18:57:43,,,,,,,,"d7cd1690399714acf",,,,,,"H1","","HH_outdoor_temp",,"HH1_outdoor",29.875,1725202373328,
12695,HH1_outdoor,2024-09-01T18:57:43,,,,,,,,"d7cd1690399714acf",,,,,,"H1","","HH_outdoor_temp",,"HH1_outdoor",29.875,1725209863047,
12986,HH1_outdoor,2024-09-01T22:06:28,,,,,,,,"d7cd1690399714acf",,,,,,"H1","","HH_outdoor_temp",,"HH1_outdoor",24.875,1725209863047,
12987,HH1_outdoor,2024-09-01T22:06:28,,,,,,,,"d7cd1690399714acf",,,,,,"H1","","HH_outdoor_temp",,"HH1_outdoor",24.875,1725221188079,
13278,HH1_outdoor,2024-09-02T01:00:46,,,,,,,,"d7cd1690399714acf",,,,,,"H1","","HH_outdoor_temp",,"HH1_outdoor",21.75,1725221188079,
13279,HH1_outdoor,2024-09-02T01:00:46,,,,,,,,"d7cd1690399714acf",,,,,,"H1","","HH_outdoor_temp",,"HH1_outdoor",21.75,1725231646738,
13386,HH1_outdoor,2024-09-02T01:59:50,,,,,,,,"d7cd1690399714acf",,,,,,"H1","","HH_outdoor_temp",,"HH1_outdoor",20.9375,1725231646738,
13387,HH1_outdoor,2024-09-02T01:59:50,,,,,,,,"d7cd1690399714acf",,,,,,"H1","","HH_outdoor_temp",,"HH1_outdoor",20.9375,1725235190448,
13482,HH1_outdoor,2024-09-02T02:58:10,,,,,,,,"d7cd1690399714acf",,,,,,"H1","","HH_outdoor_temp",,"HH1_outdoor",20.3125,1725235190448,
13483,HH1_outdoor,2024-09-02T02:58:10,,,,,,,,"d7cd1690399714acf",,,,,,"H1","","HH_outdoor_temp",,"HH1_outdoor",20.3125,1725238690490,
13494,HH1_door_1,2024-09-02T03:03:43,,,,,,,,"df7999d2d53c9442a",,,,,,"H1","","HH_door_receiver",0,"HH1_door_1",,1725238423449,"closed"
13495,HH1_door_1,2024-09-02T03:03:43,,,,,,,,"df7999d2d53c9442a",,,,,,"H1","","HH_door_receiver",0,"HH1_door_1",,1725239023275,"closed"
13512,HH1_door_1,2024-09-02T03:13:42,,,,,,,,"df7999d2d53c9442a",,,,,,"H1","","HH_door_receiver",0,"HH1_door_1",,1725239023275,"closed"
13513,HH1_door_1,2024-09-02T03:13:42,,,,,,,,"df7999d2d53c9442a",,,,,,"H1","","HH_door_receiver",0,"HH1_door_1",,1725239621816,"closed"
13542,HH1_door_1,2024-09-02T03:33:32,,,,,,,,"df7999d2d53c9442a",,,,,,"H1","","HH_door_receiver",0,"HH1_door_1",,1725239621816,"closed"
13543,HH1_door_1,2024-09-02T03:33:32,,,,,,,,"df7999d2d53c9442a",,,,,,"H1","","HH_door_receiver",0,"HH1_door_1",,1725240811871,"closed"
13562,HH1_door_1,2024-09-02T03:43:31,,,,,,,,"df7999d2d53c9442a",,,,,,"H1","","HH_door_receiver",0,"HH1_door_1",,1725240811871,"closed"
13563,HH1_door_1,2024-09-02T03:43:31,,,,,,,,"df7999d2d53c9442a",,,,,,"H1","","HH_door_receiver",0,"HH1_door_1",,1725241411395,"closed"
13582,HH1_door_1,2024-09-02T03:53:40,,,,,,,,"df7999d2d53c9442a",,,,,,"H1","","HH_door_receiver",0,"HH1_door_1",,1725241411395,"closed"
13583,HH1_door_1,2024-09-02T03:53:40,,,,,,,,"df7999d2d53c9442a",,,,,,"H1","","HH_door_receiver",0,"HH1_door_1",,1725242020236,"closed"
13614,HH1_door_1,2024-09-02T04:13:41,,,,,,,,"df7999d2d53c9442a",,,,,,"H1","","HH_door_receiver",0,"HH1_door_1",,1725242020236,"closed"
13615,HH1_door_1,2024-09-02T04:13:41,,,,,,,,"df7999d2d53c9442a",,,,,,"H1","","HH_door_receiver",0,"HH1_door_1",,1725243220997,"closed"
13632,HH1_door_1,2024-09-02T04:23:33,,,,,,,,"df7999d2d53c9442a",,,,,,"H1","","HH_door_receiver",0,"HH1_door_1",,1725243220997,"closed"
13633,HH1_door_1,2024-09-02T04:23:33,,,,,,,,"df7999d2d53c9442a",,,,,,"H1","","HH_door_receiver",0,"HH1_door_1",,1725243813291,"closed"
13638,HH1_outdoor,2024-09-02T04:26:38,,,,,,,,"d7cd1690399714acf",,,,,,"H1","","HH_outdoor_temp",,"HH1_outdoor",20.3125,1725238690490,
13639,HH1_outdoor,2024-09-02T04:26:38,,,,,,,,"d7cd1690399714acf",,,,,,"H1","","HH_outdoor_temp",,"HH1_outdoor",20.3125,1725243997914,
13650,HH1_door_1,2024-09-02T04:33:33,,,,,,,,"df7999d2d53c9442a",,,,,,"H1","","HH_door_receiver",0,"HH1_door_1",,1725243813291,"closed"
13651,HH1_door_1,2024-09-02T04:33:33,,,,,,,,"df7999d2d53c9442a",,,,,,"H1","","HH_door_receiver",0,"HH1_door_1",,1725244413067,"closed"
13666,HH1_door_1,2024-09-02T04:43:31,,,,,,,,"df7999d2d53c9442a",,,,,,"H1","","HH_door_receiver",0,"HH1_door_1",,1725244413067,"closed"
13667,HH1_door_1,2024-09-02T04:43:31,,,,,,,,"df7999d2d53c9442a",,,,,,"H1","","HH_door_receiver",0,"HH1_door_1",,1725245011225,"closed"
13726,HH1_outdoor,2024-09-02T05:23:29,,,,,,,,"d7cd1690399714acf",,,,,,"H1","","HH_outdoor_temp",,"HH1_outdoor",19.875,1725243997914,
13727,HH1_outdoor,2024-09-02T05:23:29,,,,,,,,"d7cd1690399714acf",,,,,,"H1","","HH_outdoor_temp",,"HH1_outdoor",19.875,1725247409247,
13814,HH1_outdoor,2024-09-02T06:21:05,,,,,,,,"d7cd1690399714acf",,,,,,"H1","","HH_outdoor_temp",,"HH1_outdoor",19.625,1725247409247,
13815,HH1_outdoor,2024-09-02T06:21:05,,,,,,,,"d7cd1690399714acf",,,,,,"H1","","HH_outdoor_temp",,"HH1_outdoor",19.625,1725250865026,
13850,HH1_door_1,2024-09-02T06:44:34,,,,,,,,"df7999d2d53c9442a",,,,,,"H1","sent","HH_door_receiver",0,"HH1_door_1",,1725252274625,"closed"
13907,HH1_outdoor,2024-09-02T07:19:20,,,,,,,,"d7cd1690399714acf",,,,,,"H1","","HH_outdoor_temp",,"HH1_outdoor",19.375,1725250865026,
13908,HH1_outdoor,2024-09-02T07:19:20,,,,,,,,"d7cd1690399714acf",,,,,,"H1","","HH_outdoor_temp",,"HH1_outdoor",19.375,1725254360212,
14105,HH1_outdoor,2024-09-02T09:22:00,,,,,,,,"d7cd1690399714acf",,,,,,"H1","","HH_outdoor_temp",,"HH1_outdoor",21.375,1725254360212,
14106,HH1_outdoor,2024-09-02T09:22:00,,,,,,,,"d7cd1690399714acf",,,,,,"H1","","HH_outdoor_temp",,"HH1_outdoor",21.375,1725261720243,
14195,HH1_outdoor,2024-09-02T10:20:27,,,,,,,,"d7cd1690399714acf",,,,,,"H1","","HH_outdoor_temp",,"HH1_outdoor",23.25,1725261720243,
14196,HH1_outdoor,2024-09-02T10:20:27,,,,,,,,"d7cd1690399714acf",,,,,,"H1","","HH_outdoor_temp",,"HH1_outdoor",23.25,1725265227350,
14281,HH1_outdoor,2024-09-02T11:16:25,,,,,,,,"d7cd1690399714acf",,,,,,"H1","","HH_outdoor_temp",,"HH1_outdoor",24.6875,1725265227350,
14282,HH1_outdoor,2024-09-02T11:16:25,,,,,,,,"d7cd1690399714acf",,,,,,"H1","","HH_outdoor_temp",,"HH1_outdoor",24.6875,1725268585139,
14389,HH1_outdoor,2024-09-02T12:23:39,,,,,,,,"d7cd1690399714acf",,,,,,"H1","","HH_outdoor_temp",,"HH1_outdoor",26.5,1725268585139,
14390,HH1_outdoor,2024-09-02T12:23:39,,,,,,,,"d7cd1690399714acf",,,,,,"H1","","HH_outdoor_temp",,"HH1_outdoor",26.5,1725272619319,
14473,HH1_outdoor,2024-09-02T13:19:23,,,,,,,,"d7cd1690399714acf",,,,,,"H1","","HH_outdoor_temp",,"HH1_outdoor",27.125,1725272619319,
14474,HH1_outdoor,2024-09-02T13:19:23,,,,,,,,"d7cd1690399714acf",,,,,,"H1","","HH_outdoor_temp",,"HH1_outdoor",27.125,1725275963460,
14563,HH1_outdoor,2024-09-02T14:24:32,,,,,,,,"d7cd1690399714acf",,,,,,"H1","","HH_outdoor_temp",,"HH1_outdoor",28.5,1725275963460,
14564,HH1_outdoor,2024-09-02T14:24:32,,,,,,,,"d7cd1690399714acf",,,,,,"H1","","HH_outdoor_temp",,"HH1_outdoor",28.5,1725279872174,
14645,HH1_outdoor,2024-09-02T15:20:18,,,,,,,,"d7cd1690399714acf",,,,,,"H1","","HH_outdoor_temp",,"HH1_outdoor",30.1875,1725279872174,
14646,HH1_outdoor,2024-09-02T15:20:18,,,,,,,,"d7cd1690399714acf",,,,,,"H1","","HH_outdoor_temp",,"HH1_outdoor",30.1875,1725283218295,
14741,HH1_outdoor,2024-09-02T16:20:03,,,,,,,,"d7cd1690399714acf",,,,,,"H1","","HH_outdoor_temp",,"HH1_outdoor",28.5,1725283218295,
14742,HH1_outdoor,2024-09-02T16:20:04,,,,,,,,"d7cd1690399714acf",,,,,,"H1","","HH_outdoor_temp",,"HH1_outdoor",28.5,1725286803840,
15007,HH1_outdoor,2024-09-02T19:23:50,,,,,,,,"d7cd1690399714acf",,,,,,"H1","","HH_outdoor_temp",,"HH1_outdoor",19.3125,1725286803840,
15008,HH1_outdoor,2024-09-02T19:23:50,,,,,,,,"d7cd1690399714acf",,,,,,"H1","","HH_outdoor_temp",,"HH1_outdoor",19.3125,1725297829899,
15095,HH1_outdoor,2024-09-02T20:21:35,,,,,,,,"d7cd1690399714acf",,,,,,"H1","","HH_outdoor_temp",,"HH1_outdoor",19.875,1725297829899,
15096,HH1_outdoor,2024-09-02T20:21:35,,,,,,,,"d7cd1690399714acf",,,,,,"H1","","HH_outdoor_temp",,"HH1_outdoor",19.875,1725301295083,
15203,HH1_outdoor,2024-09-02T21:35:24,,,,,,,,"d7cd1690399714acf",,,,,,"H1","","HH_outdoor_temp",,"HH1_outdoor",19.75,1725301295083,
15204,HH1_outdoor,2024-09-02T21:35:24,,,,,,,,"d7cd1690399714acf",,,,,,"H1","","HH_outdoor_temp",,"HH1_outdoor",19.75,1725305724232,
15291,HH1_outdoor,2024-09-02T22:36:13,,,,,,,,"d7cd1690399714acf",,,,,,"H1","","HH_outdoor_temp",,"HH1_outdoor",19.75,1725305724232,
15292,HH1_outdoor,2024-09-02T22:36:13,,,,,,,,"d7cd1690399714acf",,,,,,"H1","","HH_outdoor_temp",,"HH1_outdoor",19.75,1725309372889,
15649,HH1_outdoor,2024-09-03T02:36:52,,,,,,,,"d7cd1690399714acf",,,,,,"H1","sent","HH_outdoor_temp",,"HH1_outdoor",19.75,1725323812035,
21790,HH3_door_1_test,2024-09-06T08:47:17,,,,,,,,"d179e295f9a7449eb",,,,,,"H3",,"HH_door_receiver",1,"HH3_door_1_test",,,"open"
21791,HH3_door_1_test,2024-09-06T08:47:17,,,,,,,,"d179e295f9a7449eb",,,,,,"H3","","HH_door_receiver",1,"HH3_door_1_test",,1725605237559,"open"
21792,HH3_door_1_test,2024-09-06T08:49:18,,,,,,,,"d179e295f9a7449eb",,,,,,"H3","","HH_door_receiver",0,"HH3_door_1_test",,1725605237559,"closed"
21793,HH3_door_1_test,2024-09-06T08:49:18,,,,,,,,"d179e295f9a7449eb",,,,,,"H3","","HH_door_receiver",0,"HH3_door_1_test",,1725605358587,"closed"
21806,HH3_door_1_test,2024-09-06T08:59:08,,,,,,,,"d179e295f9a7449eb",,,,,,"H3","","HH_door_receiver",0,"HH3_door_1_test",,1725605358587,"closed"
21807,HH3_door_1_test,2024-09-06T08:59:08,,,,,,,,"d179e295f9a7449eb",,,,,,"H3","","HH_door_receiver",0,"HH3_door_1_test",,1725605948282,"closed"
21824,HH3_door_1_test,2024-09-06T09:09:02,,,,,,,,"d179e295f9a7449eb",,,,,,"H3","","HH_door_receiver",0,"HH3_door_1_test",,1725605948282,"closed"
21825,HH3_door_1_test,2024-09-06T09:09:02,,,,,,,,"d179e295f9a7449eb",,,,,,"H3","","HH_door_receiver",0,"HH3_door_1_test",,1725606542515,"closed"
21848,HH3_door_1_test,2024-09-06T09:18:58,,,,,,,,"d179e295f9a7449eb",,,,,,"H3","","HH_door_receiver",0,"HH3_door_1_test",,1725606542515,"closed"
21849,HH3_door_1_test,2024-09-06T09:18:58,,,,,,,,"d179e295f9a7449eb",,,,,,"H3","","HH_door_receiver",0,"HH3_door_1_test",,1725607138508,"closed"
21858,HH3_window_1_test,2024-09-06T09:23:57,,,,,,"closed",,"db4881e805a254484",0,,"low",491,,"H3",,"HH_Window_receiver",1,"HH3_window_1_test",,,"open"
21859,HH3_window_1_test,2024-09-06T09:23:57,,,,,,"closed",,"db4881e805a254484",0,,"low",491,,"H3","","HH_Window_receiver",1,"HH3_window_1_test",,1725607437266,"open"
21870,HH3_window_2_test,2024-09-06T09:28:35,,,,,,"closed",,"d1bde5c2def114408",3,,"low",176,,"H3",,"HH_Window_receiver",1,"HH3_window_2_test",,,"open"
21871,HH3_window_2_test,2024-09-06T09:28:36,,,,,,"closed",,"d1bde5c2def114408",3,,"low",176,,"H3","","HH_Window_receiver",1,"HH3_window_2_test",,1725607715651,"open"
21872,HH3_door_1_test,2024-09-06T09:28:52,,,,,,,,"d179e295f9a7449eb",,,,,,"H3","","HH_door_receiver",0,"HH3_door_1_test",,1725607138508,"closed"
21873,HH3_door_1_test,2024-09-06T09:28:52,,,,,,,,"d179e295f9a7449eb",,,,,,"H3","","HH_door_receiver",0,"HH3_door_1_test",,1725607732150,"closed"
21882,HH3_window_1_test,2024-09-06T09:33:45,,,,,,"closed",,"db4881e805a254484",0,,"low",0,,"H3","","HH_Window_receiver",0,"HH3_window_1_test",,1725607437266,"closed"
21883,HH3_window_1_test,2024-09-06T09:33:45,,,,,,"closed",,"db4881e805a254484",0,,"low",0,,"H3","","HH_Window_receiver",0,"HH3_window_1_test",,1725608025472,"closed"
21896,HH3_window_2_test,2024-09-06T09:38:21,,,,,,"open",,"d1bde5c2def114408",162,,"low",0,,"H3","","HH_Window_receiver",0,"HH3_window_2_test",,1725607715651,"closed"
21897,HH3_window_2_test,2024-09-06T09:38:21,,,,,,"open",,"d1bde5c2def114408",162,,"low",0,,"H3","","HH_Window_receiver",0,"HH3_window_2_test",,1725608300952,"closed"
21898,HH3_door_1_test,2024-09-06T09:38:47,,,,,,,,"d179e295f9a7449eb",,,,,,"H3","","HH_door_receiver",0,"HH3_door_1_test",,1725607732150,"closed"
21899,HH3_door_1_test,2024-09-06T09:38:47,,,,,,,,"d179e295f9a7449eb",,,,,,"H3","","HH_door_receiver",0,"HH3_door_1_test",,1725608327552,"closed"
21906,HH3_window_1_test,2024-09-06T09:43:40,,,,,,"closed",,"db4881e805a254484",0,,"low",0,,"H3","","HH_Window_receiver",0,"HH3_window_1_test",,1725608025472,"closed"
21907,HH3_window_1_test,2024-09-06T09:43:40,,,,,,"closed",,"db4881e805a254484",0,,"low",0,,"H3","","HH_Window_receiver",0,"HH3_window_1_test",,1725608620242,"closed"
21924,HH3_window_2_test,2024-09-06T09:48:16,,,,,,"open",,"d1bde5c2def114408",162,,"low",0,,"H3","","HH_Window_receiver",0,"HH3_window_2_test",,1725608300952,"closed"
21925,HH3_window_2_test,2024-09-06T09:48:17,,,,,,"open",,"d1bde5c2def114408",162,,"low",0,,"H3","","HH_Window_receiver",0,"HH3_window_2_test",,1725608896821,"closed"
21926,HH3_door_1_test,2024-09-06T09:48:43,,,,,,,,"d179e295f9a7449eb",,,,,,"H3","","HH_door_receiver",0,"HH3_door_1_test",,1725608327552,"closed"
21927,HH3_door_1_test,2024-09-06T09:48:43,,,,,,,,"d179e295f9a7449eb",,,,,,"H3","","HH_door_receiver",0,"HH3_door_1_test",,1725608922928,"closed"
21934,HH3_window_1_test,2024-09-06T09:53:36,,,,,,"closed",,"db4881e805a254484",0,,"low",0,,"H3","","HH_Window_receiver",0,"HH3_window_1_test",,1725608620242,"closed"
21935,HH3_window_1_test,2024-09-06T09:53:36,,,,,,"closed",,"db4881e805a254484",0,,"low",0,,"H3","","HH_Window_receiver",0,"HH3_window_1_test",,1725609216104,"closed"
21948,HH3_window_2_test,2024-09-06T09:58:12,,,,,,"open",,"d1bde5c2def114408",162,,"low",0,,"H3","","HH_Window_receiver",0,"HH3_window_2_test",,1725608896821,"closed"
21949,HH3_window_2_test,2024-09-06T09:58:12,,,,,,"open",,"d1bde5c2def114408",162,,"low",0,,"H3","","HH_Window_receiver",0,"HH3_window_2_test",,1725609491839,"closed"
21950,HH3_door_1_test,2024-09-06T09:58:38,,,,,,,,"d179e295f9a7449eb",,,,,,"H3","","HH_door_receiver",0,"HH3_door_1_test",,1725608922928,"closed"
21951,HH3_door_1_test,2024-09-06T09:58:38,,,,,,,,"d179e295f9a7449eb",,,,,,"H3","","HH_door_receiver",0,"HH3_door_1_test",,1725609518357,"closed"
21958,HH3_window_1_test,2024-09-06T10:03:30,,,,,,"closed",,"db4881e805a254484",0,,"low",0,,"H3","","HH_Window_receiver",0,"HH3_window_1_test",,1725609216104,"closed"
21959,HH3_window_1_test,2024-09-06T10:03:30,,,,,,"closed",,"db4881e805a254484",0,,"low",0,,"H3","","HH_Window_receiver",0,"HH3_window_1_test",,1725609810675,"closed"
21972,HH3_window_2_test,2024-09-06T10:08:07,,,,,,"open",,"d1bde5c2def114408",162,,"low",0,,"H3","","HH_Window_receiver",0,"HH3_window_2_test",,1725609491839,"closed"
21973,HH3_window_2_test,2024-09-06T10:08:08,,,,,,"open",,"d1bde5c2def114408",162,,"low",0,,"H3","","HH_Window_receiver",0,"HH3_window_2_test",,1725610087784,"closed"
21974,HH3_door_1_test,2024-09-06T10:08:34,,,,,,,,"d179e295f9a7449eb",,,,,,"H3","","HH_door_receiver",0,"HH3_door_1_test",,1725609518357,"closed"
21975,HH3_door_1_test,2024-09-06T10:08:34,,,,,,,,"d179e295f9a7449eb",,,,,,"H3","","HH_door_receiver",0,"HH3_door_1_test",,1725610114067,"closed"
21982,HH3_window_1_test,2024-09-06T10:13:28,,,,,,"closed",,"db4881e805a254484",3,,"low",30,,"H3","","HH_Window_receiver",1,"HH3_window_1_test",,1725609810675,"open"
21983,HH3_window_1_test,2024-09-06T10:13:28,,,,,,"closed",,"db4881e805a254484",3,,"low",30,,"H3","","HH_Window_receiver",1,"HH3_window_1_test",,1725610407878,"open"
21998,HH3_window_2_test,2024-09-06T10:18:13,,,,,,"closed",,"d1bde5c2def114408",2,,"low",368,,"H3","","HH_Window_receiver",1,"HH3_window_2_test",,1725610087784,"open"
21999,HH3_window_2_test,2024-09-06T10:18:14,,,,,,"closed",,"d1bde5c2def114408",2,,"low",368,,"H3","","HH_Window_receiver",1,"HH3_window_2_test",,1725610693750,"open"
22000,HH3_door_1_test,2024-09-06T10:18:30,,,,,,,,"d179e295f9a7449eb",,,,,,"H3","","HH_door_receiver",0,"HH3_door_1_test",,1725610114067,"closed"
22001,HH3_door_1_test,2024-09-06T10:18:30,,,,,,,,"d179e295f9a7449eb",,,,,,"H3","","HH_door_receiver",0,"HH3_door_1_test",,1725610710514,"closed"
22008,HH3_window_1_test,2024-09-06T10:23:26,,,,,,"closed",,"db4881e805a254484",3,,"low",0,,"H3","","HH_Window_receiver",1,"HH3_window_1_test",,1725610407878,"open"
22009,HH3_window_1_test,2024-09-06T10:23:26,,,,,,"closed",,"db4881e805a254484",3,,"low",0,,"H3","","HH_Window_receiver",1,"HH3_window_1_test",,1725611006198,"open"
22022,HH3_window_2_test,2024-09-06T10:28:12,,,,,,"closed",,"d1bde5c2def114408",2,,"low",338,,"H3","","HH_Window_receiver",1,"HH3_window_2_test",,1725610693750,"open"
22023,HH3_window_2_test,2024-09-06T10:28:12,,,,,,"closed",,"d1bde5c2def114408",2,,"low",338,,"H3","","HH_Window_receiver",1,"HH3_window_2_test",,1725611292456,"open"
22024,HH3_door_1_test,2024-09-06T10:28:26,,,,,,,,"d179e295f9a7449eb",,,,,,"H3","","HH_door_receiver",0,"HH3_door_1_test",,1725610710514,"closed"
22025,HH3_door_1_test,2024-09-06T10:28:26,,,,,,,,"d179e295f9a7449eb",,,,,,"H3","","HH_door_receiver",0,"HH3_door_1_test",,1725611306616,"closed"
22034,HH3_window_1_test,2024-09-06T10:33:22,,,,,,"closed",,"db4881e805a254484",3,,"low",0,,"H3","","HH_Window_receiver",1,"HH3_window_1_test",,1725611006198,"open"
22035,HH3_window_1_test,2024-09-06T10:33:22,,,,,,"closed",,"db4881e805a254484",3,,"low",0,,"H3","","HH_Window_receiver",1,"HH3_window_1_test",,1725611602324,"open"
22048,HH3_window_2_test,2024-09-06T10:38:10,,,,,,"closed",,"d1bde5c2def114408",2,,"low",262,,"H3","","HH_Window_receiver",1,"HH3_window_2_test",,1725611292456,"open"
22049,HH3_window_2_test,2024-09-06T10:38:10,,,,,,"closed",,"d1bde5c2def114408",2,,"low",262,,"H3","","HH_Window_receiver",1,"HH3_window_2_test",,1725611890470,"open"
22056,HH3_window_1_test,2024-09-06T10:43:18,,,,,,"closed",,"db4881e805a254484",3,,"low",0,,"H3","","HH_Window_receiver",1,"HH3_window_1_test",,1725611602324,"open"
22057,HH3_window_1_test,2024-09-06T10:43:18,,,,,,"closed",,"db4881e805a254484",3,,"low",0,,"H3","","HH_Window_receiver",1,"HH3_window_1_test",,1725612197935,"open"
22068,HH3_window_2_test,2024-09-06T10:48:06,,,,,,"closed",,"d1bde5c2def114408",2,,"low",261,,"H3","","HH_Window_receiver",1,"HH3_window_2_test",,1725611890470,"open"
22069,HH3_window_2_test,2024-09-06T10:48:06,,,,,,"closed",,"d1bde5c2def114408",2,,"low",261,,"H3","","HH_Window_receiver",1,"HH3_window_2_test",,1725612486084,"open"
22076,HH3_window_1_test,2024-09-06T10:53:13,,,,,,"closed",,"db4881e805a254484",5,,"low",0,,"H3","","HH_Window_receiver",1,"HH3_window_1_test",,1725612197935,"open"
22077,HH3_window_1_test,2024-09-06T10:53:13,,,,,,"closed",,"db4881e805a254484",5,,"low",0,,"H3","","HH_Window_receiver",1,"HH3_window_1_test",,1725612793252,"open"
22092,HH3_window_2_test,2024-09-06T10:58:02,,,,,,"closed",,"d1bde5c2def114408",2,,"low",272,,"H3","","HH_Window_receiver",1,"HH3_window_2_test",,1725612486084,"open"
22093,HH3_window_2_test,2024-09-06T10:58:02,,,,,,"closed",,"d1bde5c2def114408",2,,"low",272,,"H3","","HH_Window_receiver",1,"HH3_window_2_test",,1725613082712,"open"
22100,HH3_window_1_test,2024-09-06T11:03:09,,,,,,"closed",,"db4881e805a254484",10,,"low",0,,"H3","","HH_Window_receiver",1,"HH3_window_1_test",,1725612793252,"open"
22101,HH3_window_1_test,2024-09-06T11:03:09,,,,,,"closed",,"db4881e805a254484",10,,"low",0,,"H3","","HH_Window_receiver",1,"HH3_window_1_test",,1725613388908,"open"
22114,HH3_window_2_test,2024-09-06T11:07:59,,,,,,"closed",,"d1bde5c2def114408",2,,"low",253,,"H3","","HH_Window_receiver",1,"HH3_window_2_test",,1725613082712,"open"
22115,HH3_window_2_test,2024-09-06T11:07:59,,,,,,"closed",,"d1bde5c2def114408",2,,"low",253,,"H3","","HH_Window_receiver",1,"HH3_window_2_test",,1725613678964,"open"
22122,HH3_window_1_test,2024-09-06T11:13:03,,,,,,"closed",,"db4881e805a254484",10,,"low",0,,"H3","","HH_Window_receiver",1,"HH3_window_1_test",,1725613388908,"open"
22123,HH3_window_1_test,2024-09-06T11:13:04,,,,,,"closed",,"db4881e805a254484",10,,"low",0,,"H3","","HH_Window_receiver",1,"HH3_window_1_test",,1725613983789,"open"
22138,HH3_window_2_test,2024-09-06T11:17:53,,,,,,"closed",,"d1bde5c2def114408",2,,"low",245,,"H3","","HH_Window_receiver",1,"HH3_window_2_test",,1725613678964,"open"
22139,HH3_window_2_test,2024-09-06T11:17:53,,,,,,"closed",,"d1bde5c2def114408",2,,"low",245,,"H3","","HH_Window_receiver",1,"HH3_window_2_test",,1725614273696,"open"
22146,HH3_window_1_test,2024-09-06T11:22:57,,,,,,"closed",,"db4881e805a254484",10,,"low",24,,"H3","","HH_Window_receiver",1,"HH3_window_1_test",,1725613983789,"open"
22147,HH3_window_1_test,2024-09-06T11:22:58,,,,,,"closed",,"db4881e805a254484",10,,"low",24,,"H3","","HH_Window_receiver",1,"HH3_window_1_test",,1725614577695,"open"
22158,HH3_window_3_test,2024-09-06T11:24:41,,,,,,"closed",,"d09c890fb71d34208",2,,"low",571,,"H3",,"HH_Window_receiver",1,"HH3_window_3_test",,,"open"
22159,HH3_window_3_test,2024-09-06T11:24:41,,,,,,"closed",,"d09c890fb71d34208",2,,"low",571,,"H3","","HH_Window_receiver",1,"HH3_window_3_test",,1725614681124,"open"
22164,HH3_window_2_test,2024-09-06T11:27:48,,,,,,"closed",,"d1bde5c2def114408",2,,"low",209,,"H3","","HH_Window_receiver",1,"HH3_window_2_test",,1725614273696,"open"
22165,HH3_window_2_test,2024-09-06T11:27:49,,,,,,"closed",,"d1bde5c2def114408",2,,"low",209,,"H3","","HH_Window_receiver",1,"HH3_window_2_test",,1725614868814,"open"
22174,HH3_window_1_test,2024-09-06T11:32:53,,,,,,"closed",,"db4881e805a254484",10,,"low",0,,"H3","","HH_Window_receiver",1,"HH3_window_1_test",,1725614577695,"open"
22175,HH3_window_1_test,2024-09-06T11:32:53,,,,,,"closed",,"db4881e805a254484",10,,"low",0,,"H3","","HH_Window_receiver",1,"HH3_window_1_test",,1725615172984,"open"
22186,HH3_window_3_test,2024-09-06T11:34:28,,,,,,"open",,"d09c890fb71d34208",455,,"low",541,,"H3","","HH_Window_receiver",1,"HH3_window_3_test",,1725614681124,"open"
22187,HH3_window_3_test,2024-09-06T11:34:28,,,,,,"open",,"d09c890fb71d34208",455,,"low",541,,"H3","","HH_Window_receiver",1,"HH3_window_3_test",,1725615268225,"open"
22192,HH3_window_2_test,2024-09-06T11:37:45,,,,,,"closed",,"d1bde5c2def114408",2,,"low",205,,"H3","","HH_Window_receiver",1,"HH3_window_2_test",,1725614868814,"open"
22193,HH3_window_2_test,2024-09-06T11:37:45,,,,,,"closed",,"d1bde5c2def114408",2,,"low",205,,"H3","","HH_Window_receiver",1,"HH3_window_2_test",,1725615465159,"open"
22198,HH3_door_1_test,2024-09-06T11:39:07,,,,,,,,"d179e295f9a7449eb",,,,,,"H3","","HH_door_receiver",1,"HH3_door_1_test",,1725611306616,"open"
22199,HH3_door_1_test,2024-09-06T11:39:07,,,,,,,,"d179e295f9a7449eb",,,,,,"H3","","HH_door_receiver",1,"HH3_door_1_test",,1725615547425,"open"
22202,HH3_window_1_test,2024-09-06T11:42:49,,,,,,"closed",,"db4881e805a254484",5,,"low",0,,"H3","","HH_Window_receiver",1,"HH3_window_1_test",,1725615172984,"open"
22203,HH3_window_1_test,2024-09-06T11:42:49,,,,,,"closed",,"db4881e805a254484",5,,"low",0,,"H3","","HH_Window_receiver",1,"HH3_window_1_test",,1725615769243,"open"
22212,HH3_window_3_test,2024-09-06T11:44:23,,,,,,"open",,"d09c890fb71d34208",186,,"low",557,,"H3","","HH_Window_receiver",1,"HH3_window_3_test",,1725615268225,"open"
22213,HH3_window_3_test,2024-09-06T11:44:23,,,,,,"open",,"d09c890fb71d34208",186,,"low",557,,"H3","","HH_Window_receiver",1,"HH3_window_3_test",,1725615863177,"open"
22218,HH3_window_2_test,2024-09-06T11:47:40,,,,,,"closed",,"d1bde5c2def114408",2,,"low",217,,"H3","","HH_Window_receiver",1,"HH3_window_2_test",,1725615465159,"open"
22219,HH3_window_2_test,2024-09-06T11:47:40,,,,,,"closed",,"d1bde5c2def114408",2,,"low",217,,"H3","","HH_Window_receiver",1,"HH3_window_2_test",,1725616060189,"open"
22224,HH3_door_1_test,2024-09-06T11:49:06,,,,,,,,"d179e295f9a7449eb",,,,,,"H3","","HH_door_receiver",1,"HH3_door_1_test",,1725615547425,"open"
22225,HH3_door_1_test,2024-09-06T11:49:06,,,,,,,,"d179e295f9a7449eb",,,,,,"H3","","HH_door_receiver",1,"HH3_door_1_test",,1725616146180,"open"
22228,HH3_window_1_test,2024-09-06T11:52:38,,,,,,"closed",,"db4881e805a254484",5,,"low",0,,"H3","","HH_Window_receiver",1,"HH3_window_1_test",,1725615769243,"open"
22229,HH3_window_1_test,2024-09-06T11:52:38,,,,,,"closed",,"db4881e805a254484",5,,"low",0,,"H3","","HH_Window_receiver",1,"HH3_window_1_test",,1725616358662,"open"
22238,HH3_window_3_test,2024-09-06T11:54:17,,,,,,"open",,"d09c890fb71d34208",263,,"low",561,,"H3","","HH_Window_receiver",1,"HH3_window_3_test",,1725615863177,"open"
22239,HH3_window_3_test,2024-09-06T11:54:17,,,,,,"open",,"d09c890fb71d34208",263,,"low",561,,"H3","","HH_Window_receiver",1,"HH3_window_3_test",,1725616457103,"open"
22244,HH3_window_2_test,2024-09-06T11:57:36,,,,,,"closed",,"d1bde5c2def114408",2,,"low",0,,"H3","","HH_Window_receiver",1,"HH3_window_2_test",,1725616060189,"open"
22245,HH3_window_2_test,2024-09-06T11:57:36,,,,,,"closed",,"d1bde5c2def114408",2,,"low",0,,"H3","","HH_Window_receiver",1,"HH3_window_2_test",,1725616656261,"open"
22250,HH3_door_1_test,2024-09-06T11:59:03,,,,,,,,"d179e295f9a7449eb",,,,,,"H3","","HH_door_receiver",1,"HH3_door_1_test",,1725616146180,"open"
22251,HH3_door_1_test,2024-09-06T11:59:03,,,,,,,,"d179e295f9a7449eb",,,,,,"H3","","HH_door_receiver",1,"HH3_door_1_test",,1725616743375,"open"
22254,HH3_window_1_test,2024-09-06T12:02:33,,,,,,"closed",,"db4881e805a254484",5,,"low",0,,"H3","","HH_Window_receiver",1,"HH3_window_1_test",,1725616358662,"open"
22255,HH3_window_1_test,2024-09-06T12:02:33,,,,,,"closed",,"db4881e805a254484",5,,"low",0,,"H3","","HH_Window_receiver",1,"HH3_window_1_test",,1725616953064,"open"
22266,HH3_window_3_test,2024-09-06T12:04:12,,,,,,"open",,"d09c890fb71d34208",298,,"low",560,,"H3","","HH_Window_receiver",1,"HH3_window_3_test",,1725616457103,"open"
22267,HH3_window_3_test,2024-09-06T12:04:12,,,,,,"open",,"d09c890fb71d34208",298,,"low",560,,"H3","","HH_Window_receiver",1,"HH3_window_3_test",,1725617052036,"open"
22272,HH3_window_2_test,2024-09-06T12:07:33,,,,,,"closed",,"d1bde5c2def114408",2,,"low",0,,"H3","","HH_Window_receiver",1,"HH3_window_2_test",,1725616656261,"open"
22273,HH3_window_2_test,2024-09-06T12:07:33,,,,,,"closed",,"d1bde5c2def114408",2,,"low",0,,"H3","","HH_Window_receiver",1,"HH3_window_2_test",,1725617253441,"open"
22278,HH3_door_1_test,2024-09-06T12:08:57,,,,,,,,"d179e295f9a7449eb",,,,,,"H3","","HH_door_receiver",1,"HH3_door_1_test",,1725616743375,"open"
22279,HH3_door_1_test,2024-09-06T12:08:58,,,,,,,,"d179e295f9a7449eb",,,,,,"H3","","HH_door_receiver",1,"HH3_door_1_test",,1725617337774,"open"
22282,HH3_window_1_test,2024-09-06T12:12:28,,,,,,"closed",,"db4881e805a254484",5,,"low",21,,"H3","","HH_Window_receiver",1,"HH3_window_1_test",,1725616953064,"open"
22283,HH3_window_1_test,2024-09-06T12:12:28,,,,,,"closed",,"db4881e805a254484",5,,"low",21,,"H3","","HH_Window_receiver",1,"HH3_window_1_test",,1725617548654,"open"
22294,HH3_window_3_test,2024-09-06T12:14:07,,,,,,"open",,"d09c890fb71d34208",558,,"low",618,,"H3","","HH_Window_receiver",1,"HH3_window_3_test",,1725617052036,"open"
22295,HH3_window_3_test,2024-09-06T12:14:07,,,,,,"open",,"d09c890fb71d34208",558,,"low",618,,"H3","","HH_Window_receiver",1,"HH3_window_3_test",,1725617646894,"open"
22300,HH3_window_2_test,2024-09-06T12:17:29,,,,,,"closed",,"d1bde5c2def114408",2,,"low",249,,"H3","","HH_Window_receiver",1,"HH3_window_2_test",,1725617253441,"open"
22301,HH3_window_2_test,2024-09-06T12:17:29,,,,,,"closed",,"d1bde5c2def114408",2,,"low",249,,"H3","","HH_Window_receiver",1,"HH3_window_2_test",,1725617849284,"open"
22306,HH3_door_1_test,2024-09-06T12:18:52,,,,,,,,"d179e295f9a7449eb",,,,,,"H3","","HH_door_receiver",1,"HH3_door_1_test",,1725617337774,"open"
22307,HH3_door_1_test,2024-09-06T12:18:53,,,,,,,,"d179e295f9a7449eb",,,,,,"H3","","HH_door_receiver",1,"HH3_door_1_test",,1725617932764,"open"
22310,HH3_window_1_test,2024-09-06T12:22:25,,,,,,"closed",,"db4881e805a254484",5,,"low",0,,"H3","","HH_Window_receiver",1,"HH3_window_1_test",,1725617548654,"open"
22311,HH3_window_1_test,2024-09-06T12:22:25,,,,,,"closed",,"db4881e805a254484",5,,"low",0,,"H3","","HH_Window_receiver",1,"HH3_window_1_test",,1725618145143,"open"
22322,HH3_window_3_test,2024-09-06T12:24:02,,,,,,"open",,"d09c890fb71d34208",219,,"low",551,,"H3","","HH_Window_receiver",1,"HH3_window_3_test",,1725617646894,"open"
22323,HH3_window_3_test,2024-09-06T12:24:02,,,,,,"open",,"d09c890fb71d34208",219,,"low",551,,"H3","","HH_Window_receiver",1,"HH3_window_3_test",,1725618242023,"open"
22328,HH3_window_2_test,2024-09-06T12:27:26,,,,,,"closed",,"d1bde5c2def114408",2,,"low",261,,"H3","","HH_Window_receiver",1,"HH3_window_2_test",,1725617849284,"open"
22329,HH3_window_2_test,2024-09-06T12:27:26,,,,,,"closed",,"d1bde5c2def114408",2,,"low",261,,"H3","","HH_Window_receiver",1,"HH3_window_2_test",,1725618446471,"open"
22334,HH3_door_1_test,2024-09-06T12:28:48,,,,,,,,"d179e295f9a7449eb",,,,,,"H3","","HH_door_receiver",1,"HH3_door_1_test",,1725617932764,"open"
22335,HH3_door_1_test,2024-09-06T12:28:48,,,,,,,,"d179e295f9a7449eb",,,,,,"H3","","HH_door_receiver",1,"HH3_door_1_test",,1725618528163,"open"
22340,HH3_window_1_test,2024-09-06T12:32:21,,,,,,"closed",,"db4881e805a254484",5,,"low",23,,"H3","","HH_Window_receiver",1,"HH3_window_1_test",,1725618145143,"open"
22341,HH3_window_1_test,2024-09-06T12:32:21,,,,,,"closed",,"db4881e805a254484",5,,"low",23,,"H3","","HH_Window_receiver",1,"HH3_window_1_test",,1725618740914,"open"
22352,HH3_window_3_test,2024-09-06T12:33:58,,,,,,"open",,"d09c890fb71d34208",163,,"low",0,,"H3","","HH_Window_receiver",1,"HH3_window_3_test",,1725618242023,"open"
22353,HH3_window_3_test,2024-09-06T12:33:58,,,,,,"open",,"d09c890fb71d34208",163,,"low",0,,"H3","","HH_Window_receiver",1,"HH3_window_3_test",,1725618838003,"open"
22358,HH3_window_2_test,2024-09-06T12:37:22,,,,,,"closed",,"d1bde5c2def114408",2,,"low",304,,"H3","","HH_Window_receiver",1,"HH3_window_2_test",,1725618446471,"open"
22359,HH3_window_2_test,2024-09-06T12:37:22,,,,,,"closed",,"d1bde5c2def114408",2,,"low",304,,"H3","","HH_Window_receiver",1,"HH3_window_2_test",,1725619042123,"open"
22364,HH3_door_1_test,2024-09-06T12:38:43,,,,,,,,"d179e295f9a7449eb",,,,,,"H3","","HH_door_receiver",1,"HH3_door_1_test",,1725618528163,"open"
22365,HH3_door_1_test,2024-09-06T12:38:43,,,,,,,,"d179e295f9a7449eb",,,,,,"H3","","HH_door_receiver",1,"HH3_door_1_test",,1725619123674,"open"
22368,HH3_window_1_test,2024-09-06T12:42:15,,,,,,"closed",,"db4881e805a254484",5,,"low",29,,"H3","","HH_Window_receiver",1,"HH3_window_1_test",,1725618740914,"open"
22369,HH3_window_1_test,2024-09-06T12:42:15,,,,,,"closed",,"db4881e805a254484",5,,"low",29,,"H3","","HH_Window_receiver",1,"HH3_window_1_test",,1725619335635,"open"
22382,HH3_window_2_test,2024-09-06T12:47:17,,,,,,"closed",,"d1bde5c2def114408",2,,"low",267,,"H3","","HH_Window_receiver",1,"HH3_window_2_test",,1725619042123,"open"
22383,HH3_window_2_test,2024-09-06T12:47:18,,,,,,"closed",,"d1bde5c2def114408",2,,"low",267,,"H3","","HH_Window_receiver",1,"HH3_window_2_test",,1725619637801,"open"
22388,HH3_door_1_test,2024-09-06T12:48:39,,,,,,,,"d179e295f9a7449eb",,,,,,"H3","","HH_door_receiver",1,"HH3_door_1_test",,1725619123674,"open"
22389,HH3_door_1_test,2024-09-06T12:48:39,,,,,,,,"d179e295f9a7449eb",,,,,,"H3","","HH_door_receiver",1,"HH3_door_1_test",,1725619719289,"open"
22392,HH3_window_1_test,2024-09-06T12:52:11,,,,,,"closed",,"db4881e805a254484",6,,"low",39,,"H3","","HH_Window_receiver",1,"HH3_window_1_test",,1725619335635,"open"
22393,HH3_window_1_test,2024-09-06T12:52:11,,,,,,"closed",,"db4881e805a254484",6,,"low",39,,"H3","","HH_Window_receiver",1,"HH3_window_1_test",,1725619931274,"open"
22404,HH3_window_3_test,2024-09-06T12:54:21,,,,,,"open",,"d09c890fb71d34208",163,,"low",0,,"H3","","HH_Window_receiver",1,"HH3_window_3_test",,1725618838003,"open"
22405,HH3_window_3_test,2024-09-06T12:54:21,,,,,,"open",,"d09c890fb71d34208",163,,"low",0,,"H3","","HH_Window_receiver",1,"HH3_window_3_test",,1725620061259,"open"
22410,HH3_window_2_test,2024-09-06T12:57:14,,,,,,"closed",,"d1bde5c2def114408",2,,"low",272,,"H3","","HH_Window_receiver",1,"HH3_window_2_test",,1725619637801,"open"
22411,HH3_window_2_test,2024-09-06T12:57:14,,,,,,"closed",,"d1bde5c2def114408",2,,"low",272,,"H3","","HH_Window_receiver",1,"HH3_window_2_test",,1725620233968,"open"
22416,HH3_door_1_test,2024-09-06T12:58:35,,,,,,,,"d179e295f9a7449eb",,,,,,"H3","","HH_door_receiver",1,"HH3_door_1_test",,1725619719289,"open"
22417,HH3_door_1_test,2024-09-06T12:58:35,,,,,,,,"d179e295f9a7449eb",,,,,,"H3","","HH_door_receiver",1,"HH3_door_1_test",,1725620314966,"open"
22420,HH3_door_1_test,2024-09-06T12:59:50,,,,,,,,"d179e295f9a7449eb",,,,,,"H3","","HH_door_receiver",1,"HH3_door_1_test",,1725620314966,"open"
22421,HH3_door_1_test,2024-09-06T12:59:50,,,,,,,,"d179e295f9a7449eb",,,,,,"H3","","HH_door_receiver",1,"HH3_door_1_test",,1725620389960,"open"
22422,HH3_door_1_test,2024-09-06T12:59:52,,,,,,,,"d179e295f9a7449eb",,,,,,"H3","","HH_door_receiver",1,"HH3_door_1_test",,1725620389960,"open"
22423,HH3_door_1_test,2024-09-06T12:59:52,,,,,,,,"d179e295f9a7449eb",,,,,,"H3","","HH_door_receiver",1,"HH3_door_1_test",,1725620392405,"open"
22424,HH3_door_1_test,2024-09-06T13:00:02,,,,,,,,"d179e295f9a7449eb",,,,,,"H3","","HH_door_receiver",1,"HH3_door_1_test",,1725620392405,"open"
22425,HH3_door_1_test,2024-09-06T13:00:02,,,,,,,,"d179e295f9a7449eb",,,,,,"H3","","HH_door_receiver",1,"HH3_door_1_test",,1725620402044,"open"
22426,HH3_door_1_test,2024-09-06T13:00:10,,,,,,,,"d179e295f9a7449eb",,,,,,"H3","","HH_door_receiver",1,"HH3_door_1_test",,1725620402044,"open"
22427,HH3_door_1_test,2024-09-06T13:00:10,,,,,,,,"d179e295f9a7449eb",,,,,,"H3","","HH_door_receiver",1,"HH3_door_1_test",,1725620410516,"open"
22428,HH3_door_1_test,2024-09-06T13:00:22,,,,,,,,"d179e295f9a7449eb",,,,,,"H3","","HH_door_receiver",1,"HH3_door_1_test",,1725620410516,"open"
22429,HH3_door_1_test,2024-09-06T13:00:22,,,,,,,,"d179e295f9a7449eb",,,,,,"H3","","HH_door_receiver",1,"HH3_door_1_test",,1725620422226,"open"
22430,HH3_window_1_test,2024-09-06T13:02:07,,,,,,"closed",,"db4881e805a254484",2,,"low",117,,"H3","","HH_Window_receiver",1,"HH3_window_1_test",,1725619931274,"open"
22431,HH3_window_1_test,2024-09-06T13:02:07,,,,,,"closed",,"db4881e805a254484",2,,"low",117,,"H3","","HH_Window_receiver",1,"HH3_window_1_test",,1725620527527,"open"
22432,HH3_door_1_test,2024-09-06T13:02:23,,,,,,,,"d179e295f9a7449eb",,,,,,"H3","","HH_door_receiver",1,"HH3_door_1_test",,1725620422226,"open"
22433,HH3_door_1_test,2024-09-06T13:02:23,,,,,,,,"d179e295f9a7449eb",,,,,,"H3","","HH_door_receiver",1,"HH3_door_1_test",,1725620543622,"open"
22436,HH3_door_1_test,2024-09-06T13:02:42,,,,,,,,"d179e295f9a7449eb",,,,,,"H3","","HH_door_receiver",1,"HH3_door_1_test",,1725620543622,"open"
22437,HH3_door_1_test,2024-09-06T13:02:42,,,,,,,,"d179e295f9a7449eb",,,,,,"H3","","HH_door_receiver",1,"HH3_door_1_test",,1725620562665,"open"
22438,HH3_door_1_test,2024-09-06T13:03:09,,,,,,,,"d179e295f9a7449eb",,,,,,"H3","","HH_door_receiver",1,"HH3_door_1_test",,1725620562665,"open"
22439,HH3_door_1_test,2024-09-06T13:03:09,,,,,,,,"d179e295f9a7449eb",,,,,,"H3","","HH_door_receiver",1,"HH3_door_1_test",,1725620589700,"open"
22452,HH3_window_2_test,2024-09-06T13:07:09,,,,,,"closed",,"d1bde5c2def114408",2,,"low",259,,"H3","","HH_Window_receiver",1,"HH3_window_2_test",,1725620233968,"open"
22453,HH3_window_2_test,2024-09-06T13:07:09,,,,,,"closed",,"d1bde5c2def114408",2,,"low",259,,"H3","","HH_Window_receiver",1,"HH3_window_2_test",,1725620829161,"open"
22460,HH3_window_1_test,2024-09-06T13:12:01,,,,,,"open",,"db4881e805a254484",162,,"low",0,,"H3","","HH_Window_receiver",1,"HH3_window_1_test",,1725620527527,"open"
22461,HH3_window_1_test,2024-09-06T13:12:01,,,,,,"open",,"db4881e805a254484",162,,"low",0,,"H3","","HH_Window_receiver",1,"HH3_window_1_test",,1725621121248,"open"
27260,HH1_door_1,2024-09-07T18:02:50,,,,,,,,"df7999d2d53c9442a",,,,,,"H1","","HH_door_receiver",1,"HH1_door_1",,1725252274625,"open"
27261,HH1_door_1,2024-09-07T18:02:51,,,,,,,,"df7999d2d53c9442a",,,,,,"H1","","HH_door_receiver",1,"HH1_door_1",,1725724970873,"open"
27292,HH1_door_1,2024-09-07T18:12:55,,,,,,,,"df7999d2d53c9442a",,,,,,"H1","","HH_door_receiver",1,"HH1_door_1",,1725724970873,"open"
27293,HH1_door_1,2024-09-07T18:12:55,,,,,,,,"df7999d2d53c9442a",,,,,,"H1","","HH_door_receiver",1,"HH1_door_1",,1725725574849,"open"
27324,HH1_door_1,2024-09-07T18:22:48,,,,,,,,"df7999d2d53c9442a",,,,,,"H1","","HH_door_receiver",1,"HH1_door_1",,1725725574849,"open"
27325,HH1_door_1,2024-09-07T18:22:48,,,,,,,,"df7999d2d53c9442a",,,,,,"H1","","HH_door_receiver",1,"HH1_door_1",,1725726168259,"open"
27356,HH1_door_1,2024-09-07T18:32:45,,,,,,,,"df7999d2d53c9442a",,,,,,"H1","","HH_door_receiver",1,"HH1_door_1",,1725726168259,"open"
27357,HH1_door_1,2024-09-07T18:32:45,,,,,,,,"df7999d2d53c9442a",,,,,,"H1","","HH_door_receiver",1,"HH1_door_1",,1725726764881,"open"
27392,HH1_door_1,2024-09-07T18:42:44,,,,,,,,"df7999d2d53c9442a",,,,,,"H1","","HH_door_receiver",1,"HH1_door_1",,1725726764881,"open"
27393,HH1_door_1,2024-09-07T18:42:44,,,,,,,,"df7999d2d53c9442a",,,,,,"H1","","HH_door_receiver",1,"HH1_door_1",,1725727363858,"open"
27424,HH1_door_1,2024-09-07T18:52:38,,,,,,,,"df7999d2d53c9442a",,,,,,"H1","","HH_door_receiver",1,"HH1_door_1",,1725727363858,"open"
27425,HH1_door_1,2024-09-07T18:52:38,,,,,,,,"df7999d2d53c9442a",,,,,,"H1","","HH_door_receiver",1,"HH1_door_1",,1725727958024,"open"
27460,HH1_door_1,2024-09-07T19:02:44,,,,,,,,"df7999d2d53c9442a",,,,,,"H1","","HH_door_receiver",1,"HH1_door_1",,1725727958024,"open"
27461,HH1_door_1,2024-09-07T19:02:44,,,,,,,,"df7999d2d53c9442a",,,,,,"H1","","HH_door_receiver",1,"HH1_door_1",,1725728564633,"open"
27494,HH1_door_1,2024-09-07T19:12:42,,,,,,,,"df7999d2d53c9442a",,,,,,"H1","","HH_door_receiver",1,"HH1_door_1",,1725728564633,"open"
27495,HH1_door_1,2024-09-07T19:12:42,,,,,,,,"df7999d2d53c9442a",,,,,,"H1","","HH_door_receiver",1,"HH1_door_1",,1725729162540,"open"
27528,HH1_door_1,2024-09-07T19:22:48,,,,,,,,"df7999d2d53c9442a",,,,,,"H1","","HH_door_receiver",1,"HH1_door_1",,1725729162540,"open"
27529,HH1_door_1,2024-09-07T19:22:49,,,,,,,,"df7999d2d53c9442a",,,,,,"H1","","HH_door_receiver",1,"HH1_door_1",,1725729768765,"open"
27560,HH1_door_1,2024-09-07T19:32:42,,,,,,,,"df7999d2d53c9442a",,,,,,"H1","","HH_door_receiver",1,"HH1_door_1",,1725729768765,"open"
27561,HH1_door_1,2024-09-07T19:32:42,,,,,,,,"df7999d2d53c9442a",,,,,,"H1","","HH_door_receiver",1,"HH1_door_1",,1725730362075,"open"
27592,HH1_door_1,2024-09-07T19:42:37,,,,,,,,"df7999d2d53c9442a",,,,,,"H1","","HH_door_receiver",1,"HH1_door_1",,1725730362075,"open"
27593,HH1_door_1,2024-09-07T19:42:37,,,,,,,,"df7999d2d53c9442a",,,,,,"H1","","HH_door_receiver",1,"HH1_door_1",,1725730957385,"open"
27624,HH1_door_1,2024-09-07T19:52:43,,,,,,,,"df7999d2d53c9442a",,,,,,"H1","","HH_door_receiver",1,"HH1_door_1",,1725730957385,"open"
27625,HH1_door_1,2024-09-07T19:52:43,,,,,,,,"df7999d2d53c9442a",,,,,,"H1","","HH_door_receiver",1,"HH1_door_1",,1725731562955,"open"
27658,HH1_door_1,2024-09-07T20:02:36,,,,,,,,"df7999d2d53c9442a",,,,,,"H1","","HH_door_receiver",1,"HH1_door_1",,1725731562955,"open"
27659,HH1_door_1,2024-09-07T20:02:36,,,,,,,,"df7999d2d53c9442a",,,,,,"H1","","HH_door_receiver",1,"HH1_door_1",,1725732156702,"open"
27690,HH1_door_1,2024-09-07T20:12:42,,,,,,,,"df7999d2d53c9442a",,,,,,"H1","","HH_door_receiver",1,"HH1_door_1",,1725732156702,"open"
27691,HH1_door_1,2024-09-07T20:12:43,,,,,,,,"df7999d2d53c9442a",,,,,,"H1","","HH_door_receiver",1,"HH1_door_1",,1725732762762,"open"
27722,HH1_door_1,2024-09-07T20:22:46,,,,,,,,"df7999d2d53c9442a",,,,,,"H1","","HH_door_receiver",1,"HH1_door_1",,1725732762762,"open"
27723,HH1_door_1,2024-09-07T20:22:46,,,,,,,,"df7999d2d53c9442a",,,,,,"H1","","HH_door_receiver",1,"HH1_door_1",,1725733366185,"open"
27752,HH1_door_1,2024-09-07T20:32:48,,,,,,,,"df7999d2d53c9442a",,,,,,"H1","","HH_door_receiver",1,"HH1_door_1",,1725733366185,"open"
27753,HH1_door_1,2024-09-07T20:32:48,,,,,,,,"df7999d2d53c9442a",,,,,,"H1","","HH_door_receiver",1,"HH1_door_1",,1725733968775,"open"
27782,HH1_door_1,2024-09-07T20:42:53,,,,,,,,"df7999d2d53c9442a",,,,,,"H1","","HH_door_receiver",1,"HH1_door_1",,1725733968775,"open"
27783,HH1_door_1,2024-09-07T20:42:53,,,,,,,,"df7999d2d53c9442a",,,,,,"H1","","HH_door_receiver",1,"HH1_door_1",,1725734572916,"open"
27814,HH1_door_1,2024-09-07T20:52:58,,,,,,,,"df7999d2d53c9442a",,,,,,"H1","","HH_door_receiver",1,"HH1_door_1",,1725734572916,"open"
27815,HH1_door_1,2024-09-07T20:52:58,,,,,,,,"df7999d2d53c9442a",,,,,,"H1","","HH_door_receiver",1,"HH1_door_1",,1725735178400,"open"
27850,HH1_door_1,2024-09-07T21:02:51,,,,,,,,"df7999d2d53c9442a",,,,,,"H1","","HH_door_receiver",1,"HH1_door_1",,1725735178400,"open"
27851,HH1_door_1,2024-09-07T21:02:51,,,,,,,,"df7999d2d53c9442a",,,,,,"H1","","HH_door_receiver",1,"HH1_door_1",,1725735771459,"open"
27878,HH1_door_1,2024-09-07T21:12:47,,,,,,,,"df7999d2d53c9442a",,,,,,"H1","","HH_door_receiver",1,"HH1_door_1",,1725735771459,"open"
27879,HH1_door_1,2024-09-07T21:12:47,,,,,,,,"df7999d2d53c9442a",,,,,,"H1","","HH_door_receiver",1,"HH1_door_1",,1725736366844,"open"
27908,HH1_door_1,2024-09-07T21:22:47,,,,,,,,"df7999d2d53c9442a",,,,,,"H1","","HH_door_receiver",1,"HH1_door_1",,1725736366844,"open"
27909,HH1_door_1,2024-09-07T21:22:47,,,,,,,,"df7999d2d53c9442a",,,,,,"H1","","HH_door_receiver",1,"HH1_door_1",,1725736967434,"open"
27938,HH1_door_1,2024-09-07T21:32:45,,,,,,,,"df7999d2d53c9442a",,,,,,"H1","","HH_door_receiver",1,"HH1_door_1",,1725736967434,"open"
27939,HH1_door_1,2024-09-07T21:32:46,,,,,,,,"df7999d2d53c9442a",,,,,,"H1","","HH_door_receiver",1,"HH1_door_1",,1725737565746,"open"
27970,HH1_door_1,2024-09-07T21:42:43,,,,,,,,"df7999d2d53c9442a",,,,,,"H1","","HH_door_receiver",1,"HH1_door_1",,1725737565746,"open"
27971,HH1_door_1,2024-09-07T21:42:44,,,,,,,,"df7999d2d53c9442a",,,,,,"H1","","HH_door_receiver",1,"HH1_door_1",,1725738163796,"open"
27998,HH1_door_1,2024-09-07T21:52:41,,,,,,,,"df7999d2d53c9442a",,,,,,"H1","","HH_door_receiver",1,"HH1_door_1",,1725738163796,"open"
27999,HH1_door_1,2024-09-07T21:52:42,,,,,,,,"df7999d2d53c9442a",,,,,,"H1","","HH_door_receiver",1,"HH1_door_1",,1725738761804,"open"
28032,HH1_door_1,2024-09-07T22:02:56,,,,,,,,"df7999d2d53c9442a",,,,,,"H1","","HH_door_receiver",1,"HH1_door_1",,1725738761804,"open"
28033,HH1_door_1,2024-09-07T22:02:57,,,,,,,,"df7999d2d53c9442a",,,,,,"H1","","HH_door_receiver",1,"HH1_door_1",,1725739376797,"open"
28062,HH1_door_1,2024-09-07T22:12:54,,,,,,,,"df7999d2d53c9442a",,,,,,"H1","","HH_door_receiver",1,"HH1_door_1",,1725739376797,"open"
28063,HH1_door_1,2024-09-07T22:12:54,,,,,,,,"df7999d2d53c9442a",,,,,,"H1","","HH_door_receiver",1,"HH1_door_1",,1725739974486,"open"
28094,HH1_door_1,2024-09-07T22:22:49,,,,,,,,"df7999d2d53c9442a",,,,,,"H1","","HH_door_receiver",1,"HH1_door_1",,1725739974486,"open"
28095,HH1_door_1,2024-09-07T22:22:49,,,,,,,,"df7999d2d53c9442a",,,,,,"H1","","HH_door_receiver",1,"HH1_door_1",,1725740569109,"open"
28120,HH1_door_1,2024-09-07T22:32:44,,,,,,,,"df7999d2d53c9442a",,,,,,"H1","","HH_door_receiver",1,"HH1_door_1",,1725740569109,"open"
28121,HH1_door_1,2024-09-07T22:32:44,,,,,,,,"df7999d2d53c9442a",,,,,,"H1","","HH_door_receiver",1,"HH1_door_1",,1725741164634,"open"
28146,HH1_door_1,2024-09-07T22:42:40,,,,,,,,"df7999d2d53c9442a",,,,,,"H1","","HH_door_receiver",1,"HH1_door_1",,1725741164634,"open"
28147,HH1_door_1,2024-09-07T22:42:40,,,,,,,,"df7999d2d53c9442a",,,,,,"H1","","HH_door_receiver",1,"HH1_door_1",,1725741760483,"open"
28178,HH1_door_1,2024-09-07T22:52:40,,,,,,,,"df7999d2d53c9442a",,,,,,"H1","","HH_door_receiver",1,"HH1_door_1",,1725741760483,"open"
28179,HH1_door_1,2024-09-07T22:52:40,,,,,,,,"df7999d2d53c9442a",,,,,,"H1","","HH_door_receiver",1,"HH1_door_1",,1725742359878,"open"
28212,HH1_door_1,2024-09-07T23:02:36,,,,,,,,"df7999d2d53c9442a",,,,,,"H1","","HH_door_receiver",1,"HH1_door_1",,1725742359878,"open"
28213,HH1_door_1,2024-09-07T23:02:36,,,,,,,,"df7999d2d53c9442a",,,,,,"H1","","HH_door_receiver",1,"HH1_door_1",,1725742956342,"open"
28240,HH1_door_1,2024-09-07T23:12:40,,,,,,,,"df7999d2d53c9442a",,,,,,"H1","","HH_door_receiver",1,"HH1_door_1",,1725742956342,"open"
28241,HH1_door_1,2024-09-07T23:12:41,,,,,,,,"df7999d2d53c9442a",,,,,,"H1","","HH_door_receiver",1,"HH1_door_1",,1725743560799,"open"
28272,HH1_door_1,2024-09-07T23:22:39,,,,,,,,"df7999d2d53c9442a",,,,,,"H1","","HH_door_receiver",1,"HH1_door_1",,1725743560799,"open"
28273,HH1_door_1,2024-09-07T23:22:40,,,,,,,,"df7999d2d53c9442a",,,,,,"H1","","HH_door_receiver",1,"HH1_door_1",,1725744159739,"open"
28308,HH1_door_1,2024-09-07T23:32:34,,,,,,,,"df7999d2d53c9442a",,,,,,"H1","","HH_door_receiver",1,"HH1_door_1",,1725744159739,"open"
28309,HH1_door_1,2024-09-07T23:32:34,,,,,,,,"df7999d2d53c9442a",,,,,,"H1","","HH_door_receiver",1,"HH1_door_1",,1725744754359,"open"
28338,HH1_door_1,2024-09-07T23:42:30,,,,,,,,"df7999d2d53c9442a",,,,,,"H1","","HH_door_receiver",1,"HH1_door_1",,1725744754359,"open"
28339,HH1_door_1,2024-09-07T23:42:30,,,,,,,,"df7999d2d53c9442a",,,,,,"H1","","HH_door_receiver",1,"HH1_door_1",,1725745349973,"open"
28368,HH1_door_1,2024-09-07T23:52:25,,,,,,,,"df7999d2d53c9442a",,,,,,"H1","","HH_door_receiver",1,"HH1_door_1",,1725745349973,"open"
28369,HH1_door_1,2024-09-07T23:52:25,,,,,,,,"df7999d2d53c9442a",,,,,,"H1","","HH_door_receiver",1,"HH1_door_1",,1725745945497,"open"
28404,HH1_door_1,2024-09-08T00:02:31,,,,,,,,"df7999d2d53c9442a",,,,,,"H1","","HH_door_receiver",1,"HH1_door_1",,1725745945497,"open"
28405,HH1_door_1,2024-09-08T00:02:31,,,,,,,,"df7999d2d53c9442a",,,,,,"H1","","HH_door_receiver",1,"HH1_door_1",,1725746551070,"open"
28432,HH1_door_1,2024-09-08T00:12:26,,,,,,,,"df7999d2d53c9442a",,,,,,"H1","","HH_door_receiver",1,"HH1_door_1",,1725746551070,"open"
28433,HH1_door_1,2024-09-08T00:12:26,,,,,,,,"df7999d2d53c9442a",,,,,,"H1","","HH_door_receiver",1,"HH1_door_1",,1725747145977,"open"
28464,HH1_door_1,2024-09-08T00:22:31,,,,,,,,"df7999d2d53c9442a",,,,,,"H1","","HH_door_receiver",1,"HH1_door_1",,1725747145977,"open"
28465,HH1_door_1,2024-09-08T00:22:31,,,,,,,,"df7999d2d53c9442a",,,,,,"H1","","HH_door_receiver",1,"HH1_door_1",,1725747751344,"open"
28492,HH1_door_1,2024-09-08T00:32:26,,,,,,,,"df7999d2d53c9442a",,,,,,"H1","","HH_door_receiver",1,"HH1_door_1",,1725747751344,"open"
28493,HH1_door_1,2024-09-08T00:32:26,,,,,,,,"df7999d2d53c9442a",,,,,,"H1","","HH_door_receiver",1,"HH1_door_1",,1725748346029,"open"
28866,HH1_door_1,2024-09-08T02:33:18,,,,,,,,"df7999d2d53c9442a",,,,,,"H1","sent","HH_door_receiver",1,"HH1_door_1",,1725755598082,"open"
38221,HH3_window_2,2024-09-10T08:12:17,,,,,,"closed",,"d1bde5c2def114408",3,,"medium_low",1363,,"H3","","HH_Window_receiver",1,"HH3_window_2",,1725948141243,"open"
38222,HH3_window_2,2024-09-10T08:12:18,,,,,,"closed",,"d1bde5c2def114408",3,,"medium_low",1363,,"H3","","HH_Window_receiver",1,"HH3_window_2",,1725948737868,"open"
38247,HH3_window_2,2024-09-10T08:22:12,,,,,,"closed",,"d1bde5c2def114408",3,,"medium_low",1285,,"H3","","HH_Window_receiver",1,"HH3_window_2",,1725948737868,"open"
38248,HH3_window_2,2024-09-10T08:22:12,,,,,,"closed",,"d1bde5c2def114408",3,,"medium_low",1285,,"H3","","HH_Window_receiver",1,"HH3_window_2",,1725949332706,"open"
38279,HH3_window_2,2024-09-10T08:32:08,,,,,,"closed",,"d1bde5c2def114408",3,,"low",998,,"H3","","HH_Window_receiver",1,"HH3_window_2",,1725949332706,"open"
38280,HH3_window_2,2024-09-10T08:32:08,,,,,,"closed",,"d1bde5c2def114408",3,,"low",998,,"H3","","HH_Window_receiver",1,"HH3_window_2",,1725949928693,"open"
38307,HH3_window_2,2024-09-10T08:42:03,,,,,,"closed",,"d1bde5c2def114408",3,,"medium_low",1675,,"H3","","HH_Window_receiver",1,"HH3_window_2",,1725949928693,"open"
38308,HH3_window_2,2024-09-10T08:42:04,,,,,,"closed",,"d1bde5c2def114408",3,,"medium_low",1675,,"H3","","HH_Window_receiver",1,"HH3_window_2",,1725950523829,"open"
38337,HH3_window_2,2024-09-10T08:51:58,,,,,,"closed",,"d1bde5c2def114408",3,,"high",2954,,"H3","","HH_Window_receiver",1,"HH3_window_2",,1725950523829,"open"
38338,HH3_window_2,2024-09-10T08:51:58,,,,,,"closed",,"d1bde5c2def114408",3,,"high",2954,,"H3","","HH_Window_receiver",1,"HH3_window_2",,1725951118708,"open"
38369,HH3_window_2,2024-09-10T09:11:56,,,,,,"closed",,"d1bde5c2def114408",3,,"high",3024,,"H3","","HH_Window_receiver",1,"HH3_window_2",,1725951118708,"open"
38370,HH3_window_2,2024-09-10T09:11:56,,,,,,"closed",,"d1bde5c2def114408",3,,"high",3024,,"H3","","HH_Window_receiver",1,"HH3_window_2",,1725952316237,"open"
38383,HH3_window_2,2024-09-10T09:21:52,,,,,,"closed",,"d1bde5c2def114408",3,,"high",3089,,"H3","","HH_Window_receiver",1,"HH3_window_2",,1725952316237,"open"
38384,HH3_window_2,2024-09-10T09:21:52,,,,,,"closed",,"d1bde5c2def114408",3,,"high",3089,,"H3","","HH_Window_receiver",1,"HH3_window_2",,1725952912127,"open"
38393,HH3_window_2,2024-09-10T09:31:49,,,,,,"closed",,"d1bde5c2def114408",3,,"medium_low",1871,,"H3","","HH_Window_receiver",1,"HH3_window_2",,1725952912127,"open"
38394,HH3_window_2,2024-09-10T09:31:49,,,,,,"closed",,"d1bde5c2def114408",3,,"medium_low",1871,,"H3","","HH_Window_receiver",1,"HH3_window_2",,1725953508921,"open"
38405,HH3_window_2,2024-09-10T09:41:44,,,,,,"closed",,"d1bde5c2def114408",2,,"high",2863,,"H3","","HH_Window_receiver",1,"HH3_window_2",,1725953508921,"open"
38406,HH3_window_2,2024-09-10T09:41:44,,,,,,"closed",,"d1bde5c2def114408",2,,"high",2863,,"H3","","HH_Window_receiver",1,"HH3_window_2",,1725954104187,"open"
38445,HH3_window_2,2024-09-10T10:01:35,,,,,,"closed",,"d1bde5c2def114408",2,,"medium_low",1925,,"H3","","HH_Window_receiver",1,"HH3_window_2",,1725954104187,"open"
38446,HH3_window_2,2024-09-10T10:01:35,,,,,,"closed",,"d1bde5c2def114408",2,,"medium_low",1925,,"H3","","HH_Window_receiver",1,"HH3_window_2",,1725955295827,"open"
38479,HH3_window_2,2024-09-10T10:11:31,,,,,,"closed",,"d1bde5c2def114408",2,,"medium_low",1094,,"H3","","HH_Window_receiver",1,"HH3_window_2",,1725955295827,"open"
38480,HH3_window_2,2024-09-10T10:11:31,,,,,,"closed",,"d1bde5c2def114408",2,,"medium_low",1094,,"H3","","HH_Window_receiver",1,"HH3_window_2",,1725955891120,"open"
38511,HH3_window_2,2024-09-10T10:21:26,,,,,,"closed",,"d1bde5c2def114408",2,,"medium_low",1830,,"H3","","HH_Window_receiver",1,"HH3_window_2",,1725955891120,"open"
38512,HH3_window_2,2024-09-10T10:21:26,,,,,,"closed",,"d1bde5c2def114408",2,,"medium_low",1830,,"H3","","HH_Window_receiver",1,"HH3_window_2",,1725956486156,"open"
38543,HH3_window_2,2024-09-10T10:31:22,,,,,,"closed",,"d1bde5c2def114408",2,,"medium_low",1535,,"H3","","HH_Window_receiver",1,"HH3_window_2",,1725956486156,"open"
38544,HH3_window_2,2024-09-10T10:31:22,,,,,,"closed",,"d1bde5c2def114408",2,,"medium_low",1535,,"H3","","HH_Window_receiver",1,"HH3_window_2",,1725957082734,"open"
38571,HH3_window_2,2024-09-10T10:41:18,,,,,,"closed",,"d1bde5c2def114408",2,,"medium_low",1662,,"H3","","HH_Window_receiver",1,"HH3_window_2",,1725957082734,"open"
38572,HH3_window_2,2024-09-10T10:41:18,,,,,,"closed",,"d1bde5c2def114408",2,,"medium_low",1662,,"H3","","HH_Window_receiver",1,"HH3_window_2",,1725957678293,"open"
38601,HH3_window_2,2024-09-10T10:51:14,,,,,,"closed",,"d1bde5c2def114408",2,,"medium_low",1919,,"H3","","HH_Window_receiver",1,"HH3_window_2",,1725957678293,"open"
38602,HH3_window_2,2024-09-10T10:51:14,,,,,,"closed",,"d1bde5c2def114408",2,,"medium_low",1919,,"H3","","HH_Window_receiver",1,"HH3_window_2",,1725958273996,"open"
38633,HH3_window_2,2024-09-10T11:01:10,,,,,,"closed",,"d1bde5c2def114408",2,,"medium_low",1852,,"H3","","HH_Window_receiver",1,"HH3_window_2",,1725958273996,"open"
38634,HH3_window_2,2024-09-10T11:01:10,,,,,,"closed",,"d1bde5c2def114408",2,,"medium_low",1852,,"H3","","HH_Window_receiver",1,"HH3_window_2",,1725958870075,"open"
38663,HH3_window_2,2024-09-10T11:11:05,,,,,,"closed",,"d1bde5c2def114408",2,,"medium_low",1711,,"H3","","HH_Window_receiver",1,"HH3_window_2",,1725958870075,"open"
38664,HH3_window_2,2024-09-10T11:11:05,,,,,,"closed",,"d1bde5c2def114408",2,,"medium_low",1711,,"H3","","HH_Window_receiver",1,"HH3_window_2",,1725959465739,"open"
38693,HH3_window_2,2024-09-10T11:21:01,,,,,,"closed",,"d1bde5c2def114408",2,,"medium_low",1080,,"H3","","HH_Window_receiver",1,"HH3_window_2",,1725959465739,"open"
38694,HH3_window_2,2024-09-10T11:21:01,,,,,,"closed",,"d1bde5c2def114408",2,,"medium_low",1080,,"H3","","HH_Window_receiver",1,"HH3_window_2",,1725960061808,"open"
38723,HH3_window_2,2024-09-10T11:30:57,,,,,,"closed",,"d1bde5c2def114408",2,,"medium_low",1654,,"H3","","HH_Window_receiver",1,"HH3_window_2",,1725960061808,"open"
38724,HH3_window_2,2024-09-10T11:30:57,,,,,,"closed",,"d1bde5c2def114408",2,,"medium_low",1654,,"H3","","HH_Window_receiver",1,"HH3_window_2",,1725960657626,"open"
38785,HH3_window_2,2024-09-10T11:50:49,,,,,,"closed",,"d1bde5c2def114408",2,,"low",827,,"H3","","HH_Window_receiver",1,"HH3_window_2",,1725960657626,"open"
38786,HH3_window_2,2024-09-10T11:50:49,,,,,,"closed",,"d1bde5c2def114408",2,,"low",827,,"H3","","HH_Window_receiver",1,"HH3_window_2",,1725961849565,"open"
38817,HH3_window_2,2024-09-10T12:00:45,,,,,,"closed",,"d1bde5c2def114408",2,,"low",792,,"H3","","HH_Window_receiver",1,"HH3_window_2",,1725961849565,"open"
38818,HH3_window_2,2024-09-10T12:00:45,,,,,,"closed",,"d1bde5c2def114408",2,,"low",792,,"H3","","HH_Window_receiver",1,"HH3_window_2",,1725962445188,"open"
38847,HH3_window_2,2024-09-10T12:10:41,,,,,,"closed",,"d1bde5c2def114408",2,,"low",550,,"H3","","HH_Window_receiver",1,"HH3_window_2",,1725962445188,"open"
38848,HH3_window_2,2024-09-10T12:10:41,,,,,,"closed",,"d1bde5c2def114408",2,,"low",550,,"H3","","HH_Window_receiver",1,"HH3_window_2",,1725963041026,"open"
38871,HH3_window_2,2024-09-10T12:20:35,,,,,,"closed",,"d1bde5c2def114408",2,,"low",609,,"H3","","HH_Window_receiver",1,"HH3_window_2",,1725963041026,"open"
38872,HH3_window_2,2024-09-10T12:20:35,,,,,,"closed",,"d1bde5c2def114408",2,,"low",609,,"H3","","HH_Window_receiver",1,"HH3_window_2",,1725963635342,"open"
38899,HH3_window_2,2024-09-10T12:30:31,,,,,,"closed",,"d1bde5c2def114408",2,,"medium_low",1145,,"H3","","HH_Window_receiver",1,"HH3_window_2",,1725963635342,"open"
38900,HH3_window_2,2024-09-10T12:30:31,,,,,,"closed",,"d1bde5c2def114408",2,,"medium_low",1145,,"H3","","HH_Window_receiver",1,"HH3_window_2",,1725964231088,"open"
38927,HH3_window_2,2024-09-10T12:40:27,,,,,,"closed",,"d1bde5c2def114408",2,,"low",691,,"H3","","HH_Window_receiver",1,"HH3_window_2",,1725964231088,"open"
38928,HH3_window_2,2024-09-10T12:40:27,,,,,,"closed",,"d1bde5c2def114408",2,,"low",691,,"H3","","HH_Window_receiver",1,"HH3_window_2",,1725964827187,"open"
38955,HH3_window_2,2024-09-10T12:50:23,,,,,,"closed",,"d1bde5c2def114408",2,,"low",594,,"H3","","HH_Window_receiver",1,"HH3_window_2",,1725964827187,"open"
38956,HH3_window_2,2024-09-10T12:50:23,,,,,,"closed",,"d1bde5c2def114408",2,,"low",594,,"H3","","HH_Window_receiver",1,"HH3_window_2",,1725965423390,"open"
38989,HH3_window_2,2024-09-10T13:00:19,,,,,,"closed",,"d1bde5c2def114408",2,,"low",624,,"H3","","HH_Window_receiver",1,"HH3_window_2",,1725965423390,"open"
38990,HH3_window_2,2024-09-10T13:00:19,,,,,,"closed",,"d1bde5c2def114408",2,,"low",624,,"H3","","HH_Window_receiver",1,"HH3_window_2",,1725966019203,"open"
39019,HH3_window_2,2024-09-10T13:10:14,,,,,,"closed",,"d1bde5c2def114408",2,,"low",624,,"H3","","HH_Window_receiver",1,"HH3_window_2",,1725966019203,"open"
39020,HH3_window_2,2024-09-10T13:10:14,,,,,,"closed",,"d1bde5c2def114408",2,,"low",624,,"H3","","HH_Window_receiver",1,"HH3_window_2",,1725966614790,"open"
39081,HH3_window_2,2024-09-10T13:30:07,,,,,,"closed",,"d1bde5c2def114408",2,,"low",669,,"H3","","HH_Window_receiver",1,"HH3_window_2",,1725966614790,"open"
39082,HH3_window_2,2024-09-10T13:30:07,,,,,,"closed",,"d1bde5c2def114408",2,,"low",669,,"H3","","HH_Window_receiver",1,"HH3_window_2",,1725967807076,"open"
39113,HH3_window_2,2024-09-10T13:40:03,,,,,,"closed",,"d1bde5c2def114408",2,,"low",738,,"H3","","HH_Window_receiver",1,"HH3_window_2",,1725967807076,"open"
39114,HH3_window_2,2024-09-10T13:40:03,,,,,,"closed",,"d1bde5c2def114408",2,,"low",738,,"H3","","HH_Window_receiver",1,"HH3_window_2",,1725968403054,"open"
39145,HH3_window_2,2024-09-10T13:49:58,,,,,,"closed",,"d1bde5c2def114408",2,,"low",850,,"H3","","HH_Window_receiver",1,"HH3_window_2",,1725968403054,"open"
39146,HH3_window_2,2024-09-10T13:49:58,,,,,,"closed",,"d1bde5c2def114408",2,,"low",850,,"H3","","HH_Window_receiver",1,"HH3_window_2",,1725968998754,"open"
39181,HH3_window_2,2024-09-10T13:59:53,,,,,,"closed",,"d1bde5c2def114408",2,,"low",855,,"H3","","HH_Window_receiver",1,"HH3_window_2",,1725968998754,"open"
39182,HH3_window_2,2024-09-10T13:59:53,,,,,,"closed",,"d1bde5c2def114408",2,,"low",855,,"H3","","HH_Window_receiver",1,"HH3_window_2",,1725969593044,"open"
39213,HH3_window_2,2024-09-10T14:09:48,,,,,,"closed",,"d1bde5c2def114408",2,,"low",537,,"H3","","HH_Window_receiver",1,"HH3_window_2",,1725969593044,"open"
39214,HH3_window_2,2024-09-10T14:09:48,,,,,,"closed",,"d1bde5c2def114408",2,,"low",537,,"H3","","HH_Window_receiver",1,"HH3_window_2",,1725970188765,"open"
39241,HH3_window_2,2024-09-10T14:19:45,,,,,,"closed",,"d1bde5c2def114408",2,,"low",949,,"H3","","HH_Window_receiver",1,"HH3_window_2",,1725970188765,"open"
39242,HH3_window_2,2024-09-10T14:19:45,,,,,,"closed",,"d1bde5c2def114408",2,,"low",949,,"H3","","HH_Window_receiver",1,"HH3_window_2",,1725970784890,"open"
39269,HH3_window_2,2024-09-10T14:29:40,,,,,,"closed",,"d1bde5c2def114408",2,,"low",426,,"H3","","HH_Window_receiver",1,"HH3_window_2",,1725970784890,"open"
39270,HH3_window_2,2024-09-10T14:29:40,,,,,,"closed",,"d1bde5c2def114408",2,,"low",426,,"H3","","HH_Window_receiver",1,"HH3_window_2",,1725971379998,"open"
39301,HH3_window_2,2024-09-10T14:39:34,,,,,,"closed",,"d1bde5c2def114408",2,,"low",272,,"H3","","HH_Window_receiver",1,"HH3_window_2",,1725971379998,"open"
39302,HH3_window_2,2024-09-10T14:39:34,,,,,,"closed",,"d1bde5c2def114408",2,,"low",272,,"H3","","HH_Window_receiver",1,"HH3_window_2",,1725971974788,"open"
39367,HH3_window_2,2024-09-10T14:59:24,,,,,,"closed",,"d1bde5c2def114408",2,,"low",307,,"H3","","HH_Window_receiver",1,"HH3_window_2",,1725971974788,"open"
39368,HH3_window_2,2024-09-10T14:59:24,,,,,,"closed",,"d1bde5c2def114408",2,,"low",307,,"H3","","HH_Window_receiver",1,"HH3_window_2",,1725973164825,"open"
39397,HH3_window_2,2024-09-10T15:09:21,,,,,,"closed",,"d1bde5c2def114408",2,,"low",476,,"H3","","HH_Window_receiver",1,"HH3_window_2",,1725973164825,"open"
39398,HH3_window_2,2024-09-10T15:09:21,,,,,,"closed",,"d1bde5c2def114408",2,,"low",476,,"H3","","HH_Window_receiver",1,"HH3_window_2",,1725973760936,"open"
39423,HH3_window_2,2024-09-10T15:19:16,,,,,,"closed",,"d1bde5c2def114408",2,,"low",592,,"H3","","HH_Window_receiver",1,"HH3_window_2",,1725973760936,"open"
39424,HH3_window_2,2024-09-10T15:19:16,,,,,,"closed",,"d1bde5c2def114408",2,,"low",592,,"H3","","HH_Window_receiver",1,"HH3_window_2",,1725974356639,"open"
39455,HH3_window_2,2024-09-10T15:29:12,,,,,,"closed",,"d1bde5c2def114408",2,,"low",620,,"H3","","HH_Window_receiver",1,"HH3_window_2",,1725974356639,"open"
39456,HH3_window_2,2024-09-10T15:29:12,,,,,,"closed",,"d1bde5c2def114408",2,,"low",620,,"H3","","HH_Window_receiver",1,"HH3_window_2",,1725974952233,"open"
39485,HH3_window_2,2024-09-10T15:39:08,,,,,,"closed",,"d1bde5c2def114408",2,,"low",697,,"H3","","HH_Window_receiver",1,"HH3_window_2",,1725974952233,"open"
39486,HH3_window_2,2024-09-10T15:39:08,,,,,,"closed",,"d1bde5c2def114408",2,,"low",697,,"H3","","HH_Window_receiver",1,"HH3_window_2",,1725975548184,"open"
39517,HH3_window_2,2024-09-10T15:49:03,,,,,,"closed",,"d1bde5c2def114408",2,,"low",480,,"H3","","HH_Window_receiver",1,"HH3_window_2",,1725975548184,"open"
39518,HH3_window_2,2024-09-10T15:49:03,,,,,,"closed",,"d1bde5c2def114408",2,,"low",480,,"H3","","HH_Window_receiver",1,"HH3_window_2",,1725976143557,"open"
39577,HH3_window_2,2024-09-10T16:08:56,,,,,,"closed",,"d1bde5c2def114408",0,,"low",477,,"H3","","HH_Window_receiver",1,"HH3_window_2",,1725976143557,"open"
39578,HH3_window_2,2024-09-10T16:08:56,,,,,,"closed",,"d1bde5c2def114408",0,,"low",477,,"H3","","HH_Window_receiver",1,"HH3_window_2",,1725977336395,"open"
39607,HH3_window_2,2024-09-10T16:18:52,,,,,,"closed",,"d1bde5c2def114408",0,,"low",443,,"H3","","HH_Window_receiver",1,"HH3_window_2",,1725977336395,"open"
39608,HH3_window_2,2024-09-10T16:18:52,,,,,,"closed",,"d1bde5c2def114408",0,,"low",443,,"H3","","HH_Window_receiver",1,"HH3_window_2",,1725977932292,"open"
39635,HH3_window_2,2024-09-10T16:28:49,,,,,,"closed",,"d1bde5c2def114408",0,,"low",113,,"H3","","HH_Window_receiver",1,"HH3_window_2",,1725977932292,"open"
39636,HH3_window_2,2024-09-10T16:28:49,,,,,,"closed",,"d1bde5c2def114408",0,,"low",113,,"H3","","HH_Window_receiver",1,"HH3_window_2",,1725978529138,"open"
39725,HH3_window_2,2024-09-10T16:58:38,,,,,,"closed",,"d1bde5c2def114408",0,,"low",64,,"H3","","HH_Window_receiver",1,"HH3_window_2",,1725978529138,"open"
39726,HH3_window_2,2024-09-10T16:58:38,,,,,,"closed",,"d1bde5c2def114408",0,,"low",64,,"H3","","HH_Window_receiver",1,"HH3_window_2",,1725980318693,"open"
39755,HH3_window_2,2024-09-10T17:08:35,,,,,,"closed",,"d1bde5c2def114408",0,,"low",109,,"H3","","HH_Window_receiver",1,"HH3_window_2",,1725980318693,"open"
39756,HH3_window_2,2024-09-10T17:08:35,,,,,,"closed",,"d1bde5c2def114408",0,,"low",109,,"H3","","HH_Window_receiver",1,"HH3_window_2",,1725980915270,"open"
39789,HH3_window_2,2024-09-10T17:18:31,,,,,,"closed",,"d1bde5c2def114408",0,,"low",85,,"H3","","HH_Window_receiver",1,"HH3_window_2",,1725980915270,"open"
39790,HH3_window_2,2024-09-10T17:18:31,,,,,,"closed",,"d1bde5c2def114408",0,,"low",85,,"H3","","HH_Window_receiver",1,"HH3_window_2",,1725981511794,"open"
39815,HH3_window_2,2024-09-10T17:28:28,,,,,,"closed",,"d1bde5c2def114408",0,,"low",0,,"H3","","HH_Window_receiver",1,"HH3_window_2",,1725981511794,"open"
39816,HH3_window_2,2024-09-10T17:28:28,,,,,,"closed",,"d1bde5c2def114408",0,,"low",0,,"H3","","HH_Window_receiver",1,"HH3_window_2",,1725982108822,"open"
39843,HH3_window_2,2024-09-10T17:38:23,,,,,,"closed",,"d1bde5c2def114408",0,,"low",0,,"H3","","HH_Window_receiver",1,"HH3_window_2",,1725982108822,"open"
39844,HH3_window_2,2024-09-10T17:38:23,,,,,,"closed",,"d1bde5c2def114408",0,,"low",0,,"H3","","HH_Window_receiver",1,"HH3_window_2",,1725982703649,"open"
41541,HH3_window_3,2024-09-11T03:44:05,,,,,,"closed",,"d09c890fb71d34208",1,,"low",0,,"H3","","HH_Window_receiver",1,"HH3_window_3",,1726018451501,"open"
41542,HH3_window_3,2024-09-11T03:44:05,,,,,,"closed",,"d09c890fb71d34208",1,,"low",0,,"H3","","HH_Window_receiver",1,"HH3_window_3",,1726019044916,"open"
41553,HH3_door_1,2024-09-11T03:46:52,,,,,,,,"d179e295f9a7449eb",,,,,,"H3","","HH_door_receiver",1,"HH3_door_1",,1726018614534,"open"
41554,HH3_door_1,2024-09-11T03:46:52,,,,,,,,"d179e295f9a7449eb",,,,,,"H3","","HH_door_receiver",1,"HH3_door_1",,1726019212418,"open"
41581,HH3_door_1,2024-09-11T03:56:47,,,,,,,,"d179e295f9a7449eb",,,,,,"H3","","HH_door_receiver",1,"HH3_door_1",,1726019212418,"open"
41582,HH3_door_1,2024-09-11T03:56:47,,,,,,,,"d179e295f9a7449eb",,,,,,"H3","","HH_door_receiver",1,"HH3_door_1",,1726019807191,"open"
41601,HH3_window_3,2024-09-11T04:03:55,,,,,,"closed",,"d09c890fb71d34208",1,,"low",0,,"H3","","HH_Window_receiver",1,"HH3_window_3",,1726019044916,"open"
41602,HH3_window_3,2024-09-11T04:03:55,,,,,,"closed",,"d09c890fb71d34208",1,,"low",0,,"H3","","HH_Window_receiver",1,"HH3_window_3",,1726020235174,"open"
41611,HH3_door_1,2024-09-11T04:06:42,,,,,,,,"d179e295f9a7449eb",,,,,,"H3","","HH_door_receiver",1,"HH3_door_1",,1726019807191,"open"
41612,HH3_door_1,2024-09-11T04:06:42,,,,,,,,"d179e295f9a7449eb",,,,,,"H3","","HH_door_receiver",1,"HH3_door_1",,1726020402364,"open"
41629,HH3_window_3,2024-09-11T04:13:49,,,,,,"closed",,"d09c890fb71d34208",1,,"low",0,,"H3","","HH_Window_receiver",1,"HH3_window_3",,1726020235174,"open"
41630,HH3_window_3,2024-09-11T04:13:49,,,,,,"closed",,"d09c890fb71d34208",1,,"low",0,,"H3","","HH_Window_receiver",1,"HH3_window_3",,1726020829718,"open"
41639,HH3_door_1,2024-09-11T04:16:37,,,,,,,,"d179e295f9a7449eb",,,,,,"H3","","HH_door_receiver",1,"HH3_door_1",,1726020402364,"open"
41640,HH3_door_1,2024-09-11T04:16:37,,,,,,,,"d179e295f9a7449eb",,,,,,"H3","","HH_door_receiver",1,"HH3_door_1",,1726020997207,"open"
41641,HH3_windowdoor_1,2024-09-11T04:18:03,,,,,,,,"d68dfe10071a4466e",,,,,,"H3","","HH_Window_receiver",1,"HH3_windowdoor_1",,1726020490216,"open"
41642,HH3_windowdoor_1,2024-09-11T04:18:03,,,,,,,,"d68dfe10071a4466e",,,,,,"H3","","HH_Window_receiver",1,"HH3_windowdoor_1",,1726021083138,"open"
41659,HH3_window_3,2024-09-11T04:23:44,,,,,,"closed",,"d09c890fb71d34208",1,,"low",0,,"H3","","HH_Window_receiver",1,"HH3_window_3",,1726020829718,"open"
41660,HH3_window_3,2024-09-11T04:23:44,,,,,,"closed",,"d09c890fb71d34208",1,,"low",0,,"H3","","HH_Window_receiver",1,"HH3_window_3",,1726021424403,"open"
41661,HH3_window_1,2024-09-11T04:24:34,,,,,,"open",,"db4881e805a254484",799,,"low",0,,"H3","","HH_Window_receiver",1,"HH3_window_1",,1726020880533,"open"
41662,HH3_window_1,2024-09-11T04:24:35,,,,,,"open",,"db4881e805a254484",799,,"low",0,,"H3","","HH_Window_receiver",1,"HH3_window_1",,1726021474866,"open"
41667,HH3_door_1,2024-09-11T04:26:32,,,,,,,,"d179e295f9a7449eb",,,,,,"H3","","HH_door_receiver",1,"HH3_door_1",,1726020997207,"open"
41668,HH3_door_1,2024-09-11T04:26:32,,,,,,,,"d179e295f9a7449eb",,,,,,"H3","","HH_door_receiver",1,"HH3_door_1",,1726021591999,"open"
41669,HH3_windowdoor_1,2024-09-11T04:27:58,,,,,,,,"d68dfe10071a4466e",,,,,,"H3","","HH_Window_receiver",1,"HH3_windowdoor_1",,1726021083138,"open"
41670,HH3_windowdoor_1,2024-09-11T04:27:58,,,,,,,,"d68dfe10071a4466e",,,,,,"H3","","HH_Window_receiver",1,"HH3_windowdoor_1",,1726021678474,"open"
41677,HH3_windowdoor_2,2024-09-11T04:33:04,,,,,,,,"d938b10112b444285",,,,,,"H3","","HH_Window_receiver",1,"HH3_windowdoor_2",,1726021389522,"open"
41678,HH3_windowdoor_2,2024-09-11T04:33:04,,,,,,,,"d938b10112b444285",,,,,,"H3","","HH_Window_receiver",1,"HH3_windowdoor_2",,1726021984016,"open"
41683,HH3_window_3,2024-09-11T04:33:39,,,,,,"closed",,"d09c890fb71d34208",1,,"low",0,,"H3","","HH_Window_receiver",1,"HH3_window_3",,1726021424403,"open"
41684,HH3_window_3,2024-09-11T04:33:39,,,,,,"closed",,"d09c890fb71d34208",1,,"low",0,,"H3","","HH_Window_receiver",1,"HH3_window_3",,1726022019352,"open"
41687,HH3_window_1,2024-09-11T04:34:30,,,,,,"open",,"db4881e805a254484",799,,"low",0,,"H3","","HH_Window_receiver",1,"HH3_window_1",,1726021474866,"open"
41688,HH3_window_1,2024-09-11T04:34:30,,,,,,"open",,"db4881e805a254484",799,,"low",0,,"H3","","HH_Window_receiver",1,"HH3_window_1",,1726022070371,"open"
41689,HH3_door_2,2024-09-11T04:34:33,,,,,,,,"d58825573efd44f2f",,,,,,"H3","","HH_door_receiver",1,"HH3_door_2",,1726020882715,"open"
41690,HH3_door_2,2024-09-11T04:34:33,,,,,,,,"d58825573efd44f2f",,,,,,"H3","","HH_door_receiver",1,"HH3_door_2",,1726022073442,"open"
41693,HH3_door_1,2024-09-11T04:36:27,,,,,,,,"d179e295f9a7449eb",,,,,,"H3","","HH_door_receiver",1,"HH3_door_1",,1726021591999,"open"
41694,HH3_door_1,2024-09-11T04:36:27,,,,,,,,"d179e295f9a7449eb",,,,,,"H3","","HH_door_receiver",1,"HH3_door_1",,1726022187081,"open"
41695,HH3_windowdoor_1,2024-09-11T04:37:53,,,,,,,,"d68dfe10071a4466e",,,,,,"H3","","HH_Window_receiver",1,"HH3_windowdoor_1",,1726021678474,"open"
41696,HH3_windowdoor_1,2024-09-11T04:37:53,,,,,,,,"d68dfe10071a4466e",,,,,,"H3","","HH_Window_receiver",1,"HH3_windowdoor_1",,1726022273737,"open"
41703,HH3_windowdoor_3,2024-09-11T04:41:43,,,,,,,,"d37a2a0e545444ce2",,,,,,"H3","","HH_Window_receiver",1,"HH3_windowdoor_3",,1726021908293,"open"
41704,HH3_windowdoor_3,2024-09-11T04:41:44,,,,,,,,"d37a2a0e545444ce2",,,,,,"H3","","HH_Window_receiver",1,"HH3_windowdoor_3",,1726022503780,"open"
41705,HH3_windowdoor_2,2024-09-11T04:42:58,,,,,,,,"d938b10112b444285",,,,,,"H3","","HH_Window_receiver",1,"HH3_windowdoor_2",,1726021984016,"open"
41706,HH3_windowdoor_2,2024-09-11T04:42:58,,,,,,,,"d938b10112b444285",,,,,,"H3","","HH_Window_receiver",1,"HH3_windowdoor_2",,1726022578568,"open"
41709,HH3_window_3,2024-09-11T04:43:33,,,,,,"closed",,"d09c890fb71d34208",1,,"low",0,,"H3","","HH_Window_receiver",1,"HH3_window_3",,1726022019352,"open"
41710,HH3_window_3,2024-09-11T04:43:33,,,,,,"closed",,"d09c890fb71d34208",1,,"low",0,,"H3","","HH_Window_receiver",1,"HH3_window_3",,1726022613792,"open"
41715,HH3_window_1,2024-09-11T04:44:24,,,,,,"open",,"db4881e805a254484",798,,"low",0,,"H3","","HH_Window_receiver",1,"HH3_window_1",,1726022070371,"open"
41716,HH3_window_1,2024-09-11T04:44:24,,,,,,"open",,"db4881e805a254484",798,,"low",0,,"H3","","HH_Window_receiver",1,"HH3_window_1",,1726022664452,"open"
41717,HH3_door_2,2024-09-11T04:44:29,,,,,,,,"d58825573efd44f2f",,,,,,"H3","","HH_door_receiver",1,"HH3_door_2",,1726022073442,"open"
41718,HH3_door_2,2024-09-11T04:44:29,,,,,,,,"d58825573efd44f2f",,,,,,"H3","","HH_door_receiver",1,"HH3_door_2",,1726022669491,"open"
41723,HH3_door_1,2024-09-11T04:46:22,,,,,,,,"d179e295f9a7449eb",,,,,,"H3","","HH_door_receiver",1,"HH3_door_1",,1726022187081,"open"
41724,HH3_door_1,2024-09-11T04:46:22,,,,,,,,"d179e295f9a7449eb",,,,,,"H3","","HH_door_receiver",1,"HH3_door_1",,1726022782804,"open"
41725,HH3_windowdoor_1,2024-09-11T04:47:48,,,,,,,,"d68dfe10071a4466e",,,,,,"H3","","HH_Window_receiver",1,"HH3_windowdoor_1",,1726022273737,"open"
41726,HH3_windowdoor_1,2024-09-11T04:47:48,,,,,,,,"d68dfe10071a4466e",,,,,,"H3","","HH_Window_receiver",1,"HH3_windowdoor_1",,1726022868287,"open"
41735,HH3_windowdoor_3,2024-09-11T04:51:39,,,,,,,,"d37a2a0e545444ce2",,,,,,"H3","","HH_Window_receiver",1,"HH3_windowdoor_3",,1726022503780,"open"
41736,HH3_windowdoor_3,2024-09-11T04:51:39,,,,,,,,"d37a2a0e545444ce2",,,,,,"H3","","HH_Window_receiver",1,"HH3_windowdoor_3",,1726023099045,"open"
41739,HH3_window_3,2024-09-11T04:53:28,,,,,,"closed",,"d09c890fb71d34208",1,,"low",0,,"H3","","HH_Window_receiver",1,"HH3_window_3",,1726022613792,"open"
41740,HH3_window_3,2024-09-11T04:53:28,,,,,,"closed",,"d09c890fb71d34208",1,,"low",0,,"H3","","HH_Window_receiver",1,"HH3_window_3",,1726023208400,"open"
41743,HH3_window_1,2024-09-11T04:54:19,,,,,,"open",,"db4881e805a254484",798,,"low",0,,"H3","","HH_Window_receiver",1,"HH3_window_1",,1726022664452,"open"
41744,HH3_window_1,2024-09-11T04:54:19,,,,,,"open",,"db4881e805a254484",798,,"low",0,,"H3","","HH_Window_receiver",1,"HH3_window_1",,1726023259096,"open"
41745,HH3_door_2,2024-09-11T04:54:25,,,,,,,,"d58825573efd44f2f",,,,,,"H3","","HH_door_receiver",1,"HH3_door_2",,1726022669491,"open"
41746,HH3_door_2,2024-09-11T04:54:25,,,,,,,,"d58825573efd44f2f",,,,,,"H3","","HH_door_receiver",1,"HH3_door_2",,1726023265155,"open"
41751,HH3_windowdoor_1,2024-09-11T04:57:43,,,,,,,,"d68dfe10071a4466e",,,,,,"H3","","HH_Window_receiver",1,"HH3_windowdoor_1",,1726022868287,"open"
41752,HH3_windowdoor_1,2024-09-11T04:57:43,,,,,,,,"d68dfe10071a4466e",,,,,,"H3","","HH_Window_receiver",1,"HH3_windowdoor_1",,1726023463570,"open"
41759,HH3_windowdoor_3,2024-09-11T05:01:35,,,,,,,,"d37a2a0e545444ce2",,,,,,"H3","","HH_Window_receiver",1,"HH3_windowdoor_3",,1726023099045,"open"
41760,HH3_windowdoor_3,2024-09-11T05:01:35,,,,,,,,"d37a2a0e545444ce2",,,,,,"H3","","HH_Window_receiver",1,"HH3_windowdoor_3",,1726023694978,"open"
41761,HH3_windowdoor_2,2024-09-11T05:02:47,,,,,,,,"d938b10112b444285",,,,,,"H3","","HH_Window_receiver",1,"HH3_windowdoor_2",,1726022578568,"open"
41762,HH3_windowdoor_2,2024-09-11T05:02:48,,,,,,,,"d938b10112b444285",,,,,,"H3","","HH_Window_receiver",1,"HH3_windowdoor_2",,1726023767870,"open"
41765,HH3_window_3,2024-09-11T05:03:24,,,,,,"closed",,"d09c890fb71d34208",1,,"low",0,,"H3","","HH_Window_receiver",1,"HH3_window_3",,1726023208400,"open"
41766,HH3_window_3,2024-09-11T05:03:24,,,,,,"closed",,"d09c890fb71d34208",1,,"low",0,,"H3","","HH_Window_receiver",1,"HH3_window_3",,1726023804527,"open"
41769,HH3_window_1,2024-09-11T05:04:14,,,,,,"open",,"db4881e805a254484",799,,"low",0,,"H3","","HH_Window_receiver",1,"HH3_window_1",,1726023259096,"open"
41770,HH3_window_1,2024-09-11T05:04:14,,,,,,"open",,"db4881e805a254484",799,,"low",0,,"H3","","HH_Window_receiver",1,"HH3_window_1",,1726023854305,"open"
41771,HH3_door_2,2024-09-11T05:04:20,,,,,,,,"d58825573efd44f2f",,,,,,"H3","","HH_door_receiver",1,"HH3_door_2",,1726023265155,"open"
41772,HH3_door_2,2024-09-11T05:04:20,,,,,,,,"d58825573efd44f2f",,,,,,"H3","","HH_door_receiver",1,"HH3_door_2",,1726023860035,"open"
41777,HH3_door_1,2024-09-11T05:06:14,,,,,,,,"d179e295f9a7449eb",,,,,,"H3","","HH_door_receiver",1,"HH3_door_1",,1726022782804,"open"
41778,HH3_door_1,2024-09-11T05:06:14,,,,,,,,"d179e295f9a7449eb",,,,,,"H3","","HH_door_receiver",1,"HH3_door_1",,1726023974113,"open"
41779,HH3_windowdoor_1,2024-09-11T05:07:38,,,,,,,,"d68dfe10071a4466e",,,,,,"H3","","HH_Window_receiver",1,"HH3_windowdoor_1",,1726023463570,"open"
41780,HH3_windowdoor_1,2024-09-11T05:07:38,,,,,,,,"d68dfe10071a4466e",,,,,,"H3","","HH_Window_receiver",1,"HH3_windowdoor_1",,1726024057916,"open"
41789,HH3_windowdoor_3,2024-09-11T05:11:30,,,,,,,,"d37a2a0e545444ce2",,,,,,"H3","","HH_Window_receiver",1,"HH3_windowdoor_3",,1726023694978,"open"
41790,HH3_windowdoor_3,2024-09-11T05:11:30,,,,,,,,"d37a2a0e545444ce2",,,,,,"H3","","HH_Window_receiver",1,"HH3_windowdoor_3",,1726024290536,"open"
41791,HH3_windowdoor_2,2024-09-11T05:12:42,,,,,,,,"d938b10112b444285",,,,,,"H3","","HH_Window_receiver",1,"HH3_windowdoor_2",,1726023767870,"open"
41792,HH3_windowdoor_2,2024-09-11T05:12:42,,,,,,,,"d938b10112b444285",,,,,,"H3","","HH_Window_receiver",1,"HH3_windowdoor_2",,1726024361925,"open"
41795,HH3_window_3,2024-09-11T05:13:17,,,,,,"closed",,"d09c890fb71d34208",1,,"low",0,,"H3","","HH_Window_receiver",1,"HH3_window_3",,1726023804527,"open"
41796,HH3_window_3,2024-09-11T05:13:17,,,,,,"closed",,"d09c890fb71d34208",1,,"low",0,,"H3","","HH_Window_receiver",1,"HH3_window_3",,1726024397287,"open"
41799,HH3_window_1,2024-09-11T05:14:10,,,,,,"open",,"db4881e805a254484",799,,"low",0,,"H3","","HH_Window_receiver",1,"HH3_window_1",,1726023854305,"open"
41800,HH3_window_1,2024-09-11T05:14:10,,,,,,"open",,"db4881e805a254484",799,,"low",0,,"H3","","HH_Window_receiver",1,"HH3_window_1",,1726024450110,"open"
41801,HH3_door_2,2024-09-11T05:14:16,,,,,,,,"d58825573efd44f2f",,,,,,"H3","","HH_door_receiver",1,"HH3_door_2",,1726023860035,"open"
41802,HH3_door_2,2024-09-11T05:14:16,,,,,,,,"d58825573efd44f2f",,,,,,"H3","","HH_door_receiver",1,"HH3_door_2",,1726024456523,"open"
41807,HH3_door_1,2024-09-11T05:16:09,,,,,,,,"d179e295f9a7449eb",,,,,,"H3","","HH_door_receiver",1,"HH3_door_1",,1726023974113,"open"
41808,HH3_door_1,2024-09-11T05:16:09,,,,,,,,"d179e295f9a7449eb",,,,,,"H3","","HH_door_receiver",1,"HH3_door_1",,1726024569388,"open"
41809,HH3_windowdoor_1,2024-09-11T05:17:31,,,,,,,,"d68dfe10071a4466e",,,,,,"H3","","HH_Window_receiver",1,"HH3_windowdoor_1",,1726024057916,"open"
41810,HH3_windowdoor_1,2024-09-11T05:17:31,,,,,,,,"d68dfe10071a4466e",,,,,,"H3","","HH_Window_receiver",1,"HH3_windowdoor_1",,1726024651412,"open"
41817,HH3_windowdoor_3,2024-09-11T05:21:26,,,,,,,,"d37a2a0e545444ce2",,,,,,"H3","","HH_Window_receiver",1,"HH3_windowdoor_3",,1726024290536,"open"
41818,HH3_windowdoor_3,2024-09-11T05:21:26,,,,,,,,"d37a2a0e545444ce2",,,,,,"H3","","HH_Window_receiver",1,"HH3_windowdoor_3",,1726024885989,"open"
41819,HH3_windowdoor_2,2024-09-11T05:22:36,,,,,,,,"d938b10112b444285",,,,,,"H3","","HH_Window_receiver",1,"HH3_windowdoor_2",,1726024361925,"open"
41820,HH3_windowdoor_2,2024-09-11T05:22:36,,,,,,,,"d938b10112b444285",,,,,,"H3","","HH_Window_receiver",1,"HH3_windowdoor_2",,1726024956505,"open"
41823,HH3_window_3,2024-09-11T05:23:11,,,,,,"closed",,"d09c890fb71d34208",1,,"low",0,,"H3","","HH_Window_receiver",1,"HH3_window_3",,1726024397287,"open"
41824,HH3_window_3,2024-09-11T05:23:11,,,,,,"closed",,"d09c890fb71d34208",1,,"low",0,,"H3","","HH_Window_receiver",1,"HH3_window_3",,1726024991688,"open"
41827,HH3_window_1,2024-09-11T05:24:04,,,,,,"open",,"db4881e805a254484",799,,"low",0,,"H3","","HH_Window_receiver",1,"HH3_window_1",,1726024450110,"open"
41828,HH3_window_1,2024-09-11T05:24:04,,,,,,"open",,"db4881e805a254484",799,,"low",0,,"H3","","HH_Window_receiver",1,"HH3_window_1",,1726025043979,"open"
41829,HH3_door_2,2024-09-11T05:24:12,,,,,,,,"d58825573efd44f2f",,,,,,"H3","","HH_door_receiver",1,"HH3_door_2",,1726024456523,"open"
41830,HH3_door_2,2024-09-11T05:24:12,,,,,,,,"d58825573efd44f2f",,,,,,"H3","","HH_door_receiver",1,"HH3_door_2",,1726025052509,"open"
41835,HH3_door_1,2024-09-11T05:26:04,,,,,,,,"d179e295f9a7449eb",,,,,,"H3","","HH_door_receiver",1,"HH3_door_1",,1726024569388,"open"
41836,HH3_door_1,2024-09-11T05:26:04,,,,,,,,"d179e295f9a7449eb",,,,,,"H3","","HH_door_receiver",1,"HH3_door_1",,1726025164525,"open"
41843,HH3_windowdoor_3,2024-09-11T05:31:21,,,,,,,,"d37a2a0e545444ce2",,,,,,"H3","","HH_Window_receiver",1,"HH3_windowdoor_3",,1726024885989,"open"
41844,HH3_windowdoor_3,2024-09-11T05:31:21,,,,,,,,"d37a2a0e545444ce2",,,,,,"H3","","HH_Window_receiver",1,"HH3_windowdoor_3",,1726025481662,"open"
41847,HH3_windowdoor_2,2024-09-11T05:32:30,,,,,,,,"d938b10112b444285",,,,,,"H3","","HH_Window_receiver",1,"HH3_windowdoor_2",,1726024956505,"open"
41848,HH3_windowdoor_2,2024-09-11T05:32:30,,,,,,,,"d938b10112b444285",,,,,,"H3","","HH_Window_receiver",1,"HH3_windowdoor_2",,1726025550274,"open"
41853,HH3_window_1,2024-09-11T05:33:57,,,,,,"open",,"db4881e805a254484",799,,"low",0,,"H3","","HH_Window_receiver",1,"HH3_window_1",,1726025043979,"open"
41854,HH3_window_1,2024-09-11T05:33:58,,,,,,"open",,"db4881e805a254484",799,,"low",0,,"H3","","HH_Window_receiver",1,"HH3_window_1",,1726025637869,"open"
41855,HH3_door_2,2024-09-11T05:34:08,,,,,,,,"d58825573efd44f2f",,,,,,"H3","","HH_door_receiver",1,"HH3_door_2",,1726025052509,"open"
41856,HH3_door_2,2024-09-11T05:34:08,,,,,,,,"d58825573efd44f2f",,,,,,"H3","","HH_door_receiver",1,"HH3_door_2",,1726025648322,"open"
41861,HH3_windowdoor_1,2024-09-11T05:37:20,,,,,,,,"d68dfe10071a4466e",,,,,,"H3","","HH_Window_receiver",1,"HH3_windowdoor_1",,1726024651412,"open"
41862,HH3_windowdoor_1,2024-09-11T05:37:20,,,,,,,,"d68dfe10071a4466e",,,,,,"H3","","HH_Window_receiver",1,"HH3_windowdoor_1",,1726025840071,"open"
41871,HH3_windowdoor_3,2024-09-11T05:41:16,,,,,,,,"d37a2a0e545444ce2",,,,,,"H3","","HH_Window_receiver",1,"HH3_windowdoor_3",,1726025481662,"open"
41872,HH3_windowdoor_3,2024-09-11T05:41:16,,,,,,,,"d37a2a0e545444ce2",,,,,,"H3","","HH_Window_receiver",1,"HH3_windowdoor_3",,1726026076570,"open"
41873,HH3_windowdoor_2,2024-09-11T05:42:25,,,,,,,,"d938b10112b444285",,,,,,"H3","","HH_Window_receiver",1,"HH3_windowdoor_2",,1726025550274,"open"
41874,HH3_windowdoor_2,2024-09-11T05:42:25,,,,,,,,"d938b10112b444285",,,,,,"H3","","HH_Window_receiver",1,"HH3_windowdoor_2",,1726026145382,"open"
41877,HH3_window_3,2024-09-11T05:43:00,,,,,,"closed",,"d09c890fb71d34208",1,,"low",0,,"H3","","HH_Window_receiver",1,"HH3_window_3",,1726024991688,"open"
41878,HH3_window_3,2024-09-11T05:43:00,,,,,,"closed",,"d09c890fb71d34208",1,,"low",0,,"H3","","HH_Window_receiver",1,"HH3_window_3",,1726026180205,"open"
41883,HH3_window_1,2024-09-11T05:43:53,,,,,,"open",,"db4881e805a254484",799,,"low",0,,"H3","","HH_Window_receiver",1,"HH3_window_1",,1726025637869,"open"
41884,HH3_window_1,2024-09-11T05:43:53,,,,,,"open",,"db4881e805a254484",799,,"low",0,,"H3","","HH_Window_receiver",1,"HH3_window_1",,1726026233085,"open"
41885,HH3_door_2,2024-09-11T05:44:04,,,,,,,,"d58825573efd44f2f",,,,,,"H3","","HH_door_receiver",1,"HH3_door_2",,1726025648322,"open"
41886,HH3_door_2,2024-09-11T05:44:04,,,,,,,,"d58825573efd44f2f",,,,,,"H3","","HH_door_receiver",1,"HH3_door_2",,1726026244243,"open"
41889,HH3_door_1,2024-09-11T05:45:53,,,,,,,,"d179e295f9a7449eb",,,,,,"H3","","HH_door_receiver",1,"HH3_door_1",,1726025164525,"open"
41890,HH3_door_1,2024-09-11T05:45:53,,,,,,,,"d179e295f9a7449eb",,,,,,"H3","","HH_door_receiver",1,"HH3_door_1",,1726026353650,"open"
41893,HH3_windowdoor_1,2024-09-11T05:47:15,,,,,,,,"d68dfe10071a4466e",,,,,,"H3","","HH_Window_receiver",1,"HH3_windowdoor_1",,1726025840071,"open"
41894,HH3_windowdoor_1,2024-09-11T05:47:15,,,,,,,,"d68dfe10071a4466e",,,,,,"H3","","HH_Window_receiver",1,"HH3_windowdoor_1",,1726026435321,"open"
41903,HH3_windowdoor_3,2024-09-11T05:51:12,,,,,,,,"d37a2a0e545444ce2",,,,,,"H3","","HH_Window_receiver",1,"HH3_windowdoor_3",,1726026076570,"open"
41904,HH3_windowdoor_3,2024-09-11T05:51:12,,,,,,,,"d37a2a0e545444ce2",,,,,,"H3","","HH_Window_receiver",1,"HH3_windowdoor_3",,1726026671959,"open"
41905,HH3_windowdoor_2,2024-09-11T05:52:20,,,,,,,,"d938b10112b444285",,,,,,"H3","","HH_Window_receiver",1,"HH3_windowdoor_2",,1726026145382,"open"
41906,HH3_windowdoor_2,2024-09-11T05:52:20,,,,,,,,"d938b10112b444285",,,,,,"H3","","HH_Window_receiver",1,"HH3_windowdoor_2",,1726026740205,"open"
41909,HH3_window_3,2024-09-11T05:52:54,,,,,,"closed",,"d09c890fb71d34208",1,,"low",0,,"H3","","HH_Window_receiver",1,"HH3_window_3",,1726026180205,"open"
41910,HH3_window_3,2024-09-11T05:52:54,,,,,,"closed",,"d09c890fb71d34208",1,,"low",0,,"H3","","HH_Window_receiver",1,"HH3_window_3",,1726026774796,"open"
41913,HH3_window_1,2024-09-11T05:53:47,,,,,,"open",,"db4881e805a254484",799,,"low",0,,"H3","","HH_Window_receiver",1,"HH3_window_1",,1726026233085,"open"
41914,HH3_window_1,2024-09-11T05:53:47,,,,,,"open",,"db4881e805a254484",799,,"low",0,,"H3","","HH_Window_receiver",1,"HH3_window_1",,1726026827392,"open"
41915,HH3_door_2,2024-09-11T05:53:59,,,,,,,,"d58825573efd44f2f",,,,,,"H3","","HH_door_receiver",1,"HH3_door_2",,1726026244243,"open"
41916,HH3_door_2,2024-09-11T05:53:59,,,,,,,,"d58825573efd44f2f",,,,,,"H3","","HH_door_receiver",1,"HH3_door_2",,1726026839035,"open"
41919,HH3_door_1,2024-09-11T05:55:48,,,,,,,,"d179e295f9a7449eb",,,,,,"H3","","HH_door_receiver",1,"HH3_door_1",,1726026353650,"open"
41920,HH3_door_1,2024-09-11T05:55:48,,,,,,,,"d179e295f9a7449eb",,,,,,"H3","","HH_door_receiver",1,"HH3_door_1",,1726026948542,"open"
41923,HH3_windowdoor_1,2024-09-11T05:57:09,,,,,,,,"d68dfe10071a4466e",,,,,,"H3","","HH_Window_receiver",1,"HH3_windowdoor_1",,1726026435321,"open"
41924,HH3_windowdoor_1,2024-09-11T05:57:09,,,,,,,,"d68dfe10071a4466e",,,,,,"H3","","HH_Window_receiver",1,"HH3_windowdoor_1",,1726027028917,"open"
41933,HH3_windowdoor_3,2024-09-11T06:01:08,,,,,,,,"d37a2a0e545444ce2",,,,,,"H3","","HH_Window_receiver",1,"HH3_windowdoor_3",,1726026671959,"open"
41934,HH3_windowdoor_3,2024-09-11T06:01:08,,,,,,,,"d37a2a0e545444ce2",,,,,,"H3","","HH_Window_receiver",1,"HH3_windowdoor_3",,1726027268784,"open"
41935,HH3_windowdoor_2,2024-09-11T06:02:24,,,,,,,,"d938b10112b444285",,,,,,"H3","","HH_Window_receiver",1,"HH3_windowdoor_2",,1726026740205,"open"
41936,HH3_windowdoor_2,2024-09-11T06:02:24,,,,,,,,"d938b10112b444285",,,,,,"H3","","HH_Window_receiver",1,"HH3_windowdoor_2",,1726027344317,"open"
41937,HH3_window_3,2024-09-11T06:02:49,,,,,,"closed",,"d09c890fb71d34208",1,,"low",0,,"H3","","HH_Window_receiver",1,"HH3_window_3",,1726026774796,"open"
41938,HH3_window_3,2024-09-11T06:02:49,,,,,,"closed",,"d09c890fb71d34208",1,,"low",0,,"H3","","HH_Window_receiver",1,"HH3_window_3",,1726027369626,"open"
41943,HH3_window_1,2024-09-11T06:03:42,,,,,,"open",,"db4881e805a254484",799,,"low",0,,"H3","","HH_Window_receiver",1,"HH3_window_1",,1726026827392,"open"
41944,HH3_window_1,2024-09-11T06:03:42,,,,,,"open",,"db4881e805a254484",799,,"low",0,,"H3","","HH_Window_receiver",1,"HH3_window_1",,1726027422398,"open"
41945,HH3_door_2,2024-09-11T06:03:54,,,,,,,,"d58825573efd44f2f",,,,,,"H3","","HH_door_receiver",1,"HH3_door_2",,1726026839035,"open"
41946,HH3_door_2,2024-09-11T06:03:54,,,,,,,,"d58825573efd44f2f",,,,,,"H3","","HH_door_receiver",1,"HH3_door_2",,1726027434440,"open"
41949,HH3_door_1,2024-09-11T06:05:44,,,,,,,,"d179e295f9a7449eb",,,,,,"H3","","HH_door_receiver",1,"HH3_door_1",,1726026948542,"open"
41950,HH3_door_1,2024-09-11T06:05:44,,,,,,,,"d179e295f9a7449eb",,,,,,"H3","","HH_door_receiver",1,"HH3_door_1",,1726027544107,"open"
41959,HH3_windowdoor_3,2024-09-11T06:11:03,,,,,,,,"d37a2a0e545444ce2",,,,,,"H3","","HH_Window_receiver",1,"HH3_windowdoor_3",,1726027268784,"open"
41960,HH3_windowdoor_3,2024-09-11T06:11:03,,,,,,,,"d37a2a0e545444ce2",,,,,,"H3","","HH_Window_receiver",1,"HH3_windowdoor_3",,1726027863735,"open"
41961,HH3_windowdoor_2,2024-09-11T06:12:17,,,,,,,,"d938b10112b444285",,,,,,"H3","","HH_Window_receiver",1,"HH3_windowdoor_2",,1726027344317,"open"
41962,HH3_windowdoor_2,2024-09-11T06:12:17,,,,,,,,"d938b10112b444285",,,,,,"H3","","HH_Window_receiver",1,"HH3_windowdoor_2",,1726027936912,"open"
41963,HH3_window_3,2024-09-11T06:12:44,,,,,,"closed",,"d09c890fb71d34208",1,,"low",0,,"H3","","HH_Window_receiver",1,"HH3_window_3",,1726027369626,"open"
41964,HH3_window_3,2024-09-11T06:12:44,,,,,,"closed",,"d09c890fb71d34208",1,,"low",0,,"H3","","HH_Window_receiver",1,"HH3_window_3",,1726027964061,"open"
41969,HH3_window_1,2024-09-11T06:13:36,,,,,,"open",,"db4881e805a254484",799,,"low",0,,"H3","","HH_Window_receiver",1,"HH3_window_1",,1726027422398,"open"
41970,HH3_window_1,2024-09-11T06:13:36,,,,,,"open",,"db4881e805a254484",799,,"low",0,,"H3","","HH_Window_receiver",1,"HH3_window_1",,1726028016284,"open"
41971,HH3_door_2,2024-09-11T06:13:49,,,,,,,,"d58825573efd44f2f",,,,,,"H3","","HH_door_receiver",1,"HH3_door_2",,1726027434440,"open"
41972,HH3_door_2,2024-09-11T06:13:50,,,,,,,,"d58825573efd44f2f",,,,,,"H3","","HH_door_receiver",1,"HH3_door_2",,1726028029865,"open"
41975,HH3_door_1,2024-09-11T06:15:39,,,,,,,,"d179e295f9a7449eb",,,,,,"H3","","HH_door_receiver",1,"HH3_door_1",,1726027544107,"open"
41976,HH3_door_1,2024-09-11T06:15:39,,,,,,,,"d179e295f9a7449eb",,,,,,"H3","","HH_door_receiver",1,"HH3_door_1",,1726028139384,"open"
41979,HH3_windowdoor_1,2024-09-11T06:16:59,,,,,,,,"d68dfe10071a4466e",,,,,,"H3","","HH_Window_receiver",1,"HH3_windowdoor_1",,1726027028917,"open"
41980,HH3_windowdoor_1,2024-09-11T06:16:59,,,,,,,,"d68dfe10071a4466e",,,,,,"H3","","HH_Window_receiver",1,"HH3_windowdoor_1",,1726028219095,"open"
41989,HH3_windowdoor_3,2024-09-11T06:21:05,,,,,,,,"d37a2a0e545444ce2",,,,,,"H3","","HH_Window_receiver",1,"HH3_windowdoor_3",,1726027863735,"open"
41990,HH3_windowdoor_3,2024-09-11T06:21:05,,,,,,,,"d37a2a0e545444ce2",,,,,,"H3","","HH_Window_receiver",1,"HH3_windowdoor_3",,1726028465100,"open"
41991,HH3_windowdoor_2,2024-09-11T06:22:11,,,,,,,,"d938b10112b444285",,,,,,"H3","","HH_Window_receiver",1,"HH3_windowdoor_2",,1726027936912,"open"
41992,HH3_windowdoor_2,2024-09-11T06:22:11,,,,,,,,"d938b10112b444285",,,,,,"H3","","HH_Window_receiver",1,"HH3_windowdoor_2",,1726028531340,"open"
41993,HH3_window_3,2024-09-11T06:22:41,,,,,,"closed",,"d09c890fb71d34208",1,,"low",0,,"H3","","HH_Window_receiver",1,"HH3_window_3",,1726027964061,"open"
41994,HH3_window_3,2024-09-11T06:22:41,,,,,,"closed",,"d09c890fb71d34208",1,,"low",0,,"H3","","HH_Window_receiver",1,"HH3_window_3",,1726028561401,"open"
41999,HH3_window_1,2024-09-11T06:23:30,,,,,,"open",,"db4881e805a254484",799,,"low",0,,"H3","","HH_Window_receiver",1,"HH3_window_1",,1726028016284,"open"
42000,HH3_window_1,2024-09-11T06:23:30,,,,,,"open",,"db4881e805a254484",799,,"low",0,,"H3","","HH_Window_receiver",1,"HH3_window_1",,1726028610187,"open"
42001,HH3_door_2,2024-09-11T06:23:45,,,,,,,,"d58825573efd44f2f",,,,,,"H3","","HH_door_receiver",1,"HH3_door_2",,1726028029865,"open"
42002,HH3_door_2,2024-09-11T06:23:45,,,,,,,,"d58825573efd44f2f",,,,,,"H3","","HH_door_receiver",1,"HH3_door_2",,1726028625302,"open"
42005,HH3_door_1,2024-09-11T06:25:34,,,,,,,,"d179e295f9a7449eb",,,,,,"H3","","HH_door_receiver",1,"HH3_door_1",,1726028139384,"open"
42006,HH3_door_1,2024-09-11T06:25:34,,,,,,,,"d179e295f9a7449eb",,,,,,"H3","","HH_door_receiver",1,"HH3_door_1",,1726028734434,"open"
42009,HH3_windowdoor_1,2024-09-11T06:26:54,,,,,,,,"d68dfe10071a4466e",,,,,,"H3","","HH_Window_receiver",1,"HH3_windowdoor_1",,1726028219095,"open"
42010,HH3_windowdoor_1,2024-09-11T06:26:54,,,,,,,,"d68dfe10071a4466e",,,,,,"H3","","HH_Window_receiver",1,"HH3_windowdoor_1",,1726028814292,"open"
42021,HH3_windowdoor_3,2024-09-11T06:31:00,,,,,,,,"d37a2a0e545444ce2",,,,,,"H3","","HH_Window_receiver",1,"HH3_windowdoor_3",,1726028465100,"open"
42022,HH3_windowdoor_3,2024-09-11T06:31:00,,,,,,,,"d37a2a0e545444ce2",,,,,,"H3","","HH_Window_receiver",1,"HH3_windowdoor_3",,1726029059953,"open"
42023,HH3_windowdoor_2,2024-09-11T06:32:05,,,,,,,,"d938b10112b444285",,,,,,"H3","","HH_Window_receiver",1,"HH3_windowdoor_2",,1726028531340,"open"
42024,HH3_windowdoor_2,2024-09-11T06:32:05,,,,,,,,"d938b10112b444285",,,,,,"H3","","HH_Window_receiver",1,"HH3_windowdoor_2",,1726029125748,"open"
42029,HH3_window_1,2024-09-11T06:33:24,,,,,,"open",,"db4881e805a254484",799,,"low",0,,"H3","","HH_Window_receiver",1,"HH3_window_1",,1726028610187,"open"
42030,HH3_window_1,2024-09-11T06:33:24,,,,,,"open",,"db4881e805a254484",799,,"low",0,,"H3","","HH_Window_receiver",1,"HH3_window_1",,1726029204747,"open"
42031,HH3_door_2,2024-09-11T06:33:41,,,,,,,,"d58825573efd44f2f",,,,,,"H3","","HH_door_receiver",1,"HH3_door_2",,1726028625302,"open"
42032,HH3_door_2,2024-09-11T06:33:41,,,,,,,,"d58825573efd44f2f",,,,,,"H3","","HH_door_receiver",1,"HH3_door_2",,1726029221168,"open"
42035,HH3_door_1,2024-09-11T06:35:30,,,,,,,,"d179e295f9a7449eb",,,,,,"H3","","HH_door_receiver",1,"HH3_door_1",,1726028734434,"open"
42036,HH3_door_1,2024-09-11T06:35:30,,,,,,,,"d179e295f9a7449eb",,,,,,"H3","","HH_door_receiver",1,"HH3_door_1",,1726029329976,"open"
42039,HH3_windowdoor_1,2024-09-11T06:36:49,,,,,,,,"d68dfe10071a4466e",,,,,,"H3","","HH_Window_receiver",1,"HH3_windowdoor_1",,1726028814292,"open"
42040,HH3_windowdoor_1,2024-09-11T06:36:49,,,,,,,,"d68dfe10071a4466e",,,,,,"H3","","HH_Window_receiver",1,"HH3_windowdoor_1",,1726029409482,"open"
42049,HH3_windowdoor_3,2024-09-11T06:40:55,,,,,,,,"d37a2a0e545444ce2",,,,,,"H3","","HH_Window_receiver",1,"HH3_windowdoor_3",,1726029059953,"open"
42050,HH3_windowdoor_3,2024-09-11T06:40:55,,,,,,,,"d37a2a0e545444ce2",,,,,,"H3","","HH_Window_receiver",1,"HH3_windowdoor_3",,1726029655653,"open"
42053,HH3_windowdoor_2,2024-09-11T06:42:01,,,,,,,,"d938b10112b444285",,,,,,"H3","","HH_Window_receiver",1,"HH3_windowdoor_2",,1726029125748,"open"
42054,HH3_windowdoor_2,2024-09-11T06:42:01,,,,,,,,"d938b10112b444285",,,,,,"H3","","HH_Window_receiver",1,"HH3_windowdoor_2",,1726029720951,"open"
42055,HH3_window_3,2024-09-11T06:42:30,,,,,,"closed",,"d09c890fb71d34208",1,,"low",0,,"H3","","HH_Window_receiver",1,"HH3_window_3",,1726028561401,"open"
42056,HH3_window_3,2024-09-11T06:42:30,,,,,,"closed",,"d09c890fb71d34208",1,,"low",0,,"H3","","HH_Window_receiver",1,"HH3_window_3",,1726029750570,"open"
42061,HH3_window_1,2024-09-11T06:43:20,,,,,,"open",,"db4881e805a254484",799,,"low",0,,"H3","","HH_Window_receiver",1,"HH3_window_1",,1726029204747,"open"
42062,HH3_window_1,2024-09-11T06:43:20,,,,,,"open",,"db4881e805a254484",799,,"low",0,,"H3","","HH_Window_receiver",1,"HH3_window_1",,1726029800000,"open"
42063,HH3_door_2,2024-09-11T06:43:37,,,,,,,,"d58825573efd44f2f",,,,,,"H3","","HH_door_receiver",1,"HH3_door_2",,1726029221168,"open"
42064,HH3_door_2,2024-09-11T06:43:37,,,,,,,,"d58825573efd44f2f",,,,,,"H3","","HH_door_receiver",1,"HH3_door_2",,1726029817313,"open"
42067,HH3_door_1,2024-09-11T06:45:25,,,,,,,,"d179e295f9a7449eb",,,,,,"H3","","HH_door_receiver",1,"HH3_door_1",,1726029329976,"open"
42068,HH3_door_1,2024-09-11T06:45:25,,,,,,,,"d179e295f9a7449eb",,,,,,"H3","","HH_door_receiver",1,"HH3_door_1",,1726029925151,"open"
42071,HH3_windowdoor_1,2024-09-11T06:46:44,,,,,,,,"d68dfe10071a4466e",,,,,,"H3","","HH_Window_receiver",1,"HH3_windowdoor_1",,1726029409482,"open"
42072,HH3_windowdoor_1,2024-09-11T06:46:44,,,,,,,,"d68dfe10071a4466e",,,,,,"H3","","HH_Window_receiver",1,"HH3_windowdoor_1",,1726030004705,"open"
42081,HH3_windowdoor_3,2024-09-11T06:50:51,,,,,,,,"d37a2a0e545444ce2",,,,,,"H3","","HH_Window_receiver",1,"HH3_windowdoor_3",,1726029655653,"open"
42082,HH3_windowdoor_3,2024-09-11T06:50:52,,,,,,,,"d37a2a0e545444ce2",,,,,,"H3","","HH_Window_receiver",1,"HH3_windowdoor_3",,1726030251833,"open"
42083,HH3_window_3,2024-09-11T06:52:25,,,,,,"closed",,"d09c890fb71d34208",1,,"low",0,,"H3","","HH_Window_receiver",1,"HH3_window_3",,1726029750570,"open"
42084,HH3_window_3,2024-09-11T06:52:25,,,,,,"closed",,"d09c890fb71d34208",1,,"low",0,,"H3","","HH_Window_receiver",1,"HH3_window_3",,1726030345056,"open"
42085,HH3_window_3,2024-09-11T06:52:32,,,,,,"closed",,"d09c890fb71d34208",1,,"low",0,,"H3","","HH_Window_receiver",1,"HH3_window_3",,1726030345056,"open"
42086,HH3_window_3,2024-09-11T06:52:32,,,,,,"closed",,"d09c890fb71d34208",1,,"low",0,,"H3","","HH_Window_receiver",1,"HH3_window_3",,1726030352594,"open"
42089,HH3_window_1,2024-09-11T06:53:15,,,,,,"open",,"db4881e805a254484",799,,"low",0,,"H3","","HH_Window_receiver",1,"HH3_window_1",,1726029800000,"open"
42090,HH3_window_1,2024-09-11T06:53:15,,,,,,"open",,"db4881e805a254484",799,,"low",0,,"H3","","HH_Window_receiver",1,"HH3_window_1",,1726030395097,"open"
42091,HH3_door_2,2024-09-11T06:53:32,,,,,,,,"d58825573efd44f2f",,,,,,"H3","","HH_door_receiver",1,"HH3_door_2",,1726029817313,"open"
42092,HH3_door_2,2024-09-11T06:53:33,,,,,,,,"d58825573efd44f2f",,,,,,"H3","","HH_door_receiver",1,"HH3_door_2",,1726030412864,"open"
42095,HH3_door_1,2024-09-11T06:55:20,,,,,,,,"d179e295f9a7449eb",,,,,,"H3","","HH_door_receiver",1,"HH3_door_1",,1726029925151,"open"
42096,HH3_door_1,2024-09-11T06:55:21,,,,,,,,"d179e295f9a7449eb",,,,,,"H3","","HH_door_receiver",1,"HH3_door_1",,1726030520885,"open"
42099,HH3_windowdoor_1,2024-09-11T06:56:38,,,,,,,,"d68dfe10071a4466e",,,,,,"H3","","HH_Window_receiver",1,"HH3_windowdoor_1",,1726030004705,"open"
42100,HH3_windowdoor_1,2024-09-11T06:56:38,,,,,,,,"d68dfe10071a4466e",,,,,,"H3","","HH_Window_receiver",1,"HH3_windowdoor_1",,1726030598628,"open"
42107,HH3_windowdoor_3,2024-09-11T07:00:47,,,,,,,,"d37a2a0e545444ce2",,,,,,"H3","","HH_Window_receiver",1,"HH3_windowdoor_3",,1726030251833,"open"
42108,HH3_windowdoor_3,2024-09-11T07:00:47,,,,,,,,"d37a2a0e545444ce2",,,,,,"H3","","HH_Window_receiver",1,"HH3_windowdoor_3",,1726030847299,"open"
42109,HH3_windowdoor_2,2024-09-11T07:01:50,,,,,,,,"d938b10112b444285",,,,,,"H3","","HH_Window_receiver",1,"HH3_windowdoor_2",,1726029720951,"open"
42110,HH3_windowdoor_2,2024-09-11T07:01:50,,,,,,,,"d938b10112b444285",,,,,,"H3","","HH_Window_receiver",1,"HH3_windowdoor_2",,1726030910279,"open"
42111,HH3_window_3,2024-09-11T07:02:25,,,,,,"closed",,"d09c890fb71d34208",1,,"low",0,,"H3","","HH_Window_receiver",1,"HH3_window_3",,1726030352594,"open"
42112,HH3_window_3,2024-09-11T07:02:25,,,,,,"closed",,"d09c890fb71d34208",1,,"low",0,,"H3","","HH_Window_receiver",1,"HH3_window_3",,1726030945658,"open"
42117,HH3_door_2,2024-09-11T07:03:28,,,,,,,,"d58825573efd44f2f",,,,,,"H3","","HH_door_receiver",1,"HH3_door_2",,1726030412864,"open"
42118,HH3_door_2,2024-09-11T07:03:28,,,,,,,,"d58825573efd44f2f",,,,,,"H3","","HH_door_receiver",1,"HH3_door_2",,1726031008220,"open"
42121,HH3_door_1,2024-09-11T07:05:16,,,,,,,,"d179e295f9a7449eb",,,,,,"H3","","HH_door_receiver",1,"HH3_door_1",,1726030520885,"open"
42122,HH3_door_1,2024-09-11T07:05:16,,,,,,,,"d179e295f9a7449eb",,,,,,"H3","","HH_door_receiver",1,"HH3_door_1",,1726031116157,"open"
42125,HH3_windowdoor_1,2024-09-11T07:06:33,,,,,,,,"d68dfe10071a4466e",,,,,,"H3","","HH_Window_receiver",1,"HH3_windowdoor_1",,1726030598628,"open"
42126,HH3_windowdoor_1,2024-09-11T07:06:33,,,,,,,,"d68dfe10071a4466e",,,,,,"H3","","HH_Window_receiver",1,"HH3_windowdoor_1",,1726031193757,"open"
42135,HH3_windowdoor_3,2024-09-11T07:10:45,,,,,,,,"d37a2a0e545444ce2",,,,,,"H3","","HH_Window_receiver",1,"HH3_windowdoor_3",,1726030847299,"open"
42136,HH3_windowdoor_3,2024-09-11T07:10:45,,,,,,,,"d37a2a0e545444ce2",,,,,,"H3","","HH_Window_receiver",1,"HH3_windowdoor_3",,1726031445565,"open"
42137,HH3_windowdoor_2,2024-09-11T07:11:45,,,,,,,,"d938b10112b444285",,,,,,"H3","","HH_Window_receiver",1,"HH3_windowdoor_2",,1726030910279,"open"
42138,HH3_windowdoor_2,2024-09-11T07:11:45,,,,,,,,"d938b10112b444285",,,,,,"H3","","HH_Window_receiver",1,"HH3_windowdoor_2",,1726031504948,"open"
42143,HH3_window_1,2024-09-11T07:13:05,,,,,,"open",,"db4881e805a254484",799,,"low",0,,"H3","","HH_Window_receiver",1,"HH3_window_1",,1726030395097,"open"
42144,HH3_window_1,2024-09-11T07:13:05,,,,,,"open",,"db4881e805a254484",799,,"low",0,,"H3","","HH_Window_receiver",1,"HH3_window_1",,1726031585801,"open"
42145,HH3_door_2,2024-09-11T07:13:24,,,,,,,,"d58825573efd44f2f",,,,,,"H3","","HH_door_receiver",1,"HH3_door_2",,1726031008220,"open"
42146,HH3_door_2,2024-09-11T07:13:24,,,,,,,,"d58825573efd44f2f",,,,,,"H3","","HH_door_receiver",1,"HH3_door_2",,1726031604004,"open"
42149,HH3_door_1,2024-09-11T07:15:11,,,,,,,,"d179e295f9a7449eb",,,,,,"H3","","HH_door_receiver",1,"HH3_door_1",,1726031116157,"open"
42150,HH3_door_1,2024-09-11T07:15:11,,,,,,,,"d179e295f9a7449eb",,,,,,"H3","","HH_door_receiver",1,"HH3_door_1",,1726031710916,"open"
42153,HH3_windowdoor_1,2024-09-11T07:16:28,,,,,,,,"d68dfe10071a4466e",,,,,,"H3","","HH_Window_receiver",1,"HH3_windowdoor_1",,1726031193757,"open"
42154,HH3_windowdoor_1,2024-09-11T07:16:28,,,,,,,,"d68dfe10071a4466e",,,,,,"H3","","HH_Window_receiver",1,"HH3_windowdoor_1",,1726031788621,"open"
42163,HH3_windowdoor_3,2024-09-11T07:20:40,,,,,,,,"d37a2a0e545444ce2",,,,,,"H3","","HH_Window_receiver",1,"HH3_windowdoor_3",,1726031445565,"open"
42164,HH3_windowdoor_3,2024-09-11T07:20:40,,,,,,,,"d37a2a0e545444ce2",,,,,,"H3","","HH_Window_receiver",1,"HH3_windowdoor_3",,1726032040560,"open"
42165,HH3_windowdoor_2,2024-09-11T07:21:40,,,,,,,,"d938b10112b444285",,,,,,"H3","","HH_Window_receiver",1,"HH3_windowdoor_2",,1726031504948,"open"
42166,HH3_windowdoor_2,2024-09-11T07:21:40,,,,,,,,"d938b10112b444285",,,,,,"H3","","HH_Window_receiver",1,"HH3_windowdoor_2",,1726032100132,"open"
42167,HH3_window_3,2024-09-11T07:22:14,,,,,,"closed",,"d09c890fb71d34208",1,,"low",0,,"H3","","HH_Window_receiver",1,"HH3_window_3",,1726030945658,"open"
42168,HH3_window_3,2024-09-11T07:22:15,,,,,,"closed",,"d09c890fb71d34208",1,,"low",0,,"H3","","HH_Window_receiver",1,"HH3_window_3",,1726032134871,"open"
42175,HH3_window_1,2024-09-11T07:23:01,,,,,,"open",,"db4881e805a254484",799,,"low",0,,"H3","","HH_Window_receiver",1,"HH3_window_1",,1726031585801,"open"
42176,HH3_window_1,2024-09-11T07:23:01,,,,,,"open",,"db4881e805a254484",799,,"low",0,,"H3","","HH_Window_receiver",1,"HH3_window_1",,1726032181025,"open"
42177,HH3_door_2,2024-09-11T07:23:19,,,,,,,,"d58825573efd44f2f",,,,,,"H3","","HH_door_receiver",1,"HH3_door_2",,1726031604004,"open"
42178,HH3_door_2,2024-09-11T07:23:19,,,,,,,,"d58825573efd44f2f",,,,,,"H3","","HH_door_receiver",1,"HH3_door_2",,1726032198975,"open"
42181,HH3_door_1,2024-09-11T07:25:06,,,,,,,,"d179e295f9a7449eb",,,,,,"H3","","HH_door_receiver",1,"HH3_door_1",,1726031710916,"open"
42182,HH3_door_1,2024-09-11T07:25:06,,,,,,,,"d179e295f9a7449eb",,,,,,"H3","","HH_door_receiver",1,"HH3_door_1",,1726032306187,"open"
42185,HH3_windowdoor_1,2024-09-11T07:26:41,,,,,,,,"d68dfe10071a4466e",,,,,,"H3","","HH_Window_receiver",1,"HH3_windowdoor_1",,1726031788621,"open"
42186,HH3_windowdoor_1,2024-09-11T07:26:41,,,,,,,,"d68dfe10071a4466e",,,,,,"H3","","HH_Window_receiver",1,"HH3_windowdoor_1",,1726032401205,"open"
42197,HH3_windowdoor_3,2024-09-11T07:30:36,,,,,,,,"d37a2a0e545444ce2",,,,,,"H3","","HH_Window_receiver",1,"HH3_windowdoor_3",,1726032040560,"open"
42198,HH3_windowdoor_3,2024-09-11T07:30:36,,,,,,,,"d37a2a0e545444ce2",,,,,,"H3","","HH_Window_receiver",1,"HH3_windowdoor_3",,1726032636210,"open"
42199,HH3_windowdoor_2,2024-09-11T07:31:34,,,,,,,,"d938b10112b444285",,,,,,"H3","","HH_Window_receiver",1,"HH3_windowdoor_2",,1726032100132,"open"
42200,HH3_windowdoor_2,2024-09-11T07:31:34,,,,,,,,"d938b10112b444285",,,,,,"H3","","HH_Window_receiver",1,"HH3_windowdoor_2",,1726032694416,"open"
42201,HH3_window_3,2024-09-11T07:32:08,,,,,,"closed",,"d09c890fb71d34208",1,,"low",166,,"H3","","HH_Window_receiver",1,"HH3_window_3",,1726032134871,"open"
42202,HH3_window_3,2024-09-11T07:32:08,,,,,,"closed",,"d09c890fb71d34208",1,,"low",166,,"H3","","HH_Window_receiver",1,"HH3_window_3",,1726032728500,"open"
42207,HH3_door_2,2024-09-11T07:33:14,,,,,,,,"d58825573efd44f2f",,,,,,"H3","","HH_door_receiver",1,"HH3_door_2",,1726032198975,"open"
42208,HH3_door_2,2024-09-11T07:33:14,,,,,,,,"d58825573efd44f2f",,,,,,"H3","","HH_door_receiver",1,"HH3_door_2",,1726032794674,"open"
42211,HH3_door_1,2024-09-11T07:35:02,,,,,,,,"d179e295f9a7449eb",,,,,,"H3","","HH_door_receiver",1,"HH3_door_1",,1726032306187,"open"
42212,HH3_door_1,2024-09-11T07:35:02,,,,,,,,"d179e295f9a7449eb",,,,,,"H3","","HH_door_receiver",1,"HH3_door_1",,1726032902017,"open"
42215,HH3_windowdoor_1,2024-09-11T07:36:33,,,,,,,,"d68dfe10071a4466e",,,,,,"H3","","HH_Window_receiver",1,"HH3_windowdoor_1",,1726032401205,"open"
42216,HH3_windowdoor_1,2024-09-11T07:36:33,,,,,,,,"d68dfe10071a4466e",,,,,,"H3","","HH_Window_receiver",1,"HH3_windowdoor_1",,1726032992916,"open"
42225,HH3_windowdoor_3,2024-09-11T07:40:32,,,,,,,,"d37a2a0e545444ce2",,,,,,"H3","","HH_Window_receiver",1,"HH3_windowdoor_3",,1726032636210,"open"
42226,HH3_windowdoor_3,2024-09-11T07:40:32,,,,,,,,"d37a2a0e545444ce2",,,,,,"H3","","HH_Window_receiver",1,"HH3_windowdoor_3",,1726033231919,"open"
42229,HH3_windowdoor_2,2024-09-11T07:41:29,,,,,,,,"d938b10112b444285",,,,,,"H3","","HH_Window_receiver",1,"HH3_windowdoor_2",,1726032694416,"open"
42230,HH3_windowdoor_2,2024-09-11T07:41:29,,,,,,,,"d938b10112b444285",,,,,,"H3","","HH_Window_receiver",1,"HH3_windowdoor_2",,1726033289608,"open"
42231,HH3_window_3,2024-09-11T07:42:03,,,,,,"closed",,"d09c890fb71d34208",1,,"low",607,,"H3","","HH_Window_receiver",1,"HH3_window_3",,1726032728500,"open"
42232,HH3_window_3,2024-09-11T07:42:03,,,,,,"closed",,"d09c890fb71d34208",1,,"low",607,,"H3","","HH_Window_receiver",1,"HH3_window_3",,1726033323354,"open"
42237,HH3_window_1,2024-09-11T07:42:51,,,,,,"open",,"db4881e805a254484",799,,"low",592,,"H3","","HH_Window_receiver",1,"HH3_window_1",,1726032181025,"open"
42238,HH3_window_1,2024-09-11T07:42:51,,,,,,"open",,"db4881e805a254484",799,,"low",592,,"H3","","HH_Window_receiver",1,"HH3_window_1",,1726033371635,"open"
42239,HH3_door_2,2024-09-11T07:43:13,,,,,,,,"d58825573efd44f2f",,,,,,"H3","","HH_door_receiver",1,"HH3_door_2",,1726032794674,"open"
42240,HH3_door_2,2024-09-11T07:43:13,,,,,,,,"d58825573efd44f2f",,,,,,"H3","","HH_door_receiver",1,"HH3_door_2",,1726033393232,"open"
42243,HH3_door_1,2024-09-11T07:44:56,,,,,,,,"d179e295f9a7449eb",,,,,,"H3","","HH_door_receiver",1,"HH3_door_1",,1726032902017,"open"
42244,HH3_door_1,2024-09-11T07:44:56,,,,,,,,"d179e295f9a7449eb",,,,,,"H3","","HH_door_receiver",1,"HH3_door_1",,1726033496388,"open"
42247,HH3_windowdoor_1,2024-09-11T07:46:28,,,,,,,,"d68dfe10071a4466e",,,,,,"H3","","HH_Window_receiver",1,"HH3_windowdoor_1",,1726032992916,"open"
42248,HH3_windowdoor_1,2024-09-11T07:46:28,,,,,,,,"d68dfe10071a4466e",,,,,,"H3","","HH_Window_receiver",1,"HH3_windowdoor_1",,1726033588233,"open"
42257,HH3_windowdoor_3,2024-09-11T07:50:27,,,,,,,,"d37a2a0e545444ce2",,,,,,"H3","","HH_Window_receiver",1,"HH3_windowdoor_3",,1726033231919,"open"
42258,HH3_windowdoor_3,2024-09-11T07:50:27,,,,,,,,"d37a2a0e545444ce2",,,,,,"H3","","HH_Window_receiver",1,"HH3_windowdoor_3",,1726033827607,"open"
42259,HH3_window_3,2024-09-11T07:51:57,,,,,,"closed",,"d09c890fb71d34208",1,,"low",852,,"H3","","HH_Window_receiver",1,"HH3_window_3",,1726033323354,"open"
42260,HH3_window_3,2024-09-11T07:51:57,,,,,,"closed",,"d09c890fb71d34208",1,,"low",852,,"H3","","HH_Window_receiver",1,"HH3_window_3",,1726033917517,"open"
42267,HH3_door_1,2024-09-11T07:54:51,,,,,,,,"d179e295f9a7449eb",,,,,,"H3","","HH_door_receiver",1,"HH3_door_1",,1726033496388,"open"
42268,HH3_door_1,2024-09-11T07:54:51,,,,,,,,"d179e295f9a7449eb",,,,,,"H3","","HH_door_receiver",1,"HH3_door_1",,1726034091597,"open"
42271,HH3_windowdoor_1,2024-09-11T07:56:23,,,,,,,,"d68dfe10071a4466e",,,,,,"H3","","HH_Window_receiver",1,"HH3_windowdoor_1",,1726033588233,"open"
42272,HH3_windowdoor_1,2024-09-11T07:56:23,,,,,,,,"d68dfe10071a4466e",,,,,,"H3","","HH_Window_receiver",1,"HH3_windowdoor_1",,1726034183359,"open"
42281,HH3_windowdoor_3,2024-09-11T08:00:23,,,,,,,,"d37a2a0e545444ce2",,,,,,"H3","","HH_Window_receiver",1,"HH3_windowdoor_3",,1726033827607,"open"
42282,HH3_windowdoor_3,2024-09-11T08:00:23,,,,,,,,"d37a2a0e545444ce2",,,,,,"H3","","HH_Window_receiver",1,"HH3_windowdoor_3",,1726034423312,"open"
42283,HH3_windowdoor_2,2024-09-11T08:01:17,,,,,,,,"d938b10112b444285",,,,,,"H3","","HH_Window_receiver",1,"HH3_windowdoor_2",,1726033289608,"open"
42284,HH3_windowdoor_2,2024-09-11T08:01:17,,,,,,,,"d938b10112b444285",,,,,,"H3","","HH_Window_receiver",1,"HH3_windowdoor_2",,1726034477561,"open"
42285,HH3_window_3,2024-09-11T08:01:51,,,,,,"closed",,"d09c890fb71d34208",1,,"low",485,,"H3","","HH_Window_receiver",1,"HH3_window_3",,1726033917517,"open"
42286,HH3_window_3,2024-09-11T08:01:51,,,,,,"closed",,"d09c890fb71d34208",1,,"low",485,,"H3","","HH_Window_receiver",1,"HH3_window_3",,1726034511491,"open"
42291,HH3_window_1,2024-09-11T08:02:42,,,,,,"open",,"db4881e805a254484",799,,"low",391,,"H3","","HH_Window_receiver",1,"HH3_window_1",,1726033371635,"open"
42292,HH3_window_1,2024-09-11T08:02:42,,,,,,"open",,"db4881e805a254484",799,,"low",391,,"H3","","HH_Window_receiver",1,"HH3_window_1",,1726034562731,"open"
42293,HH3_door_2,2024-09-11T08:03:04,,,,,,,,"d58825573efd44f2f",,,,,,"H3","","HH_door_receiver",1,"HH3_door_2",,1726033393232,"open"
42294,HH3_door_2,2024-09-11T08:03:04,,,,,,,,"d58825573efd44f2f",,,,,,"H3","","HH_door_receiver",1,"HH3_door_2",,1726034584080,"open"
42295,HH3_door_1,2024-09-11T08:04:47,,,,,,,,"d179e295f9a7449eb",,,,,,"H3","","HH_door_receiver",1,"HH3_door_1",,1726034091597,"open"
42296,HH3_door_1,2024-09-11T08:04:48,,,,,,,,"d179e295f9a7449eb",,,,,,"H3","","HH_door_receiver",1,"HH3_door_1",,1726034687818,"open"
42299,HH3_windowdoor_1,2024-09-11T08:06:18,,,,,,,,"d68dfe10071a4466e",,,,,,"H3","","HH_Window_receiver",1,"HH3_windowdoor_1",,1726034183359,"open"
42300,HH3_windowdoor_1,2024-09-11T08:06:18,,,,,,,,"d68dfe10071a4466e",,,,,,"H3","","HH_Window_receiver",1,"HH3_windowdoor_1",,1726034778406,"open"
42307,HH3_windowdoor_3,2024-09-11T08:10:18,,,,,,,,"d37a2a0e545444ce2",,,,,,"H3","","HH_Window_receiver",1,"HH3_windowdoor_3",,1726034423312,"open"
42308,HH3_windowdoor_3,2024-09-11T08:10:18,,,,,,,,"d37a2a0e545444ce2",,,,,,"H3","","HH_Window_receiver",1,"HH3_windowdoor_3",,1726035018579,"open"
42309,HH3_windowdoor_2,2024-09-11T08:11:12,,,,,,,,"d938b10112b444285",,,,,,"H3","","HH_Window_receiver",1,"HH3_windowdoor_2",,1726034477561,"open"
42310,HH3_windowdoor_2,2024-09-11T08:11:12,,,,,,,,"d938b10112b444285",,,,,,"H3","","HH_Window_receiver",1,"HH3_windowdoor_2",,1726035072393,"open"
42311,HH3_window_3,2024-09-11T08:11:46,,,,,,"closed",,"d09c890fb71d34208",1,,"low",467,,"H3","","HH_Window_receiver",1,"HH3_window_3",,1726034511491,"open"
42312,HH3_window_3,2024-09-11T08:11:46,,,,,,"closed",,"d09c890fb71d34208",1,,"low",467,,"H3","","HH_Window_receiver",1,"HH3_window_3",,1726035106153,"open"
42317,HH3_window_1,2024-09-11T08:12:38,,,,,,"open",,"db4881e805a254484",799,,"low",432,,"H3","","HH_Window_receiver",1,"HH3_window_1",,1726034562731,"open"
42318,HH3_window_1,2024-09-11T08:12:38,,,,,,"open",,"db4881e805a254484",799,,"low",432,,"H3","","HH_Window_receiver",1,"HH3_window_1",,1726035158030,"open"
42319,HH3_door_2,2024-09-11T08:12:59,,,,,,,,"d58825573efd44f2f",,,,,,"H3","","HH_door_receiver",1,"HH3_door_2",,1726034584080,"open"
42320,HH3_door_2,2024-09-11T08:12:59,,,,,,,,"d58825573efd44f2f",,,,,,"H3","","HH_door_receiver",1,"HH3_door_2",,1726035179570,"open"
42325,HH3_windowdoor_1,2024-09-11T08:16:15,,,,,,,,"d68dfe10071a4466e",,,,,,"H3","","HH_Window_receiver",1,"HH3_windowdoor_1",,1726034778406,"open"
42326,HH3_windowdoor_1,2024-09-11T08:16:15,,,,,,,,"d68dfe10071a4466e",,,,,,"H3","","HH_Window_receiver",1,"HH3_windowdoor_1",,1726035375006,"open"
42335,HH3_windowdoor_3,2024-09-11T08:20:13,,,,,,,,"d37a2a0e545444ce2",,,,,,"H3","","HH_Window_receiver",1,"HH3_windowdoor_3",,1726035018579,"open"
42336,HH3_windowdoor_3,2024-09-11T08:20:13,,,,,,,,"d37a2a0e545444ce2",,,,,,"H3","","HH_Window_receiver",1,"HH3_windowdoor_3",,1726035613203,"open"
42337,HH3_windowdoor_2,2024-09-11T08:21:06,,,,,,,,"d938b10112b444285",,,,,,"H3","","HH_Window_receiver",1,"HH3_windowdoor_2",,1726035072393,"open"
42338,HH3_windowdoor_2,2024-09-11T08:21:06,,,,,,,,"d938b10112b444285",,,,,,"H3","","HH_Window_receiver",1,"HH3_windowdoor_2",,1726035666660,"open"
42339,HH3_window_3,2024-09-11T08:21:41,,,,,,"closed",,"d09c890fb71d34208",1,,"low",483,,"H3","","HH_Window_receiver",1,"HH3_window_3",,1726035106153,"open"
42340,HH3_window_3,2024-09-11T08:21:41,,,,,,"closed",,"d09c890fb71d34208",1,,"low",483,,"H3","","HH_Window_receiver",1,"HH3_window_3",,1726035701044,"open"
42345,HH3_window_1,2024-09-11T08:22:32,,,,,,"open",,"db4881e805a254484",799,,"low",464,,"H3","","HH_Window_receiver",1,"HH3_window_1",,1726035158030,"open"
42346,HH3_window_1,2024-09-11T08:22:32,,,,,,"open",,"db4881e805a254484",799,,"low",464,,"H3","","HH_Window_receiver",1,"HH3_window_1",,1726035752381,"open"
42347,HH3_door_2,2024-09-11T08:22:55,,,,,,,,"d58825573efd44f2f",,,,,,"H3","","HH_door_receiver",1,"HH3_door_2",,1726035179570,"open"
42348,HH3_door_2,2024-09-11T08:22:55,,,,,,,,"d58825573efd44f2f",,,,,,"H3","","HH_door_receiver",1,"HH3_door_2",,1726035775462,"open"
42353,HH3_windowdoor_1,2024-09-11T08:26:10,,,,,,,,"d68dfe10071a4466e",,,,,,"H3","","HH_Window_receiver",1,"HH3_windowdoor_1",,1726035375006,"open"
42354,HH3_windowdoor_1,2024-09-11T08:26:10,,,,,,,,"d68dfe10071a4466e",,,,,,"H3","","HH_Window_receiver",1,"HH3_windowdoor_1",,1726035970349,"open"
42365,HH3_windowdoor_3,2024-09-11T08:30:08,,,,,,,,"d37a2a0e545444ce2",,,,,,"H3","","HH_Window_receiver",1,"HH3_windowdoor_3",,1726035613203,"open"
42366,HH3_windowdoor_3,2024-09-11T08:30:08,,,,,,,,"d37a2a0e545444ce2",,,,,,"H3","","HH_Window_receiver",1,"HH3_windowdoor_3",,1726036208620,"open"
42367,HH3_windowdoor_2,2024-09-11T08:31:00,,,,,,,,"d938b10112b444285",,,,,,"H3","","HH_Window_receiver",1,"HH3_windowdoor_2",,1726035666660,"open"
42368,HH3_windowdoor_2,2024-09-11T08:31:01,,,,,,,,"d938b10112b444285",,,,,,"H3","","HH_Window_receiver",1,"HH3_windowdoor_2",,1726036260886,"open"
42373,HH3_window_1,2024-09-11T08:32:27,,,,,,"open",,"db4881e805a254484",799,,"low",582,,"H3","","HH_Window_receiver",1,"HH3_window_1",,1726035752381,"open"
42374,HH3_window_1,2024-09-11T08:32:27,,,,,,"open",,"db4881e805a254484",799,,"low",582,,"H3","","HH_Window_receiver",1,"HH3_window_1",,1726036346959,"open"
42375,HH3_door_2,2024-09-11T08:32:51,,,,,,,,"d58825573efd44f2f",,,,,,"H3","","HH_door_receiver",1,"HH3_door_2",,1726035775462,"open"
42376,HH3_door_2,2024-09-11T08:32:51,,,,,,,,"d58825573efd44f2f",,,,,,"H3","","HH_door_receiver",1,"HH3_door_2",,1726036371253,"open"
42379,HH3_door_1,2024-09-11T08:34:31,,,,,,,,"d179e295f9a7449eb",,,,,,"H3","","HH_door_receiver",1,"HH3_door_1",,1726034687818,"open"
42380,HH3_door_1,2024-09-11T08:34:31,,,,,,,,"d179e295f9a7449eb",,,,,,"H3","","HH_door_receiver",1,"HH3_door_1",,1726036471751,"open"
42383,HH3_windowdoor_1,2024-09-11T08:36:02,,,,,,,,"d68dfe10071a4466e",,,,,,"H3","","HH_Window_receiver",1,"HH3_windowdoor_1",,1726035970349,"open"
42384,HH3_windowdoor_1,2024-09-11T08:36:02,,,,,,,,"d68dfe10071a4466e",,,,,,"H3","","HH_Window_receiver",1,"HH3_windowdoor_1",,1726036562814,"open"
42391,HH3_windowdoor_3,2024-09-11T08:40:03,,,,,,,,"d37a2a0e545444ce2",,,,,,"H3","","HH_Window_receiver",1,"HH3_windowdoor_3",,1726036208620,"open"
42392,HH3_windowdoor_3,2024-09-11T08:40:03,,,,,,,,"d37a2a0e545444ce2",,,,,,"H3","","HH_Window_receiver",1,"HH3_windowdoor_3",,1726036803741,"open"
42395,HH3_windowdoor_2,2024-09-11T08:40:54,,,,,,,,"d938b10112b444285",,,,,,"H3","","HH_Window_receiver",1,"HH3_windowdoor_2",,1726036260886,"open"
42396,HH3_windowdoor_2,2024-09-11T08:40:54,,,,,,,,"d938b10112b444285",,,,,,"H3","","HH_Window_receiver",1,"HH3_windowdoor_2",,1726036854399,"open"
42397,HH3_window_3,2024-09-11T08:41:29,,,,,,"closed",,"d09c890fb71d34208",1,,"medium_low",1200,,"H3","","HH_Window_receiver",1,"HH3_window_3",,1726035701044,"open"
42398,HH3_window_3,2024-09-11T08:41:29,,,,,,"closed",,"d09c890fb71d34208",1,,"medium_low",1200,,"H3","","HH_Window_receiver",1,"HH3_window_3",,1726036889480,"open"
42403,HH3_window_1,2024-09-11T08:42:21,,,,,,"open",,"db4881e805a254484",152,,"medium_low",1482,,"H3","","HH_Window_receiver",1,"HH3_window_1",,1726036346959,"open"
42404,HH3_window_1,2024-09-11T08:42:21,,,,,,"open",,"db4881e805a254484",152,,"medium_low",1482,,"H3","","HH_Window_receiver",1,"HH3_window_1",,1726036941169,"open"
42405,HH3_door_2,2024-09-11T08:42:47,,,,,,,,"d58825573efd44f2f",,,,,,"H3","","HH_door_receiver",1,"HH3_door_2",,1726036371253,"open"
42406,HH3_door_2,2024-09-11T08:42:47,,,,,,,,"d58825573efd44f2f",,,,,,"H3","","HH_door_receiver",1,"HH3_door_2",,1726036967055,"open"
42409,HH3_door_1,2024-09-11T08:44:27,,,,,,,,"d179e295f9a7449eb",,,,,,"H3","","HH_door_receiver",1,"HH3_door_1",,1726036471751,"open"
42410,HH3_door_1,2024-09-11T08:44:27,,,,,,,,"d179e295f9a7449eb",,,,,,"H3","","HH_door_receiver",1,"HH3_door_1",,1726037067447,"open"
42413,HH3_windowdoor_1,2024-09-11T08:45:57,,,,,,,,"d68dfe10071a4466e",,,,,,"H3","","HH_Window_receiver",1,"HH3_windowdoor_1",,1726036562814,"open"
42414,HH3_windowdoor_1,2024-09-11T08:45:57,,,,,,,,"d68dfe10071a4466e",,,,,,"H3","","HH_Window_receiver",1,"HH3_windowdoor_1",,1726037157651,"open"
42423,HH3_windowdoor_3,2024-09-11T08:50:01,,,,,,,,"d37a2a0e545444ce2",,,,,,"H3","","HH_Window_receiver",1,"HH3_windowdoor_3",,1726036803741,"open"
42424,HH3_windowdoor_3,2024-09-11T08:50:01,,,,,,,,"d37a2a0e545444ce2",,,,,,"H3","","HH_Window_receiver",1,"HH3_windowdoor_3",,1726037401504,"open"
42425,HH3_windowdoor_2,2024-09-11T08:50:48,,,,,,,,"d938b10112b444285",,,,,,"H3","","HH_Window_receiver",1,"HH3_windowdoor_2",,1726036854399,"open"
42426,HH3_windowdoor_2,2024-09-11T08:50:48,,,,,,,,"d938b10112b444285",,,,,,"H3","","HH_Window_receiver",1,"HH3_windowdoor_2",,1726037448530,"open"
42427,HH3_window_3,2024-09-11T08:51:24,,,,,,"closed",,"d09c890fb71d34208",1,,"high",2154,,"H3","","HH_Window_receiver",1,"HH3_window_3",,1726036889480,"open"
42428,HH3_window_3,2024-09-11T08:51:24,,,,,,"closed",,"d09c890fb71d34208",1,,"high",2154,,"H3","","HH_Window_receiver",1,"HH3_window_3",,1726037483980,"open"
42433,HH3_window_1,2024-09-11T08:52:15,,,,,,"open",,"db4881e805a254484",799,,"high",2077,,"H3","","HH_Window_receiver",1,"HH3_window_1",,1726036941169,"open"
42434,HH3_window_1,2024-09-11T08:52:15,,,,,,"open",,"db4881e805a254484",799,,"high",2077,,"H3","","HH_Window_receiver",1,"HH3_window_1",,1726037535848,"open"
42435,HH3_door_2,2024-09-11T08:52:42,,,,,,,,"d58825573efd44f2f",,,,,,"H3","","HH_door_receiver",1,"HH3_door_2",,1726036967055,"open"
42436,HH3_door_2,2024-09-11T08:52:42,,,,,,,,"d58825573efd44f2f",,,,,,"H3","","HH_door_receiver",1,"HH3_door_2",,1726037562204,"open"
42439,HH3_door_1,2024-09-11T08:54:22,,,,,,,,"d179e295f9a7449eb",,,,,,"H3","","HH_door_receiver",1,"HH3_door_1",,1726037067447,"open"
42440,HH3_door_1,2024-09-11T08:54:22,,,,,,,,"d179e295f9a7449eb",,,,,,"H3","","HH_door_receiver",1,"HH3_door_1",,1726037662758,"open"
42443,HH3_windowdoor_1,2024-09-11T08:55:52,,,,,,,,"d68dfe10071a4466e",,,,,,"H3","","HH_Window_receiver",1,"HH3_windowdoor_1",,1726037157651,"open"
42444,HH3_windowdoor_1,2024-09-11T08:55:52,,,,,,,,"d68dfe10071a4466e",,,,,,"H3","","HH_Window_receiver",1,"HH3_windowdoor_1",,1726037752644,"open"
42451,HH3_windowdoor_3,2024-09-11T08:59:55,,,,,,,,"d37a2a0e545444ce2",,,,,,"H3","","HH_Window_receiver",1,"HH3_windowdoor_3",,1726037401504,"open"
42452,HH3_windowdoor_3,2024-09-11T08:59:55,,,,,,,,"d37a2a0e545444ce2",,,,,,"H3","","HH_Window_receiver",1,"HH3_windowdoor_3",,1726037995459,"open"
42455,HH3_windowdoor_2,2024-09-11T09:00:43,,,,,,,,"d938b10112b444285",,,,,,"H3","","HH_Window_receiver",1,"HH3_windowdoor_2",,1726037448530,"open"
42456,HH3_windowdoor_2,2024-09-11T09:00:43,,,,,,,,"d938b10112b444285",,,,,,"H3","","HH_Window_receiver",1,"HH3_windowdoor_2",,1726038043027,"open"
42457,HH3_window_3,2024-09-11T09:01:18,,,,,,"closed",,"d09c890fb71d34208",1,,"high",2242,,"H3","","HH_Window_receiver",1,"HH3_window_3",,1726037483980,"open"
42458,HH3_window_3,2024-09-11T09:01:18,,,,,,"closed",,"d09c890fb71d34208",1,,"high",2242,,"H3","","HH_Window_receiver",1,"HH3_window_3",,1726038078690,"open"
42463,HH3_door_2,2024-09-11T09:02:37,,,,,,,,"d58825573efd44f2f",,,,,,"H3","","HH_door_receiver",1,"HH3_door_2",,1726037562204,"open"
42464,HH3_door_2,2024-09-11T09:02:37,,,,,,,,"d58825573efd44f2f",,,,,,"H3","","HH_door_receiver",1,"HH3_door_2",,1726038157000,"open"
42465,HH3_door_1,2024-09-11T09:04:18,,,,,,,,"d179e295f9a7449eb",,,,,,"H3","","HH_door_receiver",1,"HH3_door_1",,1726037662758,"open"
42466,HH3_door_1,2024-09-11T09:04:18,,,,,,,,"d179e295f9a7449eb",,,,,,"H3","","HH_door_receiver",1,"HH3_door_1",,1726038258174,"open"
42469,HH3_windowdoor_1,2024-09-11T09:05:47,,,,,,,,"d68dfe10071a4466e",,,,,,"H3","","HH_Window_receiver",1,"HH3_windowdoor_1",,1726037752644,"open"
42470,HH3_windowdoor_1,2024-09-11T09:05:47,,,,,,,,"d68dfe10071a4466e",,,,,,"H3","","HH_Window_receiver",1,"HH3_windowdoor_1",,1726038347648,"open"
42475,HH3_windowdoor_3,2024-09-11T09:09:51,,,,,,,,"d37a2a0e545444ce2",,,,,,"H3","","HH_Window_receiver",1,"HH3_windowdoor_3",,1726037995459,"open"
42476,HH3_windowdoor_3,2024-09-11T09:09:51,,,,,,,,"d37a2a0e545444ce2",,,,,,"H3","","HH_Window_receiver",1,"HH3_windowdoor_3",,1726038591184,"open"
42479,HH3_windowdoor_2,2024-09-11T09:10:37,,,,,,,,"d938b10112b444285",,,,,,"H3","","HH_Window_receiver",1,"HH3_windowdoor_2",,1726038043027,"open"
42480,HH3_windowdoor_2,2024-09-11T09:10:37,,,,,,,,"d938b10112b444285",,,,,,"H3","","HH_Window_receiver",1,"HH3_windowdoor_2",,1726038637664,"open"
42481,HH3_window_3,2024-09-11T09:11:14,,,,,,"closed",,"d09c890fb71d34208",1,,"high",2271,,"H3","","HH_Window_receiver",1,"HH3_window_3",,1726038078690,"open"
42482,HH3_window_3,2024-09-11T09:11:14,,,,,,"closed",,"d09c890fb71d34208",1,,"high",2271,,"H3","","HH_Window_receiver",1,"HH3_window_3",,1726038674032,"open"
42487,HH3_window_1,2024-09-11T09:12:06,,,,,,"open",,"db4881e805a254484",799,,"high",2207,,"H3","","HH_Window_receiver",1,"HH3_window_1",,1726037535848,"open"
42488,HH3_window_1,2024-09-11T09:12:06,,,,,,"open",,"db4881e805a254484",799,,"high",2207,,"H3","","HH_Window_receiver",1,"HH3_window_1",,1726038726774,"open"
42489,HH3_door_2,2024-09-11T09:12:33,,,,,,,,"d58825573efd44f2f",,,,,,"H3","","HH_door_receiver",1,"HH3_door_2",,1726038157000,"open"
42490,HH3_door_2,2024-09-11T09:12:33,,,,,,,,"d58825573efd44f2f",,,,,,"H3","","HH_door_receiver",1,"HH3_door_2",,1726038753117,"open"
42493,HH3_door_1,2024-09-11T09:14:13,,,,,,,,"d179e295f9a7449eb",,,,,,"H3","","HH_door_receiver",1,"HH3_door_1",,1726038258174,"open"
42494,HH3_door_1,2024-09-11T09:14:14,,,,,,,,"d179e295f9a7449eb",,,,,,"H3","","HH_door_receiver",1,"HH3_door_1",,1726038853891,"open"
42497,HH3_windowdoor_1,2024-09-11T09:15:42,,,,,,,,"d68dfe10071a4466e",,,,,,"H3","","HH_Window_receiver",1,"HH3_windowdoor_1",,1726038347648,"open"
42498,HH3_windowdoor_1,2024-09-11T09:15:42,,,,,,,,"d68dfe10071a4466e",,,,,,"H3","","HH_Window_receiver",1,"HH3_windowdoor_1",,1726038942336,"open"
42507,HH3_windowdoor_2,2024-09-11T09:20:32,,,,,,,,"d938b10112b444285",,,,,,"H3","","HH_Window_receiver",1,"HH3_windowdoor_2",,1726038637664,"open"
42508,HH3_windowdoor_2,2024-09-11T09:20:32,,,,,,,,"d938b10112b444285",,,,,,"H3","","HH_Window_receiver",1,"HH3_windowdoor_2",,1726039232371,"open"
42509,HH3_window_3,2024-09-11T09:21:08,,,,,,"closed",,"d09c890fb71d34208",1,,"medium_low",1007,,"H3","","HH_Window_receiver",1,"HH3_window_3",,1726038674032,"open"
42510,HH3_window_3,2024-09-11T09:21:08,,,,,,"closed",,"d09c890fb71d34208",1,,"medium_low",1007,,"H3","","HH_Window_receiver",1,"HH3_window_3",,1726039268794,"open"
42515,HH3_window_1,2024-09-11T09:22:02,,,,,,"open",,"db4881e805a254484",798,,"medium_low",1018,,"H3","","HH_Window_receiver",1,"HH3_window_1",,1726038726774,"open"
42516,HH3_window_1,2024-09-11T09:22:02,,,,,,"open",,"db4881e805a254484",798,,"medium_low",1018,,"H3","","HH_Window_receiver",1,"HH3_window_1",,1726039322423,"open"
42517,HH3_door_2,2024-09-11T09:22:28,,,,,,,,"d58825573efd44f2f",,,,,,"H3","","HH_door_receiver",1,"HH3_door_2",,1726038753117,"open"
42518,HH3_door_2,2024-09-11T09:22:28,,,,,,,,"d58825573efd44f2f",,,,,,"H3","","HH_door_receiver",1,"HH3_door_2",,1726039348259,"open"
42521,HH3_door_1,2024-09-11T09:24:09,,,,,,,,"d179e295f9a7449eb",,,,,,"H3","","HH_door_receiver",1,"HH3_door_1",,1726038853891,"open"
42522,HH3_door_1,2024-09-11T09:24:09,,,,,,,,"d179e295f9a7449eb",,,,,,"H3","","HH_door_receiver",1,"HH3_door_1",,1726039449376,"open"
42525,HH3_windowdoor_1,2024-09-11T09:25:37,,,,,,,,"d68dfe10071a4466e",,,,,,"H3","","HH_Window_receiver",1,"HH3_windowdoor_1",,1726038942336,"open"
42526,HH3_windowdoor_1,2024-09-11T09:25:37,,,,,,,,"d68dfe10071a4466e",,,,,,"H3","","HH_Window_receiver",1,"HH3_windowdoor_1",,1726039537425,"open"
42535,HH3_windowdoor_3,2024-09-11T09:29:43,,,,,,,,"d37a2a0e545444ce2",,,,,,"H3","","HH_Window_receiver",1,"HH3_windowdoor_3",,1726038591184,"open"
42536,HH3_windowdoor_3,2024-09-11T09:29:43,,,,,,,,"d37a2a0e545444ce2",,,,,,"H3","","HH_Window_receiver",1,"HH3_windowdoor_3",,1726039783013,"open"
42537,HH3_windowdoor_2,2024-09-11T09:30:27,,,,,,,,"d938b10112b444285",,,,,,"H3","","HH_Window_receiver",1,"HH3_windowdoor_2",,1726039232371,"open"
42538,HH3_windowdoor_2,2024-09-11T09:30:27,,,,,,,,"d938b10112b444285",,,,,,"H3","","HH_Window_receiver",1,"HH3_windowdoor_2",,1726039827758,"open"
42539,HH3_window_3,2024-09-11T09:31:03,,,,,,"closed",,"d09c890fb71d34208",1,,"high",2321,,"H3","","HH_Window_receiver",1,"HH3_window_3",,1726039268794,"open"
42540,HH3_window_3,2024-09-11T09:31:03,,,,,,"closed",,"d09c890fb71d34208",1,,"high",2321,,"H3","","HH_Window_receiver",1,"HH3_window_3",,1726039863028,"open"
42543,HH3_window_1,2024-09-11T09:31:57,,,,,,"open",,"db4881e805a254484",798,,"high",2256,,"H3","","HH_Window_receiver",1,"HH3_window_1",,1726039322423,"open"
42544,HH3_window_1,2024-09-11T09:31:57,,,,,,"open",,"db4881e805a254484",798,,"high",2256,,"H3","","HH_Window_receiver",1,"HH3_window_1",,1726039917552,"open"
42547,HH3_door_2,2024-09-11T09:32:24,,,,,,,,"d58825573efd44f2f",,,,,,"H3","","HH_door_receiver",1,"HH3_door_2",,1726039348259,"open"
42548,HH3_door_2,2024-09-11T09:32:24,,,,,,,,"d58825573efd44f2f",,,,,,"H3","","HH_door_receiver",1,"HH3_door_2",,1726039944193,"open"
42551,HH3_windowdoor_1,2024-09-11T09:35:31,,,,,,,,"d68dfe10071a4466e",,,,,,"H3","","HH_Window_receiver",1,"HH3_windowdoor_1",,1726039537425,"open"
42552,HH3_windowdoor_1,2024-09-11T09:35:31,,,,,,,,"d68dfe10071a4466e",,,,,,"H3","","HH_Window_receiver",1,"HH3_windowdoor_1",,1726040131647,"open"
42555,HH3_windowdoor_3,2024-09-11T09:39:39,,,,,,,,"d37a2a0e545444ce2",,,,,,"H3","","HH_Window_receiver",1,"HH3_windowdoor_3",,1726039783013,"open"
42556,HH3_windowdoor_3,2024-09-11T09:39:39,,,,,,,,"d37a2a0e545444ce2",,,,,,"H3","","HH_Window_receiver",1,"HH3_windowdoor_3",,1726040379195,"open"
42561,HH3_windowdoor_2,2024-09-11T09:40:21,,,,,,,,"d938b10112b444285",,,,,,"H3","","HH_Window_receiver",1,"HH3_windowdoor_2",,1726039827758,"open"
42562,HH3_windowdoor_2,2024-09-11T09:40:21,,,,,,,,"d938b10112b444285",,,,,,"H3","","HH_Window_receiver",1,"HH3_windowdoor_2",,1726040421766,"open"
42563,HH3_window_3,2024-09-11T09:40:57,,,,,,"closed",,"d09c890fb71d34208",1,,"high",2348,,"H3","","HH_Window_receiver",1,"HH3_window_3",,1726039863028,"open"
42564,HH3_window_3,2024-09-11T09:40:57,,,,,,"closed",,"d09c890fb71d34208",1,,"high",2348,,"H3","","HH_Window_receiver",1,"HH3_window_3",,1726040456943,"open"
42567,HH3_window_1,2024-09-11T09:41:52,,,,,,"open",,"db4881e805a254484",798,,"high",2352,,"H3","","HH_Window_receiver",1,"HH3_window_1",,1726039917552,"open"
42568,HH3_window_1,2024-09-11T09:41:52,,,,,,"open",,"db4881e805a254484",798,,"high",2352,,"H3","","HH_Window_receiver",1,"HH3_window_1",,1726040511973,"open"
42571,HH3_door_2,2024-09-11T09:42:20,,,,,,,,"d58825573efd44f2f",,,,,,"H3","","HH_door_receiver",1,"HH3_door_2",,1726039944193,"open"
42572,HH3_door_2,2024-09-11T09:42:20,,,,,,,,"d58825573efd44f2f",,,,,,"H3","","HH_door_receiver",1,"HH3_door_2",,1726040539900,"open"
42575,HH3_door_1,2024-09-11T09:44:01,,,,,,,,"d179e295f9a7449eb",,,,,,"H3","","HH_door_receiver",1,"HH3_door_1",,1726039449376,"open"
42576,HH3_door_1,2024-09-11T09:44:01,,,,,,,,"d179e295f9a7449eb",,,,,,"H3","","HH_door_receiver",1,"HH3_door_1",,1726040641567,"open"
42579,HH3_windowdoor_1,2024-09-11T09:45:26,,,,,,,,"d68dfe10071a4466e",,,,,,"H3","","HH_Window_receiver",1,"HH3_windowdoor_1",,1726040131647,"open"
42580,HH3_windowdoor_1,2024-09-11T09:45:26,,,,,,,,"d68dfe10071a4466e",,,,,,"H3","","HH_Window_receiver",1,"HH3_windowdoor_1",,1726040726778,"open"
42587,HH3_windowdoor_3,2024-09-11T09:49:34,,,,,,,,"d37a2a0e545444ce2",,,,,,"H3","","HH_Window_receiver",1,"HH3_windowdoor_3",,1726040379195,"open"
42588,HH3_windowdoor_3,2024-09-11T09:49:34,,,,,,,,"d37a2a0e545444ce2",,,,,,"H3","","HH_Window_receiver",1,"HH3_windowdoor_3",,1726040973990,"open"
42591,HH3_windowdoor_2,2024-09-11T09:50:16,,,,,,,,"d938b10112b444285",,,,,,"H3","","HH_Window_receiver",1,"HH3_windowdoor_2",,1726040421766,"open"
42592,HH3_windowdoor_2,2024-09-11T09:50:16,,,,,,,,"d938b10112b444285",,,,,,"H3","","HH_Window_receiver",1,"HH3_windowdoor_2",,1726041016769,"open"
42595,HH3_window_1,2024-09-11T09:51:47,,,,,,"open",,"db4881e805a254484",798,,"high",2365,,"H3","","HH_Window_receiver",1,"HH3_window_1",,1726040511973,"open"
42596,HH3_window_1,2024-09-11T09:51:47,,,,,,"open",,"db4881e805a254484",798,,"high",2365,,"H3","","HH_Window_receiver",1,"HH3_window_1",,1726041107049,"open"
42599,HH3_door_2,2024-09-11T09:52:19,,,,,,,,"d58825573efd44f2f",,,,,,"H3","","HH_door_receiver",1,"HH3_door_2",,1726040539900,"open"
42600,HH3_door_2,2024-09-11T09:52:19,,,,,,,,"d58825573efd44f2f",,,,,,"H3","","HH_door_receiver",1,"HH3_door_2",,1726041138963,"open"
42603,HH3_door_1,2024-09-11T09:53:56,,,,,,,,"d179e295f9a7449eb",,,,,,"H3","","HH_door_receiver",1,"HH3_door_1",,1726040641567,"open"
42604,HH3_door_1,2024-09-11T09:53:56,,,,,,,,"d179e295f9a7449eb",,,,,,"H3","","HH_door_receiver",1,"HH3_door_1",,1726041236414,"open"
42613,HH3_windowdoor_2,2024-09-11T10:00:12,,,,,,,,"d938b10112b444285",,,,,,"H3","","HH_Window_receiver",1,"HH3_windowdoor_2",,1726041016769,"open"
42614,HH3_windowdoor_2,2024-09-11T10:00:12,,,,,,,,"d938b10112b444285",,,,,,"H3","","HH_Window_receiver",1,"HH3_windowdoor_2",,1726041612331,"open"
42617,HH3_window_1,2024-09-11T10:01:41,,,,,,"open",,"db4881e805a254484",798,,"high",2338,,"H3","","HH_Window_receiver",1,"HH3_window_1",,1726041107049,"open"
42618,HH3_window_1,2024-09-11T10:01:41,,,,,,"open",,"db4881e805a254484",798,,"high",2338,,"H3","","HH_Window_receiver",1,"HH3_window_1",,1726041700975,"open"
42623,HH3_door_1,2024-09-11T10:03:51,,,,,,,,"d179e295f9a7449eb",,,,,,"H3","","HH_door_receiver",1,"HH3_door_1",,1726041236414,"open"
42624,HH3_door_1,2024-09-11T10:03:51,,,,,,,,"d179e295f9a7449eb",,,,,,"H3","","HH_door_receiver",1,"HH3_door_1",,1726041831431,"open"
42633,HH3_windowdoor_3,2024-09-11T10:09:26,,,,,,,,"d37a2a0e545444ce2",,,,,,"H3","","HH_Window_receiver",1,"HH3_windowdoor_3",,1726040973990,"open"
42634,HH3_windowdoor_3,2024-09-11T10:09:26,,,,,,,,"d37a2a0e545444ce2",,,,,,"H3","","HH_Window_receiver",1,"HH3_windowdoor_3",,1726042166746,"open"
42637,HH3_windowdoor_2,2024-09-11T10:10:07,,,,,,,,"d938b10112b444285",,,,,,"H3","","HH_Window_receiver",1,"HH3_windowdoor_2",,1726041612331,"open"
42638,HH3_windowdoor_2,2024-09-11T10:10:07,,,,,,,,"d938b10112b444285",,,,,,"H3","","HH_Window_receiver",1,"HH3_windowdoor_2",,1726042207350,"open"
42639,HH3_window_3,2024-09-11T10:10:43,,,,,,"closed",,"d09c890fb71d34208",1,,"high",2230,,"H3","","HH_Window_receiver",1,"HH3_window_3",,1726040456943,"open"
42640,HH3_window_3,2024-09-11T10:10:43,,,,,,"closed",,"d09c890fb71d34208",1,,"high",2230,,"H3","","HH_Window_receiver",1,"HH3_window_3",,1726042243060,"open"
42641,HH3_window_1,2024-09-11T10:11:36,,,,,,"open",,"db4881e805a254484",798,,"high",2277,,"H3","","HH_Window_receiver",1,"HH3_window_1",,1726041700975,"open"
42642,HH3_window_1,2024-09-11T10:11:36,,,,,,"open",,"db4881e805a254484",798,,"high",2277,,"H3","","HH_Window_receiver",1,"HH3_window_1",,1726042296813,"open"
42647,HH3_door_2,2024-09-11T10:12:11,,,,,,,,"d58825573efd44f2f",,,,,,"H3","","HH_door_receiver",1,"HH3_door_2",,1726041138963,"open"
42648,HH3_door_2,2024-09-11T10:12:11,,,,,,,,"d58825573efd44f2f",,,,,,"H3","","HH_door_receiver",1,"HH3_door_2",,1726042331072,"open"
42651,HH3_door_1,2024-09-11T10:13:46,,,,,,,,"d179e295f9a7449eb",,,,,,"H3","","HH_door_receiver",1,"HH3_door_1",,1726041831431,"open"
42652,HH3_door_1,2024-09-11T10:13:46,,,,,,,,"d179e295f9a7449eb",,,,,,"H3","","HH_door_receiver",1,"HH3_door_1",,1726042426662,"open"
42653,HH3_windowdoor_1,2024-09-11T10:15:14,,,,,,,,"d68dfe10071a4466e",,,,,,"H3","","HH_Window_receiver",1,"HH3_windowdoor_1",,1726040726778,"open"
42654,HH3_windowdoor_1,2024-09-11T10:15:14,,,,,,,,"d68dfe10071a4466e",,,,,,"H3","","HH_Window_receiver",1,"HH3_windowdoor_1",,1726042514259,"open"
42661,HH3_windowdoor_3,2024-09-11T10:19:22,,,,,,,,"d37a2a0e545444ce2",,,,,,"H3","","HH_Window_receiver",1,"HH3_windowdoor_3",,1726042166746,"open"
42662,HH3_windowdoor_3,2024-09-11T10:19:22,,,,,,,,"d37a2a0e545444ce2",,,,,,"H3","","HH_Window_receiver",1,"HH3_windowdoor_3",,1726042762090,"open"
42665,HH3_window_3,2024-09-11T10:20:37,,,,,,"closed",,"d09c890fb71d34208",1,,"high",2147,,"H3","","HH_Window_receiver",1,"HH3_window_3",,1726042243060,"open"
42666,HH3_window_3,2024-09-11T10:20:38,,,,,,"closed",,"d09c890fb71d34208",1,,"high",2147,,"H3","","HH_Window_receiver",1,"HH3_window_3",,1726042837847,"open"
42667,HH3_window_1,2024-09-11T10:21:32,,,,,,"open",,"db4881e805a254484",798,,"high",2207,,"H3","","HH_Window_receiver",1,"HH3_window_1",,1726042296813,"open"
42668,HH3_window_1,2024-09-11T10:21:32,,,,,,"open",,"db4881e805a254484",798,,"high",2207,,"H3","","HH_Window_receiver",1,"HH3_window_1",,1726042892320,"open"
42673,HH3_door_2,2024-09-11T10:22:06,,,,,,,,"d58825573efd44f2f",,,,,,"H3","","HH_door_receiver",1,"HH3_door_2",,1726042331072,"open"
42674,HH3_door_2,2024-09-11T10:22:07,,,,,,,,"d58825573efd44f2f",,,,,,"H3","","HH_door_receiver",1,"HH3_door_2",,1726042926873,"open"
42677,HH3_door_1,2024-09-11T10:23:42,,,,,,,,"d179e295f9a7449eb",,,,,,"H3","","HH_door_receiver",1,"HH3_door_1",,1726042426662,"open"
42678,HH3_door_1,2024-09-11T10:23:42,,,,,,,,"d179e295f9a7449eb",,,,,,"H3","","HH_door_receiver",1,"HH3_door_1",,1726043022310,"open"
42679,HH3_windowdoor_1,2024-09-11T10:25:08,,,,,,,,"d68dfe10071a4466e",,,,,,"H3","","HH_Window_receiver",1,"HH3_windowdoor_1",,1726042514259,"open"
42680,HH3_windowdoor_1,2024-09-11T10:25:08,,,,,,,,"d68dfe10071a4466e",,,,,,"H3","","HH_Window_receiver",1,"HH3_windowdoor_1",,1726043108364,"open"
42687,HH3_windowdoor_3,2024-09-11T10:29:17,,,,,,,,"d37a2a0e545444ce2",,,,,,"H3","","HH_Window_receiver",1,"HH3_windowdoor_3",,1726042762090,"open"
42688,HH3_windowdoor_3,2024-09-11T10:29:17,,,,,,,,"d37a2a0e545444ce2",,,,,,"H3","","HH_Window_receiver",1,"HH3_windowdoor_3",,1726043357703,"open"
42691,HH3_windowdoor_2,2024-09-11T10:29:56,,,,,,,,"d938b10112b444285",,,,,,"H3","","HH_Window_receiver",1,"HH3_windowdoor_2",,1726042207350,"open"
42692,HH3_windowdoor_2,2024-09-11T10:29:56,,,,,,,,"d938b10112b444285",,,,,,"H3","","HH_Window_receiver",1,"HH3_windowdoor_2",,1726043396673,"open"
42693,HH3_window_3,2024-09-11T10:30:32,,,,,,"closed",,"d09c890fb71d34208",1,,"high",2082,,"H3","","HH_Window_receiver",1,"HH3_window_3",,1726042837847,"open"
42694,HH3_window_3,2024-09-11T10:30:32,,,,,,"closed",,"d09c890fb71d34208",1,,"high",2082,,"H3","","HH_Window_receiver",1,"HH3_window_3",,1726043432360,"open"
42695,HH3_window_1,2024-09-11T10:31:27,,,,,,"open",,"db4881e805a254484",798,,"high",2147,,"H3","","HH_Window_receiver",1,"HH3_window_1",,1726042892320,"open"
42696,HH3_window_1,2024-09-11T10:31:27,,,,,,"open",,"db4881e805a254484",798,,"high",2147,,"H3","","HH_Window_receiver",1,"HH3_window_1",,1726043487703,"open"
42701,HH3_door_2,2024-09-11T10:32:02,,,,,,,,"d58825573efd44f2f",,,,,,"H3","","HH_door_receiver",1,"HH3_door_2",,1726042926873,"open"
42702,HH3_door_2,2024-09-11T10:32:02,,,,,,,,"d58825573efd44f2f",,,,,,"H3","","HH_door_receiver",1,"HH3_door_2",,1726043522586,"open"
42705,HH3_door_1,2024-09-11T10:33:38,,,,,,,,"d179e295f9a7449eb",,,,,,"H3","","HH_door_receiver",1,"HH3_door_1",,1726043022310,"open"
42706,HH3_door_1,2024-09-11T10:33:38,,,,,,,,"d179e295f9a7449eb",,,,,,"H3","","HH_door_receiver",1,"HH3_door_1",,1726043618053,"open"
42707,HH3_windowdoor_1,2024-09-11T10:35:03,,,,,,,,"d68dfe10071a4466e",,,,,,"H3","","HH_Window_receiver",1,"HH3_windowdoor_1",,1726043108364,"open"
42708,HH3_windowdoor_1,2024-09-11T10:35:03,,,,,,,,"d68dfe10071a4466e",,,,,,"H3","","HH_Window_receiver",1,"HH3_windowdoor_1",,1726043703470,"open"
42715,HH3_windowdoor_3,2024-09-11T10:39:13,,,,,,,,"d37a2a0e545444ce2",,,,,,"H3","","HH_Window_receiver",1,"HH3_windowdoor_3",,1726043357703,"open"
42716,HH3_windowdoor_3,2024-09-11T10:39:13,,,,,,,,"d37a2a0e545444ce2",,,,,,"H3","","HH_Window_receiver",1,"HH3_windowdoor_3",,1726043953685,"open"
42721,HH3_windowdoor_2,2024-09-11T10:39:51,,,,,,,,"d938b10112b444285",,,,,,"H3","","HH_Window_receiver",1,"HH3_windowdoor_2",,1726043396673,"open"
42722,HH3_windowdoor_2,2024-09-11T10:39:51,,,,,,,,"d938b10112b444285",,,,,,"H3","","HH_Window_receiver",1,"HH3_windowdoor_2",,1726043991348,"open"
42723,HH3_window_1,2024-09-11T10:41:22,,,,,,"open",,"db4881e805a254484",798,,"high",2098,,"H3","","HH_Window_receiver",1,"HH3_window_1",,1726043487703,"open"
42724,HH3_window_1,2024-09-11T10:41:22,,,,,,"open",,"db4881e805a254484",798,,"high",2098,,"H3","","HH_Window_receiver",1,"HH3_window_1",,1726044082347,"open"
42731,HH3_windowdoor_1,2024-09-11T10:44:57,,,,,,,,"d68dfe10071a4466e",,,,,,"H3","","HH_Window_receiver",1,"HH3_windowdoor_1",,1726043703470,"open"
42732,HH3_windowdoor_1,2024-09-11T10:44:57,,,,,,,,"d68dfe10071a4466e",,,,,,"H3","","HH_Window_receiver",1,"HH3_windowdoor_1",,1726044297154,"open"
42741,HH3_windowdoor_3,2024-09-11T10:49:08,,,,,,,,"d37a2a0e545444ce2",,,,,,"H3","","HH_Window_receiver",1,"HH3_windowdoor_3",,1726043953685,"open"
42742,HH3_windowdoor_3,2024-09-11T10:49:08,,,,,,,,"d37a2a0e545444ce2",,,,,,"H3","","HH_Window_receiver",1,"HH3_windowdoor_3",,1726044548254,"open"
42745,HH3_windowdoor_2,2024-09-11T10:49:44,,,,,,,,"d938b10112b444285",,,,,,"H3","","HH_Window_receiver",1,"HH3_windowdoor_2",,1726043991348,"open"
42746,HH3_windowdoor_2,2024-09-11T10:49:44,,,,,,,,"d938b10112b444285",,,,,,"H3","","HH_Window_receiver",1,"HH3_windowdoor_2",,1726044584830,"open"
42747,HH3_window_3,2024-09-11T10:50:22,,,,,,"closed",,"d09c890fb71d34208",1,,"medium_low",1942,,"H3","","HH_Window_receiver",1,"HH3_window_3",,1726043432360,"open"
42748,HH3_window_3,2024-09-11T10:50:22,,,,,,"closed",,"d09c890fb71d34208",1,,"medium_low",1942,,"H3","","HH_Window_receiver",1,"HH3_window_3",,1726044622690,"open"
42749,HH3_window_1,2024-09-11T10:51:17,,,,,,"open",,"db4881e805a254484",85,,"high",2064,,"H3","","HH_Window_receiver",1,"HH3_window_1",,1726044082347,"open"
42750,HH3_window_1,2024-09-11T10:51:17,,,,,,"open",,"db4881e805a254484",85,,"high",2064,,"H3","","HH_Window_receiver",1,"HH3_window_1",,1726044677760,"open"
42755,HH3_door_2,2024-09-11T10:51:52,,,,,,,,"d58825573efd44f2f",,,,,,"H3","","HH_door_receiver",1,"HH3_door_2",,1726043522586,"open"
42756,HH3_door_2,2024-09-11T10:51:53,,,,,,,,"d58825573efd44f2f",,,,,,"H3","","HH_door_receiver",1,"HH3_door_2",,1726044712841,"open"
42759,HH3_door_1,2024-09-11T10:53:31,,,,,,,,"d179e295f9a7449eb",,,,,,"H3","","HH_door_receiver",1,"HH3_door_1",,1726043618053,"open"
42760,HH3_door_1,2024-09-11T10:53:31,,,,,,,,"d179e295f9a7449eb",,,,,,"H3","","HH_door_receiver",1,"HH3_door_1",,1726044811433,"open"
42761,HH3_windowdoor_1,2024-09-11T10:54:52,,,,,,,,"d68dfe10071a4466e",,,,,,"H3","","HH_Window_receiver",1,"HH3_windowdoor_1",,1726044297154,"open"
42762,HH3_windowdoor_1,2024-09-11T10:54:52,,,,,,,,"d68dfe10071a4466e",,,,,,"H3","","HH_Window_receiver",1,"HH3_windowdoor_1",,1726044892069,"open"
42771,HH3_windowdoor_3,2024-09-11T10:59:02,,,,,,,,"d37a2a0e545444ce2",,,,,,"H3","","HH_Window_receiver",1,"HH3_windowdoor_3",,1726044548254,"open"
42772,HH3_windowdoor_3,2024-09-11T10:59:02,,,,,,,,"d37a2a0e545444ce2",,,,,,"H3","","HH_Window_receiver",1,"HH3_windowdoor_3",,1726045142649,"open"
42775,HH3_windowdoor_2,2024-09-11T10:59:39,,,,,,,,"d938b10112b444285",,,,,,"H3","","HH_Window_receiver",1,"HH3_windowdoor_2",,1726044584830,"open"
42776,HH3_windowdoor_2,2024-09-11T10:59:39,,,,,,,,"d938b10112b444285",,,,,,"H3","","HH_Window_receiver",1,"HH3_windowdoor_2",,1726045179757,"open"
42777,HH3_windowdoor_2,2024-09-11T10:59:47,,,,,,,,"d938b10112b444285",,,,,,"H3","","HH_Window_receiver",1,"HH3_windowdoor_2",,1726045179757,"open"
42778,HH3_windowdoor_2,2024-09-11T10:59:47,,,,,,,,"d938b10112b444285",,,,,,"H3","","HH_Window_receiver",1,"HH3_windowdoor_2",,1726045187197,"open"
42779,HH3_window_3,2024-09-11T11:00:17,,,,,,"closed",,"d09c890fb71d34208",1,,"medium_low",1251,,"H3","","HH_Window_receiver",1,"HH3_window_3",,1726044622690,"open"
42780,HH3_window_3,2024-09-11T11:00:17,,,,,,"closed",,"d09c890fb71d34208",1,,"medium_low",1251,,"H3","","HH_Window_receiver",1,"HH3_window_3",,1726045217774,"open"
42781,HH3_window_1,2024-09-11T11:01:13,,,,,,"open",,"db4881e805a254484",798,,"medium_low",1233,,"H3","","HH_Window_receiver",1,"HH3_window_1",,1726044677760,"open"
42782,HH3_window_1,2024-09-11T11:01:13,,,,,,"open",,"db4881e805a254484",798,,"medium_low",1233,,"H3","","HH_Window_receiver",1,"HH3_window_1",,1726045272994,"open"
42787,HH3_door_2,2024-09-11T11:01:47,,,,,,,,"d58825573efd44f2f",,,,,,"H3","","HH_door_receiver",1,"HH3_door_2",,1726044712841,"open"
42788,HH3_door_2,2024-09-11T11:01:47,,,,,,,,"d58825573efd44f2f",,,,,,"H3","","HH_door_receiver",1,"HH3_door_2",,1726045307285,"open"
42789,HH3_door_1,2024-09-11T11:03:25,,,,,,,,"d179e295f9a7449eb",,,,,,"H3","","HH_door_receiver",1,"HH3_door_1",,1726044811433,"open"
42790,HH3_door_1,2024-09-11T11:03:25,,,,,,,,"d179e295f9a7449eb",,,,,,"H3","","HH_door_receiver",1,"HH3_door_1",,1726045405803,"open"
42793,HH3_windowdoor_1,2024-09-11T11:04:46,,,,,,,,"d68dfe10071a4466e",,,,,,"H3","","HH_Window_receiver",1,"HH3_windowdoor_1",,1726044892069,"open"
42794,HH3_windowdoor_1,2024-09-11T11:04:46,,,,,,,,"d68dfe10071a4466e",,,,,,"H3","","HH_Window_receiver",1,"HH3_windowdoor_1",,1726045485990,"open"
42803,HH3_windowdoor_3,2024-09-11T11:08:58,,,,,,,,"d37a2a0e545444ce2",,,,,,"H3","","HH_Window_receiver",1,"HH3_windowdoor_3",,1726045142649,"open"
42804,HH3_windowdoor_3,2024-09-11T11:08:58,,,,,,,,"d37a2a0e545444ce2",,,,,,"H3","","HH_Window_receiver",1,"HH3_windowdoor_3",,1726045738389,"open"
42807,HH3_windowdoor_2,2024-09-11T11:09:38,,,,,,,,"d938b10112b444285",,,,,,"H3","","HH_Window_receiver",1,"HH3_windowdoor_2",,1726045187197,"open"
42808,HH3_windowdoor_2,2024-09-11T11:09:38,,,,,,,,"d938b10112b444285",,,,,,"H3","","HH_Window_receiver",1,"HH3_windowdoor_2",,1726045778017,"open"
42809,HH3_window_3,2024-09-11T11:10:12,,,,,,"closed",,"d09c890fb71d34208",1,,"low",213,,"H3","","HH_Window_receiver",1,"HH3_window_3",,1726045217774,"open"
42810,HH3_window_3,2024-09-11T11:10:12,,,,,,"closed",,"d09c890fb71d34208",1,,"low",213,,"H3","","HH_Window_receiver",1,"HH3_window_3",,1726045811901,"open"
42811,HH3_window_1,2024-09-11T11:11:08,,,,,,"open",,"db4881e805a254484",798,,"low",307,,"H3","","HH_Window_receiver",1,"HH3_window_1",,1726045272994,"open"
42812,HH3_window_1,2024-09-11T11:11:08,,,,,,"open",,"db4881e805a254484",798,,"low",307,,"H3","","HH_Window_receiver",1,"HH3_window_1",,1726045868458,"open"
42817,HH3_door_2,2024-09-11T11:11:43,,,,,,,,"d58825573efd44f2f",,,,,,"H3","","HH_door_receiver",1,"HH3_door_2",,1726045307285,"open"
42818,HH3_door_2,2024-09-11T11:11:43,,,,,,,,"d58825573efd44f2f",,,,,,"H3","","HH_door_receiver",1,"HH3_door_2",,1726045903719,"open"
42819,HH3_door_1,2024-09-11T11:13:20,,,,,,,,"d179e295f9a7449eb",,,,,,"H3","","HH_door_receiver",1,"HH3_door_1",,1726045405803,"open"
42820,HH3_door_1,2024-09-11T11:13:20,,,,,,,,"d179e295f9a7449eb",,,,,,"H3","","HH_door_receiver",1,"HH3_door_1",,1726046000027,"open"
42831,HH3_windowdoor_3,2024-09-11T11:18:53,,,,,,,,"d37a2a0e545444ce2",,,,,,"H3","","HH_Window_receiver",1,"HH3_windowdoor_3",,1726045738389,"open"
42832,HH3_windowdoor_3,2024-09-11T11:18:53,,,,,,,,"d37a2a0e545444ce2",,,,,,"H3","","HH_Window_receiver",1,"HH3_windowdoor_3",,1726046333198,"open"
42835,HH3_windowdoor_2,2024-09-11T11:19:42,,,,,,,,"d938b10112b444285",,,,,,"H3","","HH_Window_receiver",1,"HH3_windowdoor_2",,1726045778017,"open"
42836,HH3_windowdoor_2,2024-09-11T11:19:42,,,,,,,,"d938b10112b444285",,,,,,"H3","","HH_Window_receiver",1,"HH3_windowdoor_2",,1726046382746,"open"
42837,HH3_window_3,2024-09-11T11:20:06,,,,,,"closed",,"d09c890fb71d34208",1,,"medium_low",1023,,"H3","","HH_Window_receiver",1,"HH3_window_3",,1726045811901,"open"
42838,HH3_window_3,2024-09-11T11:20:06,,,,,,"closed",,"d09c890fb71d34208",1,,"medium_low",1023,,"H3","","HH_Window_receiver",1,"HH3_window_3",,1726046406788,"open"
42839,HH3_window_1,2024-09-11T11:21:02,,,,,,"open",,"db4881e805a254484",798,,"medium_low",1189,,"H3","","HH_Window_receiver",1,"HH3_window_1",,1726045868458,"open"
42840,HH3_window_1,2024-09-11T11:21:02,,,,,,"open",,"db4881e805a254484",798,,"medium_low",1189,,"H3","","HH_Window_receiver",1,"HH3_window_1",,1726046462575,"open"
42845,HH3_door_2,2024-09-11T11:21:39,,,,,,,,"d58825573efd44f2f",,,,,,"H3","","HH_door_receiver",1,"HH3_door_2",,1726045903719,"open"
42846,HH3_door_2,2024-09-11T11:21:39,,,,,,,,"d58825573efd44f2f",,,,,,"H3","","HH_door_receiver",1,"HH3_door_2",,1726046499249,"open"
42847,HH3_door_1,2024-09-11T11:23:15,,,,,,,,"d179e295f9a7449eb",,,,,,"H3","","HH_door_receiver",1,"HH3_door_1",,1726046000027,"open"
42848,HH3_door_1,2024-09-11T11:23:15,,,,,,,,"d179e295f9a7449eb",,,,,,"H3","","HH_door_receiver",1,"HH3_door_1",,1726046595349,"open"
42853,HH3_windowdoor_1,2024-09-11T11:24:37,,,,,,,,"d68dfe10071a4466e",,,,,,"H3","","HH_Window_receiver",1,"HH3_windowdoor_1",,1726045485990,"open"
42854,HH3_windowdoor_1,2024-09-11T11:24:37,,,,,,,,"d68dfe10071a4466e",,,,,,"H3","","HH_Window_receiver",1,"HH3_windowdoor_1",,1726046677501,"open"
42863,HH3_windowdoor_3,2024-09-11T11:28:48,,,,,,,,"d37a2a0e545444ce2",,,,,,"H3","","HH_Window_receiver",1,"HH3_windowdoor_3",,1726046333198,"open"
42864,HH3_windowdoor_3,2024-09-11T11:28:48,,,,,,,,"d37a2a0e545444ce2",,,,,,"H3","","HH_Window_receiver",1,"HH3_windowdoor_3",,1726046928470,"open"
42867,HH3_windowdoor_2,2024-09-11T11:29:33,,,,,,,,"d938b10112b444285",,,,,,"H3","","HH_Window_receiver",1,"HH3_windowdoor_2",,1726046382746,"open"
42868,HH3_windowdoor_2,2024-09-11T11:29:33,,,,,,,,"d938b10112b444285",,,,,,"H3","","HH_Window_receiver",1,"HH3_windowdoor_2",,1726046973304,"open"
42869,HH3_window_1,2024-09-11T11:30:57,,,,,,"open",,"db4881e805a254484",798,,"medium_low",1975,,"H3","","HH_Window_receiver",1,"HH3_window_1",,1726046462575,"open"
42870,HH3_window_1,2024-09-11T11:30:57,,,,,,"open",,"db4881e805a254484",798,,"medium_low",1975,,"H3","","HH_Window_receiver",1,"HH3_window_1",,1726047057680,"open"
42877,HH3_windowdoor_1,2024-09-11T11:34:31,,,,,,,,"d68dfe10071a4466e",,,,,,"H3","","HH_Window_receiver",1,"HH3_windowdoor_1",,1726046677501,"open"
42878,HH3_windowdoor_1,2024-09-11T11:34:31,,,,,,,,"d68dfe10071a4466e",,,,,,"H3","","HH_Window_receiver",1,"HH3_windowdoor_1",,1726047271710,"open"
42887,HH3_windowdoor_3,2024-09-11T11:38:44,,,,,,,,"d37a2a0e545444ce2",,,,,,"H3","","HH_Window_receiver",1,"HH3_windowdoor_3",,1726046928470,"open"
42888,HH3_windowdoor_3,2024-09-11T11:38:44,,,,,,,,"d37a2a0e545444ce2",,,,,,"H3","","HH_Window_receiver",1,"HH3_windowdoor_3",,1726047523992,"open"
42891,HH3_windowdoor_2,2024-09-11T11:39:29,,,,,,,,"d938b10112b444285",,,,,,"H3","","HH_Window_receiver",1,"HH3_windowdoor_2",,1726046973304,"open"
42892,HH3_windowdoor_2,2024-09-11T11:39:29,,,,,,,,"d938b10112b444285",,,,,,"H3","","HH_Window_receiver",1,"HH3_windowdoor_2",,1726047569316,"open"
42893,HH3_window_3,2024-09-11T11:39:56,,,,,,"closed",,"d09c890fb71d34208",1,,"medium_low",1690,,"H3","","HH_Window_receiver",1,"HH3_window_3",,1726046406788,"open"
42894,HH3_window_3,2024-09-11T11:39:56,,,,,,"closed",,"d09c890fb71d34208",1,,"medium_low",1690,,"H3","","HH_Window_receiver",1,"HH3_window_3",,1726047595908,"open"
42895,HH3_window_1,2024-09-11T11:40:53,,,,,,"open",,"db4881e805a254484",798,,"medium_low",1933,,"H3","","HH_Window_receiver",1,"HH3_window_1",,1726047057680,"open"
42896,HH3_window_1,2024-09-11T11:40:53,,,,,,"open",,"db4881e805a254484",798,,"medium_low",1933,,"H3","","HH_Window_receiver",1,"HH3_window_1",,1726047653170,"open"
42899,HH3_door_2,2024-09-11T11:41:31,,,,,,,,"d58825573efd44f2f",,,,,,"H3","","HH_door_receiver",1,"HH3_door_2",,1726046499249,"open"
42900,HH3_door_2,2024-09-11T11:41:32,,,,,,,,"d58825573efd44f2f",,,,,,"H3","","HH_door_receiver",1,"HH3_door_2",,1726047691902,"open"
42901,HH3_door_1,2024-09-11T11:43:06,,,,,,,,"d179e295f9a7449eb",,,,,,"H3","","HH_door_receiver",1,"HH3_door_1",,1726046595349,"open"
42902,HH3_door_1,2024-09-11T11:43:06,,,,,,,,"d179e295f9a7449eb",,,,,,"H3","","HH_door_receiver",1,"HH3_door_1",,1726047786185,"open"
42905,HH3_windowdoor_1,2024-09-11T11:44:26,,,,,,,,"d68dfe10071a4466e",,,,,,"H3","","HH_Window_receiver",1,"HH3_windowdoor_1",,1726047271710,"open"
42906,HH3_windowdoor_1,2024-09-11T11:44:26,,,,,,,,"d68dfe10071a4466e",,,,,,"H3","","HH_Window_receiver",1,"HH3_windowdoor_1",,1726047866190,"open"
42915,HH3_windowdoor_3,2024-09-11T11:48:39,,,,,,,,"d37a2a0e545444ce2",,,,,,"H3","","HH_Window_receiver",1,"HH3_windowdoor_3",,1726047523992,"open"
42916,HH3_windowdoor_3,2024-09-11T11:48:39,,,,,,,,"d37a2a0e545444ce2",,,,,,"H3","","HH_Window_receiver",1,"HH3_windowdoor_3",,1726048119384,"open"
42919,HH3_windowdoor_2,2024-09-11T11:49:23,,,,,,,,"d938b10112b444285",,,,,,"H3","","HH_Window_receiver",1,"HH3_windowdoor_2",,1726047569316,"open"
42920,HH3_windowdoor_2,2024-09-11T11:49:23,,,,,,,,"d938b10112b444285",,,,,,"H3","","HH_Window_receiver",1,"HH3_windowdoor_2",,1726048162922,"open"
42921,HH3_window_3,2024-09-11T11:49:51,,,,,,"closed",,"d09c890fb71d34208",1,,"medium_low",1681,,"H3","","HH_Window_receiver",1,"HH3_window_3",,1726047595908,"open"
42922,HH3_window_3,2024-09-11T11:49:51,,,,,,"closed",,"d09c890fb71d34208",1,,"medium_low",1681,,"H3","","HH_Window_receiver",1,"HH3_window_3",,1726048191412,"open"
42923,HH3_window_1,2024-09-11T11:50:48,,,,,,"open",,"db4881e805a254484",798,,"medium_low",1926,,"H3","","HH_Window_receiver",1,"HH3_window_1",,1726047653170,"open"
42924,HH3_window_1,2024-09-11T11:50:48,,,,,,"open",,"db4881e805a254484",798,,"medium_low",1926,,"H3","","HH_Window_receiver",1,"HH3_window_1",,1726048248630,"open"
42927,HH3_door_2,2024-09-11T11:51:27,,,,,,,,"d58825573efd44f2f",,,,,,"H3","","HH_door_receiver",1,"HH3_door_2",,1726047691902,"open"
42928,HH3_door_2,2024-09-11T11:51:27,,,,,,,,"d58825573efd44f2f",,,,,,"H3","","HH_door_receiver",1,"HH3_door_2",,1726048287276,"open"
42929,HH3_door_1,2024-09-11T11:53:02,,,,,,,,"d179e295f9a7449eb",,,,,,"H3","","HH_door_receiver",1,"HH3_door_1",,1726047786185,"open"
42930,HH3_door_1,2024-09-11T11:53:02,,,,,,,,"d179e295f9a7449eb",,,,,,"H3","","HH_door_receiver",1,"HH3_door_1",,1726048381312,"open"
42941,HH3_windowdoor_3,2024-09-11T11:58:34,,,,,,,,"d37a2a0e545444ce2",,,,,,"H3","","HH_Window_receiver",1,"HH3_windowdoor_3",,1726048119384,"open"
42942,HH3_windowdoor_3,2024-09-11T11:58:34,,,,,,,,"d37a2a0e545444ce2",,,,,,"H3","","HH_Window_receiver",1,"HH3_windowdoor_3",,1726048714349,"open"
42945,HH3_windowdoor_2,2024-09-11T11:59:16,,,,,,,,"d938b10112b444285",,,,,,"H3","","HH_Window_receiver",1,"HH3_windowdoor_2",,1726048162922,"open"
42946,HH3_windowdoor_2,2024-09-11T11:59:16,,,,,,,,"d938b10112b444285",,,,,,"H3","","HH_Window_receiver",1,"HH3_windowdoor_2",,1726048756294,"open"
42947,HH3_window_3,2024-09-11T11:59:46,,,,,,"closed",,"d09c890fb71d34208",1,,"medium_low",1790,,"H3","","HH_Window_receiver",1,"HH3_window_3",,1726048191412,"open"
42948,HH3_window_3,2024-09-11T11:59:46,,,,,,"closed",,"d09c890fb71d34208",1,,"medium_low",1790,,"H3","","HH_Window_receiver",1,"HH3_window_3",,1726048785929,"open"
42949,HH3_window_1,2024-09-11T12:00:42,,,,,,"open",,"db4881e805a254484",798,,"medium_low",1661,,"H3","","HH_Window_receiver",1,"HH3_window_1",,1726048248630,"open"
42950,HH3_window_1,2024-09-11T12:00:42,,,,,,"open",,"db4881e805a254484",798,,"medium_low",1661,,"H3","","HH_Window_receiver",1,"HH3_window_1",,1726048842120,"open"
42953,HH3_door_2,2024-09-11T12:01:23,,,,,,,,"d58825573efd44f2f",,,,,,"H3","","HH_door_receiver",1,"HH3_door_2",,1726048287276,"open"
42954,HH3_door_2,2024-09-11T12:01:23,,,,,,,,"d58825573efd44f2f",,,,,,"H3","","HH_door_receiver",1,"HH3_door_2",,1726048883589,"open"
42955,HH3_door_1,2024-09-11T12:02:55,,,,,,,,"d179e295f9a7449eb",,,,,,"H3","","HH_door_receiver",1,"HH3_door_1",,1726048381312,"open"
42956,HH3_door_1,2024-09-11T12:02:55,,,,,,,,"d179e295f9a7449eb",,,,,,"H3","","HH_door_receiver",1,"HH3_door_1",,1726048975780,"open"
42959,HH3_windowdoor_1,2024-09-11T12:04:16,,,,,,,,"d68dfe10071a4466e",,,,,,"H3","","HH_Window_receiver",1,"HH3_windowdoor_1",,1726047866190,"open"
42960,HH3_windowdoor_1,2024-09-11T12:04:16,,,,,,,,"d68dfe10071a4466e",,,,,,"H3","","HH_Window_receiver",1,"HH3_windowdoor_1",,1726049056446,"open"
42969,HH3_windowdoor_2,2024-09-11T12:09:10,,,,,,,,"d938b10112b444285",,,,,,"H3","","HH_Window_receiver",1,"HH3_windowdoor_2",,1726048756294,"open"
42970,HH3_windowdoor_2,2024-09-11T12:09:10,,,,,,,,"d938b10112b444285",,,,,,"H3","","HH_Window_receiver",1,"HH3_windowdoor_2",,1726049350031,"open"
42971,HH3_window_3,2024-09-11T12:09:40,,,,,,"closed",,"d09c890fb71d34208",1,,"medium_low",1665,,"H3","","HH_Window_receiver",1,"HH3_window_3",,1726048785929,"open"
42972,HH3_window_3,2024-09-11T12:09:40,,,,,,"closed",,"d09c890fb71d34208",1,,"medium_low",1665,,"H3","","HH_Window_receiver",1,"HH3_window_3",,1726049380035,"open"
42973,HH3_window_1,2024-09-11T12:10:37,,,,,,"open",,"db4881e805a254484",798,,"medium_low",1936,,"H3","","HH_Window_receiver",1,"HH3_window_1",,1726048842120,"open"
42974,HH3_window_1,2024-09-11T12:10:37,,,,,,"open",,"db4881e805a254484",798,,"medium_low",1936,,"H3","","HH_Window_receiver",1,"HH3_window_1",,1726049437668,"open"
42979,HH3_door_2,2024-09-11T12:11:19,,,,,,,,"d58825573efd44f2f",,,,,,"H3","","HH_door_receiver",1,"HH3_door_2",,1726048883589,"open"
42980,HH3_door_2,2024-09-11T12:11:19,,,,,,,,"d58825573efd44f2f",,,,,,"H3","","HH_door_receiver",1,"HH3_door_2",,1726049479754,"open"
42983,HH3_windowdoor_1,2024-09-11T12:14:11,,,,,,,,"d68dfe10071a4466e",,,,,,"H3","","HH_Window_receiver",1,"HH3_windowdoor_1",,1726049056446,"open"
42984,HH3_windowdoor_1,2024-09-11T12:14:11,,,,,,,,"d68dfe10071a4466e",,,,,,"H3","","HH_Window_receiver",1,"HH3_windowdoor_1",,1726049651327,"open"
42993,HH3_windowdoor_3,2024-09-11T12:18:28,,,,,,,,"d37a2a0e545444ce2",,,,,,"H3","","HH_Window_receiver",1,"HH3_windowdoor_3",,1726048714349,"open"
42994,HH3_windowdoor_3,2024-09-11T12:18:28,,,,,,,,"d37a2a0e545444ce2",,,,,,"H3","","HH_Window_receiver",1,"HH3_windowdoor_3",,1726049908163,"open"
42995,HH3_windowdoor_2,2024-09-11T12:19:04,,,,,,,,"d938b10112b444285",,,,,,"H3","","HH_Window_receiver",1,"HH3_windowdoor_2",,1726049350031,"open"
42996,HH3_windowdoor_2,2024-09-11T12:19:04,,,,,,,,"d938b10112b444285",,,,,,"H3","","HH_Window_receiver",1,"HH3_windowdoor_2",,1726049944372,"open"
42999,HH3_window_3,2024-09-11T12:19:35,,,,,,"closed",,"d09c890fb71d34208",1,,"medium_low",1650,,"H3","","HH_Window_receiver",1,"HH3_window_3",,1726049380035,"open"
43000,HH3_window_3,2024-09-11T12:19:35,,,,,,"closed",,"d09c890fb71d34208",1,,"medium_low",1650,,"H3","","HH_Window_receiver",1,"HH3_window_3",,1726049975097,"open"
43001,HH3_window_1,2024-09-11T12:20:33,,,,,,"open",,"db4881e805a254484",798,,"medium_low",1931,,"H3","","HH_Window_receiver",1,"HH3_window_1",,1726049437668,"open"
43002,HH3_window_1,2024-09-11T12:20:33,,,,,,"open",,"db4881e805a254484",798,,"medium_low",1931,,"H3","","HH_Window_receiver",1,"HH3_window_1",,1726050033341,"open"
43007,HH3_door_2,2024-09-11T12:21:16,,,,,,,,"d58825573efd44f2f",,,,,,"H3","","HH_door_receiver",1,"HH3_door_2",,1726049479754,"open"
43008,HH3_door_2,2024-09-11T12:21:16,,,,,,,,"d58825573efd44f2f",,,,,,"H3","","HH_door_receiver",1,"HH3_door_2",,1726050075976,"open"
43013,HH3_windowdoor_1,2024-09-11T12:24:06,,,,,,,,"d68dfe10071a4466e",,,,,,"H3","","HH_Window_receiver",1,"HH3_windowdoor_1",,1726049651327,"open"
43014,HH3_windowdoor_1,2024-09-11T12:24:06,,,,,,,,"d68dfe10071a4466e",,,,,,"H3","","HH_Window_receiver",1,"HH3_windowdoor_1",,1726050245985,"open"
43023,HH3_windowdoor_3,2024-09-11T12:28:23,,,,,,,,"d37a2a0e545444ce2",,,,,,"H3","","HH_Window_receiver",1,"HH3_windowdoor_3",,1726049908163,"open"
43024,HH3_windowdoor_3,2024-09-11T12:28:23,,,,,,,,"d37a2a0e545444ce2",,,,,,"H3","","HH_Window_receiver",1,"HH3_windowdoor_3",,1726050503740,"open"
43027,HH3_window_3,2024-09-11T12:29:29,,,,,,"closed",,"d09c890fb71d34208",1,,"medium_low",1665,,"H3","","HH_Window_receiver",1,"HH3_window_3",,1726049975097,"open"
43028,HH3_window_3,2024-09-11T12:29:29,,,,,,"closed",,"d09c890fb71d34208",1,,"medium_low",1665,,"H3","","HH_Window_receiver",1,"HH3_window_3",,1726050569125,"open"
43029,HH3_window_1,2024-09-11T12:30:28,,,,,,"open",,"db4881e805a254484",798,,"medium_low",1935,,"H3","","HH_Window_receiver",1,"HH3_window_1",,1726050033341,"open"
43030,HH3_window_1,2024-09-11T12:30:28,,,,,,"open",,"db4881e805a254484",798,,"medium_low",1935,,"H3","","HH_Window_receiver",1,"HH3_window_1",,1726050627930,"open"
43035,HH3_door_2,2024-09-11T12:31:12,,,,,,,,"d58825573efd44f2f",,,,,,"H3","","HH_door_receiver",1,"HH3_door_2",,1726050075976,"open"
43036,HH3_door_2,2024-09-11T12:31:12,,,,,,,,"d58825573efd44f2f",,,,,,"H3","","HH_door_receiver",1,"HH3_door_2",,1726050672029,"open"
43037,HH3_door_1,2024-09-11T12:32:43,,,,,,,,"d179e295f9a7449eb",,,,,,"H3","","HH_door_receiver",1,"HH3_door_1",,1726048975780,"open"
43038,HH3_door_1,2024-09-11T12:32:43,,,,,,,,"d179e295f9a7449eb",,,,,,"H3","","HH_door_receiver",1,"HH3_door_1",,1726050763320,"open"
43041,HH3_windowdoor_1,2024-09-11T12:34:00,,,,,,,,"d68dfe10071a4466e",,,,,,"H3","","HH_Window_receiver",1,"HH3_windowdoor_1",,1726050245985,"open"
43042,HH3_windowdoor_1,2024-09-11T12:34:00,,,,,,,,"d68dfe10071a4466e",,,,,,"H3","","HH_Window_receiver",1,"HH3_windowdoor_1",,1726050840509,"open"
43053,HH3_windowdoor_3,2024-09-11T12:38:19,,,,,,,,"d37a2a0e545444ce2",,,,,,"H3","","HH_Window_receiver",1,"HH3_windowdoor_3",,1726050503740,"open"
43054,HH3_windowdoor_3,2024-09-11T12:38:19,,,,,,,,"d37a2a0e545444ce2",,,,,,"H3","","HH_Window_receiver",1,"HH3_windowdoor_3",,1726051099595,"open"
43055,HH3_windowdoor_2,2024-09-11T12:38:55,,,,,,,,"d938b10112b444285",,,,,,"H3","","HH_Window_receiver",1,"HH3_windowdoor_2",,1726049944372,"open"
43056,HH3_windowdoor_2,2024-09-11T12:38:55,,,,,,,,"d938b10112b444285",,,,,,"H3","","HH_Window_receiver",1,"HH3_windowdoor_2",,1726051135193,"open"
43059,HH3_window_3,2024-09-11T12:39:22,,,,,,"closed",,"d09c890fb71d34208",1,,"medium_low",1157,,"H3","","HH_Window_receiver",1,"HH3_window_3",,1726050569125,"open"
43060,HH3_window_3,2024-09-11T12:39:22,,,,,,"closed",,"d09c890fb71d34208",1,,"medium_low",1157,,"H3","","HH_Window_receiver",1,"HH3_window_3",,1726051162074,"open"
43061,HH3_window_1,2024-09-11T12:40:22,,,,,,"open",,"db4881e805a254484",798,,"medium_low",1334,,"H3","","HH_Window_receiver",1,"HH3_window_1",,1726050627930,"open"
43062,HH3_window_1,2024-09-11T12:40:22,,,,,,"open",,"db4881e805a254484",798,,"medium_low",1334,,"H3","","HH_Window_receiver",1,"HH3_window_1",,1726051221990,"open"
43067,HH3_door_2,2024-09-11T12:41:07,,,,,,,,"d58825573efd44f2f",,,,,,"H3","","HH_door_receiver",1,"HH3_door_2",,1726050672029,"open"
43068,HH3_door_2,2024-09-11T12:41:08,,,,,,,,"d58825573efd44f2f",,,,,,"H3","","HH_door_receiver",1,"HH3_door_2",,1726051267910,"open"
43069,HH3_door_1,2024-09-11T12:42:37,,,,,,,,"d179e295f9a7449eb",,,,,,"H3","","HH_door_receiver",1,"HH3_door_1",,1726050763320,"open"
43070,HH3_door_1,2024-09-11T12:42:38,,,,,,,,"d179e295f9a7449eb",,,,,,"H3","","HH_door_receiver",1,"HH3_door_1",,1726051357853,"open"
43073,HH3_windowdoor_1,2024-09-11T12:43:55,,,,,,,,"d68dfe10071a4466e",,,,,,"H3","","HH_Window_receiver",1,"HH3_windowdoor_1",,1726050840509,"open"
43074,HH3_windowdoor_1,2024-09-11T12:43:55,,,,,,,,"d68dfe10071a4466e",,,,,,"H3","","HH_Window_receiver",1,"HH3_windowdoor_1",,1726051435284,"open"
43083,HH3_windowdoor_3,2024-09-11T12:48:14,,,,,,,,"d37a2a0e545444ce2",,,,,,"H3","","HH_Window_receiver",1,"HH3_windowdoor_3",,1726051099595,"open"
43084,HH3_windowdoor_3,2024-09-11T12:48:14,,,,,,,,"d37a2a0e545444ce2",,,,,,"H3","","HH_Window_receiver",1,"HH3_windowdoor_3",,1726051694307,"open"
43085,HH3_windowdoor_2,2024-09-11T12:48:50,,,,,,,,"d938b10112b444285",,,,,,"H3","","HH_Window_receiver",1,"HH3_windowdoor_2",,1726051135193,"open"
43086,HH3_windowdoor_2,2024-09-11T12:48:50,,,,,,,,"d938b10112b444285",,,,,,"H3","","HH_Window_receiver",1,"HH3_windowdoor_2",,1726051729993,"open"
43089,HH3_window_1,2024-09-11T12:50:17,,,,,,"open",,"db4881e805a254484",798,,"low",788,,"H3","","HH_Window_receiver",1,"HH3_window_1",,1726051221990,"open"
43090,HH3_window_1,2024-09-11T12:50:17,,,,,,"open",,"db4881e805a254484",798,,"low",788,,"H3","","HH_Window_receiver",1,"HH3_window_1",,1726051816911,"open"
43095,HH3_door_2,2024-09-11T12:51:03,,,,,,,,"d58825573efd44f2f",,,,,,"H3","","HH_door_receiver",1,"HH3_door_2",,1726051267910,"open"
43096,HH3_door_2,2024-09-11T12:51:03,,,,,,,,"d58825573efd44f2f",,,,,,"H3","","HH_door_receiver",1,"HH3_door_2",,1726051863821,"open"
43097,HH3_door_1,2024-09-11T12:52:33,,,,,,,,"d179e295f9a7449eb",,,,,,"H3","","HH_door_receiver",1,"HH3_door_1",,1726051357853,"open"
43098,HH3_door_1,2024-09-11T12:52:33,,,,,,,,"d179e295f9a7449eb",,,,,,"H3","","HH_door_receiver",1,"HH3_door_1",,1726051953450,"open"
43101,HH3_windowdoor_1,2024-09-11T12:53:50,,,,,,,,"d68dfe10071a4466e",,,,,,"H3","","HH_Window_receiver",1,"HH3_windowdoor_1",,1726051435284,"open"
43102,HH3_windowdoor_1,2024-09-11T12:53:50,,,,,,,,"d68dfe10071a4466e",,,,,,"H3","","HH_Window_receiver",1,"HH3_windowdoor_1",,1726052029916,"open"
43111,HH3_windowdoor_3,2024-09-11T12:58:09,,,,,,,,"d37a2a0e545444ce2",,,,,,"H3","","HH_Window_receiver",1,"HH3_windowdoor_3",,1726051694307,"open"
43112,HH3_windowdoor_3,2024-09-11T12:58:10,,,,,,,,"d37a2a0e545444ce2",,,,,,"H3","","HH_Window_receiver",1,"HH3_windowdoor_3",,1726052289823,"open"
43113,HH3_windowdoor_2,2024-09-11T12:58:47,,,,,,,,"d938b10112b444285",,,,,,"H3","","HH_Window_receiver",1,"HH3_windowdoor_2",,1726051729993,"open"
43114,HH3_windowdoor_2,2024-09-11T12:58:47,,,,,,,,"d938b10112b444285",,,,,,"H3","","HH_Window_receiver",1,"HH3_windowdoor_2",,1726052327676,"open"
43115,HH3_window_3,2024-09-11T12:59:12,,,,,,"closed",,"d09c890fb71d34208",3,,"low",272,,"H3","","HH_Window_receiver",1,"HH3_window_3",,1726051162074,"open"
43116,HH3_window_3,2024-09-11T12:59:12,,,,,,"closed",,"d09c890fb71d34208",3,,"low",272,,"H3","","HH_Window_receiver",1,"HH3_window_3",,1726052352130,"open"
43123,HH3_door_2,2024-09-11T13:01:02,,,,,,,,"d58825573efd44f2f",,,,,,"H3","","HH_door_receiver",1,"HH3_door_2",,1726051863821,"open"
43124,HH3_door_2,2024-09-11T13:01:02,,,,,,,,"d58825573efd44f2f",,,,,,"H3","","HH_door_receiver",1,"HH3_door_2",,1726052462124,"open"
43125,HH3_door_1,2024-09-11T13:02:28,,,,,,,,"d179e295f9a7449eb",,,,,,"H3","","HH_door_receiver",1,"HH3_door_1",,1726051953450,"open"
43126,HH3_door_1,2024-09-11T13:02:28,,,,,,,,"d179e295f9a7449eb",,,,,,"H3","","HH_door_receiver",1,"HH3_door_1",,1726052548737,"open"
43129,HH3_windowdoor_1,2024-09-11T13:03:44,,,,,,,,"d68dfe10071a4466e",,,,,,"H3","","HH_Window_receiver",1,"HH3_windowdoor_1",,1726052029916,"open"
43130,HH3_windowdoor_1,2024-09-11T13:03:44,,,,,,,,"d68dfe10071a4466e",,,,,,"H3","","HH_Window_receiver",1,"HH3_windowdoor_1",,1726052624452,"open"
43139,HH3_windowdoor_2,2024-09-11T13:08:41,,,,,,,,"d938b10112b444285",,,,,,"H3","","HH_Window_receiver",0,"HH3_windowdoor_2",,1726052327676,"closed"
43140,HH3_windowdoor_2,2024-09-11T13:08:41,,,,,,,,"d938b10112b444285",,,,,,"H3","","HH_Window_receiver",0,"HH3_windowdoor_2",,1726052921404,"closed"
43143,HH3_window_1,2024-09-11T13:10:08,,,,,,"closed",,"db4881e805a254484",2,,"low",118,,"H3","","HH_Window_receiver",1,"HH3_window_1",,1726051816911,"open"
43144,HH3_window_1,2024-09-11T13:10:08,,,,,,"closed",,"db4881e805a254484",2,,"low",118,,"H3","","HH_Window_receiver",1,"HH3_window_1",,1726053008131,"open"
43147,HH3_door_1,2024-09-11T13:12:43,,,,,,,,"d179e295f9a7449eb",,,,,,"H3","","HH_door_receiver",1,"HH3_door_1",,1726052548737,"open"
43148,HH3_door_1,2024-09-11T13:12:43,,,,,,,,"d179e295f9a7449eb",,,,,,"H3","","HH_door_receiver",1,"HH3_door_1",,1726053162943,"open"
43151,HH3_windowdoor_1,2024-09-11T13:13:38,,,,,,,,"d68dfe10071a4466e",,,,,,"H3","","HH_Window_receiver",1,"HH3_windowdoor_1",,1726052624452,"open"
43152,HH3_windowdoor_1,2024-09-11T13:13:38,,,,,,,,"d68dfe10071a4466e",,,,,,"H3","","HH_Window_receiver",1,"HH3_windowdoor_1",,1726053218579,"open"
43161,HH3_windowdoor_3,2024-09-11T13:18:03,,,,,,,,"d37a2a0e545444ce2",,,,,,"H3","","HH_Window_receiver",1,"HH3_windowdoor_3",,1726052289823,"open"
43162,HH3_windowdoor_3,2024-09-11T13:18:03,,,,,,,,"d37a2a0e545444ce2",,,,,,"H3","","HH_Window_receiver",1,"HH3_windowdoor_3",,1726053483150,"open"
43163,HH3_window_3,2024-09-11T13:19:02,,,,,,"closed",,"d09c890fb71d34208",3,,"low",414,,"H3","","HH_Window_receiver",1,"HH3_window_3",,1726052352130,"open"
43164,HH3_window_3,2024-09-11T13:19:02,,,,,,"closed",,"d09c890fb71d34208",3,,"low",414,,"H3","","HH_Window_receiver",1,"HH3_window_3",,1726053542222,"open"
43171,HH3_door_2,2024-09-11T13:20:52,,,,,,,,"d58825573efd44f2f",,,,,,"H3","","HH_door_receiver",1,"HH3_door_2",,1726052462124,"open"
43172,HH3_door_2,2024-09-11T13:20:52,,,,,,,,"d58825573efd44f2f",,,,,,"H3","","HH_door_receiver",1,"HH3_door_2",,1726053651970,"open"
43175,HH3_door_1,2024-09-11T13:22:35,,,,,,,,"d179e295f9a7449eb",,,,,,"H3","","HH_door_receiver",1,"HH3_door_1",,1726053162943,"open"
43176,HH3_door_1,2024-09-11T13:22:35,,,,,,,,"d179e295f9a7449eb",,,,,,"H3","","HH_door_receiver",1,"HH3_door_1",,1726053755277,"open"
43179,HH3_windowdoor_1,2024-09-11T13:23:32,,,,,,,,"d68dfe10071a4466e",,,,,,"H3","","HH_Window_receiver",1,"HH3_windowdoor_1",,1726053218579,"open"
43180,HH3_windowdoor_1,2024-09-11T13:23:33,,,,,,,,"d68dfe10071a4466e",,,,,,"H3","","HH_Window_receiver",1,"HH3_windowdoor_1",,1726053812911,"open"
43189,HH3_windowdoor_3,2024-09-11T13:27:57,,,,,,,,"d37a2a0e545444ce2",,,,,,"H3","","HH_Window_receiver",1,"HH3_windowdoor_3",,1726053483150,"open"
43190,HH3_windowdoor_3,2024-09-11T13:27:57,,,,,,,,"d37a2a0e545444ce2",,,,,,"H3","","HH_Window_receiver",1,"HH3_windowdoor_3",,1726054077830,"open"
43191,HH3_windowdoor_2,2024-09-11T13:28:30,,,,,,,,"d938b10112b444285",,,,,,"H3","","HH_Window_receiver",0,"HH3_windowdoor_2",,1726052921404,"closed"
43192,HH3_windowdoor_2,2024-09-11T13:28:31,,,,,,,,"d938b10112b444285",,,,,,"H3","","HH_Window_receiver",0,"HH3_windowdoor_2",,1726054110869,"closed"
43193,HH3_window_3,2024-09-11T13:29:00,,,,,,"closed",,"d09c890fb71d34208",3,,"low",0,,"H3","","HH_Window_receiver",1,"HH3_window_3",,1726053542222,"open"
43194,HH3_window_3,2024-09-11T13:29:00,,,,,,"closed",,"d09c890fb71d34208",3,,"low",0,,"H3","","HH_Window_receiver",1,"HH3_window_3",,1726054140328,"open"
43197,HH3_window_1,2024-09-11T13:29:55,,,,,,"closed",,"db4881e805a254484",2,,"low",0,,"H3","","HH_Window_receiver",1,"HH3_window_1",,1726053008131,"open"
43198,HH3_window_1,2024-09-11T13:29:55,,,,,,"closed",,"db4881e805a254484",2,,"low",0,,"H3","","HH_Window_receiver",1,"HH3_window_1",,1726054195687,"open"
43203,HH3_door_2,2024-09-11T13:30:48,,,,,,,,"d58825573efd44f2f",,,,,,"H3","","HH_door_receiver",1,"HH3_door_2",,1726053651970,"open"
43204,HH3_door_2,2024-09-11T13:30:48,,,,,,,,"d58825573efd44f2f",,,,,,"H3","","HH_door_receiver",1,"HH3_door_2",,1726054248360,"open"
46515,HH2_window_1,2024-09-13T04:50:53,,,,,,"closed",,"dc16a396614bc460d",14,,"low",0,,"H2","","HH_Window_receiver",1,"HH2_window_1",,1726195853410,"open"
46525,HH2_window_1,2024-09-13T05:00:49,,,,,,"closed",,"dc16a396614bc460d",14,,"low",0,,"H2","","HH_Window_receiver",1,"HH2_window_1",,1726195853410,"open"
46526,HH2_window_1,2024-09-13T05:00:49,,,,,,"closed",,"dc16a396614bc460d",14,,"low",0,,"H2","","HH_Window_receiver",1,"HH2_window_1",,1726196449300,"open"
46537,HH2_window_1,2024-09-13T05:10:45,,,,,,"closed",,"dc16a396614bc460d",12,,"low",0,,"H2","","HH_Window_receiver",1,"HH2_window_1",,1726196449300,"open"
46538,HH2_window_1,2024-09-13T05:10:45,,,,,,"closed",,"dc16a396614bc460d",12,,"low",0,,"H2","","HH_Window_receiver",1,"HH2_window_1",,1726197044924,"open"
46545,HH2_window_1,2024-09-13T05:20:41,,,,,,"closed",,"dc16a396614bc460d",14,,"low",0,,"H2","","HH_Window_receiver",1,"HH2_window_1",,1726197044924,"open"
46546,HH2_window_1,2024-09-13T05:20:41,,,,,,"closed",,"dc16a396614bc460d",14,,"low",0,,"H2","","HH_Window_receiver",1,"HH2_window_1",,1726197640980,"open"
46555,HH2_window_1,2024-09-13T05:30:36,,,,,,"closed",,"dc16a396614bc460d",14,,"low",0,,"H2","","HH_Window_receiver",1,"HH2_window_1",,1726197640980,"open"
46556,HH2_window_1,2024-09-13T05:30:36,,,,,,"closed",,"dc16a396614bc460d",14,,"low",0,,"H2","","HH_Window_receiver",1,"HH2_window_1",,1726198236604,"open"
46561,HH2_window_1,2024-09-13T05:40:32,,,,,,"closed",,"dc16a396614bc460d",14,,"low",0,,"H2","","HH_Window_receiver",1,"HH2_window_1",,1726198236604,"open"
46562,HH2_window_1,2024-09-13T05:40:32,,,,,,"closed",,"dc16a396614bc460d",14,,"low",0,,"H2","","HH_Window_receiver",1,"HH2_window_1",,1726198831956,"open"
46573,HH2_window_1,2024-09-13T05:50:28,,,,,,"closed",,"dc16a396614bc460d",12,,"low",0,,"H2","","HH_Window_receiver",1,"HH2_window_1",,1726198831956,"open"
46574,HH2_window_1,2024-09-13T05:50:28,,,,,,"closed",,"dc16a396614bc460d",12,,"low",0,,"H2","","HH_Window_receiver",1,"HH2_window_1",,1726199427947,"open"
46587,HH2_window_1,2024-09-13T06:00:23,,,,,,"closed",,"dc16a396614bc460d",12,,"low",0,,"H2","","HH_Window_receiver",1,"HH2_window_1",,1726199427947,"open"
46588,HH2_window_1,2024-09-13T06:00:23,,,,,,"closed",,"dc16a396614bc460d",12,,"low",0,,"H2","","HH_Window_receiver",1,"HH2_window_1",,1726200023831,"open"
46599,HH2_window_1,2024-09-13T06:10:19,,,,,,"closed",,"dc16a396614bc460d",14,,"low",0,,"H2","","HH_Window_receiver",1,"HH2_window_1",,1726200023831,"open"
46600,HH2_window_1,2024-09-13T06:10:19,,,,,,"closed",,"dc16a396614bc460d",14,,"low",0,,"H2","","HH_Window_receiver",1,"HH2_window_1",,1726200619116,"open"
46609,HH2_window_1,2024-09-13T06:20:14,,,,,,"closed",,"dc16a396614bc460d",12,,"low",0,,"H2","","HH_Window_receiver",1,"HH2_window_1",,1726200619116,"open"
46610,HH2_window_1,2024-09-13T06:20:15,,,,,,"closed",,"dc16a396614bc460d",12,,"low",0,,"H2","","HH_Window_receiver",1,"HH2_window_1",,1726201214883,"open"
46621,HH2_window_1,2024-09-13T06:30:10,,,,,,"closed",,"dc16a396614bc460d",14,,"low",0,,"H2","","HH_Window_receiver",1,"HH2_window_1",,1726201214883,"open"
46622,HH2_window_1,2024-09-13T06:30:10,,,,,,"closed",,"dc16a396614bc460d",14,,"low",0,,"H2","","HH_Window_receiver",1,"HH2_window_1",,1726201810798,"open"
46631,HH2_window_1,2024-09-13T06:40:06,,,,,,"closed",,"dc16a396614bc460d",14,,"low",0,,"H2","","HH_Window_receiver",1,"HH2_window_1",,1726201810798,"open"
46632,HH2_window_1,2024-09-13T06:40:06,,,,,,"closed",,"dc16a396614bc460d",14,,"low",0,,"H2","","HH_Window_receiver",1,"HH2_window_1",,1726202406448,"open"
46651,HH2_window_1,2024-09-13T06:59:58,,,,,,"closed",,"dc16a396614bc460d",14,,"low",119,,"H2","","HH_Window_receiver",1,"HH2_window_1",,1726202406448,"open"
46652,HH2_window_1,2024-09-13T06:59:58,,,,,,"closed",,"dc16a396614bc460d",14,,"low",119,,"H2","","HH_Window_receiver",1,"HH2_window_1",,1726203598094,"open"
46669,HH2_window_1,2024-09-13T07:19:49,,,,,,"open",,"dc16a396614bc460d",100,,"medium_low",1130,,"H2","","HH_Window_receiver",1,"HH2_window_1",,1726203598094,"open"
46670,HH2_window_1,2024-09-13T07:19:49,,,,,,"open",,"dc16a396614bc460d",100,,"medium_low",1130,,"H2","","HH_Window_receiver",1,"HH2_window_1",,1726204789519,"open"
46685,HH2_window_1,2024-09-13T07:29:44,,,,,,"open",,"dc16a396614bc460d",179,,"medium_low",1665,,"H2","","HH_Window_receiver",1,"HH2_window_1",,1726204789519,"open"
46686,HH2_window_1,2024-09-13T07:29:44,,,,,,"open",,"dc16a396614bc460d",179,,"medium_low",1665,,"H2","","HH_Window_receiver",1,"HH2_window_1",,1726205384530,"open"
46699,HH2_window_1,2024-09-13T07:39:40,,,,,,"open",,"dc16a396614bc460d",801,,"high",2042,,"H2","","HH_Window_receiver",1,"HH2_window_1",,1726205384530,"open"
46700,HH2_window_1,2024-09-13T07:39:40,,,,,,"open",,"dc16a396614bc460d",801,,"high",2042,,"H2","","HH_Window_receiver",1,"HH2_window_1",,1726205980530,"open"
46727,HH2_window_1,2024-09-13T07:59:32,,,,,,"open",,"dc16a396614bc460d",76,,"high",2622,,"H2","","HH_Window_receiver",1,"HH2_window_1",,1726205980530,"open"
46728,HH2_window_1,2024-09-13T07:59:33,,,,,,"open",,"dc16a396614bc460d",76,,"high",2622,,"H2","","HH_Window_receiver",1,"HH2_window_1",,1726207172852,"open"
46741,HH2_window_1,2024-09-13T08:09:28,,,,,,"open",,"dc16a396614bc460d",100,,"high",2873,,"H2","","HH_Window_receiver",1,"HH2_window_1",,1726207172852,"open"
46742,HH2_window_1,2024-09-13T08:09:28,,,,,,"open",,"dc16a396614bc460d",100,,"high",2873,,"H2","","HH_Window_receiver",1,"HH2_window_1",,1726207768604,"open"
46755,HH2_window_1,2024-09-13T08:19:24,,,,,,"open",,"dc16a396614bc460d",127,,"high",3138,,"H2","","HH_Window_receiver",1,"HH2_window_1",,1726207768604,"open"
46756,HH2_window_1,2024-09-13T08:19:24,,,,,,"open",,"dc16a396614bc460d",127,,"high",3138,,"H2","","HH_Window_receiver",1,"HH2_window_1",,1726208364772,"open"
46769,HH2_window_1,2024-09-13T08:29:20,,,,,,"open",,"dc16a396614bc460d",185,,"high",3728,,"H2","","HH_Window_receiver",1,"HH2_window_1",,1726208364772,"open"
46770,HH2_window_1,2024-09-13T08:29:20,,,,,,"open",,"dc16a396614bc460d",185,,"high",3728,,"H2","","HH_Window_receiver",1,"HH2_window_1",,1726208960460,"open"
46771,HH2_window_1,2024-09-13T08:29:32,,,,,,"open",,"dc16a396614bc460d",801,,"high",3745,,"H2","","HH_Window_receiver",1,"HH2_window_1",,1726208960460,"open"
46772,HH2_window_1,2024-09-13T08:29:32,,,,,,"open",,"dc16a396614bc460d",801,,"high",3745,,"H2","","HH_Window_receiver",1,"HH2_window_1",,1726208972638,"open"
46783,HH2_window_1,2024-09-13T08:39:26,,,,,,"open",,"dc16a396614bc460d",152,,"high",3827,,"H2","","HH_Window_receiver",1,"HH2_window_1",,1726208972638,"open"
46784,HH2_window_1,2024-09-13T08:39:26,,,,,,"open",,"dc16a396614bc460d",152,,"high",3827,,"H2","","HH_Window_receiver",1,"HH2_window_1",,1726209566281,"open"
46793,HH2_window_1,2024-09-13T08:49:22,,,,,,"open",,"dc16a396614bc460d",204,,"high",3888,,"H2","","HH_Window_receiver",1,"HH2_window_1",,1726209566281,"open"
46794,HH2_window_1,2024-09-13T08:49:22,,,,,,"open",,"dc16a396614bc460d",204,,"high",3888,,"H2","","HH_Window_receiver",1,"HH2_window_1",,1726210162464,"open"
46813,HH2_window_1,2024-09-13T09:09:15,,,,,,"open",,"dc16a396614bc460d",800,,"high",3986,,"H2","","HH_Window_receiver",1,"HH2_window_1",,1726210162464,"open"
46814,HH2_window_1,2024-09-13T09:09:15,,,,,,"open",,"dc16a396614bc460d",800,,"high",3986,,"H2","","HH_Window_receiver",1,"HH2_window_1",,1726211355178,"open"
46823,HH2_window_1,2024-09-13T09:19:11,,,,,,"open",,"dc16a396614bc460d",208,,"high",4025,,"H2","","HH_Window_receiver",1,"HH2_window_1",,1726211355178,"open"
46824,HH2_window_1,2024-09-13T09:19:11,,,,,,"open",,"dc16a396614bc460d",208,,"high",4025,,"H2","","HH_Window_receiver",1,"HH2_window_1",,1726211951126,"open"
46825,HH3_outdoor,2024-09-13T09:20:23,,,,,,,,"d68557ec7afd14385",,,,,,"H3","","HH_outdoor_temp",,"HH3_outdoor",9.875,1726208529943,
46826,HH3_outdoor,2024-09-13T09:20:24,,,,,,,,"d68557ec7afd14385",,,,,,"H3","","HH_outdoor_temp",,"HH3_outdoor",9.875,1726212023900,
46843,HH2_window_1,2024-09-13T09:39:04,,,,,,"open",,"dc16a396614bc460d",220,,"high",4083,,"H2","","HH_Window_receiver",1,"HH2_window_1",,1726211951126,"open"
46844,HH2_window_1,2024-09-13T09:39:04,,,,,,"open",,"dc16a396614bc460d",220,,"high",4083,,"H2","","HH_Window_receiver",1,"HH2_window_1",,1726213144046,"open"
46865,HH2_window_1,2024-09-13T09:58:56,,,,,,"open",,"dc16a396614bc460d",101,,"high",4095,,"H2","","HH_Window_receiver",1,"HH2_window_1",,1726213144046,"open"
46866,HH2_window_1,2024-09-13T09:58:56,,,,,,"open",,"dc16a396614bc460d",101,,"high",4095,,"H2","","HH_Window_receiver",1,"HH2_window_1",,1726214336617,"open"
46877,HH2_window_1,2024-09-13T10:08:52,,,,,,"open",,"dc16a396614bc460d",119,,"high",4095,,"H2","","HH_Window_receiver",1,"HH2_window_1",,1726214336617,"open"
46878,HH2_window_1,2024-09-13T10:08:52,,,,,,"open",,"dc16a396614bc460d",119,,"high",4095,,"H2","","HH_Window_receiver",1,"HH2_window_1",,1726214932648,"open"
46885,HH2_window_1,2024-09-13T10:18:48,,,,,,"open",,"dc16a396614bc460d",220,,"high",4095,,"H2","","HH_Window_receiver",1,"HH2_window_1",,1726214932648,"open"
46886,HH2_window_1,2024-09-13T10:18:49,,,,,,"open",,"dc16a396614bc460d",220,,"high",4095,,"H2","","HH_Window_receiver",1,"HH2_window_1",,1726215528859,"open"
46887,HH3_outdoor,2024-09-13T10:19:00,,,,,,,,"d68557ec7afd14385",,,,,,"H3","","HH_outdoor_temp",,"HH3_outdoor",12.75,1726212023900,
46888,HH3_outdoor,2024-09-13T10:19:00,,,,,,,,"d68557ec7afd14385",,,,,,"H3","","HH_outdoor_temp",,"HH3_outdoor",12.75,1726215540754,
46899,HH2_window_1,2024-09-13T10:28:44,,,,,,"open",,"dc16a396614bc460d",213,,"high",4095,,"H2","","HH_Window_receiver",1,"HH2_window_1",,1726215528859,"open"
46900,HH2_window_1,2024-09-13T10:28:44,,,,,,"open",,"dc16a396614bc460d",213,,"high",4095,,"H2","","HH_Window_receiver",1,"HH2_window_1",,1726216124676,"open"
46923,HH2_window_1,2024-09-13T10:58:33,,,,,,"open",,"dc16a396614bc460d",170,,"high",4095,,"H2","","HH_Window_receiver",1,"HH2_window_1",,1726216124676,"open"
46924,HH2_window_1,2024-09-13T10:58:33,,,,,,"open",,"dc16a396614bc460d",170,,"high",4095,,"H2","","HH_Window_receiver",1,"HH2_window_1",,1726217913723,"open"
46935,HH2_window_1,2024-09-13T11:08:29,,,,,,"open",,"dc16a396614bc460d",170,,"high",4095,,"H2","","HH_Window_receiver",1,"HH2_window_1",,1726217913723,"open"
46936,HH2_window_1,2024-09-13T11:08:29,,,,,,"open",,"dc16a396614bc460d",170,,"high",4095,,"H2","","HH_Window_receiver",1,"HH2_window_1",,1726218509411,"open"
46945,HH3_outdoor,2024-09-13T11:17:53,,,,,,,,"d68557ec7afd14385",,,,,,"H3","","HH_outdoor_temp",,"HH3_outdoor",14.8125,1726215540754,
46946,HH3_outdoor,2024-09-13T11:17:53,,,,,,,,"d68557ec7afd14385",,,,,,"H3","","HH_outdoor_temp",,"HH3_outdoor",14.8125,1726219072892,
46947,HH2_window_1,2024-09-13T11:18:25,,,,,,"open",,"dc16a396614bc460d",188,,"high",4095,,"H2","","HH_Window_receiver",1,"HH2_window_1",,1726218509411,"open"
46948,HH2_window_1,2024-09-13T11:18:25,,,,,,"open",,"dc16a396614bc460d",188,,"high",4095,,"H2","","HH_Window_receiver",1,"HH2_window_1",,1726219105489,"open"
46955,HH2_window_1,2024-09-13T11:28:21,,,,,,"open",,"dc16a396614bc460d",799,,"high",3935,,"H2","","HH_Window_receiver",1,"HH2_window_1",,1726219105489,"open"
46956,HH2_window_1,2024-09-13T11:28:21,,,,,,"open",,"dc16a396614bc460d",799,,"high",3935,,"H2","","HH_Window_receiver",1,"HH2_window_1",,1726219701049,"open"
46963,HH2_window_1,2024-09-13T11:38:17,,,,,,"open",,"dc16a396614bc460d",222,,"high",4095,,"H2","","HH_Window_receiver",1,"HH2_window_1",,1726219701049,"open"
46964,HH2_window_1,2024-09-13T11:38:17,,,,,,"open",,"dc16a396614bc460d",222,,"high",4095,,"H2","","HH_Window_receiver",1,"HH2_window_1",,1726220296973,"open"
46969,HH2_window_1,2024-09-13T11:48:12,,,,,,"open",,"dc16a396614bc460d",423,,"high",3541,,"H2","","HH_Window_receiver",1,"HH2_window_1",,1726220296973,"open"
46970,HH2_window_1,2024-09-13T11:48:12,,,,,,"open",,"dc16a396614bc460d",423,,"high",3541,,"H2","","HH_Window_receiver",1,"HH2_window_1",,1726220892124,"open"
46979,HH2_window_1,2024-09-13T11:58:06,,,,,,"open",,"dc16a396614bc460d",242,,"high",3335,,"H2","","HH_Window_receiver",1,"HH2_window_1",,1726220892124,"open"
46980,HH2_window_1,2024-09-13T11:58:06,,,,,,"open",,"dc16a396614bc460d",242,,"high",3335,,"H2","","HH_Window_receiver",1,"HH2_window_1",,1726221486602,"open"
46993,HH3_outdoor,2024-09-13T12:16:44,,,,,,,,"d68557ec7afd14385",,,,,,"H3","","HH_outdoor_temp",,"HH3_outdoor",14.875,1726219072892,
46994,HH3_outdoor,2024-09-13T12:16:44,,,,,,,,"d68557ec7afd14385",,,,,,"H3","","HH_outdoor_temp",,"HH3_outdoor",14.875,1726222603894,
46995,HH2_window_1,2024-09-13T12:17:56,,,,,,"open",,"dc16a396614bc460d",248,,"high",3143,,"H2","","HH_Window_receiver",1,"HH2_window_1",,1726221486602,"open"
46996,HH2_window_1,2024-09-13T12:17:56,,,,,,"open",,"dc16a396614bc460d",248,,"high",3143,,"H2","","HH_Window_receiver",1,"HH2_window_1",,1726222676770,"open"
47003,HH2_window_1,2024-09-13T12:27:52,,,,,,"open",,"dc16a396614bc460d",185,,"high",3248,,"H2","","HH_Window_receiver",1,"HH2_window_1",,1726222676770,"open"
47004,HH2_window_1,2024-09-13T12:27:52,,,,,,"open",,"dc16a396614bc460d",185,,"high",3248,,"H2","","HH_Window_receiver",1,"HH2_window_1",,1726223271922,"open"
47015,HH2_window_1,2024-09-13T12:47:56,,,,,,"open",,"dc16a396614bc460d",563,,"high",3185,,"H2","","HH_Window_receiver",1,"HH2_window_1",,1726223271922,"open"
47016,HH2_window_1,2024-09-13T12:47:56,,,,,,"open",,"dc16a396614bc460d",563,,"high",3185,,"H2","","HH_Window_receiver",1,"HH2_window_1",,1726224476412,"open"
47022,HH2_window_1,2024-09-13T12:57:51,,,,,,"open",,"dc16a396614bc460d",311,,"high",3767,,"H2","","HH_Window_receiver",1,"HH2_window_1",,1726224476412,"open"
47023,HH2_window_1,2024-09-13T12:57:51,,,,,,"open",,"dc16a396614bc460d",311,,"high",3767,,"H2","","HH_Window_receiver",1,"HH2_window_1",,1726225071562,"open"
47034,HH2_window_1,2024-09-13T13:07:48,,,,,,"open",,"dc16a396614bc460d",184,,"high",3739,,"H2","","HH_Window_receiver",1,"HH2_window_1",,1726225071562,"open"
47035,HH2_window_1,2024-09-13T13:07:48,,,,,,"open",,"dc16a396614bc460d",184,,"high",3739,,"H2","","HH_Window_receiver",1,"HH2_window_1",,1726225667972,"open"
47046,HH2_window_1,2024-09-13T13:17:43,,,,,,"open",,"dc16a396614bc460d",209,,"high",2827,,"H2","","HH_Window_receiver",1,"HH2_window_1",,1726225667972,"open"
47047,HH2_window_1,2024-09-13T13:17:43,,,,,,"open",,"dc16a396614bc460d",209,,"high",2827,,"H2","","HH_Window_receiver",1,"HH2_window_1",,1726226263659,"open"
47058,HH2_window_1,2024-09-13T13:27:38,,,,,,"open",,"dc16a396614bc460d",83,,"high",2399,,"H2","","HH_Window_receiver",1,"HH2_window_1",,1726226263659,"open"
47059,HH2_window_1,2024-09-13T13:27:38,,,,,,"open",,"dc16a396614bc460d",83,,"high",2399,,"H2","","HH_Window_receiver",1,"HH2_window_1",,1726226858176,"open"
47068,HH2_window_1,2024-09-13T13:37:33,,,,,,"open",,"dc16a396614bc460d",242,,"high",2537,,"H2","","HH_Window_receiver",1,"HH2_window_1",,1726226858176,"open"
47069,HH2_window_1,2024-09-13T13:37:33,,,,,,"open",,"dc16a396614bc460d",242,,"high",2537,,"H2","","HH_Window_receiver",1,"HH2_window_1",,1726227453712,"open"
47078,HH2_window_1,2024-09-13T13:47:29,,,,,,"open",,"dc16a396614bc460d",800,,"high",2992,,"H2","","HH_Window_receiver",1,"HH2_window_1",,1726227453712,"open"
47079,HH2_window_1,2024-09-13T13:47:29,,,,,,"open",,"dc16a396614bc460d",800,,"high",2992,,"H2","","HH_Window_receiver",1,"HH2_window_1",,1726228049088,"open"
47090,HH2_window_1,2024-09-13T13:57:29,,,,,,"open",,"dc16a396614bc460d",203,,"high",3137,,"H2","","HH_Window_receiver",1,"HH2_window_1",,1726228049088,"open"
47091,HH2_window_1,2024-09-13T13:57:29,,,,,,"open",,"dc16a396614bc460d",203,,"high",3137,,"H2","","HH_Window_receiver",1,"HH2_window_1",,1726228649088,"open"
47100,HH2_window_1,2024-09-13T14:07:22,,,,,,"open",,"dc16a396614bc460d",186,,"high",3158,,"H2","","HH_Window_receiver",1,"HH2_window_1",,1726228649088,"open"
47101,HH2_window_1,2024-09-13T14:07:22,,,,,,"open",,"dc16a396614bc460d",186,,"high",3158,,"H2","","HH_Window_receiver",1,"HH2_window_1",,1726229242139,"open"
47106,HH3_outdoor,2024-09-13T14:14:11,,,,,,,,"d68557ec7afd14385",,,,,,"H3","","HH_outdoor_temp",,"HH3_outdoor",13.6875,1726222603894,
47107,HH3_outdoor,2024-09-13T14:14:11,,,,,,,,"d68557ec7afd14385",,,,,,"H3","","HH_outdoor_temp",,"HH3_outdoor",13.6875,1726229651792,
47110,HH2_window_1,2024-09-13T14:17:18,,,,,,"open",,"dc16a396614bc460d",203,,"high",3136,,"H2","","HH_Window_receiver",1,"HH2_window_1",,1726229242139,"open"
47111,HH2_window_1,2024-09-13T14:17:18,,,,,,"open",,"dc16a396614bc460d",203,,"high",3136,,"H2","","HH_Window_receiver",1,"HH2_window_1",,1726229837926,"open"
47120,HH2_window_1,2024-09-13T14:27:13,,,,,,"open",,"dc16a396614bc460d",153,,"high",3247,,"H2","","HH_Window_receiver",1,"HH2_window_1",,1726229837926,"open"
47121,HH2_window_1,2024-09-13T14:27:13,,,,,,"open",,"dc16a396614bc460d",153,,"high",3247,,"H2","","HH_Window_receiver",1,"HH2_window_1",,1726230433771,"open"
47156,HH3_outdoor,2024-09-13T15:13:04,,,,,,,,"d68557ec7afd14385",,,,,,"H3","","HH_outdoor_temp",,"HH3_outdoor",14.3125,1726229651792,
47157,HH3_outdoor,2024-09-13T15:13:04,,,,,,,,"d68557ec7afd14385",,,,,,"H3","","HH_outdoor_temp",,"HH3_outdoor",14.3125,1726233184632,
47203,HH3_outdoor,2024-09-13T16:11:57,,,,,,,,"d68557ec7afd14385",,,,,,"H3","","HH_outdoor_temp",,"HH3_outdoor",15.125,1726233184632,
47204,HH3_outdoor,2024-09-13T16:11:57,,,,,,,,"d68557ec7afd14385",,,,,,"H3","","HH_outdoor_temp",,"HH3_outdoor",15.125,1726236717343,
47239,HH2_window_1,2024-09-13T17:02:02,,,,,,"open",,"dc16a396614bc460d",153,,"high",3247,,"H2","sent","HH_Window_receiver",1,"HH2_window_1",,1726239722696,"open"
47250,HH3_outdoor,2024-09-13T17:10:50,,,,,,,,"d68557ec7afd14385",,,,,,"H3","","HH_outdoor_temp",,"HH3_outdoor",16.0625,1726236717343,
47251,HH3_outdoor,2024-09-13T17:10:50,,,,,,,,"d68557ec7afd14385",,,,,,"H3","","HH_outdoor_temp",,"HH3_outdoor",16.0625,1726240250714,
47316,HH3_outdoor,2024-09-13T18:09:40,,,,,,,,"d68557ec7afd14385",,,,,,"H3","","HH_outdoor_temp",,"HH3_outdoor",15.375,1726240250714,
47317,HH3_outdoor,2024-09-13T18:09:40,,,,,,,,"d68557ec7afd14385",,,,,,"H3","","HH_outdoor_temp",,"HH3_outdoor",15.375,1726243780654,
47378,HH3_outdoor,2024-09-13T19:08:23,,,,,,,,"d68557ec7afd14385",,,,,,"H3","","HH_outdoor_temp",,"HH3_outdoor",14.625,1726243780654,
47379,HH3_outdoor,2024-09-13T19:08:24,,,,,,,,"d68557ec7afd14385",,,,,,"H3","","HH_outdoor_temp",,"HH3_outdoor",14.625,1726247303822,
47442,HH3_outdoor,2024-09-13T20:07:06,,,,,,,,"d68557ec7afd14385",,,,,,"H3","","HH_outdoor_temp",,"HH3_outdoor",13,1726247303822,
47443,HH3_outdoor,2024-09-13T20:07:07,,,,,,,,"d68557ec7afd14385",,,,,,"H3","","HH_outdoor_temp",,"HH3_outdoor",13,1726250826841,
47508,HH3_outdoor,2024-09-13T21:05:40,,,,,,,,"d68557ec7afd14385",,,,,,"H3","","HH_outdoor_temp",,"HH3_outdoor",11.5,1726250826841,
47509,HH3_outdoor,2024-09-13T21:05:40,,,,,,,,"d68557ec7afd14385",,,,,,"H3","","HH_outdoor_temp",,"HH3_outdoor",11.5,1726254340260,
47578,HH3_outdoor,2024-09-13T22:03:23,,,,,,,,"d68557ec7afd14385",,,,,,"H3","","HH_outdoor_temp",,"HH3_outdoor",10.4375,1726254340260,
47579,HH3_outdoor,2024-09-13T22:03:24,,,,,,,,"d68557ec7afd14385",,,,,,"H3","","HH_outdoor_temp",,"HH3_outdoor",10.4375,1726257803905,
47640,HH3_outdoor,2024-09-13T23:01:16,,,,,,,,"d68557ec7afd14385",,,,,,"H3","","HH_outdoor_temp",,"HH3_outdoor",9.9375,1726257803905,
47641,HH3_outdoor,2024-09-13T23:01:16,,,,,,,,"d68557ec7afd14385",,,,,,"H3","","HH_outdoor_temp",,"HH3_outdoor",9.9375,1726261276147,
47708,HH3_outdoor,2024-09-14T00:00:01,,,,,,,,"d68557ec7afd14385",,,,,,"H3","","HH_outdoor_temp",,"HH3_outdoor",9.625,1726261276147,
47709,HH3_outdoor,2024-09-14T00:00:01,,,,,,,,"d68557ec7afd14385",,,,,,"H3","","HH_outdoor_temp",,"HH3_outdoor",9.625,1726264801398,
47768,HH3_outdoor,2024-09-14T00:58:45,,,,,,,,"d68557ec7afd14385",,,,,,"H3","","HH_outdoor_temp",,"HH3_outdoor",8.8125,1726264801398,
47769,HH3_outdoor,2024-09-14T00:58:45,,,,,,,,"d68557ec7afd14385",,,,,,"H3","","HH_outdoor_temp",,"HH3_outdoor",8.8125,1726268325146,
47824,HH3_outdoor,2024-09-14T01:57:26,,,,,,,,"d68557ec7afd14385",,,,,,"H3","","HH_outdoor_temp",,"HH3_outdoor",8.3125,1726268325146,
47825,HH3_outdoor,2024-09-14T01:57:26,,,,,,,,"d68557ec7afd14385",,,,,,"H3","","HH_outdoor_temp",,"HH3_outdoor",8.3125,1726271846777,
47886,HH3_outdoor,2024-09-14T02:56:28,,,,,,,,"d68557ec7afd14385",,,,,,"H3","","HH_outdoor_temp",,"HH3_outdoor",8.5625,1726271846777,
47887,HH3_outdoor,2024-09-14T02:56:28,,,,,,,,"d68557ec7afd14385",,,,,,"H3","","HH_outdoor_temp",,"HH3_outdoor",8.5625,1726275388088,
47940,HH3_outdoor,2024-09-14T03:54:42,,,,,,,,"d68557ec7afd14385",,,,,,"H3","","HH_outdoor_temp",,"HH3_outdoor",8.875,1726275388088,
47941,HH3_outdoor,2024-09-14T03:54:42,,,,,,,,"d68557ec7afd14385",,,,,,"H3","","HH_outdoor_temp",,"HH3_outdoor",8.875,1726278882529,
48004,HH3_outdoor,2024-09-14T04:52:36,,,,,,,,"d68557ec7afd14385",,,,,,"H3","","HH_outdoor_temp",,"HH3_outdoor",9.5625,1726278882529,
48005,HH3_outdoor,2024-09-14T04:52:36,,,,,,,,"d68557ec7afd14385",,,,,,"H3","","HH_outdoor_temp",,"HH3_outdoor",9.5625,1726282356111,
48068,HH3_outdoor,2024-09-14T05:51:11,,,,,,,,"d68557ec7afd14385",,,,,,"H3","","HH_outdoor_temp",,"HH3_outdoor",9.0625,1726282356111,
48069,HH3_outdoor,2024-09-14T05:51:11,,,,,,,,"d68557ec7afd14385",,,,,,"H3","","HH_outdoor_temp",,"HH3_outdoor",9.0625,1726285871417,
48124,HH3_outdoor,2024-09-14T06:50:06,,,,,,,,"d68557ec7afd14385",,,,,,"H3","","HH_outdoor_temp",,"HH3_outdoor",8.375,1726285871417,
48125,HH3_outdoor,2024-09-14T06:50:06,,,,,,,,"d68557ec7afd14385",,,,,,"H3","","HH_outdoor_temp",,"HH3_outdoor",8.375,1726289406733,
48176,HH3_outdoor,2024-09-14T07:48:05,,,,,,,,"d68557ec7afd14385",,,,,,"H3","","HH_outdoor_temp",,"HH3_outdoor",8.0625,1726289406733,
48177,HH3_outdoor,2024-09-14T07:48:05,,,,,,,,"d68557ec7afd14385",,,,,,"H3","","HH_outdoor_temp",,"HH3_outdoor",8.0625,1726292885729,
48302,HH3_outdoor,2024-09-14T09:45:22,,,,,,,,"d68557ec7afd14385",,,,,,"H3","","HH_outdoor_temp",,"HH3_outdoor",11.625,1726292885729,
48303,HH3_outdoor,2024-09-14T09:45:22,,,,,,,,"d68557ec7afd14385",,,,,,"H3","","HH_outdoor_temp",,"HH3_outdoor",11.625,1726299922406,
48378,HH3_outdoor,2024-09-14T10:43:39,,,,,,,,"d68557ec7afd14385",,,,,,"H3","","HH_outdoor_temp",,"HH3_outdoor",13.625,1726299922406,
48379,HH3_outdoor,2024-09-14T10:43:39,,,,,,,,"d68557ec7afd14385",,,,,,"H3","","HH_outdoor_temp",,"HH3_outdoor",13.625,1726303419144,
48450,HH3_outdoor,2024-09-14T11:42:25,,,,,,,,"d68557ec7afd14385",,,,,,"H3","","HH_outdoor_temp",,"HH3_outdoor",15.0625,1726303419144,
48451,HH3_outdoor,2024-09-14T11:42:25,,,,,,,,"d68557ec7afd14385",,,,,,"H3","","HH_outdoor_temp",,"HH3_outdoor",15.0625,1726306945709,
48526,HH3_outdoor,2024-09-14T12:40:50,,,,,,,,"d68557ec7afd14385",,,,,,"H3","","HH_outdoor_temp",,"HH3_outdoor",16.0625,1726306945709,
48527,HH3_outdoor,2024-09-14T12:40:50,,,,,,,,"d68557ec7afd14385",,,,,,"H3","","HH_outdoor_temp",,"HH3_outdoor",16.0625,1726310450093,
48592,HH3_outdoor,2024-09-14T13:39:09,,,,,,,,"d68557ec7afd14385",,,,,,"H3","","HH_outdoor_temp",,"HH3_outdoor",16,1726310450093,
48593,HH3_outdoor,2024-09-14T13:39:09,,,,,,,,"d68557ec7afd14385",,,,,,"H3","","HH_outdoor_temp",,"HH3_outdoor",16,1726313949083,
48672,HH3_outdoor,2024-09-14T14:37:59,,,,,,,,"d68557ec7afd14385",,,,,,"H3","","HH_outdoor_temp",,"HH3_outdoor",16.1875,1726313949083,
48673,HH3_outdoor,2024-09-14T14:37:59,,,,,,,,"d68557ec7afd14385",,,,,,"H3","","HH_outdoor_temp",,"HH3_outdoor",16.1875,1726317479106,
48738,HH3_outdoor,2024-09-14T15:36:39,,,,,,,,"d68557ec7afd14385",,,,,,"H3","","HH_outdoor_temp",,"HH3_outdoor",16.75,1726317479106,
48739,HH3_outdoor,2024-09-14T15:36:39,,,,,,,,"d68557ec7afd14385",,,,,,"H3","","HH_outdoor_temp",,"HH3_outdoor",16.75,1726320999041,
48812,HH3_outdoor,2024-09-14T16:35:38,,,,,,,,"d68557ec7afd14385",,,,,,"H3","","HH_outdoor_temp",,"HH3_outdoor",19.6875,1726320999041,
48813,HH3_outdoor,2024-09-14T16:35:38,,,,,,,,"d68557ec7afd14385",,,,,,"H3","","HH_outdoor_temp",,"HH3_outdoor",19.6875,1726324538079,
48876,HH3_outdoor,2024-09-14T17:34:28,,,,,,,,"d68557ec7afd14385",,,,,,"H3","","HH_outdoor_temp",,"HH3_outdoor",17.9375,1726324538079,
48877,HH3_outdoor,2024-09-14T17:34:28,,,,,,,,"d68557ec7afd14385",,,,,,"H3","","HH_outdoor_temp",,"HH3_outdoor",17.9375,1726328068256,
48936,HH3_outdoor,2024-09-14T18:33:16,,,,,,,,"d68557ec7afd14385",,,,,,"H3","","HH_outdoor_temp",,"HH3_outdoor",16.5,1726328068256,
48937,HH3_outdoor,2024-09-14T18:33:16,,,,,,,,"d68557ec7afd14385",,,,,,"H3","","HH_outdoor_temp",,"HH3_outdoor",16.5,1726331595953,
49008,HH3_outdoor,2024-09-14T19:31:49,,,,,,,,"d68557ec7afd14385",,,,,,"H3","","HH_outdoor_temp",,"HH3_outdoor",13.8125,1726331595953,
49009,HH3_outdoor,2024-09-14T19:31:49,,,,,,,,"d68557ec7afd14385",,,,,,"H3","","HH_outdoor_temp",,"HH3_outdoor",13.8125,1726335109436,
50352,HH3_outdoor,2024-09-15T14:41:57,,,,,,,,"d68557ec7afd14385",,,,,,"H3","","HH_outdoor_temp",,"HH3_outdoor",20,1726335109436,
50353,HH3_outdoor,2024-09-15T14:41:57,,,,,,,,"d68557ec7afd14385",,,,,,"H3","","HH_outdoor_temp",,"HH3_outdoor",20,1726404116988,
50438,HH3_outdoor,2024-09-15T15:40:11,,,,,,,,"d68557ec7afd14385",,,,,,"H3","","HH_outdoor_temp",,"HH3_outdoor",21.0625,1726404116988,
50439,HH3_outdoor,2024-09-15T15:40:11,,,,,,,,"d68557ec7afd14385",,,,,,"H3","","HH_outdoor_temp",,"HH3_outdoor",21.0625,1726407610993,
50520,HH3_outdoor,2024-09-15T16:39:08,,,,,,,,"d68557ec7afd14385",,,,,,"H3","","HH_outdoor_temp",,"HH3_outdoor",21.3125,1726407610993,
50521,HH3_outdoor,2024-09-15T16:39:08,,,,,,,,"d68557ec7afd14385",,,,,,"H3","","HH_outdoor_temp",,"HH3_outdoor",21.3125,1726411148221,
50582,HH3_outdoor,2024-09-15T17:37:50,,,,,,,,"d68557ec7afd14385",,,,,,"H3","","HH_outdoor_temp",,"HH3_outdoor",21.125,1726411148221,
50583,HH3_outdoor,2024-09-15T17:37:51,,,,,,,,"d68557ec7afd14385",,,,,,"H3","","HH_outdoor_temp",,"HH3_outdoor",21.125,1726414670891,
50648,HH3_outdoor,2024-09-15T18:36:38,,,,,,,,"d68557ec7afd14385",,,,,,"H3","","HH_outdoor_temp",,"HH3_outdoor",20.5,1726414670891,
50649,HH3_outdoor,2024-09-15T18:36:38,,,,,,,,"d68557ec7afd14385",,,,,,"H3","","HH_outdoor_temp",,"HH3_outdoor",20.5,1726418198205,
50704,HH3_outdoor,2024-09-15T19:35:45,,,,,,,,"d68557ec7afd14385",,,,,,"H3","","HH_outdoor_temp",,"HH3_outdoor",19.0625,1726418198205,
50705,HH3_outdoor,2024-09-15T19:35:45,,,,,,,,"d68557ec7afd14385",,,,,,"H3","","HH_outdoor_temp",,"HH3_outdoor",19.0625,1726421745404,
50786,HH3_outdoor,2024-09-15T20:33:56,,,,,,,,"d68557ec7afd14385",,,,,,"H3","","HH_outdoor_temp",,"HH3_outdoor",17.5,1726421745404,
50787,HH3_outdoor,2024-09-15T20:33:56,,,,,,,,"d68557ec7afd14385",,,,,,"H3","","HH_outdoor_temp",,"HH3_outdoor",17.5,1726425236250,
50860,HH3_outdoor,2024-09-15T21:32:45,,,,,,,,"d68557ec7afd14385",,,,,,"H3","","HH_outdoor_temp",,"HH3_outdoor",16.3125,1726425236250,
50861,HH3_outdoor,2024-09-15T21:32:45,,,,,,,,"d68557ec7afd14385",,,,,,"H3","","HH_outdoor_temp",,"HH3_outdoor",16.3125,1726428765029,
50920,HH3_outdoor,2024-09-15T22:32:00,,,,,,,,"d68557ec7afd14385",,,,,,"H3","","HH_outdoor_temp",,"HH3_outdoor",15.4375,1726428765029,
50921,HH3_outdoor,2024-09-15T22:32:00,,,,,,,,"d68557ec7afd14385",,,,,,"H3","","HH_outdoor_temp",,"HH3_outdoor",15.4375,1726432320284,
50982,HH3_outdoor,2024-09-15T23:29:57,,,,,,,,"d68557ec7afd14385",,,,,,"H3","","HH_outdoor_temp",,"HH3_outdoor",14.875,1726432320284,
50983,HH3_outdoor,2024-09-15T23:29:57,,,,,,,,"d68557ec7afd14385",,,,,,"H3","","HH_outdoor_temp",,"HH3_outdoor",14.875,1726435797608,
51114,HH3_outdoor,2024-09-16T01:28:01,,,,,,,,"d68557ec7afd14385",,,,,,"H3","","HH_outdoor_temp",,"HH3_outdoor",13.8125,1726435797608,
51115,HH3_outdoor,2024-09-16T01:28:01,,,,,,,,"d68557ec7afd14385",,,,,,"H3","","HH_outdoor_temp",,"HH3_outdoor",13.8125,1726442881634,
51194,HH3_outdoor,2024-09-16T02:25:55,,,,,,,,"d68557ec7afd14385",,,,,,"H3","","HH_outdoor_temp",,"HH3_outdoor",13.125,1726442881634,
51195,HH3_outdoor,2024-09-16T02:25:55,,,,,,,,"d68557ec7afd14385",,,,,,"H3","","HH_outdoor_temp",,"HH3_outdoor",13.125,1726446355228,
51268,HH3_outdoor,2024-09-16T03:24:50,,,,,,,,"d68557ec7afd14385",,,,,,"H3","","HH_outdoor_temp",,"HH3_outdoor",12.5,1726446355228,
51269,HH3_outdoor,2024-09-16T03:24:50,,,,,,,,"d68557ec7afd14385",,,,,,"H3","","HH_outdoor_temp",,"HH3_outdoor",12.5,1726449890350,
51340,HH3_outdoor,2024-09-16T04:23:45,,,,,,,,"d68557ec7afd14385",,,,,,"H3","","HH_outdoor_temp",,"HH3_outdoor",11.875,1726449890350,
51341,HH3_outdoor,2024-09-16T04:23:45,,,,,,,,"d68557ec7afd14385",,,,,,"H3","","HH_outdoor_temp",,"HH3_outdoor",11.875,1726453425139,
51404,HH3_outdoor,2024-09-16T05:23:12,,,,,,,,"d68557ec7afd14385",,,,,,"H3","","HH_outdoor_temp",,"HH3_outdoor",11.375,1726453425139,
51405,HH3_outdoor,2024-09-16T05:23:12,,,,,,,,"d68557ec7afd14385",,,,,,"H3","","HH_outdoor_temp",,"HH3_outdoor",11.375,1726456992298,
51482,HH3_outdoor,2024-09-16T06:21:17,,,,,,,,"d68557ec7afd14385",,,,,,"H3","","HH_outdoor_temp",,"HH3_outdoor",10.8125,1726456992298,
51483,HH3_outdoor,2024-09-16T06:21:18,,,,,,,,"d68557ec7afd14385",,,,,,"H3","","HH_outdoor_temp",,"HH3_outdoor",10.8125,1726460477829,
54208,HH1_windowdoor_4,2024-09-17T19:45:20,,,,,,,,"ddddff4020d564cc2",,,,,,"H1","","HH_Window_receiver",1,"HH1_windowdoor_4",,1726594522958,"open"
54209,HH1_windowdoor_4,2024-09-17T19:45:21,,,,,,,,"ddddff4020d564cc2",,,,,,"H1","","HH_Window_receiver",1,"HH1_windowdoor_4",,1726595120878,"open"
54236,HH1_windowdoor_4,2024-09-17T20:05:15,,,,,,,,"ddddff4020d564cc2",,,,,,"H1","","HH_Window_receiver",1,"HH1_windowdoor_4",,1726595120878,"open"
54237,HH1_windowdoor_4,2024-09-17T20:05:15,,,,,,,,"ddddff4020d564cc2",,,,,,"H1","","HH_Window_receiver",1,"HH1_windowdoor_4",,1726596315129,"open"
54280,HH1_windowdoor_4,2024-09-17T20:35:03,,,,,,,,"ddddff4020d564cc2",,,,,,"H1","","HH_Window_receiver",1,"HH1_windowdoor_4",,1726596315129,"open"
54281,HH1_windowdoor_4,2024-09-17T20:35:03,,,,,,,,"ddddff4020d564cc2",,,,,,"H1","","HH_Window_receiver",1,"HH1_windowdoor_4",,1726598103273,"open"
54292,HH1_windowdoor_4,2024-09-17T20:44:58,,,,,,,,"ddddff4020d564cc2",,,,,,"H1","","HH_Window_receiver",1,"HH1_windowdoor_4",,1726598103273,"open"
54293,HH1_windowdoor_4,2024-09-17T20:44:58,,,,,,,,"ddddff4020d564cc2",,,,,,"H1","","HH_Window_receiver",1,"HH1_windowdoor_4",,1726598698640,"open"
54306,HH1_windowdoor_4,2024-09-17T20:54:54,,,,,,,,"ddddff4020d564cc2",,,,,,"H1","","HH_Window_receiver",1,"HH1_windowdoor_4",,1726598698640,"open"
54307,HH1_windowdoor_4,2024-09-17T20:54:54,,,,,,,,"ddddff4020d564cc2",,,,,,"H1","","HH_Window_receiver",1,"HH1_windowdoor_4",,1726599293985,"open"
54344,HH1_windowdoor_4,2024-09-17T21:24:39,,,,,,,,"ddddff4020d564cc2",,,,,,"H1","","HH_Window_receiver",1,"HH1_windowdoor_4",,1726599293985,"open"
54345,HH1_windowdoor_4,2024-09-17T21:24:39,,,,,,,,"ddddff4020d564cc2",,,,,,"H1","","HH_Window_receiver",1,"HH1_windowdoor_4",,1726601079548,"open"
54360,HH1_windowdoor_4,2024-09-17T21:34:45,,,,,,,,"ddddff4020d564cc2",,,,,,"H1","","HH_Window_receiver",1,"HH1_windowdoor_4",,1726601079548,"open"
54361,HH1_windowdoor_4,2024-09-17T21:34:45,,,,,,,,"ddddff4020d564cc2",,,,,,"H1","","HH_Window_receiver",1,"HH1_windowdoor_4",,1726601684947,"open"
54376,HH1_windowdoor_4,2024-09-17T21:44:38,,,,,,,,"ddddff4020d564cc2",,,,,,"H1","","HH_Window_receiver",1,"HH1_windowdoor_4",,1726601684947,"open"
54377,HH1_windowdoor_4,2024-09-17T21:44:38,,,,,,,,"ddddff4020d564cc2",,,,,,"H1","","HH_Window_receiver",1,"HH1_windowdoor_4",,1726602278643,"open"
54392,HH1_windowdoor_4,2024-09-17T21:54:37,,,,,,,,"ddddff4020d564cc2",,,,,,"H1","","HH_Window_receiver",1,"HH1_windowdoor_4",,1726602278643,"open"
54393,HH1_windowdoor_4,2024-09-17T21:54:37,,,,,,,,"ddddff4020d564cc2",,,,,,"H1","","HH_Window_receiver",1,"HH1_windowdoor_4",,1726602877351,"open"
54396,HH1_window_1,2024-09-17T21:54:58,,,,,,"closed",,"dd06e659185134c30",4,,"low",0,,"H1","","HH_Window_receiver",1,"HH1_window_1",,1726602304783,"open"
54397,HH1_window_1,2024-09-17T21:54:58,,,,,,"closed",,"dd06e659185134c30",4,,"low",0,,"H1","","HH_Window_receiver",1,"HH1_window_1",,1726602898173,"open"
54408,HH1_windowdoor_4,2024-09-17T22:04:42,,,,,,,,"ddddff4020d564cc2",,,,,,"H1","","HH_Window_receiver",1,"HH1_windowdoor_4",,1726602877351,"open"
54409,HH1_windowdoor_4,2024-09-17T22:04:42,,,,,,,,"ddddff4020d564cc2",,,,,,"H1","","HH_Window_receiver",1,"HH1_windowdoor_4",,1726603482265,"open"
54412,HH1_window_1,2024-09-17T22:04:57,,,,,,"closed",,"dd06e659185134c30",4,,"low",0,,"H1","","HH_Window_receiver",1,"HH1_window_1",,1726602898173,"open"
54413,HH1_window_1,2024-09-17T22:04:57,,,,,,"closed",,"dd06e659185134c30",4,,"low",0,,"H1","","HH_Window_receiver",1,"HH1_window_1",,1726603497746,"open"
54426,HH1_windowdoor_4,2024-09-17T22:14:36,,,,,,,,"ddddff4020d564cc2",,,,,,"H1","","HH_Window_receiver",1,"HH1_windowdoor_4",,1726603482265,"open"
54427,HH1_windowdoor_4,2024-09-17T22:14:36,,,,,,,,"ddddff4020d564cc2",,,,,,"H1","","HH_Window_receiver",1,"HH1_windowdoor_4",,1726604076276,"open"
54430,HH1_window_1,2024-09-17T22:14:52,,,,,,"closed",,"dd06e659185134c30",4,,"low",0,,"H1","","HH_Window_receiver",1,"HH1_window_1",,1726603497746,"open"
54431,HH1_window_1,2024-09-17T22:14:52,,,,,,"closed",,"dd06e659185134c30",4,,"low",0,,"H1","","HH_Window_receiver",1,"HH1_window_1",,1726604092491,"open"
54442,HH1_windowdoor_4,2024-09-17T22:24:32,,,,,,,,"ddddff4020d564cc2",,,,,,"H1","","HH_Window_receiver",1,"HH1_windowdoor_4",,1726604076276,"open"
54443,HH1_windowdoor_4,2024-09-17T22:24:32,,,,,,,,"ddddff4020d564cc2",,,,,,"H1","","HH_Window_receiver",1,"HH1_windowdoor_4",,1726604671933,"open"
54446,HH1_window_1,2024-09-17T22:24:48,,,,,,"closed",,"dd06e659185134c30",4,,"low",0,,"H1","","HH_Window_receiver",1,"HH1_window_1",,1726604092491,"open"
54447,HH1_window_1,2024-09-17T22:24:48,,,,,,"closed",,"dd06e659185134c30",4,,"low",0,,"H1","","HH_Window_receiver",1,"HH1_window_1",,1726604688230,"open"
54458,HH1_windowdoor_4,2024-09-17T22:34:31,,,,,,,,"ddddff4020d564cc2",,,,,,"H1","","HH_Window_receiver",1,"HH1_windowdoor_4",,1726604671933,"open"
54459,HH1_windowdoor_4,2024-09-17T22:34:31,,,,,,,,"ddddff4020d564cc2",,,,,,"H1","","HH_Window_receiver",1,"HH1_windowdoor_4",,1726605271281,"open"
54462,HH1_window_1,2024-09-17T22:34:43,,,,,,"closed",,"dd06e659185134c30",4,,"low",0,,"H1","","HH_Window_receiver",1,"HH1_window_1",,1726604688230,"open"
54463,HH1_window_1,2024-09-17T22:34:43,,,,,,"closed",,"dd06e659185134c30",4,,"low",0,,"H1","","HH_Window_receiver",1,"HH1_window_1",,1726605283613,"open"
54474,HH1_windowdoor_4,2024-09-17T22:44:26,,,,,,,,"ddddff4020d564cc2",,,,,,"H1","","HH_Window_receiver",1,"HH1_windowdoor_4",,1726605271281,"open"
54475,HH1_windowdoor_4,2024-09-17T22:44:26,,,,,,,,"ddddff4020d564cc2",,,,,,"H1","","HH_Window_receiver",1,"HH1_windowdoor_4",,1726605866501,"open"
54478,HH1_window_1,2024-09-17T22:44:39,,,,,,"closed",,"dd06e659185134c30",4,,"low",0,,"H1","","HH_Window_receiver",1,"HH1_window_1",,1726605283613,"open"
54479,HH1_window_1,2024-09-17T22:44:39,,,,,,"closed",,"dd06e659185134c30",4,,"low",0,,"H1","","HH_Window_receiver",1,"HH1_window_1",,1726605879222,"open"
54490,HH1_windowdoor_4,2024-09-17T22:54:22,,,,,,,,"ddddff4020d564cc2",,,,,,"H1","","HH_Window_receiver",1,"HH1_windowdoor_4",,1726605866501,"open"
54491,HH1_windowdoor_4,2024-09-17T22:54:22,,,,,,,,"ddddff4020d564cc2",,,,,,"H1","","HH_Window_receiver",1,"HH1_windowdoor_4",,1726606462580,"open"
54494,HH1_window_1,2024-09-17T22:54:34,,,,,,"closed",,"dd06e659185134c30",4,,"low",0,,"H1","","HH_Window_receiver",1,"HH1_window_1",,1726605879222,"open"
54495,HH1_window_1,2024-09-17T22:54:34,,,,,,"closed",,"dd06e659185134c30",4,,"low",0,,"H1","","HH_Window_receiver",1,"HH1_window_1",,1726606474482,"open"
54506,HH1_windowdoor_3,2024-09-17T23:04:26,,,,,,,,"dec96102602e1428f",,,,,,"H1","","HH_Window_receiver",1,"HH1_windowdoor_3",,1726606468584,"open"
54507,HH1_windowdoor_3,2024-09-17T23:04:26,,,,,,,,"dec96102602e1428f",,,,,,"H1","","HH_Window_receiver",1,"HH1_windowdoor_3",,1726607066364,"open"
54508,HH1_windowdoor_4,2024-09-17T23:04:28,,,,,,,,"ddddff4020d564cc2",,,,,,"H1","","HH_Window_receiver",1,"HH1_windowdoor_4",,1726606462580,"open"
54509,HH1_windowdoor_4,2024-09-17T23:04:29,,,,,,,,"ddddff4020d564cc2",,,,,,"H1","","HH_Window_receiver",1,"HH1_windowdoor_4",,1726607068871,"open"
54522,HH1_windowdoor_3,2024-09-17T23:14:21,,,,,,,,"dec96102602e1428f",,,,,,"H1","","HH_Window_receiver",1,"HH1_windowdoor_3",,1726607066364,"open"
54523,HH1_windowdoor_3,2024-09-17T23:14:21,,,,,,,,"dec96102602e1428f",,,,,,"H1","","HH_Window_receiver",1,"HH1_windowdoor_3",,1726607660923,"open"
54524,HH1_windowdoor_4,2024-09-17T23:14:23,,,,,,,,"ddddff4020d564cc2",,,,,,"H1","","HH_Window_receiver",1,"HH1_windowdoor_4",,1726607068871,"open"
54525,HH1_windowdoor_4,2024-09-17T23:14:23,,,,,,,,"ddddff4020d564cc2",,,,,,"H1","","HH_Window_receiver",1,"HH1_windowdoor_4",,1726607663206,"open"
54526,HH1_window_1,2024-09-17T23:14:25,,,,,,"closed",,"dd06e659185134c30",4,,"low",0,,"H1","","HH_Window_receiver",1,"HH1_window_1",,1726606474482,"open"
54527,HH1_window_1,2024-09-17T23:14:25,,,,,,"closed",,"dd06e659185134c30",4,,"low",0,,"H1","","HH_Window_receiver",1,"HH1_window_1",,1726607665727,"open"
54538,HH1_windowdoor_3,2024-09-17T23:24:16,,,,,,,,"dec96102602e1428f",,,,,,"H1","","HH_Window_receiver",1,"HH1_windowdoor_3",,1726607660923,"open"
54539,HH1_windowdoor_3,2024-09-17T23:24:16,,,,,,,,"dec96102602e1428f",,,,,,"H1","","HH_Window_receiver",1,"HH1_windowdoor_3",,1726608256493,"open"
54540,HH1_windowdoor_4,2024-09-17T23:24:22,,,,,,,,"ddddff4020d564cc2",,,,,,"H1","","HH_Window_receiver",1,"HH1_windowdoor_4",,1726607663206,"open"
54541,HH1_windowdoor_4,2024-09-17T23:24:22,,,,,,,,"ddddff4020d564cc2",,,,,,"H1","","HH_Window_receiver",1,"HH1_windowdoor_4",,1726608262313,"open"
54552,HH1_windowdoor_3,2024-09-17T23:34:11,,,,,,,,"dec96102602e1428f",,,,,,"H1","","HH_Window_receiver",1,"HH1_windowdoor_3",,1726608256493,"open"
54553,HH1_windowdoor_3,2024-09-17T23:34:11,,,,,,,,"dec96102602e1428f",,,,,,"H1","","HH_Window_receiver",1,"HH1_windowdoor_3",,1726608851596,"open"
54554,HH1_windowdoor_4,2024-09-17T23:34:16,,,,,,,,"ddddff4020d564cc2",,,,,,"H1","","HH_Window_receiver",1,"HH1_windowdoor_4",,1726608262313,"open"
54555,HH1_windowdoor_4,2024-09-17T23:34:16,,,,,,,,"ddddff4020d564cc2",,,,,,"H1","","HH_Window_receiver",1,"HH1_windowdoor_4",,1726608856529,"open"
54566,HH1_windowdoor_3,2024-09-17T23:44:07,,,,,,,,"dec96102602e1428f",,,,,,"H1","","HH_Window_receiver",1,"HH1_windowdoor_3",,1726608851596,"open"
54567,HH1_windowdoor_3,2024-09-17T23:44:07,,,,,,,,"dec96102602e1428f",,,,,,"H1","","HH_Window_receiver",1,"HH1_windowdoor_3",,1726609447501,"open"
54568,HH1_windowdoor_4,2024-09-17T23:44:12,,,,,,,,"ddddff4020d564cc2",,,,,,"H1","","HH_Window_receiver",1,"HH1_windowdoor_4",,1726608856529,"open"
54569,HH1_windowdoor_4,2024-09-17T23:44:12,,,,,,,,"ddddff4020d564cc2",,,,,,"H1","","HH_Window_receiver",1,"HH1_windowdoor_4",,1726609452565,"open"
54580,HH1_windowdoor_3,2024-09-17T23:54:07,,,,,,,,"dec96102602e1428f",,,,,,"H1","","HH_Window_receiver",1,"HH1_windowdoor_3",,1726609447501,"open"
54581,HH1_windowdoor_3,2024-09-17T23:54:07,,,,,,,,"dec96102602e1428f",,,,,,"H1","","HH_Window_receiver",1,"HH1_windowdoor_3",,1726610046986,"open"
54582,HH1_window_1,2024-09-17T23:54:08,,,,,,"closed",,"dd06e659185134c30",4,,"low",0,,"H1","","HH_Window_receiver",1,"HH1_window_1",,1726607665727,"open"
54583,HH1_window_1,2024-09-17T23:54:08,,,,,,"closed",,"dd06e659185134c30",4,,"low",0,,"H1","","HH_Window_receiver",1,"HH1_window_1",,1726610048451,"open"
54594,HH1_windowdoor_3,2024-09-18T00:04:01,,,,,,,,"dec96102602e1428f",,,,,,"H1","","HH_Window_receiver",1,"HH1_windowdoor_3",,1726610046986,"open"
54595,HH1_windowdoor_3,2024-09-18T00:04:01,,,,,,,,"dec96102602e1428f",,,,,,"H1","","HH_Window_receiver",1,"HH1_windowdoor_3",,1726610641323,"open"
54596,HH1_windowdoor_4,2024-09-18T00:04:13,,,,,,,,"ddddff4020d564cc2",,,,,,"H1","","HH_Window_receiver",1,"HH1_windowdoor_4",,1726609452565,"open"
54597,HH1_windowdoor_4,2024-09-18T00:04:13,,,,,,,,"ddddff4020d564cc2",,,,,,"H1","","HH_Window_receiver",1,"HH1_windowdoor_4",,1726610652889,"open"
54598,HH1_window_1,2024-09-18T00:04:14,,,,,,"closed",,"dd06e659185134c30",4,,"low",0,,"H1","","HH_Window_receiver",1,"HH1_window_1",,1726610048451,"open"
54599,HH1_window_1,2024-09-18T00:04:14,,,,,,"closed",,"dd06e659185134c30",4,,"low",0,,"H1","","HH_Window_receiver",1,"HH1_window_1",,1726610654542,"open"
54612,HH1_windowdoor_3,2024-09-18T00:14:06,,,,,,,,"dec96102602e1428f",,,,,,"H1","","HH_Window_receiver",1,"HH1_windowdoor_3",,1726610641323,"open"
54613,HH1_windowdoor_3,2024-09-18T00:14:06,,,,,,,,"dec96102602e1428f",,,,,,"H1","","HH_Window_receiver",1,"HH1_windowdoor_3",,1726611246101,"open"
54614,HH1_window_1,2024-09-18T00:14:08,,,,,,"closed",,"dd06e659185134c30",4,,"low",0,,"H1","","HH_Window_receiver",1,"HH1_window_1",,1726610654542,"open"
54615,HH1_window_1,2024-09-18T00:14:08,,,,,,"closed",,"dd06e659185134c30",4,,"low",0,,"H1","","HH_Window_receiver",1,"HH1_window_1",,1726611248358,"open"
54626,HH1_windowdoor_4,2024-09-18T00:24:02,,,,,,,,"ddddff4020d564cc2",,,,,,"H1","","HH_Window_receiver",1,"HH1_windowdoor_4",,1726610652889,"open"
54627,HH1_windowdoor_4,2024-09-18T00:24:02,,,,,,,,"ddddff4020d564cc2",,,,,,"H1","","HH_Window_receiver",1,"HH1_windowdoor_4",,1726611842780,"open"
54638,HH1_windowdoor_4,2024-09-18T00:34:01,,,,,,,,"ddddff4020d564cc2",,,,,,"H1","","HH_Window_receiver",1,"HH1_windowdoor_4",,1726611842780,"open"
54639,HH1_windowdoor_4,2024-09-18T00:34:01,,,,,,,,"ddddff4020d564cc2",,,,,,"H1","","HH_Window_receiver",1,"HH1_windowdoor_4",,1726612441788,"open"
54640,HH1_window_1,2024-09-18T00:34:03,,,,,,"closed",,"dd06e659185134c30",4,,"low",0,,"H1","","HH_Window_receiver",1,"HH1_window_1",,1726611248358,"open"
54641,HH1_window_1,2024-09-18T00:34:03,,,,,,"closed",,"dd06e659185134c30",4,,"low",0,,"H1","","HH_Window_receiver",1,"HH1_window_1",,1726612443654,"open"
54652,HH1_windowdoor_4,2024-09-18T00:43:56,,,,,,,,"ddddff4020d564cc2",,,,,,"H1","","HH_Window_receiver",1,"HH1_windowdoor_4",,1726612441788,"open"
54653,HH1_windowdoor_4,2024-09-18T00:43:56,,,,,,,,"ddddff4020d564cc2",,,,,,"H1","","HH_Window_receiver",1,"HH1_windowdoor_4",,1726613036710,"open"
54654,HH1_window_1,2024-09-18T00:43:58,,,,,,"closed",,"dd06e659185134c30",4,,"low",0,,"H1","","HH_Window_receiver",1,"HH1_window_1",,1726612443654,"open"
54655,HH1_window_1,2024-09-18T00:43:58,,,,,,"closed",,"dd06e659185134c30",4,,"low",0,,"H1","","HH_Window_receiver",1,"HH1_window_1",,1726613038321,"open"
54666,HH1_window_1,2024-09-18T00:53:57,,,,,,"closed",,"dd06e659185134c30",4,,"low",0,,"H1","","HH_Window_receiver",1,"HH1_window_1",,1726613038321,"open"
54667,HH1_window_1,2024-09-18T00:53:58,,,,,,"closed",,"dd06e659185134c30",4,,"low",0,,"H1","","HH_Window_receiver",1,"HH1_window_1",,1726613637889,"open"
54668,HH1_windowdoor_3,2024-09-18T00:54:03,,,,,,,,"dec96102602e1428f",,,,,,"H1","","HH_Window_receiver",1,"HH1_windowdoor_3",,1726611246101,"open"
54669,HH1_windowdoor_3,2024-09-18T00:54:03,,,,,,,,"dec96102602e1428f",,,,,,"H1","","HH_Window_receiver",1,"HH1_windowdoor_3",,1726613643790,"open"
54680,HH1_windowdoor_4,2024-09-18T01:03:57,,,,,,,,"ddddff4020d564cc2",,,,,,"H1","","HH_Window_receiver",1,"HH1_windowdoor_4",,1726613036710,"open"
54681,HH1_windowdoor_4,2024-09-18T01:03:58,,,,,,,,"ddddff4020d564cc2",,,,,,"H1","","HH_Window_receiver",1,"HH1_windowdoor_4",,1726614237843,"open"
54682,HH1_window_1,2024-09-18T01:04:02,,,,,,"closed",,"dd06e659185134c30",4,,"low",0,,"H1","","HH_Window_receiver",1,"HH1_window_1",,1726613637889,"open"
54683,HH1_window_1,2024-09-18T01:04:02,,,,,,"closed",,"dd06e659185134c30",4,,"low",0,,"H1","","HH_Window_receiver",1,"HH1_window_1",,1726614242704,"open"
54696,HH1_windowdoor_3,2024-09-18T01:14:04,,,,,,,,"dec96102602e1428f",,,,,,"H1","","HH_Window_receiver",1,"HH1_windowdoor_3",,1726613643790,"open"
54697,HH1_windowdoor_3,2024-09-18T01:14:04,,,,,,,,"dec96102602e1428f",,,,,,"H1","","HH_Window_receiver",1,"HH1_windowdoor_3",,1726614844008,"open"
54698,HH1_window_1,2024-09-18T01:14:07,,,,,,"closed",,"dd06e659185134c30",4,,"low",0,,"H1","","HH_Window_receiver",1,"HH1_window_1",,1726614242704,"open"
54699,HH1_window_1,2024-09-18T01:14:07,,,,,,"closed",,"dd06e659185134c30",4,,"low",0,,"H1","","HH_Window_receiver",1,"HH1_window_1",,1726614847084,"open"
54710,HH1_windowdoor_4,2024-09-18T01:23:57,,,,,,,,"ddddff4020d564cc2",,,,,,"H1","","HH_Window_receiver",1,"HH1_windowdoor_4",,1726614237843,"open"
54711,HH1_windowdoor_4,2024-09-18T01:23:57,,,,,,,,"ddddff4020d564cc2",,,,,,"H1","","HH_Window_receiver",1,"HH1_windowdoor_4",,1726615437332,"open"
54712,HH1_window_1,2024-09-18T01:24:01,,,,,,"closed",,"dd06e659185134c30",4,,"low",0,,"H1","","HH_Window_receiver",1,"HH1_window_1",,1726614847084,"open"
54713,HH1_window_1,2024-09-18T01:24:01,,,,,,"closed",,"dd06e659185134c30",4,,"low",0,,"H1","","HH_Window_receiver",1,"HH1_window_1",,1726615441422,"open"
54724,HH1_windowdoor_3,2024-09-18T01:33:56,,,,,,,,"dec96102602e1428f",,,,,,"H1","","HH_Window_receiver",1,"HH1_windowdoor_3",,1726614844008,"open"
54725,HH1_windowdoor_3,2024-09-18T01:33:56,,,,,,,,"dec96102602e1428f",,,,,,"H1","","HH_Window_receiver",1,"HH1_windowdoor_3",,1726616036735,"open"
54736,HH1_window_1,2024-09-18T01:44:06,,,,,,"closed",,"dd06e659185134c30",4,,"low",0,,"H1","","HH_Window_receiver",1,"HH1_window_1",,1726615441422,"open"
54737,HH1_window_1,2024-09-18T01:44:06,,,,,,"closed",,"dd06e659185134c30",4,,"low",0,,"H1","","HH_Window_receiver",1,"HH1_window_1",,1726616646745,"open"
54740,HH1_windowdoor_4,2024-09-18T01:44:21,,,,,,,,"ddddff4020d564cc2",,,,,,"H1","","HH_Window_receiver",1,"HH1_windowdoor_4",,1726615437332,"open"
54741,HH1_windowdoor_4,2024-09-18T01:44:21,,,,,,,,"ddddff4020d564cc2",,,,,,"H1","","HH_Window_receiver",1,"HH1_windowdoor_4",,1726616661625,"open"
54750,HH1_window_1,2024-09-18T01:54:10,,,,,,"closed",,"dd06e659185134c30",4,,"low",0,,"H1","","HH_Window_receiver",1,"HH1_window_1",,1726616646745,"open"
54751,HH1_window_1,2024-09-18T01:54:10,,,,,,"closed",,"dd06e659185134c30",4,,"low",0,,"H1","","HH_Window_receiver",1,"HH1_window_1",,1726617250777,"open"
54752,HH1_windowdoor_3,2024-09-18T01:54:13,,,,,,,,"dec96102602e1428f",,,,,,"H1","","HH_Window_receiver",1,"HH1_windowdoor_3",,1726616036735,"open"
54753,HH1_windowdoor_3,2024-09-18T01:54:13,,,,,,,,"dec96102602e1428f",,,,,,"H1","","HH_Window_receiver",1,"HH1_windowdoor_3",,1726617253255,"open"
54764,HH1_window_1,2024-09-18T02:04:06,,,,,,"closed",,"dd06e659185134c30",4,,"low",0,,"H1","","HH_Window_receiver",1,"HH1_window_1",,1726617250777,"open"
54765,HH1_window_1,2024-09-18T02:04:06,,,,,,"closed",,"dd06e659185134c30",4,,"low",0,,"H1","","HH_Window_receiver",1,"HH1_window_1",,1726617845981,"open"
54766,HH1_windowdoor_3,2024-09-18T02:04:10,,,,,,,,"dec96102602e1428f",,,,,,"H1","","HH_Window_receiver",1,"HH1_windowdoor_3",,1726617253255,"open"
54767,HH1_windowdoor_3,2024-09-18T02:04:10,,,,,,,,"dec96102602e1428f",,,,,,"H1","","HH_Window_receiver",1,"HH1_windowdoor_3",,1726617849950,"open"
54780,HH1_window_1,2024-09-18T02:14:01,,,,,,"closed",,"dd06e659185134c30",4,,"low",0,,"H1","","HH_Window_receiver",1,"HH1_window_1",,1726617845981,"open"
54781,HH1_window_1,2024-09-18T02:14:01,,,,,,"closed",,"dd06e659185134c30",4,,"low",0,,"H1","","HH_Window_receiver",1,"HH1_window_1",,1726618441070,"open"
54782,HH1_windowdoor_4,2024-09-18T02:14:04,,,,,,,,"ddddff4020d564cc2",,,,,,"H1","","HH_Window_receiver",1,"HH1_windowdoor_4",,1726616661625,"open"
54783,HH1_windowdoor_4,2024-09-18T02:14:04,,,,,,,,"ddddff4020d564cc2",,,,,,"H1","","HH_Window_receiver",1,"HH1_windowdoor_4",,1726618444379,"open"
54788,HH1_window_2,2024-09-18T02:20:07,,,,,,"open",,"d22edc5474e3f4f42",803,,"low",0,,"H1","","HH_Window_receiver",1,"HH1_window_2",,1726618210428,"open"
54789,HH1_window_2,2024-09-18T02:20:07,,,,,,"open",,"d22edc5474e3f4f42",803,,"low",0,,"H1","","HH_Window_receiver",1,"HH1_window_2",,1726618807138,"open"
54794,HH1_windowdoor_3,2024-09-18T02:24:01,,,,,,,,"dec96102602e1428f",,,,,,"H1","","HH_Window_receiver",1,"HH1_windowdoor_3",,1726617849950,"open"
54795,HH1_windowdoor_3,2024-09-18T02:24:02,,,,,,,,"dec96102602e1428f",,,,,,"H1","","HH_Window_receiver",1,"HH1_windowdoor_3",,1726619041861,"open"
54796,HH1_window_1,2024-09-18T02:24:06,,,,,,"closed",,"dd06e659185134c30",4,,"low",0,,"H1","","HH_Window_receiver",1,"HH1_window_1",,1726618441070,"open"
54797,HH1_window_1,2024-09-18T02:24:06,,,,,,"closed",,"dd06e659185134c30",4,,"low",0,,"H1","","HH_Window_receiver",1,"HH1_window_1",,1726619046617,"open"
54802,HH1_window_2,2024-09-18T02:30:10,,,,,,"open",,"d22edc5474e3f4f42",803,,"low",0,,"H1","","HH_Window_receiver",1,"HH1_window_2",,1726618807138,"open"
54803,HH1_window_2,2024-09-18T02:30:10,,,,,,"open",,"d22edc5474e3f4f42",803,,"low",0,,"H1","","HH_Window_receiver",1,"HH1_window_2",,1726619410753,"open"
54808,HH1_windowdoor_3,2024-09-18T02:34:00,,,,,,,,"dec96102602e1428f",,,,,,"H1","","HH_Window_receiver",1,"HH1_windowdoor_3",,1726619041861,"open"
54809,HH1_windowdoor_3,2024-09-18T02:34:00,,,,,,,,"dec96102602e1428f",,,,,,"H1","","HH_Window_receiver",1,"HH1_windowdoor_3",,1726619640565,"open"
54814,HH1_window_2,2024-09-18T02:40:03,,,,,,"open",,"d22edc5474e3f4f42",803,,"low",0,,"H1","","HH_Window_receiver",1,"HH1_window_2",,1726619410753,"open"
54815,HH1_window_2,2024-09-18T02:40:04,,,,,,"open",,"d22edc5474e3f4f42",803,,"low",0,,"H1","","HH_Window_receiver",1,"HH1_window_2",,1726620003873,"open"
54820,HH1_window_1,2024-09-18T02:43:59,,,,,,"closed",,"dd06e659185134c30",4,,"low",0,,"H1","","HH_Window_receiver",1,"HH1_window_1",,1726619046617,"open"
54821,HH1_window_1,2024-09-18T02:44:00,,,,,,"closed",,"dd06e659185134c30",4,,"low",0,,"H1","","HH_Window_receiver",1,"HH1_window_1",,1726620239857,"open"
54822,HH1_windowdoor_3,2024-09-18T02:44:05,,,,,,,,"dec96102602e1428f",,,,,,"H1","","HH_Window_receiver",1,"HH1_windowdoor_3",,1726619640565,"open"
54823,HH1_windowdoor_3,2024-09-18T02:44:06,,,,,,,,"dec96102602e1428f",,,,,,"H1","","HH_Window_receiver",1,"HH1_windowdoor_3",,1726620245825,"open"
54828,HH1_window_2,2024-09-18T02:50:08,,,,,,"open",,"d22edc5474e3f4f42",803,,"low",0,,"H1","","HH_Window_receiver",1,"HH1_window_2",,1726620003873,"open"
54829,HH1_window_2,2024-09-18T02:50:08,,,,,,"open",,"d22edc5474e3f4f42",803,,"low",0,,"H1","","HH_Window_receiver",1,"HH1_window_2",,1726620608618,"open"
54832,HH1_windowdoor_3,2024-09-18T02:54:00,,,,,,,,"dec96102602e1428f",,,,,,"H1","","HH_Window_receiver",1,"HH1_windowdoor_3",,1726620245825,"open"
54833,HH1_windowdoor_3,2024-09-18T02:54:00,,,,,,,,"dec96102602e1428f",,,,,,"H1","","HH_Window_receiver",1,"HH1_windowdoor_3",,1726620840055,"open"
54834,HH1_window_1,2024-09-18T02:54:04,,,,,,"closed",,"dd06e659185134c30",4,,"low",0,,"H1","","HH_Window_receiver",1,"HH1_window_1",,1726620239857,"open"
54835,HH1_window_1,2024-09-18T02:54:04,,,,,,"closed",,"dd06e659185134c30",4,,"low",0,,"H1","","HH_Window_receiver",1,"HH1_window_1",,1726620844808,"open"
54836,HH1_windowdoor_4,2024-09-18T02:54:13,,,,,,,,"ddddff4020d564cc2",,,,,,"H1","","HH_Window_receiver",1,"HH1_windowdoor_4",,1726618444379,"open"
54837,HH1_windowdoor_4,2024-09-18T02:54:14,,,,,,,,"ddddff4020d564cc2",,,,,,"H1","","HH_Window_receiver",1,"HH1_windowdoor_4",,1726620853850,"open"
54842,HH1_window_2,2024-09-18T03:00:01,,,,,,"open",,"d22edc5474e3f4f42",803,,"low",0,,"H1","","HH_Window_receiver",1,"HH1_window_2",,1726620608618,"open"
54843,HH1_window_2,2024-09-18T03:00:01,,,,,,"open",,"d22edc5474e3f4f42",803,,"low",0,,"H1","","HH_Window_receiver",1,"HH1_window_2",,1726621201275,"open"
54850,HH1_window_1,2024-09-18T03:03:58,,,,,,"closed",,"dd06e659185134c30",4,,"low",0,,"H1","","HH_Window_receiver",1,"HH1_window_1",,1726620844808,"open"
54851,HH1_window_1,2024-09-18T03:03:58,,,,,,"closed",,"dd06e659185134c30",4,,"low",0,,"H1","","HH_Window_receiver",1,"HH1_window_1",,1726621438767,"open"
54852,HH1_windowdoor_4,2024-09-18T03:04:08,,,,,,,,"ddddff4020d564cc2",,,,,,"H1","","HH_Window_receiver",1,"HH1_windowdoor_4",,1726620853850,"open"
54853,HH1_windowdoor_4,2024-09-18T03:04:08,,,,,,,,"ddddff4020d564cc2",,,,,,"H1","","HH_Window_receiver",1,"HH1_windowdoor_4",,1726621447996,"open"
54860,HH1_window_2,2024-09-18T03:09:56,,,,,,"open",,"d22edc5474e3f4f42",803,,"low",0,,"H1","","HH_Window_receiver",1,"HH1_window_2",,1726621201275,"open"
54861,HH1_window_2,2024-09-18T03:09:56,,,,,,"open",,"d22edc5474e3f4f42",803,,"low",0,,"H1","","HH_Window_receiver",1,"HH1_window_2",,1726621796442,"open"
54864,HH1_windowdoor_3,2024-09-18T03:13:53,,,,,,,,"dec96102602e1428f",,,,,,"H1","","HH_Window_receiver",1,"HH1_windowdoor_3",,1726620840055,"open"
54865,HH1_windowdoor_3,2024-09-18T03:13:53,,,,,,,,"dec96102602e1428f",,,,,,"H1","","HH_Window_receiver",1,"HH1_windowdoor_3",,1726622033572,"open"
54866,HH1_windowdoor_4,2024-09-18T03:14:02,,,,,,,,"ddddff4020d564cc2",,,,,,"H1","","HH_Window_receiver",1,"HH1_windowdoor_4",,1726621447996,"open"
54867,HH1_windowdoor_4,2024-09-18T03:14:02,,,,,,,,"ddddff4020d564cc2",,,,,,"H1","","HH_Window_receiver",1,"HH1_windowdoor_4",,1726622042772,"open"
54872,HH1_window_2,2024-09-18T03:19:55,,,,,,"open",,"d22edc5474e3f4f42",803,,"low",0,,"H1","","HH_Window_receiver",1,"HH1_window_2",,1726621796442,"open"
54873,HH1_window_2,2024-09-18T03:19:55,,,,,,"open",,"d22edc5474e3f4f42",803,,"low",0,,"H1","","HH_Window_receiver",1,"HH1_window_2",,1726622395133,"open"
54878,HH1_windowdoor_3,2024-09-18T03:23:49,,,,,,,,"dec96102602e1428f",,,,,,"H1","","HH_Window_receiver",1,"HH1_windowdoor_3",,1726622033572,"open"
54879,HH1_windowdoor_3,2024-09-18T03:23:49,,,,,,,,"dec96102602e1428f",,,,,,"H1","","HH_Window_receiver",1,"HH1_windowdoor_3",,1726622629234,"open"
54880,HH1_windowdoor_4,2024-09-18T03:24:02,,,,,,,,"ddddff4020d564cc2",,,,,,"H1","","HH_Window_receiver",1,"HH1_windowdoor_4",,1726622042772,"open"
54881,HH1_windowdoor_4,2024-09-18T03:24:02,,,,,,,,"ddddff4020d564cc2",,,,,,"H1","","HH_Window_receiver",1,"HH1_windowdoor_4",,1726622641971,"open"
54886,HH1_window_2,2024-09-18T03:29:48,,,,,,"open",,"d22edc5474e3f4f42",803,,"low",0,,"H1","","HH_Window_receiver",1,"HH1_window_2",,1726622395133,"open"
54887,HH1_window_2,2024-09-18T03:29:48,,,,,,"open",,"d22edc5474e3f4f42",803,,"low",0,,"H1","","HH_Window_receiver",1,"HH1_window_2",,1726622988204,"open"
54890,HH1_window_1,2024-09-18T03:33:48,,,,,,"closed",,"dd06e659185134c30",4,,"low",0,,"H1","","HH_Window_receiver",1,"HH1_window_1",,1726621438767,"open"
54891,HH1_window_1,2024-09-18T03:33:48,,,,,,"closed",,"dd06e659185134c30",4,,"low",0,,"H1","","HH_Window_receiver",1,"HH1_window_1",,1726623228534,"open"
54892,HH1_windowdoor_4,2024-09-18T03:33:55,,,,,,,,"ddddff4020d564cc2",,,,,,"H1","","HH_Window_receiver",1,"HH1_windowdoor_4",,1726622641971,"open"
54893,HH1_windowdoor_4,2024-09-18T03:33:56,,,,,,,,"ddddff4020d564cc2",,,,,,"H1","","HH_Window_receiver",1,"HH1_windowdoor_4",,1726623235809,"open"
54898,HH1_window_2,2024-09-18T03:39:42,,,,,,"open",,"d22edc5474e3f4f42",803,,"low",0,,"H1","","HH_Window_receiver",1,"HH1_window_2",,1726622988204,"open"
54899,HH1_window_2,2024-09-18T03:39:42,,,,,,"open",,"d22edc5474e3f4f42",803,,"low",0,,"H1","","HH_Window_receiver",1,"HH1_window_2",,1726623582221,"open"
54904,HH1_window_1,2024-09-18T03:43:43,,,,,,"closed",,"dd06e659185134c30",4,,"low",0,,"H1","","HH_Window_receiver",1,"HH1_window_1",,1726623228534,"open"
54905,HH1_window_1,2024-09-18T03:43:43,,,,,,"closed",,"dd06e659185134c30",4,,"low",0,,"H1","","HH_Window_receiver",1,"HH1_window_1",,1726623823149,"open"
54906,HH1_windowdoor_4,2024-09-18T03:43:51,,,,,,,,"ddddff4020d564cc2",,,,,,"H1","","HH_Window_receiver",1,"HH1_windowdoor_4",,1726623235809,"open"
54907,HH1_windowdoor_4,2024-09-18T03:43:51,,,,,,,,"ddddff4020d564cc2",,,,,,"H1","","HH_Window_receiver",1,"HH1_windowdoor_4",,1726623831585,"open"
54912,HH1_window_2,2024-09-18T03:49:37,,,,,,"open",,"d22edc5474e3f4f42",803,,"low",0,,"H1","","HH_Window_receiver",1,"HH1_window_2",,1726623582221,"open"
54913,HH1_window_2,2024-09-18T03:49:37,,,,,,"open",,"d22edc5474e3f4f42",803,,"low",0,,"H1","","HH_Window_receiver",1,"HH1_window_2",,1726624176898,"open"
54918,HH1_windowdoor_4,2024-09-18T03:53:46,,,,,,,,"ddddff4020d564cc2",,,,,,"H1","","HH_Window_receiver",1,"HH1_windowdoor_4",,1726623831585,"open"
54919,HH1_windowdoor_4,2024-09-18T03:53:46,,,,,,,,"ddddff4020d564cc2",,,,,,"H1","","HH_Window_receiver",1,"HH1_windowdoor_4",,1726624426555,"open"
54920,HH1_window_1,2024-09-18T03:53:48,,,,,,"closed",,"dd06e659185134c30",4,,"low",0,,"H1","","HH_Window_receiver",1,"HH1_window_1",,1726623823149,"open"
54921,HH1_window_1,2024-09-18T03:53:48,,,,,,"closed",,"dd06e659185134c30",4,,"low",0,,"H1","","HH_Window_receiver",1,"HH1_window_1",,1726624428650,"open"
54926,HH1_window_2,2024-09-18T03:59:41,,,,,,"open",,"d22edc5474e3f4f42",803,,"low",0,,"H1","","HH_Window_receiver",1,"HH1_window_2",,1726624176898,"open"
54927,HH1_window_2,2024-09-18T03:59:41,,,,,,"open",,"d22edc5474e3f4f42",803,,"low",0,,"H1","","HH_Window_receiver",1,"HH1_window_2",,1726624781707,"open"
54934,HH1_windowdoor_4,2024-09-18T04:03:41,,,,,,,,"ddddff4020d564cc2",,,,,,"H1","","HH_Window_receiver",1,"HH1_windowdoor_4",,1726624426555,"open"
54935,HH1_windowdoor_4,2024-09-18T04:03:41,,,,,,,,"ddddff4020d564cc2",,,,,,"H1","","HH_Window_receiver",1,"HH1_windowdoor_4",,1726625021122,"open"
54936,HH1_windowdoor_3,2024-09-18T04:03:42,,,,,,,,"dec96102602e1428f",,,,,,"H1","","HH_Window_receiver",1,"HH1_windowdoor_3",,1726622629234,"open"
54937,HH1_windowdoor_3,2024-09-18T04:03:42,,,,,,,,"dec96102602e1428f",,,,,,"H1","","HH_Window_receiver",1,"HH1_windowdoor_3",,1726625022576,"open"
54938,HH1_windowdoor_3,2024-09-18T04:03:54,,,,,,,,"dec96102602e1428f",,,,,,"H1","","HH_Window_receiver",1,"HH1_windowdoor_3",,1726625022576,"open"
54939,HH1_windowdoor_3,2024-09-18T04:03:54,,,,,,,,"dec96102602e1428f",,,,,,"H1","","HH_Window_receiver",1,"HH1_windowdoor_3",,1726625034693,"open"
54944,HH1_window_2,2024-09-18T04:09:34,,,,,,"open",,"d22edc5474e3f4f42",803,,"low",0,,"H1","","HH_Window_receiver",1,"HH1_window_2",,1726624781707,"open"
54945,HH1_window_2,2024-09-18T04:09:34,,,,,,"open",,"d22edc5474e3f4f42",803,,"low",0,,"H1","","HH_Window_receiver",1,"HH1_window_2",,1726625373944,"open"
54950,HH1_windowdoor_4,2024-09-18T04:13:35,,,,,,,,"ddddff4020d564cc2",,,,,,"H1","","HH_Window_receiver",1,"HH1_windowdoor_4",,1726625021122,"open"
54951,HH1_windowdoor_4,2024-09-18T04:13:35,,,,,,,,"ddddff4020d564cc2",,,,,,"H1","","HH_Window_receiver",1,"HH1_windowdoor_4",,1726625615373,"open"
54952,HH1_window_1,2024-09-18T04:13:37,,,,,,"closed",,"dd06e659185134c30",4,,"low",0,,"H1","","HH_Window_receiver",1,"HH1_window_1",,1726624428650,"open"
54953,HH1_window_1,2024-09-18T04:13:38,,,,,,"closed",,"dd06e659185134c30",4,,"low",0,,"H1","","HH_Window_receiver",1,"HH1_window_1",,1726625617786,"open"
54954,HH1_windowdoor_3,2024-09-18T04:13:48,,,,,,,,"dec96102602e1428f",,,,,,"H1","","HH_Window_receiver",1,"HH1_windowdoor_3",,1726625034693,"open"
54955,HH1_windowdoor_3,2024-09-18T04:13:48,,,,,,,,"dec96102602e1428f",,,,,,"H1","","HH_Window_receiver",1,"HH1_windowdoor_3",,1726625628249,"open"
54960,HH1_window_2,2024-09-18T04:19:28,,,,,,"open",,"d22edc5474e3f4f42",803,,"low",0,,"H1","","HH_Window_receiver",1,"HH1_window_2",,1726625373944,"open"
54961,HH1_window_2,2024-09-18T04:19:28,,,,,,"open",,"d22edc5474e3f4f42",803,,"low",0,,"H1","","HH_Window_receiver",1,"HH1_window_2",,1726625968748,"open"
54966,HH1_windowdoor_3,2024-09-18T04:23:48,,,,,,,,"dec96102602e1428f",,,,,,"H1","","HH_Window_receiver",1,"HH1_windowdoor_3",,1726625628249,"open"
54967,HH1_windowdoor_3,2024-09-18T04:23:48,,,,,,,,"dec96102602e1428f",,,,,,"H1","","HH_Window_receiver",1,"HH1_windowdoor_3",,1726626228017,"open"
54968,HH1_windowdoor_4,2024-09-18T04:23:50,,,,,,,,"ddddff4020d564cc2",,,,,,"H1","","HH_Window_receiver",1,"HH1_windowdoor_4",,1726625615373,"open"
54969,HH1_windowdoor_4,2024-09-18T04:23:50,,,,,,,,"ddddff4020d564cc2",,,,,,"H1","","HH_Window_receiver",1,"HH1_windowdoor_4",,1726626230655,"open"
54970,HH1_window_1,2024-09-18T04:23:53,,,,,,"closed",,"dd06e659185134c30",6,,"low",0,,"H1","","HH_Window_receiver",1,"HH1_window_1",,1726625617786,"open"
54971,HH1_window_1,2024-09-18T04:23:54,,,,,,"closed",,"dd06e659185134c30",6,,"low",0,,"H1","","HH_Window_receiver",1,"HH1_window_1",,1726626233838,"open"
54976,HH1_window_2,2024-09-18T04:29:23,,,,,,"open",,"d22edc5474e3f4f42",803,,"low",0,,"H1","","HH_Window_receiver",1,"HH1_window_2",,1726625968748,"open"
54977,HH1_window_2,2024-09-18T04:29:23,,,,,,"open",,"d22edc5474e3f4f42",803,,"low",0,,"H1","","HH_Window_receiver",1,"HH1_window_2",,1726626563147,"open"
54982,HH1_window_1,2024-09-18T04:33:48,,,,,,"closed",,"dd06e659185134c30",4,,"low",0,,"H1","","HH_Window_receiver",1,"HH1_window_1",,1726626233838,"open"
54983,HH1_window_1,2024-09-18T04:33:48,,,,,,"closed",,"dd06e659185134c30",4,,"low",0,,"H1","","HH_Window_receiver",1,"HH1_window_1",,1726626828038,"open"
54984,HH1_windowdoor_3,2024-09-18T04:33:53,,,,,,,,"dec96102602e1428f",,,,,,"H1","","HH_Window_receiver",1,"HH1_windowdoor_3",,1726626228017,"open"
54985,HH1_windowdoor_3,2024-09-18T04:33:53,,,,,,,,"dec96102602e1428f",,,,,,"H1","","HH_Window_receiver",1,"HH1_windowdoor_3",,1726626833529,"open"
54990,HH1_window_2,2024-09-18T04:39:21,,,,,,"open",,"d22edc5474e3f4f42",803,,"low",0,,"H1","","HH_Window_receiver",1,"HH1_window_2",,1726626563147,"open"
54991,HH1_window_2,2024-09-18T04:39:22,,,,,,"open",,"d22edc5474e3f4f42",803,,"low",0,,"H1","","HH_Window_receiver",1,"HH1_window_2",,1726627161744,"open"
54996,HH1_windowdoor_4,2024-09-18T04:43:47,,,,,,,,"ddddff4020d564cc2",,,,,,"H1","","HH_Window_receiver",1,"HH1_windowdoor_4",,1726626230655,"open"
54997,HH1_windowdoor_4,2024-09-18T04:43:47,,,,,,,,"ddddff4020d564cc2",,,,,,"H1","","HH_Window_receiver",1,"HH1_windowdoor_4",,1726627427233,"open"
55002,HH1_window_2,2024-09-18T04:49:15,,,,,,"open",,"d22edc5474e3f4f42",803,,"low",0,,"H1","","HH_Window_receiver",1,"HH1_window_2",,1726627161744,"open"
55003,HH1_window_2,2024-09-18T04:49:15,,,,,,"open",,"d22edc5474e3f4f42",803,,"low",0,,"H1","","HH_Window_receiver",1,"HH1_window_2",,1726627755101,"open"
55008,HH1_windowdoor_4,2024-09-18T04:53:43,,,,,,,,"ddddff4020d564cc2",,,,,,"H1","","HH_Window_receiver",1,"HH1_windowdoor_4",,1726627427233,"open"
55009,HH1_windowdoor_4,2024-09-18T04:53:43,,,,,,,,"ddddff4020d564cc2",,,,,,"H1","","HH_Window_receiver",1,"HH1_windowdoor_4",,1726628023463,"open"
55010,HH1_windowdoor_3,2024-09-18T04:53:44,,,,,,,,"dec96102602e1428f",,,,,,"H1","","HH_Window_receiver",1,"HH1_windowdoor_3",,1726626833529,"open"
55011,HH1_windowdoor_3,2024-09-18T04:53:44,,,,,,,,"dec96102602e1428f",,,,,,"H1","","HH_Window_receiver",1,"HH1_windowdoor_3",,1726628024834,"open"
55016,HH1_window_2,2024-09-18T04:59:30,,,,,,"open",,"d22edc5474e3f4f42",803,,"low",0,,"H1","","HH_Window_receiver",1,"HH1_window_2",,1726627755101,"open"
55017,HH1_window_2,2024-09-18T04:59:30,,,,,,"open",,"d22edc5474e3f4f42",803,,"low",0,,"H1","","HH_Window_receiver",1,"HH1_window_2",,1726628370380,"open"
55024,HH1_windowdoor_3,2024-09-18T05:03:42,,,,,,,,"dec96102602e1428f",,,,,,"H1","","HH_Window_receiver",1,"HH1_windowdoor_3",,1726628024834,"open"
55025,HH1_windowdoor_3,2024-09-18T05:03:42,,,,,,,,"dec96102602e1428f",,,,,,"H1","","HH_Window_receiver",1,"HH1_windowdoor_3",,1726628621954,"open"
55026,HH1_window_1,2024-09-18T05:03:45,,,,,,"closed",,"dd06e659185134c30",4,,"low",0,,"H1","","HH_Window_receiver",1,"HH1_window_1",,1726626828038,"open"
55027,HH1_window_1,2024-09-18T05:03:45,,,,,,"closed",,"dd06e659185134c30",4,,"low",0,,"H1","","HH_Window_receiver",1,"HH1_window_1",,1726628625124,"open"
55028,HH1_windowdoor_4,2024-09-18T05:03:47,,,,,,,,"ddddff4020d564cc2",,,,,,"H1","","HH_Window_receiver",1,"HH1_windowdoor_4",,1726628023463,"open"
55029,HH1_windowdoor_4,2024-09-18T05:03:47,,,,,,,,"ddddff4020d564cc2",,,,,,"H1","","HH_Window_receiver",1,"HH1_windowdoor_4",,1726628627517,"open"
55034,HH1_window_2,2024-09-18T05:09:22,,,,,,"open",,"d22edc5474e3f4f42",803,,"low",0,,"H1","","HH_Window_receiver",1,"HH1_window_2",,1726628370380,"open"
55035,HH1_window_2,2024-09-18T05:09:22,,,,,,"open",,"d22edc5474e3f4f42",803,,"low",0,,"H1","","HH_Window_receiver",1,"HH1_window_2",,1726628962441,"open"
55040,HH1_windowdoor_3,2024-09-18T05:13:37,,,,,,,,"dec96102602e1428f",,,,,,"H1","","HH_Window_receiver",1,"HH1_windowdoor_3",,1726628621954,"open"
55041,HH1_windowdoor_3,2024-09-18T05:13:37,,,,,,,,"dec96102602e1428f",,,,,,"H1","","HH_Window_receiver",1,"HH1_windowdoor_3",,1726629217050,"open"
55042,HH1_window_1,2024-09-18T05:13:40,,,,,,"closed",,"dd06e659185134c30",6,,"low",0,,"H1","","HH_Window_receiver",1,"HH1_window_1",,1726628625124,"open"
55043,HH1_window_1,2024-09-18T05:13:40,,,,,,"closed",,"dd06e659185134c30",6,,"low",0,,"H1","","HH_Window_receiver",1,"HH1_window_1",,1726629220736,"open"
55048,HH1_window_2,2024-09-18T05:19:18,,,,,,"open",,"d22edc5474e3f4f42",803,,"low",0,,"H1","","HH_Window_receiver",1,"HH1_window_2",,1726628962441,"open"
55049,HH1_window_2,2024-09-18T05:19:18,,,,,,"open",,"d22edc5474e3f4f42",803,,"low",0,,"H1","","HH_Window_receiver",1,"HH1_window_2",,1726629557911,"open"
55054,HH1_window_1,2024-09-18T05:23:40,,,,,,"closed",,"dd06e659185134c30",6,,"low",0,,"H1","","HH_Window_receiver",1,"HH1_window_1",,1726629220736,"open"
55055,HH1_window_1,2024-09-18T05:23:40,,,,,,"closed",,"dd06e659185134c30",6,,"low",0,,"H1","","HH_Window_receiver",1,"HH1_window_1",,1726629820150,"open"
55056,HH1_windowdoor_3,2024-09-18T05:23:42,,,,,,,,"dec96102602e1428f",,,,,,"H1","","HH_Window_receiver",1,"HH1_windowdoor_3",,1726629217050,"open"
55057,HH1_windowdoor_3,2024-09-18T05:23:43,,,,,,,,"dec96102602e1428f",,,,,,"H1","","HH_Window_receiver",1,"HH1_windowdoor_3",,1726629822893,"open"
55062,HH1_window_2,2024-09-18T05:29:12,,,,,,"open",,"d22edc5474e3f4f42",803,,"low",0,,"H1","","HH_Window_receiver",1,"HH1_window_2",,1726629557911,"open"
55063,HH1_window_2,2024-09-18T05:29:12,,,,,,"open",,"d22edc5474e3f4f42",803,,"low",0,,"H1","","HH_Window_receiver",1,"HH1_window_2",,1726630152571,"open"
55068,HH1_windowdoor_4,2024-09-18T05:33:34,,,,,,,,"ddddff4020d564cc2",,,,,,"H1","","HH_Window_receiver",1,"HH1_windowdoor_4",,1726628627517,"open"
55069,HH1_windowdoor_4,2024-09-18T05:33:34,,,,,,,,"ddddff4020d564cc2",,,,,,"H1","","HH_Window_receiver",1,"HH1_windowdoor_4",,1726630414105,"open"
55070,HH1_windowdoor_3,2024-09-18T05:33:37,,,,,,,,"dec96102602e1428f",,,,,,"H1","","HH_Window_receiver",1,"HH1_windowdoor_3",,1726629822893,"open"
55071,HH1_windowdoor_3,2024-09-18T05:33:37,,,,,,,,"dec96102602e1428f",,,,,,"H1","","HH_Window_receiver",1,"HH1_windowdoor_3",,1726630416980,"open"
55076,HH1_window_2,2024-09-18T05:39:07,,,,,,"open",,"d22edc5474e3f4f42",803,,"low",0,,"H1","","HH_Window_receiver",1,"HH1_window_2",,1726630152571,"open"
55077,HH1_window_2,2024-09-18T05:39:07,,,,,,"open",,"d22edc5474e3f4f42",803,,"low",0,,"H1","","HH_Window_receiver",1,"HH1_window_2",,1726630747490,"open"
55082,HH1_windowdoor_3,2024-09-18T05:43:31,,,,,,,,"dec96102602e1428f",,,,,,"H1","","HH_Window_receiver",1,"HH1_windowdoor_3",,1726630416980,"open"
55083,HH1_windowdoor_3,2024-09-18T05:43:32,,,,,,,,"dec96102602e1428f",,,,,,"H1","","HH_Window_receiver",1,"HH1_windowdoor_3",,1726631011858,"open"
55088,HH1_window_2,2024-09-18T05:49:12,,,,,,"open",,"d22edc5474e3f4f42",803,,"low",0,,"H1","","HH_Window_receiver",1,"HH1_window_2",,1726630747490,"open"
55089,HH1_window_2,2024-09-18T05:49:12,,,,,,"open",,"d22edc5474e3f4f42",803,,"low",0,,"H1","","HH_Window_receiver",1,"HH1_window_2",,1726631352695,"open"
55094,HH1_window_1,2024-09-18T05:53:27,,,,,,"closed",,"dd06e659185134c30",4,,"low",0,,"H1","","HH_Window_receiver",1,"HH1_window_1",,1726629820150,"open"
55095,HH1_window_1,2024-09-18T05:53:27,,,,,,"closed",,"dd06e659185134c30",4,,"low",0,,"H1","","HH_Window_receiver",1,"HH1_window_1",,1726631607085,"open"
55100,HH1_window_2,2024-09-18T05:59:05,,,,,,"open",,"d22edc5474e3f4f42",803,,"low",0,,"H1","","HH_Window_receiver",1,"HH1_window_2",,1726631352695,"open"
55101,HH1_window_2,2024-09-18T05:59:05,,,,,,"open",,"d22edc5474e3f4f42",803,,"low",0,,"H1","","HH_Window_receiver",1,"HH1_window_2",,1726631945410,"open"
55108,HH1_windowdoor_4,2024-09-18T06:03:26,,,,,,,,"ddddff4020d564cc2",,,,,,"H1","","HH_Window_receiver",1,"HH1_windowdoor_4",,1726630414105,"open"
55109,HH1_windowdoor_4,2024-09-18T06:03:26,,,,,,,,"ddddff4020d564cc2",,,,,,"H1","","HH_Window_receiver",1,"HH1_windowdoor_4",,1726632205946,"open"
55114,HH1_window_2,2024-09-18T06:09:10,,,,,,"open",,"d22edc5474e3f4f42",803,,"low",0,,"H1","","HH_Window_receiver",1,"HH1_window_2",,1726631945410,"open"
55115,HH1_window_2,2024-09-18T06:09:10,,,,,,"open",,"d22edc5474e3f4f42",803,,"low",0,,"H1","","HH_Window_receiver",1,"HH1_window_2",,1726632550368,"open"
55120,HH1_windowdoor_4,2024-09-18T06:13:31,,,,,,,,"ddddff4020d564cc2",,,,,,"H1","","HH_Window_receiver",1,"HH1_windowdoor_4",,1726632205946,"open"
55121,HH1_windowdoor_4,2024-09-18T06:13:31,,,,,,,,"ddddff4020d564cc2",,,,,,"H1","","HH_Window_receiver",1,"HH1_windowdoor_4",,1726632810947,"open"
55126,HH1_window_2,2024-09-18T06:19:07,,,,,,"open",,"d22edc5474e3f4f42",804,,"low",0,,"H1","","HH_Window_receiver",1,"HH1_window_2",,1726632550368,"open"
55127,HH1_window_2,2024-09-18T06:19:07,,,,,,"open",,"d22edc5474e3f4f42",804,,"low",0,,"H1","","HH_Window_receiver",1,"HH1_window_2",,1726633147382,"open"
55132,HH1_windowdoor_4,2024-09-18T06:23:25,,,,,,,,"ddddff4020d564cc2",,,,,,"H1","","HH_Window_receiver",1,"HH1_windowdoor_4",,1726632810947,"open"
55133,HH1_windowdoor_4,2024-09-18T06:23:25,,,,,,,,"ddddff4020d564cc2",,,,,,"H1","","HH_Window_receiver",1,"HH1_windowdoor_4",,1726633404950,"open"
55138,HH1_window_2,2024-09-18T06:29:05,,,,,,"open",,"d22edc5474e3f4f42",804,,"low",0,,"H1","","HH_Window_receiver",1,"HH1_window_2",,1726633147382,"open"
55139,HH1_window_2,2024-09-18T06:29:05,,,,,,"open",,"d22edc5474e3f4f42",804,,"low",0,,"H1","","HH_Window_receiver",1,"HH1_window_2",,1726633745219,"open"
55144,HH1_windowdoor_3,2024-09-18T06:33:42,,,,,,,,"dec96102602e1428f",,,,,,"H1","","HH_Window_receiver",1,"HH1_windowdoor_3",,1726631011858,"open"
55145,HH1_windowdoor_3,2024-09-18T06:33:42,,,,,,,,"dec96102602e1428f",,,,,,"H1","","HH_Window_receiver",1,"HH1_windowdoor_3",,1726634022616,"open"
55150,HH1_window_2,2024-09-18T06:39:03,,,,,,"open",,"d22edc5474e3f4f42",803,,"low",0,,"H1","","HH_Window_receiver",1,"HH1_window_2",,1726633745219,"open"
55151,HH1_window_2,2024-09-18T06:39:03,,,,,,"open",,"d22edc5474e3f4f42",803,,"low",0,,"H1","","HH_Window_receiver",1,"HH1_window_2",,1726634343122,"open"
55156,HH1_windowdoor_3,2024-09-18T06:43:35,,,,,,,,"dec96102602e1428f",,,,,,"H1","","HH_Window_receiver",1,"HH1_windowdoor_3",,1726634022616,"open"
55157,HH1_windowdoor_3,2024-09-18T06:43:35,,,,,,,,"dec96102602e1428f",,,,,,"H1","","HH_Window_receiver",1,"HH1_windowdoor_3",,1726634615679,"open"
55162,HH1_window_2,2024-09-18T06:48:56,,,,,,"open",,"d22edc5474e3f4f42",803,,"low",0,,"H1","","HH_Window_receiver",1,"HH1_window_2",,1726634343122,"open"
55163,HH1_window_2,2024-09-18T06:48:56,,,,,,"open",,"d22edc5474e3f4f42",803,,"low",0,,"H1","","HH_Window_receiver",1,"HH1_window_2",,1726634936819,"open"
55166,HH1_windowdoor_3,2024-09-18T06:53:31,,,,,,,,"dec96102602e1428f",,,,,,"H1","","HH_Window_receiver",1,"HH1_windowdoor_3",,1726634615679,"open"
55167,HH1_windowdoor_3,2024-09-18T06:53:31,,,,,,,,"dec96102602e1428f",,,,,,"H1","","HH_Window_receiver",1,"HH1_windowdoor_3",,1726635211040,"open"
55172,HH1_window_2,2024-09-18T06:58:55,,,,,,"open",,"d22edc5474e3f4f42",803,,"low",0,,"H1","","HH_Window_receiver",1,"HH1_window_2",,1726634936819,"open"
55173,HH1_window_2,2024-09-18T06:58:55,,,,,,"open",,"d22edc5474e3f4f42",803,,"low",0,,"H1","","HH_Window_receiver",1,"HH1_window_2",,1726635535579,"open"
55180,HH1_windowdoor_3,2024-09-18T07:03:26,,,,,,,,"dec96102602e1428f",,,,,,"H1","","HH_Window_receiver",1,"HH1_windowdoor_3",,1726635211040,"open"
55181,HH1_windowdoor_3,2024-09-18T07:03:26,,,,,,,,"dec96102602e1428f",,,,,,"H1","","HH_Window_receiver",1,"HH1_windowdoor_3",,1726635806146,"open"
55186,HH1_window_2,2024-09-18T07:08:50,,,,,,"open",,"d22edc5474e3f4f42",803,,"low",215,,"H1","","HH_Window_receiver",1,"HH1_window_2",,1726635535579,"open"
55187,HH1_window_2,2024-09-18T07:08:50,,,,,,"open",,"d22edc5474e3f4f42",803,,"low",215,,"H1","","HH_Window_receiver",1,"HH1_window_2",,1726636130018,"open"
55192,HH1_windowdoor_3,2024-09-18T07:13:21,,,,,,,,"dec96102602e1428f",,,,,,"H1","","HH_Window_receiver",1,"HH1_windowdoor_3",,1726635806146,"open"
55193,HH1_windowdoor_3,2024-09-18T07:13:21,,,,,,,,"dec96102602e1428f",,,,,,"H1","","HH_Window_receiver",1,"HH1_windowdoor_3",,1726636401205,"open"
55194,HH1_window_1,2024-09-18T07:13:22,,,,,,"closed",,"dd06e659185134c30",6,,"low",0,,"H1","","HH_Window_receiver",1,"HH1_window_1",,1726631607085,"open"
55195,HH1_window_1,2024-09-18T07:13:22,,,,,,"closed",,"dd06e659185134c30",6,,"low",0,,"H1","","HH_Window_receiver",1,"HH1_window_1",,1726636402557,"open"
55200,HH1_window_2,2024-09-18T07:18:44,,,,,,"open",,"d22edc5474e3f4f42",803,,"low",593,,"H1","","HH_Window_receiver",1,"HH1_window_2",,1726636130018,"open"
55201,HH1_window_2,2024-09-18T07:18:44,,,,,,"open",,"d22edc5474e3f4f42",803,,"low",593,,"H1","","HH_Window_receiver",1,"HH1_window_2",,1726636724193,"open"
55206,HH1_windowdoor_3,2024-09-18T07:23:20,,,,,,,,"dec96102602e1428f",,,,,,"H1","","HH_Window_receiver",1,"HH1_windowdoor_3",,1726636401205,"open"
55207,HH1_windowdoor_3,2024-09-18T07:23:20,,,,,,,,"dec96102602e1428f",,,,,,"H1","","HH_Window_receiver",1,"HH1_windowdoor_3",,1726637000104,"open"
55208,HH1_window_1,2024-09-18T07:23:21,,,,,,"closed",,"dd06e659185134c30",6,,"low",89,,"H1","","HH_Window_receiver",1,"HH1_window_1",,1726636402557,"open"
55209,HH1_window_1,2024-09-18T07:23:21,,,,,,"closed",,"dd06e659185134c30",6,,"low",89,,"H1","","HH_Window_receiver",1,"HH1_window_1",,1726637001676,"open"
55214,HH1_window_2,2024-09-18T07:28:39,,,,,,"open",,"d22edc5474e3f4f42",803,,"low",978,,"H1","","HH_Window_receiver",1,"HH1_window_2",,1726636724193,"open"
55215,HH1_window_2,2024-09-18T07:28:39,,,,,,"open",,"d22edc5474e3f4f42",803,,"low",978,,"H1","","HH_Window_receiver",1,"HH1_window_2",,1726637318999,"open"
55220,HH1_windowdoor_4,2024-09-18T07:33:15,,,,,,,,"ddddff4020d564cc2",,,,,,"H1","","HH_Window_receiver",1,"HH1_windowdoor_4",,1726633404950,"open"
55221,HH1_windowdoor_4,2024-09-18T07:33:15,,,,,,,,"ddddff4020d564cc2",,,,,,"H1","","HH_Window_receiver",1,"HH1_windowdoor_4",,1726637595099,"open"
55226,HH1_window_2,2024-09-18T07:38:34,,,,,,"open",,"d22edc5474e3f4f42",803,,"medium_low",1336,,"H1","","HH_Window_receiver",1,"HH1_window_2",,1726637318999,"open"
55227,HH1_window_2,2024-09-18T07:38:34,,,,,,"open",,"d22edc5474e3f4f42",803,,"medium_low",1336,,"H1","","HH_Window_receiver",1,"HH1_window_2",,1726637914069,"open"
55232,HH1_windowdoor_4,2024-09-18T07:43:10,,,,,,,,"ddddff4020d564cc2",,,,,,"H1","","HH_Window_receiver",1,"HH1_windowdoor_4",,1726637595099,"open"
55233,HH1_windowdoor_4,2024-09-18T07:43:10,,,,,,,,"ddddff4020d564cc2",,,,,,"H1","","HH_Window_receiver",1,"HH1_windowdoor_4",,1726638190310,"open"
55234,HH1_window_1,2024-09-18T07:43:14,,,,,,"closed",,"dd06e659185134c30",6,,"low",415,,"H1","","HH_Window_receiver",1,"HH1_window_1",,1726637001676,"open"
55235,HH1_window_1,2024-09-18T07:43:14,,,,,,"closed",,"dd06e659185134c30",6,,"low",415,,"H1","","HH_Window_receiver",1,"HH1_window_1",,1726638194068,"open"
55240,HH1_window_2,2024-09-18T07:48:28,,,,,,"open",,"d22edc5474e3f4f42",803,,"medium_low",1755,,"H1","","HH_Window_receiver",1,"HH1_window_2",,1726637914069,"open"
55241,HH1_window_2,2024-09-18T07:48:28,,,,,,"open",,"d22edc5474e3f4f42",803,,"medium_low",1755,,"H1","","HH_Window_receiver",1,"HH1_window_2",,1726638508821,"open"
55246,HH1_windowdoor_3,2024-09-18T07:53:08,,,,,,,,"dec96102602e1428f",,,,,,"H1","","HH_Window_receiver",1,"HH1_windowdoor_3",,1726637000104,"open"
55247,HH1_windowdoor_3,2024-09-18T07:53:08,,,,,,,,"dec96102602e1428f",,,,,,"H1","","HH_Window_receiver",1,"HH1_windowdoor_3",,1726638788166,"open"
55252,HH1_window_2,2024-09-18T07:58:23,,,,,,"open",,"d22edc5474e3f4f42",436,,"high",2037,,"H1","","HH_Window_receiver",1,"HH1_window_2",,1726638508821,"open"
55253,HH1_window_2,2024-09-18T07:58:23,,,,,,"open",,"d22edc5474e3f4f42",436,,"high",2037,,"H1","","HH_Window_receiver",1,"HH1_window_2",,1726639103491,"open"
55260,HH1_windowdoor_3,2024-09-18T08:03:13,,,,,,,,"dec96102602e1428f",,,,,,"H1","","HH_Window_receiver",1,"HH1_windowdoor_3",,1726638788166,"open"
55261,HH1_windowdoor_3,2024-09-18T08:03:13,,,,,,,,"dec96102602e1428f",,,,,,"H1","","HH_Window_receiver",1,"HH1_windowdoor_3",,1726639393204,"open"
55262,HH1_window_1,2024-09-18T08:03:15,,,,,,"closed",,"dd06e659185134c30",6,,"low",857,,"H1","","HH_Window_receiver",1,"HH1_window_1",,1726638194068,"open"
55263,HH1_window_1,2024-09-18T08:03:15,,,,,,"closed",,"dd06e659185134c30",6,,"low",857,,"H1","","HH_Window_receiver",1,"HH1_window_1",,1726639395287,"open"
55268,HH1_window_2,2024-09-18T08:08:18,,,,,,"open",,"d22edc5474e3f4f42",803,,"high",2266,,"H1","","HH_Window_receiver",1,"HH1_window_2",,1726639103491,"open"
55269,HH1_window_2,2024-09-18T08:08:18,,,,,,"open",,"d22edc5474e3f4f42",803,,"high",2266,,"H1","","HH_Window_receiver",1,"HH1_window_2",,1726639698299,"open"
55274,HH1_windowdoor_3,2024-09-18T08:13:27,,,,,,,,"dec96102602e1428f",,,,,,"H1","","HH_Window_receiver",1,"HH1_windowdoor_3",,1726639393204,"open"
55275,HH1_windowdoor_3,2024-09-18T08:13:27,,,,,,,,"dec96102602e1428f",,,,,,"H1","","HH_Window_receiver",1,"HH1_windowdoor_3",,1726640007303,"open"
55276,HH1_window_1,2024-09-18T08:13:30,,,,,,"closed",,"dd06e659185134c30",4,,"medium_low",1072,,"H1","","HH_Window_receiver",1,"HH1_window_1",,1726639395287,"open"
55277,HH1_window_1,2024-09-18T08:13:30,,,,,,"closed",,"dd06e659185134c30",4,,"medium_low",1072,,"H1","","HH_Window_receiver",1,"HH1_window_1",,1726640009957,"open"
55280,HH1_window_2,2024-09-18T08:18:17,,,,,,"open",,"d22edc5474e3f4f42",803,,"high",2528,,"H1","","HH_Window_receiver",1,"HH1_window_2",,1726639698299,"open"
55281,HH1_window_2,2024-09-18T08:18:17,,,,,,"open",,"d22edc5474e3f4f42",803,,"high",2528,,"H1","","HH_Window_receiver",1,"HH1_window_2",,1726640297537,"open"
55288,HH1_windowdoor_3,2024-09-18T08:23:20,,,,,,,,"dec96102602e1428f",,,,,,"H1","","HH_Window_receiver",1,"HH1_windowdoor_3",,1726640007303,"open"
55289,HH1_windowdoor_3,2024-09-18T08:23:20,,,,,,,,"dec96102602e1428f",,,,,,"H1","","HH_Window_receiver",1,"HH1_windowdoor_3",,1726640600207,"open"
55290,HH1_window_1,2024-09-18T08:23:23,,,,,,"closed",,"dd06e659185134c30",4,,"medium_low",1269,,"H1","","HH_Window_receiver",1,"HH1_window_1",,1726640009957,"open"
55291,HH1_window_1,2024-09-18T08:23:23,,,,,,"closed",,"dd06e659185134c30",4,,"medium_low",1269,,"H1","","HH_Window_receiver",1,"HH1_window_1",,1726640603576,"open"
55294,HH1_window_2,2024-09-18T08:28:10,,,,,,"open",,"d22edc5474e3f4f42",803,,"high",2513,,"H1","","HH_Window_receiver",1,"HH1_window_2",,1726640297537,"open"
55295,HH1_window_2,2024-09-18T08:28:11,,,,,,"open",,"d22edc5474e3f4f42",803,,"high",2513,,"H1","","HH_Window_receiver",1,"HH1_window_2",,1726640890846,"open"
55302,HH1_windowdoor_3,2024-09-18T08:33:15,,,,,,,,"dec96102602e1428f",,,,,,"H1","","HH_Window_receiver",1,"HH1_windowdoor_3",,1726640600207,"open"
55303,HH1_windowdoor_3,2024-09-18T08:33:15,,,,,,,,"dec96102602e1428f",,,,,,"H1","","HH_Window_receiver",1,"HH1_windowdoor_3",,1726641195011,"open"
55304,HH1_window_1,2024-09-18T08:33:20,,,,,,"closed",,"dd06e659185134c30",6,,"medium_low",1371,,"H1","","HH_Window_receiver",1,"HH1_window_1",,1726640603576,"open"
55305,HH1_window_1,2024-09-18T08:33:20,,,,,,"closed",,"dd06e659185134c30",6,,"medium_low",1371,,"H1","","HH_Window_receiver",1,"HH1_window_1",,1726641200360,"open"
55308,HH1_window_2,2024-09-18T08:38:05,,,,,,"open",,"d22edc5474e3f4f42",803,,"high",2774,,"H1","","HH_Window_receiver",1,"HH1_window_2",,1726640890846,"open"
55309,HH1_window_2,2024-09-18T08:38:05,,,,,,"open",,"d22edc5474e3f4f42",803,,"high",2774,,"H1","","HH_Window_receiver",1,"HH1_window_2",,1726641485712,"open"
55314,HH1_windowdoor_3,2024-09-18T08:43:10,,,,,,,,"dec96102602e1428f",,,,,,"H1","","HH_Window_receiver",1,"HH1_windowdoor_3",,1726641195011,"open"
55315,HH1_windowdoor_3,2024-09-18T08:43:11,,,,,,,,"dec96102602e1428f",,,,,,"H1","","HH_Window_receiver",1,"HH1_windowdoor_3",,1726641790822,"open"
55316,HH1_window_1,2024-09-18T08:43:15,,,,,,"open",,"dd06e659185134c30",56,,"medium_low",1600,,"H1","","HH_Window_receiver",1,"HH1_window_1",,1726641200360,"open"
55317,HH1_window_1,2024-09-18T08:43:15,,,,,,"open",,"dd06e659185134c30",56,,"medium_low",1600,,"H1","","HH_Window_receiver",1,"HH1_window_1",,1726641795736,"open"
55320,HH1_window_2,2024-09-18T08:48:00,,,,,,"open",,"d22edc5474e3f4f42",803,,"high",2864,,"H1","","HH_Window_receiver",1,"HH1_window_2",,1726641485712,"open"
55321,HH1_window_2,2024-09-18T08:48:00,,,,,,"open",,"d22edc5474e3f4f42",803,,"high",2864,,"H1","","HH_Window_receiver",1,"HH1_window_2",,1726642080342,"open"
55328,HH1_windowdoor_3,2024-09-18T08:53:05,,,,,,,,"dec96102602e1428f",,,,,,"H1","","HH_Window_receiver",1,"HH1_windowdoor_3",,1726641790822,"open"
55329,HH1_windowdoor_3,2024-09-18T08:53:06,,,,,,,,"dec96102602e1428f",,,,,,"H1","","HH_Window_receiver",1,"HH1_windowdoor_3",,1726642385831,"open"
55330,HH1_window_1,2024-09-18T08:53:12,,,,,,"open",,"dd06e659185134c30",59,,"medium_low",1810,,"H1","","HH_Window_receiver",1,"HH1_window_1",,1726641795736,"open"
55331,HH1_window_1,2024-09-18T08:53:12,,,,,,"open",,"dd06e659185134c30",59,,"medium_low",1810,,"H1","","HH_Window_receiver",1,"HH1_window_1",,1726642392457,"open"
55334,HH1_window_2,2024-09-18T08:57:59,,,,,,"open",,"d22edc5474e3f4f42",803,,"high",2979,,"H1","","HH_Window_receiver",1,"HH1_window_2",,1726642080342,"open"
55335,HH1_window_2,2024-09-18T08:57:59,,,,,,"open",,"d22edc5474e3f4f42",803,,"high",2979,,"H1","","HH_Window_receiver",1,"HH1_window_2",,1726642679686,"open"
55344,HH1_window_1,2024-09-18T09:03:07,,,,,,"open",,"dd06e659185134c30",59,,"medium_low",1763,,"H1","","HH_Window_receiver",1,"HH1_window_1",,1726642392457,"open"
55345,HH1_window_1,2024-09-18T09:03:07,,,,,,"open",,"dd06e659185134c30",59,,"medium_low",1763,,"H1","","HH_Window_receiver",1,"HH1_window_1",,1726642987391,"open"
55346,HH1_windowdoor_3,2024-09-18T09:03:11,,,,,,,,"dec96102602e1428f",,,,,,"H1","","HH_Window_receiver",1,"HH1_windowdoor_3",,1726642385831,"open"
55347,HH1_windowdoor_3,2024-09-18T09:03:11,,,,,,,,"dec96102602e1428f",,,,,,"H1","","HH_Window_receiver",1,"HH1_windowdoor_3",,1726642991355,"open"
55350,HH1_window_2,2024-09-18T09:07:53,,,,,,"open",,"d22edc5474e3f4f42",803,,"high",2961,,"H1","","HH_Window_receiver",1,"HH1_window_2",,1726642679686,"open"
55351,HH1_window_2,2024-09-18T09:07:53,,,,,,"open",,"d22edc5474e3f4f42",803,,"high",2961,,"H1","","HH_Window_receiver",1,"HH1_window_2",,1726643273637,"open"
55358,HH1_windowdoor_3,2024-09-18T09:13:06,,,,,,,,"dec96102602e1428f",,,,,,"H1","","HH_Window_receiver",1,"HH1_windowdoor_3",,1726642991355,"open"
55359,HH1_windowdoor_3,2024-09-18T09:13:06,,,,,,,,"dec96102602e1428f",,,,,,"H1","","HH_Window_receiver",1,"HH1_windowdoor_3",,1726643586032,"open"
55362,HH1_window_2,2024-09-18T09:17:48,,,,,,"open",,"d22edc5474e3f4f42",803,,"high",3090,,"H1","","HH_Window_receiver",1,"HH1_window_2",,1726643273637,"open"
55363,HH1_window_2,2024-09-18T09:17:48,,,,,,"open",,"d22edc5474e3f4f42",803,,"high",3090,,"H1","","HH_Window_receiver",1,"HH1_window_2",,1726643868757,"open"
55370,HH1_windowdoor_4,2024-09-18T09:23:05,,,,,,,,"ddddff4020d564cc2",,,,,,"H1","","HH_Window_receiver",1,"HH1_windowdoor_4",,1726638190310,"open"
55371,HH1_windowdoor_4,2024-09-18T09:23:05,,,,,,,,"ddddff4020d564cc2",,,,,,"H1","","HH_Window_receiver",1,"HH1_windowdoor_4",,1726644185000,"open"
55374,HH1_window_2,2024-09-18T09:27:47,,,,,,"open",,"d22edc5474e3f4f42",803,,"high",2972,,"H1","","HH_Window_receiver",1,"HH1_window_2",,1726643868757,"open"
55375,HH1_window_2,2024-09-18T09:27:47,,,,,,"open",,"d22edc5474e3f4f42",803,,"high",2972,,"H1","","HH_Window_receiver",1,"HH1_window_2",,1726644467344,"open"
55382,HH1_window_1,2024-09-18T09:33:00,,,,,,"open",,"dd06e659185134c30",67,,"high",2075,,"H1","","HH_Window_receiver",1,"HH1_window_1",,1726642987391,"open"
55383,HH1_window_1,2024-09-18T09:33:00,,,,,,"open",,"dd06e659185134c30",67,,"high",2075,,"H1","","HH_Window_receiver",1,"HH1_window_1",,1726644780070,"open"
55386,HH1_window_2,2024-09-18T09:37:51,,,,,,"open",,"d22edc5474e3f4f42",803,,"high",3178,,"H1","","HH_Window_receiver",1,"HH1_window_2",,1726644467344,"open"
55387,HH1_window_2,2024-09-18T09:37:51,,,,,,"open",,"d22edc5474e3f4f42",803,,"high",3178,,"H1","","HH_Window_receiver",1,"HH1_window_2",,1726645070978,"open"
55394,HH1_window_1,2024-09-18T09:43:05,,,,,,"open",,"dd06e659185134c30",68,,"high",2037,,"H1","","HH_Window_receiver",1,"HH1_window_1",,1726644780070,"open"
55395,HH1_window_1,2024-09-18T09:43:05,,,,,,"open",,"dd06e659185134c30",68,,"high",2037,,"H1","","HH_Window_receiver",1,"HH1_window_1",,1726645385660,"open"
55398,HH1_window_2,2024-09-18T09:47:54,,,,,,"open",,"d22edc5474e3f4f42",803,,"high",3221,,"H1","","HH_Window_receiver",1,"HH1_window_2",,1726645070978,"open"
55399,HH1_window_2,2024-09-18T09:47:54,,,,,,"open",,"d22edc5474e3f4f42",803,,"high",3221,,"H1","","HH_Window_receiver",1,"HH1_window_2",,1726645674456,"open"
55406,HH1_window_1,2024-09-18T09:53:00,,,,,,"open",,"dd06e659185134c30",56,,"high",2192,,"H1","","HH_Window_receiver",1,"HH1_window_1",,1726645385660,"open"
55407,HH1_window_1,2024-09-18T09:53:00,,,,,,"open",,"dd06e659185134c30",56,,"high",2192,,"H1","","HH_Window_receiver",1,"HH1_window_1",,1726645979892,"open"
55408,HH1_windowdoor_3,2024-09-18T09:53:07,,,,,,,,"dec96102602e1428f",,,,,,"H1","","HH_Window_receiver",1,"HH1_windowdoor_3",,1726643586032,"open"
55409,HH1_windowdoor_3,2024-09-18T09:53:07,,,,,,,,"dec96102602e1428f",,,,,,"H1","","HH_Window_receiver",1,"HH1_windowdoor_3",,1726645987438,"open"
55414,HH1_window_2,2024-09-18T09:57:51,,,,,,"open",,"d22edc5474e3f4f42",803,,"high",3255,,"H1","","HH_Window_receiver",1,"HH1_window_2",,1726645674456,"open"
55415,HH1_window_2,2024-09-18T09:57:51,,,,,,"open",,"d22edc5474e3f4f42",803,,"high",3255,,"H1","","HH_Window_receiver",1,"HH1_window_2",,1726646271088,"open"
55422,HH1_window_1,2024-09-18T10:02:55,,,,,,"open",,"dd06e659185134c30",56,,"high",2265,,"H1","","HH_Window_receiver",1,"HH1_window_1",,1726645979892,"open"
55423,HH1_window_1,2024-09-18T10:02:55,,,,,,"open",,"dd06e659185134c30",56,,"high",2265,,"H1","","HH_Window_receiver",1,"HH1_window_1",,1726646575423,"open"
55424,HH1_windowdoor_3,2024-09-18T10:03:02,,,,,,,,"dec96102602e1428f",,,,,,"H1","","HH_Window_receiver",1,"HH1_windowdoor_3",,1726645987438,"open"
55425,HH1_windowdoor_3,2024-09-18T10:03:02,,,,,,,,"dec96102602e1428f",,,,,,"H1","","HH_Window_receiver",1,"HH1_windowdoor_3",,1726646582280,"open"
55426,HH1_windowdoor_4,2024-09-18T10:03:06,,,,,,,,"ddddff4020d564cc2",,,,,,"H1","","HH_Window_receiver",1,"HH1_windowdoor_4",,1726644185000,"open"
55427,HH1_windowdoor_4,2024-09-18T10:03:06,,,,,,,,"ddddff4020d564cc2",,,,,,"H1","","HH_Window_receiver",1,"HH1_windowdoor_4",,1726646586304,"open"
55430,HH1_window_2,2024-09-18T10:07:45,,,,,,"open",,"d22edc5474e3f4f42",803,,"high",3261,,"H1","","HH_Window_receiver",1,"HH1_window_2",,1726646271088,"open"
55431,HH1_window_2,2024-09-18T10:07:45,,,,,,"open",,"d22edc5474e3f4f42",803,,"high",3261,,"H1","","HH_Window_receiver",1,"HH1_window_2",,1726646864922,"open"
55438,HH1_windowdoor_3,2024-09-18T10:12:58,,,,,,,,"dec96102602e1428f",,,,,,"H1","","HH_Window_receiver",1,"HH1_windowdoor_3",,1726646582280,"open"
55439,HH1_windowdoor_3,2024-09-18T10:12:58,,,,,,,,"dec96102602e1428f",,,,,,"H1","","HH_Window_receiver",1,"HH1_windowdoor_3",,1726647177890,"open"
55440,HH1_windowdoor_4,2024-09-18T10:12:59,,,,,,,,"ddddff4020d564cc2",,,,,,"H1","","HH_Window_receiver",1,"HH1_windowdoor_4",,1726646586304,"open"
55441,HH1_windowdoor_4,2024-09-18T10:12:59,,,,,,,,"ddddff4020d564cc2",,,,,,"H1","","HH_Window_receiver",1,"HH1_windowdoor_4",,1726647179726,"open"
55444,HH1_window_2,2024-09-18T10:17:39,,,,,,"open",,"d22edc5474e3f4f42",803,,"high",3362,,"H1","","HH_Window_receiver",1,"HH1_window_2",,1726646864922,"open"
55445,HH1_window_2,2024-09-18T10:17:39,,,,,,"open",,"d22edc5474e3f4f42",803,,"high",3362,,"H1","","HH_Window_receiver",1,"HH1_window_2",,1726647459287,"open"
55452,HH1_windowdoor_3,2024-09-18T10:22:53,,,,,,,,"dec96102602e1428f",,,,,,"H1","","HH_Window_receiver",1,"HH1_windowdoor_3",,1726647177890,"open"
55453,HH1_windowdoor_3,2024-09-18T10:22:53,,,,,,,,"dec96102602e1428f",,,,,,"H1","","HH_Window_receiver",1,"HH1_windowdoor_3",,1726647773690,"open"
55454,HH1_window_1,2024-09-18T10:22:55,,,,,,"open",,"dd06e659185134c30",56,,"medium_low",1835,,"H1","","HH_Window_receiver",1,"HH1_window_1",,1726646575423,"open"
55455,HH1_window_1,2024-09-18T10:22:55,,,,,,"open",,"dd06e659185134c30",56,,"medium_low",1835,,"H1","","HH_Window_receiver",1,"HH1_window_1",,1726647775035,"open"
55458,HH1_window_2,2024-09-18T10:27:44,,,,,,"open",,"d22edc5474e3f4f42",66,,"high",3107,,"H1","","HH_Window_receiver",1,"HH1_window_2",,1726647459287,"open"
55459,HH1_window_2,2024-09-18T10:27:44,,,,,,"open",,"d22edc5474e3f4f42",66,,"high",3107,,"H1","","HH_Window_receiver",1,"HH1_window_2",,1726648064548,"open"
55466,HH1_windowdoor_3,2024-09-18T10:32:53,,,,,,,,"dec96102602e1428f",,,,,,"H1","","HH_Window_receiver",1,"HH1_windowdoor_3",,1726647773690,"open"
55467,HH1_windowdoor_3,2024-09-18T10:32:53,,,,,,,,"dec96102602e1428f",,,,,,"H1","","HH_Window_receiver",1,"HH1_windowdoor_3",,1726648373508,"open"
66741,undefined,2024-09-23T10:20:36,,,,,,,,,,,,,,,,,,,,,
66742,undefined,2024-09-23T10:20:36,,,,,,,,,,,,,,,"",,,,,1727079636801,
84391,undefined,2024-09-30T09:55:41,,,,,,,,,,,,,,,"",,,,,1727079636801,
84392,undefined,2024-09-30T09:55:41,,,,,,,,,,,,,,,"",,,,,1727682941731,
90115,HH2_outdoor,2024-10-02T20:27:09,,,,,,,,"df2729158ae714476",,,,,,"H2","","HH_outdoor_temp",,"HH2_outdoor",11.125,1727890092236,
90116,HH2_outdoor,2024-10-02T20:27:09,,,,,,,,"df2729158ae714476",,,,,,"H2","","HH_outdoor_temp",,"HH2_outdoor",11.125,1727893629809,
90223,HH2_outdoor,2024-10-02T21:26:10,,,,,,,,"df2729158ae714476",,,,,,"H2","","HH_outdoor_temp",,"HH2_outdoor",11.1875,1727893629809,
90224,HH2_outdoor,2024-10-02T21:26:10,,,,,,,,"df2729158ae714476",,,,,,"H2","","HH_outdoor_temp",,"HH2_outdoor",11.1875,1727897170759,
90329,HH2_outdoor,2024-10-02T22:25:12,,,,,,,,"df2729158ae714476",,,,,,"H2","","HH_outdoor_temp",,"HH2_outdoor",11.1875,1727897170759,
90330,HH2_outdoor,2024-10-02T22:25:12,,,,,,,,"df2729158ae714476",,,,,,"H2","","HH_outdoor_temp",,"HH2_outdoor",11.1875,1727900712821,
90431,HH2_outdoor,2024-10-02T23:24:13,,,,,,,,"df2729158ae714476",,,,,,"H2","","HH_outdoor_temp",,"HH2_outdoor",10.875,1727900712821,
90432,HH2_outdoor,2024-10-02T23:24:13,,,,,,,,"df2729158ae714476",,,,,,"H2","","HH_outdoor_temp",,"HH2_outdoor",10.875,1727904253279,
90537,HH2_outdoor,2024-10-03T00:23:09,,,,,,,,"df2729158ae714476",,,,,,"H2","","HH_outdoor_temp",,"HH2_outdoor",10.6875,1727904253279,
90538,HH2_outdoor,2024-10-03T00:23:09,,,,,,,,"df2729158ae714476",,,,,,"H2","","HH_outdoor_temp",,"HH2_outdoor",10.6875,1727907789566,
90641,HH2_outdoor,2024-10-03T01:22:06,,,,,,,,"df2729158ae714476",,,,,,"H2","","HH_outdoor_temp",,"HH2_outdoor",9.6875,1727907789566,
90642,HH2_outdoor,2024-10-03T01:22:06,,,,,,,,"df2729158ae714476",,,,,,"H2","","HH_outdoor_temp",,"HH2_outdoor",9.6875,1727911325978,
90743,HH2_outdoor,2024-10-03T02:21:06,,,,,,,,"df2729158ae714476",,,,,,"H2","","HH_outdoor_temp",,"HH2_outdoor",8.8125,1727911325978,
90744,HH2_outdoor,2024-10-03T02:21:06,,,,,,,,"df2729158ae714476",,,,,,"H2","","HH_outdoor_temp",,"HH2_outdoor",8.8125,1727914866792,
90849,HH2_outdoor,2024-10-03T03:20:05,,,,,,,,"df2729158ae714476",,,,,,"H2","","HH_outdoor_temp",,"HH2_outdoor",8.375,1727914866792,
90850,HH2_outdoor,2024-10-03T03:20:05,,,,,,,,"df2729158ae714476",,,,,,"H2","","HH_outdoor_temp",,"HH2_outdoor",8.375,1727918405681,
90955,HH2_outdoor,2024-10-03T04:19:04,,,,,,,,"df2729158ae714476",,,,,,"H2","","HH_outdoor_temp",,"HH2_outdoor",8,1727918405681,
90956,HH2_outdoor,2024-10-03T04:19:04,,,,,,,,"df2729158ae714476",,,,,,"H2","","HH_outdoor_temp",,"HH2_outdoor",8,1727921944733,
91061,HH2_outdoor,2024-10-03T05:18:04,,,,,,,,"df2729158ae714476",,,,,,"H2","","HH_outdoor_temp",,"HH2_outdoor",7.4375,1727921944733,
91062,HH2_outdoor,2024-10-03T05:18:04,,,,,,,,"df2729158ae714476",,,,,,"H2","","HH_outdoor_temp",,"HH2_outdoor",7.4375,1727925484465,
91167,HH2_outdoor,2024-10-03T06:16:59,,,,,,,,"df2729158ae714476",,,,,,"H2","","HH_outdoor_temp",,"HH2_outdoor",7,1727925484465,
91168,HH2_outdoor,2024-10-03T06:17:00,,,,,,,,"df2729158ae714476",,,,,,"H2","","HH_outdoor_temp",,"HH2_outdoor",7,1727929019888,
91269,HH2_outdoor,2024-10-03T07:15:55,,,,,,,,"df2729158ae714476",,,,,,"H2","","HH_outdoor_temp",,"HH2_outdoor",6.6875,1727929019888,
91270,HH2_outdoor,2024-10-03T07:15:55,,,,,,,,"df2729158ae714476",,,,,,"H2","","HH_outdoor_temp",,"HH2_outdoor",6.6875,1727932555777,
91379,HH2_outdoor,2024-10-03T08:14:55,,,,,,,,"df2729158ae714476",,,,,,"H2","","HH_outdoor_temp",,"HH2_outdoor",6.8125,1727932555777,
91380,HH2_outdoor,2024-10-03T08:14:55,,,,,,,,"df2729158ae714476",,,,,,"H2","","HH_outdoor_temp",,"HH2_outdoor",6.8125,1727936095346,
91489,HH2_outdoor,2024-10-03T09:14:05,,,,,,,,"df2729158ae714476",,,,,,"H2","","HH_outdoor_temp",,"HH2_outdoor",13.4375,1727936095346,
91490,HH2_outdoor,2024-10-03T09:14:05,,,,,,,,"df2729158ae714476",,,,,,"H2","","HH_outdoor_temp",,"HH2_outdoor",13.4375,1727939645185,
91599,HH2_outdoor,2024-10-03T10:13:59,,,,,,,,"df2729158ae714476",,,,,,"H2","","HH_outdoor_temp",,"HH2_outdoor",22.5625,1727939645185,
91600,HH2_outdoor,2024-10-03T10:13:59,,,,,,,,"df2729158ae714476",,,,,,"H2","","HH_outdoor_temp",,"HH2_outdoor",22.5625,1727943239081,
91709,HH2_outdoor,2024-10-03T11:13:18,,,,,,,,"df2729158ae714476",,,,,,"H2","","HH_outdoor_temp",,"HH2_outdoor",24.0625,1727943239081,
91710,HH2_outdoor,2024-10-03T11:13:18,,,,,,,,"df2729158ae714476",,,,,,"H2","","HH_outdoor_temp",,"HH2_outdoor",24.0625,1727946798486,
91817,HH2_outdoor,2024-10-03T12:12:42,,,,,,,,"df2729158ae714476",,,,,,"H2","","HH_outdoor_temp",,"HH2_outdoor",19.875,1727946798486,
91818,HH2_outdoor,2024-10-03T12:12:42,,,,,,,,"df2729158ae714476",,,,,,"H2","","HH_outdoor_temp",,"HH2_outdoor",19.875,1727950362210,
91921,HH2_outdoor,2024-10-03T13:11:22,,,,,,,,"df2729158ae714476",,,,,,"H2","","HH_outdoor_temp",,"HH2_outdoor",18.375,1727950362210,
91922,HH2_outdoor,2024-10-03T13:11:22,,,,,,,,"df2729158ae714476",,,,,,"H2","","HH_outdoor_temp",,"HH2_outdoor",18.375,1727953882316,
92031,HH2_outdoor,2024-10-03T14:10:12,,,,,,,,"df2729158ae714476",,,,,,"H2","","HH_outdoor_temp",,"HH2_outdoor",16.125,1727953882316,
92032,HH2_outdoor,2024-10-03T14:10:12,,,,,,,,"df2729158ae714476",,,,,,"H2","","HH_outdoor_temp",,"HH2_outdoor",16.125,1727957412487,
92137,HH2_outdoor,2024-10-03T15:09:12,,,,,,,,"df2729158ae714476",,,,,,"H2","","HH_outdoor_temp",,"HH2_outdoor",16.125,1727957412487,
92138,HH2_outdoor,2024-10-03T15:09:12,,,,,,,,"df2729158ae714476",,,,,,"H2","","HH_outdoor_temp",,"HH2_outdoor",16.125,1727960952023,
92241,HH2_outdoor,2024-10-03T16:08:16,,,,,,,,"df2729158ae714476",,,,,,"H2","","HH_outdoor_temp",,"HH2_outdoor",16.1875,1727960952023,
92242,HH2_outdoor,2024-10-03T16:08:17,,,,,,,,"df2729158ae714476",,,,,,"H2","","HH_outdoor_temp",,"HH2_outdoor",16.1875,1727964496873,
92343,HH2_outdoor,2024-10-03T17:07:17,,,,,,,,"df2729158ae714476",,,,,,"H2","","HH_outdoor_temp",,"HH2_outdoor",15.375,1727964496873,
92344,HH2_outdoor,2024-10-03T17:07:17,,,,,,,,"df2729158ae714476",,,,,,"H2","","HH_outdoor_temp",,"HH2_outdoor",15.375,1727968037595,
92447,HH2_outdoor,2024-10-03T18:06:15,,,,,,,,"df2729158ae714476",,,,,,"H2","","HH_outdoor_temp",,"HH2_outdoor",15,1727968037595,
92448,HH2_outdoor,2024-10-03T18:06:15,,,,,,,,"df2729158ae714476",,,,,,"H2","","HH_outdoor_temp",,"HH2_outdoor",15,1727971575356,
92545,HH2_outdoor,2024-10-03T19:05:17,,,,,,,,"df2729158ae714476",,,,,,"H2","","HH_outdoor_temp",,"HH2_outdoor",13.1875,1727971575356,
92546,HH2_outdoor,2024-10-03T19:05:17,,,,,,,,"df2729158ae714476",,,,,,"H2","","HH_outdoor_temp",,"HH2_outdoor",13.1875,1727975117347,
92633,HH2_outdoor,2024-10-03T20:04:16,,,,,,,,"df2729158ae714476",,,,,,"H2","","HH_outdoor_temp",,"HH2_outdoor",11.0625,1727975117347,
92634,HH2_outdoor,2024-10-03T20:04:16,,,,,,,,"df2729158ae714476",,,,,,"H2","","HH_outdoor_temp",,"HH2_outdoor",11.0625,1727978656694,
92725,HH2_outdoor,2024-10-03T21:03:12,,,,,,,,"df2729158ae714476",,,,,,"H2","","HH_outdoor_temp",,"HH2_outdoor",10,1727978656694,
92726,HH2_outdoor,2024-10-03T21:03:12,,,,,,,,"df2729158ae714476",,,,,,"H2","","HH_outdoor_temp",,"HH2_outdoor",10,1727982192073,
92824,HH2_outdoor,2024-10-03T22:02:10,,,,,,,,"df2729158ae714476",,,,,,"H2","","HH_outdoor_temp",,"HH2_outdoor",9.4375,1727982192073,
92825,HH2_outdoor,2024-10-03T22:02:11,,,,,,,,"df2729158ae714476",,,,,,"H2","","HH_outdoor_temp",,"HH2_outdoor",9.4375,1727985730846,
92914,HH2_outdoor,2024-10-03T23:01:15,,,,,,,,"df2729158ae714476",,,,,,"H2","","HH_outdoor_temp",,"HH2_outdoor",9.875,1727985730846,
92915,HH2_outdoor,2024-10-03T23:01:15,,,,,,,,"df2729158ae714476",,,,,,"H2","","HH_outdoor_temp",,"HH2_outdoor",9.875,1727989275008,
93006,HH2_outdoor,2024-10-04T00:00:15,,,,,,,,"df2729158ae714476",,,,,,"H2","","HH_outdoor_temp",,"HH2_outdoor",9.1875,1727989275008,
93007,HH2_outdoor,2024-10-04T00:00:15,,,,,,,,"df2729158ae714476",,,,,,"H2","","HH_outdoor_temp",,"HH2_outdoor",9.1875,1727992815307,
93086,HH2_outdoor,2024-10-04T00:59:11,,,,,,,,"df2729158ae714476",,,,,,"H2","","HH_outdoor_temp",,"HH2_outdoor",8.5625,1727992815307,
93087,HH2_outdoor,2024-10-04T00:59:11,,,,,,,,"df2729158ae714476",,,,,,"H2","","HH_outdoor_temp",,"HH2_outdoor",8.5625,1727996350873,
93174,HH2_outdoor,2024-10-04T01:58:12,,,,,,,,"df2729158ae714476",,,,,,"H2","","HH_outdoor_temp",,"HH2_outdoor",8.375,1727996350873,
93175,HH2_outdoor,2024-10-04T01:58:13,,,,,,,,"df2729158ae714476",,,,,,"H2","","HH_outdoor_temp",,"HH2_outdoor",8.375,1727999892851,
93261,HH2_outdoor,2024-10-04T02:57:07,,,,,,,,"df2729158ae714476",,,,,,"H2","","HH_outdoor_temp",,"HH2_outdoor",7.4375,1727999892851,
93262,HH2_outdoor,2024-10-04T02:57:07,,,,,,,,"df2729158ae714476",,,,,,"H2","","HH_outdoor_temp",,"HH2_outdoor",7.4375,1728003427492,
93347,HH2_outdoor,2024-10-04T03:56:04,,,,,,,,"df2729158ae714476",,,,,,"H2","","HH_outdoor_temp",,"HH2_outdoor",6.9375,1728003427492,
93348,HH2_outdoor,2024-10-04T03:56:04,,,,,,,,"df2729158ae714476",,,,,,"H2","","HH_outdoor_temp",,"HH2_outdoor",6.9375,1728006963988,
93433,HH2_outdoor,2024-10-04T04:55:00,,,,,,,,"df2729158ae714476",,,,,,"H2","","HH_outdoor_temp",,"HH2_outdoor",6.5,1728006963988,
93434,HH2_outdoor,2024-10-04T04:55:00,,,,,,,,"df2729158ae714476",,,,,,"H2","","HH_outdoor_temp",,"HH2_outdoor",6.5,1728010500380,
93513,HH2_outdoor,2024-10-04T05:54:00,,,,,,,,"df2729158ae714476",,,,,,"H2","","HH_outdoor_temp",,"HH2_outdoor",5.9375,1728010500380,
93514,HH2_outdoor,2024-10-04T05:54:00,,,,,,,,"df2729158ae714476",,,,,,"H2","","HH_outdoor_temp",,"HH2_outdoor",5.9375,1728014040716,
93597,HH2_outdoor,2024-10-04T06:52:59,,,,,,,,"df2729158ae714476",,,,,,"H2","","HH_outdoor_temp",,"HH2_outdoor",5.5,1728014040716,
93598,HH2_outdoor,2024-10-04T06:52:59,,,,,,,,"df2729158ae714476",,,,,,"H2","","HH_outdoor_temp",,"HH2_outdoor",5.5,1728017579529,
93683,HH2_outdoor,2024-10-04T07:51:56,,,,,,,,"df2729158ae714476",,,,,,"H2","","HH_outdoor_temp",,"HH2_outdoor",5.4375,1728017579529,
93684,HH2_outdoor,2024-10-04T07:51:56,,,,,,,,"df2729158ae714476",,,,,,"H2","","HH_outdoor_temp",,"HH2_outdoor",5.4375,1728021116295,
93763,HH2_outdoor,2024-10-04T08:50:52,,,,,,,,"df2729158ae714476",,,,,,"H2","","HH_outdoor_temp",,"HH2_outdoor",6.6875,1728021116295,
93764,HH2_outdoor,2024-10-04T08:50:52,,,,,,,,"df2729158ae714476",,,,,,"H2","","HH_outdoor_temp",,"HH2_outdoor",6.6875,1728024652016,
93845,HH2_outdoor,2024-10-04T09:51:14,,,,,,,,"df2729158ae714476",,,,,,"H2","","HH_outdoor_temp",,"HH2_outdoor",18.5625,1728024652016,
93846,HH2_outdoor,2024-10-04T09:51:14,,,,,,,,"df2729158ae714476",,,,,,"H2","","HH_outdoor_temp",,"HH2_outdoor",18.5625,1728028274567,
93925,HH2_outdoor,2024-10-04T10:50:59,,,,,,,,"df2729158ae714476",,,,,,"H2","","HH_outdoor_temp",,"HH2_outdoor",23.875,1728028274567,
93926,HH2_outdoor,2024-10-04T10:50:59,,,,,,,,"df2729158ae714476",,,,,,"H2","","HH_outdoor_temp",,"HH2_outdoor",23.875,1728031859333,
93999,HH2_outdoor,2024-10-04T11:50:33,,,,,,,,"df2729158ae714476",,,,,,"H2","","HH_outdoor_temp",,"HH2_outdoor",26.5,1728031859333,
94000,HH2_outdoor,2024-10-04T11:50:33,,,,,,,,"df2729158ae714476",,,,,,"H2","","HH_outdoor_temp",,"HH2_outdoor",26.5,1728035433544,
94005,HH2_window_2,2024-10-04T11:55:44,,,,,,"open",,"d9f930508c704401f",181,,"high",3982,,"H2","","HH_Window_receiver",1,"HH2_window_2",,1728035149477,"open"
94006,HH2_window_2,2024-10-04T11:55:45,,,,,,"open",,"d9f930508c704401f",181,,"high",3982,,"H2","","HH_Window_receiver",1,"HH2_window_2",,1728035744856,"open"
94017,HH2_window_2,2024-10-04T12:05:40,,,,,,"open",,"d9f930508c704401f",282,,"high",3978,,"H2","","HH_Window_receiver",1,"HH2_window_2",,1728035744856,"open"
94018,HH2_window_2,2024-10-04T12:05:40,,,,,,"open",,"d9f930508c704401f",282,,"high",3978,,"H2","","HH_Window_receiver",1,"HH2_window_2",,1728036340538,"open"
94031,HH2_window_2,2024-10-04T12:15:36,,,,,,"open",,"d9f930508c704401f",203,,"high",3983,,"H2","","HH_Window_receiver",1,"HH2_window_2",,1728036340538,"open"
94032,HH2_window_2,2024-10-04T12:15:36,,,,,,"open",,"d9f930508c704401f",203,,"high",3983,,"H2","","HH_Window_receiver",1,"HH2_window_2",,1728036936635,"open"
94043,HH2_window_2,2024-10-04T12:25:32,,,,,,"open",,"d9f930508c704401f",254,,"high",3983,,"H2","","HH_Window_receiver",1,"HH2_window_2",,1728036936635,"open"
94044,HH2_window_2,2024-10-04T12:25:32,,,,,,"open",,"d9f930508c704401f",254,,"high",3983,,"H2","","HH_Window_receiver",1,"HH2_window_2",,1728037532508,"open"
94065,HH2_windowdoor_1,2024-10-04T12:44:30,,,,,,,,"d44f0fdd406c843e5",,,,,,"H2","","HH_Window_receiver",0,"HH2_windowdoor_1",,1728038071132,"closed"
94066,HH2_windowdoor_1,2024-10-04T12:44:30,,,,,,,,"d44f0fdd406c843e5",,,,,,"H2","","HH_Window_receiver",0,"HH2_windowdoor_1",,1728038670079,"closed"
94071,HH2_window_1_V2,2024-10-04T12:46:15,,,,,,"open",,"dc16a396614bc460d",801,,"high",3273,,"H2","","HH_Window_receiver",,"HH2_window_1_V2",,1728038183171,
94072,HH2_window_1_V2,2024-10-04T12:46:15,,,,,,"open",,"dc16a396614bc460d",801,,"high",3273,,"H2","","HH_Window_receiver",,"HH2_window_1_V2",,1728038774996,
94075,HH2_outdoor,2024-10-04T12:49:11,,,,,,,,"df2729158ae714476",,,,,,"H2","","HH_outdoor_temp",,"HH2_outdoor",18.375,1728035433544,
94076,HH2_outdoor,2024-10-04T12:49:11,,,,,,,,"df2729158ae714476",,,,,,"H2","","HH_outdoor_temp",,"HH2_outdoor",18.375,1728038951718,
94079,HH2_windowdoor_1,2024-10-04T12:54:24,,,,,,,,"d44f0fdd406c843e5",,,,,,"H2","","HH_Window_receiver",0,"HH2_windowdoor_1",,1728038670079,"closed"
94080,HH2_windowdoor_1,2024-10-04T12:54:24,,,,,,,,"d44f0fdd406c843e5",,,,,,"H2","","HH_Window_receiver",0,"HH2_windowdoor_1",,1728039264524,"closed"
94083,HH2_window_2,2024-10-04T12:55:22,,,,,,"open",,"d9f930508c704401f",169,,"high",3953,,"H2","","HH_Window_receiver",1,"HH2_window_2",,1728037532508,"open"
94084,HH2_window_2,2024-10-04T12:55:22,,,,,,"open",,"d9f930508c704401f",169,,"high",3953,,"H2","","HH_Window_receiver",1,"HH2_window_2",,1728039322312,"open"
94087,HH2_window_1_V2,2024-10-04T12:56:17,,,,,,"open",,"dc16a396614bc460d",198,,"high",3203,,"H2","","HH_Window_receiver",,"HH2_window_1_V2",,1728038774996,
94088,HH2_window_1_V2,2024-10-04T12:56:17,,,,,,"open",,"dc16a396614bc460d",198,,"high",3203,,"H2","","HH_Window_receiver",,"HH2_window_1_V2",,1728039377199,
94089,HH2_door_1,2024-10-04T12:58:56,,,,,,,,"d5093cc318c544799",,,,,,"H2","","HH_door_receiver",0,"HH2_door_1",,1728038941983,"closed"
94090,HH2_door_1,2024-10-04T12:58:57,,,,,,,,"d5093cc318c544799",,,,,,"H2","","HH_door_receiver",0,"HH2_door_1",,1728039536842,"closed"
94093,HH2_windowdoor_1,2024-10-04T13:04:18,,,,,,,,"d44f0fdd406c843e5",,,,,,"H2","","HH_Window_receiver",0,"HH2_windowdoor_1",,1728039264524,"closed"
94094,HH2_windowdoor_1,2024-10-04T13:04:18,,,,,,,,"d44f0fdd406c843e5",,,,,,"H2","","HH_Window_receiver",0,"HH2_windowdoor_1",,1728039857952,"closed"
94097,HH2_window_2,2024-10-04T13:05:16,,,,,,"open",,"d9f930508c704401f",203,,"high",3925,,"H2","","HH_Window_receiver",1,"HH2_window_2",,1728039322312,"open"
94098,HH2_window_2,2024-10-04T13:05:16,,,,,,"open",,"d9f930508c704401f",203,,"high",3925,,"H2","","HH_Window_receiver",1,"HH2_window_2",,1728039915959,"open"
94101,HH2_window_1_V2,2024-10-04T13:06:09,,,,,,"open",,"dc16a396614bc460d",801,,"high",3866,,"H2","","HH_Window_receiver",,"HH2_window_1_V2",,1728039377199,
94102,HH2_window_1_V2,2024-10-04T13:06:09,,,,,,"open",,"dc16a396614bc460d",801,,"high",3866,,"H2","","HH_Window_receiver",,"HH2_window_1_V2",,1728039969174,
94103,HH2_door_1,2024-10-04T13:08:52,,,,,,,,"d5093cc318c544799",,,,,,"H2","","HH_door_receiver",0,"HH2_door_1",,1728039536842,"closed"
94104,HH2_door_1,2024-10-04T13:08:52,,,,,,,,"d5093cc318c544799",,,,,,"H2","","HH_door_receiver",0,"HH2_door_1",,1728040132187,"closed"
94107,HH2_windowdoor_1,2024-10-04T13:14:14,,,,,,,,"d44f0fdd406c843e5",,,,,,"H2","","HH_Window_receiver",0,"HH2_windowdoor_1",,1728039857952,"closed"
94108,HH2_windowdoor_1,2024-10-04T13:14:14,,,,,,,,"d44f0fdd406c843e5",,,,,,"H2","","HH_Window_receiver",0,"HH2_windowdoor_1",,1728040454051,"closed"
94111,HH2_window_2,2024-10-04T13:15:16,,,,,,"open",,"d9f930508c704401f",799,,"high",3909,,"H2","","HH_Window_receiver",1,"HH2_window_2",,1728039915959,"open"
94112,HH2_window_2,2024-10-04T13:15:16,,,,,,"open",,"d9f930508c704401f",799,,"high",3909,,"H2","","HH_Window_receiver",1,"HH2_window_2",,1728040516568,"open"
94115,HH2_window_1_V2,2024-10-04T13:16:04,,,,,,"open",,"dc16a396614bc460d",801,,"high",4022,,"H2","","HH_Window_receiver",,"HH2_window_1_V2",,1728039969174,
94116,HH2_window_1_V2,2024-10-04T13:16:04,,,,,,"open",,"dc16a396614bc460d",801,,"high",4022,,"H2","","HH_Window_receiver",,"HH2_window_1_V2",,1728040564599,
94117,HH2_door_1,2024-10-04T13:18:49,,,,,,,,"d5093cc318c544799",,,,,,"H2","","HH_door_receiver",0,"HH2_door_1",,1728040132187,"closed"
94118,HH2_door_1,2024-10-04T13:18:49,,,,,,,,"d5093cc318c544799",,,,,,"H2","","HH_door_receiver",0,"HH2_door_1",,1728040729698,"closed"
94121,HH2_windowdoor_1,2024-10-04T13:24:16,,,,,,,,"d44f0fdd406c843e5",,,,,,"H2","","HH_Window_receiver",0,"HH2_windowdoor_1",,1728040454051,"closed"
94122,HH2_windowdoor_1,2024-10-04T13:24:16,,,,,,,,"d44f0fdd406c843e5",,,,,,"H2","","HH_Window_receiver",0,"HH2_windowdoor_1",,1728041056307,"closed"
94125,HH2_window_2,2024-10-04T13:25:12,,,,,,"open",,"d9f930508c704401f",798,,"high",3872,,"H2","","HH_Window_receiver",1,"HH2_window_2",,1728040516568,"open"
94126,HH2_window_2,2024-10-04T13:25:12,,,,,,"open",,"d9f930508c704401f",798,,"high",3872,,"H2","","HH_Window_receiver",1,"HH2_window_2",,1728041112706,"open"
94129,HH2_windowdoor_1,2024-10-04T13:34:08,,,,,,,,"d44f0fdd406c843e5",,,,,,"H2","","HH_Window_receiver",0,"HH2_windowdoor_1",,1728041056307,"closed"
94130,HH2_windowdoor_1,2024-10-04T13:34:08,,,,,,,,"d44f0fdd406c843e5",,,,,,"H2","","HH_Window_receiver",0,"HH2_windowdoor_1",,1728041648736,"closed"
94133,HH2_window_2,2024-10-04T13:35:09,,,,,,"open",,"d9f930508c704401f",273,,"high",3857,,"H2","","HH_Window_receiver",1,"HH2_window_2",,1728041112706,"open"
94134,HH2_window_2,2024-10-04T13:35:09,,,,,,"open",,"d9f930508c704401f",273,,"high",3857,,"H2","","HH_Window_receiver",1,"HH2_window_2",,1728041709513,"open"
94137,HH2_window_1_V2,2024-10-04T13:36:01,,,,,,"open",,"dc16a396614bc460d",800,,"high",4037,,"H2","","HH_Window_receiver",,"HH2_window_1_V2",,1728040564599,
94138,HH2_window_1_V2,2024-10-04T13:36:01,,,,,,"open",,"dc16a396614bc460d",800,,"high",4037,,"H2","","HH_Window_receiver",,"HH2_window_1_V2",,1728041761539,
94139,HH2_door_1,2024-10-04T13:38:40,,,,,,,,"d5093cc318c544799",,,,,,"H2","","HH_door_receiver",0,"HH2_door_1",,1728040729698,"closed"
94140,HH2_door_1,2024-10-04T13:38:40,,,,,,,,"d5093cc318c544799",,,,,,"H2","","HH_door_receiver",0,"HH2_door_1",,1728041920688,"closed"
94143,HH2_windowdoor_1,2024-10-04T13:44:04,,,,,,,,"d44f0fdd406c843e5",,,,,,"H2","","HH_Window_receiver",0,"HH2_windowdoor_1",,1728041648736,"closed"
94144,HH2_windowdoor_1,2024-10-04T13:44:04,,,,,,,,"d44f0fdd406c843e5",,,,,,"H2","","HH_Window_receiver",0,"HH2_windowdoor_1",,1728042244509,"closed"
94147,HH2_window_2,2024-10-04T13:45:05,,,,,,"open",,"d9f930508c704401f",225,,"high",3817,,"H2","","HH_Window_receiver",1,"HH2_window_2",,1728041709513,"open"
94148,HH2_window_2,2024-10-04T13:45:05,,,,,,"open",,"d9f930508c704401f",225,,"high",3817,,"H2","","HH_Window_receiver",1,"HH2_window_2",,1728042304883,"open"
94151,HH2_window_1_V2,2024-10-04T13:46:04,,,,,,"open",,"dc16a396614bc460d",800,,"high",4027,,"H2","","HH_Window_receiver",,"HH2_window_1_V2",,1728041761539,
94152,HH2_window_1_V2,2024-10-04T13:46:04,,,,,,"open",,"dc16a396614bc460d",800,,"high",4027,,"H2","","HH_Window_receiver",,"HH2_window_1_V2",,1728042363918,
94153,HH2_outdoor,2024-10-04T13:47:49,,,,,,,,"df2729158ae714476",,,,,,"H2","","HH_outdoor_temp",,"HH2_outdoor",18.5625,1728038951718,
94154,HH2_outdoor,2024-10-04T13:47:49,,,,,,,,"df2729158ae714476",,,,,,"H2","","HH_outdoor_temp",,"HH2_outdoor",18.5625,1728042469027,
94155,HH2_door_1,2024-10-04T13:48:35,,,,,,,,"d5093cc318c544799",,,,,,"H2","","HH_door_receiver",0,"HH2_door_1",,1728041920688,"closed"
94156,HH2_door_1,2024-10-04T13:48:36,,,,,,,,"d5093cc318c544799",,,,,,"H2","","HH_door_receiver",0,"HH2_door_1",,1728042515727,"closed"
94159,HH2_windowdoor_1,2024-10-04T13:53:59,,,,,,,,"d44f0fdd406c843e5",,,,,,"H2","","HH_Window_receiver",0,"HH2_windowdoor_1",,1728042244509,"closed"
94160,HH2_windowdoor_1,2024-10-04T13:53:59,,,,,,,,"d44f0fdd406c843e5",,,,,,"H2","","HH_Window_receiver",0,"HH2_windowdoor_1",,1728042839709,"closed"
94163,HH2_window_2,2024-10-04T13:55:00,,,,,,"open",,"d9f930508c704401f",210,,"high",3775,,"H2","","HH_Window_receiver",1,"HH2_window_2",,1728042304883,"open"
94164,HH2_window_2,2024-10-04T13:55:00,,,,,,"open",,"d9f930508c704401f",210,,"high",3775,,"H2","","HH_Window_receiver",1,"HH2_window_2",,1728042900333,"open"
94167,HH2_window_1_V2,2024-10-04T13:55:57,,,,,,"open",,"dc16a396614bc460d",800,,"high",4000,,"H2","","HH_Window_receiver",,"HH2_window_1_V2",,1728042363918,
94168,HH2_window_1_V2,2024-10-04T13:55:57,,,,,,"open",,"dc16a396614bc460d",800,,"high",4000,,"H2","","HH_Window_receiver",,"HH2_window_1_V2",,1728042957199,
94169,HH2_door_1,2024-10-04T13:58:32,,,,,,,,"d5093cc318c544799",,,,,,"H2","","HH_door_receiver",0,"HH2_door_1",,1728042515727,"closed"
94170,HH2_door_1,2024-10-04T13:58:32,,,,,,,,"d5093cc318c544799",,,,,,"H2","","HH_door_receiver",0,"HH2_door_1",,1728043112532,"closed"
94173,HH2_windowdoor_1,2024-10-04T14:03:55,,,,,,,,"d44f0fdd406c843e5",,,,,,"H2","","HH_Window_receiver",0,"HH2_windowdoor_1",,1728042839709,"closed"
94174,HH2_windowdoor_1,2024-10-04T14:03:55,,,,,,,,"d44f0fdd406c843e5",,,,,,"H2","","HH_Window_receiver",0,"HH2_windowdoor_1",,1728043434925,"closed"
94177,HH2_window_2,2024-10-04T14:04:57,,,,,,"open",,"d9f930508c704401f",152,,"high",3261,,"H2","","HH_Window_receiver",1,"HH2_window_2",,1728042900333,"open"
94178,HH2_window_2,2024-10-04T14:04:57,,,,,,"open",,"d9f930508c704401f",152,,"high",3261,,"H2","","HH_Window_receiver",1,"HH2_window_2",,1728043497006,"open"
94181,HH2_window_1_V2,2024-10-04T14:05:53,,,,,,"open",,"dc16a396614bc460d",800,,"high",4007,,"H2","","HH_Window_receiver",,"HH2_window_1_V2",,1728042957199,
94182,HH2_window_1_V2,2024-10-04T14:05:53,,,,,,"open",,"dc16a396614bc460d",800,,"high",4007,,"H2","","HH_Window_receiver",,"HH2_window_1_V2",,1728043552977,
94183,HH2_door_1,2024-10-04T14:08:28,,,,,,,,"d5093cc318c544799",,,,,,"H2","","HH_door_receiver",0,"HH2_door_1",,1728043112532,"closed"
94184,HH2_door_1,2024-10-04T14:08:28,,,,,,,,"d5093cc318c544799",,,,,,"H2","","HH_door_receiver",0,"HH2_door_1",,1728043708153,"closed"
94187,HH2_windowdoor_1,2024-10-04T14:13:50,,,,,,,,"d44f0fdd406c843e5",,,,,,"H2","","HH_Window_receiver",0,"HH2_windowdoor_1",,1728043434925,"closed"
94188,HH2_windowdoor_1,2024-10-04T14:13:50,,,,,,,,"d44f0fdd406c843e5",,,,,,"H2","","HH_Window_receiver",0,"HH2_windowdoor_1",,1728044030486,"closed"
94191,HH2_window_2,2024-10-04T14:14:52,,,,,,"open",,"d9f930508c704401f",203,,"high",2850,,"H2","","HH_Window_receiver",1,"HH2_window_2",,1728043497006,"open"
94192,HH2_window_2,2024-10-04T14:14:52,,,,,,"open",,"d9f930508c704401f",203,,"high",2850,,"H2","","HH_Window_receiver",1,"HH2_window_2",,1728044092425,"open"
94195,HH2_window_1_V2,2024-10-04T14:15:47,,,,,,"open",,"dc16a396614bc460d",801,,"high",2849,,"H2","","HH_Window_receiver",,"HH2_window_1_V2",,1728043552977,
94196,HH2_window_1_V2,2024-10-04T14:15:47,,,,,,"open",,"dc16a396614bc460d",801,,"high",2849,,"H2","","HH_Window_receiver",,"HH2_window_1_V2",,1728044147757,
94197,HH2_door_1,2024-10-04T14:18:24,,,,,,,,"d5093cc318c544799",,,,,,"H2","","HH_door_receiver",0,"HH2_door_1",,1728043708153,"closed"
94198,HH2_door_1,2024-10-04T14:18:24,,,,,,,,"d5093cc318c544799",,,,,,"H2","","HH_door_receiver",0,"HH2_door_1",,1728044304088,"closed"
94201,HH2_windowdoor_1,2024-10-04T14:23:48,,,,,,,,"d44f0fdd406c843e5",,,,,,"H2","","HH_Window_receiver",0,"HH2_windowdoor_1",,1728044030486,"closed"
94202,HH2_windowdoor_1,2024-10-04T14:23:48,,,,,,,,"d44f0fdd406c843e5",,,,,,"H2","","HH_Window_receiver",0,"HH2_windowdoor_1",,1728044628258,"closed"
94205,HH2_window_2,2024-10-04T14:24:47,,,,,,"open",,"d9f930508c704401f",68,,"high",2970,,"H2","","HH_Window_receiver",1,"HH2_window_2",,1728044092425,"open"
94206,HH2_window_2,2024-10-04T14:24:47,,,,,,"open",,"d9f930508c704401f",68,,"high",2970,,"H2","","HH_Window_receiver",1,"HH2_window_2",,1728044687042,"open"
94209,HH2_window_1_V2,2024-10-04T14:25:42,,,,,,"open",,"dc16a396614bc460d",801,,"high",3060,,"H2","","HH_Window_receiver",,"HH2_window_1_V2",,1728044147757,
94210,HH2_window_1_V2,2024-10-04T14:25:42,,,,,,"open",,"dc16a396614bc460d",801,,"high",3060,,"H2","","HH_Window_receiver",,"HH2_window_1_V2",,1728044742500,
94211,HH2_door_1,2024-10-04T14:28:20,,,,,,,,"d5093cc318c544799",,,,,,"H2","","HH_door_receiver",0,"HH2_door_1",,1728044304088,"closed"
94212,HH2_door_1,2024-10-04T14:28:20,,,,,,,,"d5093cc318c544799",,,,,,"H2","","HH_door_receiver",0,"HH2_door_1",,1728044900528,"closed"
94215,HH2_windowdoor_1,2024-10-04T14:33:44,,,,,,,,"d44f0fdd406c843e5",,,,,,"H2","","HH_Window_receiver",0,"HH2_windowdoor_1",,1728044628258,"closed"
94216,HH2_windowdoor_1,2024-10-04T14:33:45,,,,,,,,"d44f0fdd406c843e5",,,,,,"H2","","HH_Window_receiver",0,"HH2_windowdoor_1",,1728045224868,"closed"
94219,HH2_window_2,2024-10-04T14:34:42,,,,,,"open",,"d9f930508c704401f",217,,"high",2891,,"H2","","HH_Window_receiver",1,"HH2_window_2",,1728044687042,"open"
94220,HH2_window_2,2024-10-04T14:34:42,,,,,,"open",,"d9f930508c704401f",217,,"high",2891,,"H2","","HH_Window_receiver",1,"HH2_window_2",,1728045282477,"open"
94223,HH2_window_1_V2,2024-10-04T14:35:37,,,,,,"open",,"dc16a396614bc460d",801,,"high",2878,,"H2","","HH_Window_receiver",,"HH2_window_1_V2",,1728044742500,
94224,HH2_window_1_V2,2024-10-04T14:35:37,,,,,,"open",,"dc16a396614bc460d",801,,"high",2878,,"H2","","HH_Window_receiver",,"HH2_window_1_V2",,1728045337435,
94225,HH2_door_1,2024-10-04T14:38:17,,,,,,,,"d5093cc318c544799",,,,,,"H2","","HH_door_receiver",0,"HH2_door_1",,1728044900528,"closed"
94226,HH2_door_1,2024-10-04T14:38:17,,,,,,,,"d5093cc318c544799",,,,,,"H2","","HH_door_receiver",0,"HH2_door_1",,1728045497193,"closed"
94229,HH2_windowdoor_1,2024-10-04T14:43:39,,,,,,,,"d44f0fdd406c843e5",,,,,,"H2","","HH_Window_receiver",0,"HH2_windowdoor_1",,1728045224868,"closed"
94230,HH2_windowdoor_1,2024-10-04T14:43:39,,,,,,,,"d44f0fdd406c843e5",,,,,,"H2","","HH_Window_receiver",0,"HH2_windowdoor_1",,1728045819484,"closed"
94233,HH2_window_2,2024-10-04T14:44:36,,,,,,"open",,"d9f930508c704401f",799,,"high",3775,,"H2","","HH_Window_receiver",1,"HH2_window_2",,1728045282477,"open"
94234,HH2_window_2,2024-10-04T14:44:36,,,,,,"open",,"d9f930508c704401f",799,,"high",3775,,"H2","","HH_Window_receiver",1,"HH2_window_2",,1728045876782,"open"
94237,HH2_window_1_V2,2024-10-04T14:45:32,,,,,,"open",,"dc16a396614bc460d",801,,"high",3901,,"H2","","HH_Window_receiver",,"HH2_window_1_V2",,1728045337435,
94238,HH2_window_1_V2,2024-10-04T14:45:32,,,,,,"open",,"dc16a396614bc460d",801,,"high",3901,,"H2","","HH_Window_receiver",,"HH2_window_1_V2",,1728045931909,
94239,HH2_outdoor,2024-10-04T14:46:44,,,,,,,,"df2729158ae714476",,,,,,"H2","","HH_outdoor_temp",,"HH2_outdoor",17.375,1728042469027,
94240,HH2_outdoor,2024-10-04T14:46:44,,,,,,,,"df2729158ae714476",,,,,,"H2","","HH_outdoor_temp",,"HH2_outdoor",17.375,1728046004547,
94241,HH2_door_1,2024-10-04T14:48:14,,,,,,,,"d5093cc318c544799",,,,,,"H2","","HH_door_receiver",0,"HH2_door_1",,1728045497193,"closed"
94242,HH2_door_1,2024-10-04T14:48:14,,,,,,,,"d5093cc318c544799",,,,,,"H2","","HH_door_receiver",0,"HH2_door_1",,1728046094255,"closed"
94245,HH2_windowdoor_1,2024-10-04T14:53:32,,,,,,,,"d44f0fdd406c843e5",,,,,,"H2","","HH_Window_receiver",0,"HH2_windowdoor_1",,1728045819484,"closed"
94246,HH2_windowdoor_1,2024-10-04T14:53:32,,,,,,,,"d44f0fdd406c843e5",,,,,,"H2","","HH_Window_receiver",0,"HH2_windowdoor_1",,1728046412292,"closed"
94249,HH2_window_2,2024-10-04T14:54:33,,,,,,"open",,"d9f930508c704401f",209,,"high",2658,,"H2","","HH_Window_receiver",1,"HH2_window_2",,1728045876782,"open"
94250,HH2_window_2,2024-10-04T14:54:33,,,,,,"open",,"d9f930508c704401f",209,,"high",2658,,"H2","","HH_Window_receiver",1,"HH2_window_2",,1728046473578,"open"
94253,HH2_window_1_V2,2024-10-04T14:55:34,,,,,,"open",,"dc16a396614bc460d",801,,"high",2704,,"H2","","HH_Window_receiver",,"HH2_window_1_V2",,1728045931909,
94254,HH2_window_1_V2,2024-10-04T14:55:34,,,,,,"open",,"dc16a396614bc460d",801,,"high",2704,,"H2","","HH_Window_receiver",,"HH2_window_1_V2",,1728046533950,
94255,HH2_door_1,2024-10-04T14:58:11,,,,,,,,"d5093cc318c544799",,,,,,"H2","","HH_door_receiver",0,"HH2_door_1",,1728046094255,"closed"
94256,HH2_door_1,2024-10-04T14:58:11,,,,,,,,"d5093cc318c544799",,,,,,"H2","","HH_door_receiver",0,"HH2_door_1",,1728046691312,"closed"
94259,HH2_windowdoor_1,2024-10-04T15:03:30,,,,,,,,"d44f0fdd406c843e5",,,,,,"H2","","HH_Window_receiver",0,"HH2_windowdoor_1",,1728046412292,"closed"
94260,HH2_windowdoor_1,2024-10-04T15:03:30,,,,,,,,"d44f0fdd406c843e5",,,,,,"H2","","HH_Window_receiver",0,"HH2_windowdoor_1",,1728047010658,"closed"
94263,HH2_window_2,2024-10-04T15:04:28,,,,,,"open",,"d9f930508c704401f",222,,"high",2599,,"H2","","HH_Window_receiver",1,"HH2_window_2",,1728046473578,"open"
94264,HH2_window_2,2024-10-04T15:04:28,,,,,,"open",,"d9f930508c704401f",222,,"high",2599,,"H2","","HH_Window_receiver",1,"HH2_window_2",,1728047068022,"open"
94267,HH2_window_1_V2,2024-10-04T15:05:26,,,,,,"open",,"dc16a396614bc460d",801,,"high",2601,,"H2","","HH_Window_receiver",,"HH2_window_1_V2",,1728046533950,
94268,HH2_window_1_V2,2024-10-04T15:05:27,,,,,,"open",,"dc16a396614bc460d",801,,"high",2601,,"H2","","HH_Window_receiver",,"HH2_window_1_V2",,1728047126866,
94269,HH2_door_1,2024-10-04T15:08:08,,,,,,,,"d5093cc318c544799",,,,,,"H2","","HH_door_receiver",1,"HH2_door_1",,1728046691312,"open"
94270,HH2_door_1,2024-10-04T15:08:08,,,,,,,,"d5093cc318c544799",,,,,,"H2","","HH_door_receiver",1,"HH2_door_1",,1728047288043,"open"
94273,HH2_windowdoor_1,2024-10-04T15:13:23,,,,,,,,"d44f0fdd406c843e5",,,,,,"H2","","HH_Window_receiver",0,"HH2_windowdoor_1",,1728047010658,"closed"
94274,HH2_windowdoor_1,2024-10-04T15:13:24,,,,,,,,"d44f0fdd406c843e5",,,,,,"H2","","HH_Window_receiver",0,"HH2_windowdoor_1",,1728047603839,"closed"
94277,HH2_window_2,2024-10-04T15:14:23,,,,,,"open",,"d9f930508c704401f",194,,"high",2815,,"H2","","HH_Window_receiver",1,"HH2_window_2",,1728047068022,"open"
94278,HH2_window_2,2024-10-04T15:14:23,,,,,,"open",,"d9f930508c704401f",194,,"high",2815,,"H2","","HH_Window_receiver",1,"HH2_window_2",,1728047663368,"open"
94281,HH2_window_1_V2,2024-10-04T15:15:21,,,,,,"open",,"dc16a396614bc460d",801,,"high",3118,,"H2","","HH_Window_receiver",,"HH2_window_1_V2",,1728047126866,
94282,HH2_window_1_V2,2024-10-04T15:15:21,,,,,,"open",,"dc16a396614bc460d",801,,"high",3118,,"H2","","HH_Window_receiver",,"HH2_window_1_V2",,1728047721627,
94283,HH2_door_1,2024-10-04T15:18:06,,,,,,,,"d5093cc318c544799",,,,,,"H2","","HH_door_receiver",1,"HH2_door_1",,1728047288043,"open"
94284,HH2_door_1,2024-10-04T15:18:06,,,,,,,,"d5093cc318c544799",,,,,,"H2","","HH_door_receiver",1,"HH2_door_1",,1728047886214,"open"
94287,HH2_windowdoor_1,2024-10-04T15:23:18,,,,,,,,"d44f0fdd406c843e5",,,,,,"H2","","HH_Window_receiver",0,"HH2_windowdoor_1",,1728047603839,"closed"
94288,HH2_windowdoor_1,2024-10-04T15:23:18,,,,,,,,"d44f0fdd406c843e5",,,,,,"H2","","HH_Window_receiver",0,"HH2_windowdoor_1",,1728048198301,"closed"
94291,HH2_window_2,2024-10-04T15:24:18,,,,,,"open",,"d9f930508c704401f",800,,"high",2635,,"H2","","HH_Window_receiver",1,"HH2_window_2",,1728047663368,"open"
94292,HH2_window_2,2024-10-04T15:24:18,,,,,,"open",,"d9f930508c704401f",800,,"high",2635,,"H2","","HH_Window_receiver",1,"HH2_window_2",,1728048258806,"open"
94295,HH2_window_1_V2,2024-10-04T15:25:17,,,,,,"open",,"dc16a396614bc460d",802,,"high",2559,,"H2","","HH_Window_receiver",,"HH2_window_1_V2",,1728047721627,
94296,HH2_window_1_V2,2024-10-04T15:25:17,,,,,,"open",,"dc16a396614bc460d",802,,"high",2559,,"H2","","HH_Window_receiver",,"HH2_window_1_V2",,1728048317455,
94297,HH2_door_1,2024-10-04T15:28:00,,,,,,,,"d5093cc318c544799",,,,,,"H2","","HH_door_receiver",1,"HH2_door_1",,1728047886214,"open"
94298,HH2_door_1,2024-10-04T15:28:00,,,,,,,,"d5093cc318c544799",,,,,,"H2","","HH_door_receiver",1,"HH2_door_1",,1728048480254,"open"
94301,HH2_windowdoor_1,2024-10-04T15:33:21,,,,,,,,"d44f0fdd406c843e5",,,,,,"H2","","HH_Window_receiver",0,"HH2_windowdoor_1",,1728048198301,"closed"
94302,HH2_windowdoor_1,2024-10-04T15:33:21,,,,,,,,"d44f0fdd406c843e5",,,,,,"H2","","HH_Window_receiver",0,"HH2_windowdoor_1",,1728048801303,"closed"
94305,HH2_window_2,2024-10-04T15:34:13,,,,,,"open",,"d9f930508c704401f",226,,"high",2642,,"H2","","HH_Window_receiver",1,"HH2_window_2",,1728048258806,"open"
94306,HH2_window_2,2024-10-04T15:34:13,,,,,,"open",,"d9f930508c704401f",226,,"high",2642,,"H2","","HH_Window_receiver",1,"HH2_window_2",,1728048853538,"open"
94309,HH2_window_1_V2,2024-10-04T15:35:11,,,,,,"open",,"dc16a396614bc460d",801,,"high",2622,,"H2","","HH_Window_receiver",,"HH2_window_1_V2",,1728048317455,
94310,HH2_window_1_V2,2024-10-04T15:35:12,,,,,,"open",,"dc16a396614bc460d",801,,"high",2622,,"H2","","HH_Window_receiver",,"HH2_window_1_V2",,1728048911818,
94311,HH2_door_1,2024-10-04T15:37:57,,,,,,,,"d5093cc318c544799",,,,,,"H2","","HH_door_receiver",1,"HH2_door_1",,1728048480254,"open"
94312,HH2_door_1,2024-10-04T15:37:57,,,,,,,,"d5093cc318c544799",,,,,,"H2","","HH_door_receiver",1,"HH2_door_1",,1728049077401,"open"
94315,HH2_windowdoor_1,2024-10-04T15:43:16,,,,,,,,"d44f0fdd406c843e5",,,,,,"H2","","HH_Window_receiver",0,"HH2_windowdoor_1",,1728048801303,"closed"
94316,HH2_windowdoor_1,2024-10-04T15:43:16,,,,,,,,"d44f0fdd406c843e5",,,,,,"H2","","HH_Window_receiver",0,"HH2_windowdoor_1",,1728049396352,"closed"
94319,HH2_window_2,2024-10-04T15:44:26,,,,,,"open",,"d9f930508c704401f",66,,"high",2769,,"H2","","HH_Window_receiver",1,"HH2_window_2",,1728048853538,"open"
94320,HH2_window_2,2024-10-04T15:44:26,,,,,,"open",,"d9f930508c704401f",66,,"high",2769,,"H2","","HH_Window_receiver",1,"HH2_window_2",,1728049466334,"open"
94323,HH2_window_1_V2,2024-10-04T15:45:06,,,,,,"open",,"dc16a396614bc460d",156,,"high",2825,,"H2","","HH_Window_receiver",,"HH2_window_1_V2",,1728048911818,
94324,HH2_window_1_V2,2024-10-04T15:45:06,,,,,,"open",,"dc16a396614bc460d",156,,"high",2825,,"H2","","HH_Window_receiver",,"HH2_window_1_V2",,1728049506097,
94325,HH2_outdoor,2024-10-04T15:45:49,,,,,,,,"df2729158ae714476",,,,,,"H2","","HH_outdoor_temp",,"HH2_outdoor",16.6875,1728046004547,
94326,HH2_outdoor,2024-10-04T15:45:49,,,,,,,,"df2729158ae714476",,,,,,"H2","","HH_outdoor_temp",,"HH2_outdoor",16.6875,1728049548966,
94327,HH2_door_1,2024-10-04T15:47:54,,,,,,,,"d5093cc318c544799",,,,,,"H2","","HH_door_receiver",0,"HH2_door_1",,1728049077401,"closed"
94328,HH2_door_1,2024-10-04T15:47:54,,,,,,,,"d5093cc318c544799",,,,,,"H2","","HH_door_receiver",0,"HH2_door_1",,1728049673906,"closed"
94329,HH2_door_1,2024-10-04T15:48:01,,,,,,,,"d5093cc318c544799",,,,,,"H2","","HH_door_receiver",0,"HH2_door_1",,1728049673906,"closed"
94330,HH2_door_1,2024-10-04T15:48:01,,,,,,,,"d5093cc318c544799",,,,,,"H2","","HH_door_receiver",0,"HH2_door_1",,1728049681335,"closed"
94333,HH2_windowdoor_1,2024-10-04T15:53:09,,,,,,,,"d44f0fdd406c843e5",,,,,,"H2","","HH_Window_receiver",0,"HH2_windowdoor_1",,1728049396352,"closed"
94334,HH2_windowdoor_1,2024-10-04T15:53:09,,,,,,,,"d44f0fdd406c843e5",,,,,,"H2","","HH_Window_receiver",0,"HH2_windowdoor_1",,1728049989504,"closed"
94337,HH2_window_2,2024-10-04T15:54:18,,,,,,"open",,"d9f930508c704401f",67,,"high",3042,,"H2","","HH_Window_receiver",1,"HH2_window_2",,1728049466334,"open"
94338,HH2_window_2,2024-10-04T15:54:18,,,,,,"open",,"d9f930508c704401f",67,,"high",3042,,"H2","","HH_Window_receiver",1,"HH2_window_2",,1728050058561,"open"
94341,HH2_window_1_V2,2024-10-04T15:55:05,,,,,,"open",,"dc16a396614bc460d",801,,"high",3082,,"H2","","HH_Window_receiver",,"HH2_window_1_V2",,1728049506097,
94342,HH2_window_1_V2,2024-10-04T15:55:05,,,,,,"open",,"dc16a396614bc460d",801,,"high",3082,,"H2","","HH_Window_receiver",,"HH2_window_1_V2",,1728050105673,
94343,HH2_door_1,2024-10-04T15:57:57,,,,,,,,"d5093cc318c544799",,,,,,"H2","","HH_door_receiver",0,"HH2_door_1",,1728049681335,"closed"
94344,HH2_door_1,2024-10-04T15:57:57,,,,,,,,"d5093cc318c544799",,,,,,"H2","","HH_door_receiver",0,"HH2_door_1",,1728050277002,"closed"
94347,HH2_windowdoor_1,2024-10-04T16:03:08,,,,,,,,"d44f0fdd406c843e5",,,,,,"H2","","HH_Window_receiver",0,"HH2_windowdoor_1",,1728049989504,"closed"
94348,HH2_windowdoor_1,2024-10-04T16:03:08,,,,,,,,"d44f0fdd406c843e5",,,,,,"H2","","HH_Window_receiver",0,"HH2_windowdoor_1",,1728050588077,"closed"
94353,HH2_window_1_V2,2024-10-04T16:05:06,,,,,,"open",,"dc16a396614bc460d",172,,"high",3278,,"H2","","HH_Window_receiver",,"HH2_window_1_V2",,1728050105673,
94354,HH2_window_1_V2,2024-10-04T16:05:06,,,,,,"open",,"dc16a396614bc460d",172,,"high",3278,,"H2","","HH_Window_receiver",,"HH2_window_1_V2",,1728050706279,
94355,HH2_window_1_V2,2024-10-04T16:05:16,,,,,,"open",,"dc16a396614bc460d",801,,"high",3341,,"H2","","HH_Window_receiver",,"HH2_window_1_V2",,1728050706279,
94356,HH2_window_1_V2,2024-10-04T16:05:16,,,,,,"open",,"dc16a396614bc460d",801,,"high",3341,,"H2","","HH_Window_receiver",,"HH2_window_1_V2",,1728050716149,
94357,HH2_door_1,2024-10-04T16:07:52,,,,,,,,"d5093cc318c544799",,,,,,"H2","","HH_door_receiver",1,"HH2_door_1",,1728050277002,"open"
94358,HH2_door_1,2024-10-04T16:07:52,,,,,,,,"d5093cc318c544799",,,,,,"H2","","HH_door_receiver",1,"HH2_door_1",,1728050872399,"open"
94361,HH2_windowdoor_1,2024-10-04T16:13:01,,,,,,,,"d44f0fdd406c843e5",,,,,,"H2","","HH_Window_receiver",0,"HH2_windowdoor_1",,1728050588077,"closed"
94362,HH2_windowdoor_1,2024-10-04T16:13:01,,,,,,,,"d44f0fdd406c843e5",,,,,,"H2","","HH_Window_receiver",0,"HH2_windowdoor_1",,1728051181480,"closed"
94365,HH2_window_2,2024-10-04T16:14:10,,,,,,"open",,"d9f930508c704401f",153,,"high",3611,,"H2","","HH_Window_receiver",1,"HH2_window_2",,1728050058561,"open"
94366,HH2_window_2,2024-10-04T16:14:11,,,,,,"open",,"d9f930508c704401f",153,,"high",3611,,"H2","","HH_Window_receiver",1,"HH2_window_2",,1728051250884,"open"
94369,HH2_window_1_V2,2024-10-04T16:15:13,,,,,,"open",,"dc16a396614bc460d",801,,"high",3085,,"H2","","HH_Window_receiver",,"HH2_window_1_V2",,1728050716149,
94370,HH2_window_1_V2,2024-10-04T16:15:13,,,,,,"open",,"dc16a396614bc460d",801,,"high",3085,,"H2","","HH_Window_receiver",,"HH2_window_1_V2",,1728051313646,
94371,HH2_door_1,2024-10-04T16:17:47,,,,,,,,"d5093cc318c544799",,,,,,"H2","","HH_door_receiver",1,"HH2_door_1",,1728050872399,"open"
94372,HH2_door_1,2024-10-04T16:17:47,,,,,,,,"d5093cc318c544799",,,,,,"H2","","HH_door_receiver",1,"HH2_door_1",,1728051467662,"open"
94375,HH2_windowdoor_1,2024-10-04T16:23:01,,,,,,,,"d44f0fdd406c843e5",,,,,,"H2","","HH_Window_receiver",0,"HH2_windowdoor_1",,1728051181480,"closed"
94376,HH2_windowdoor_1,2024-10-04T16:23:01,,,,,,,,"d44f0fdd406c843e5",,,,,,"H2","","HH_Window_receiver",0,"HH2_windowdoor_1",,1728051781002,"closed"
94379,HH2_window_2,2024-10-04T16:24:15,,,,,,"open",,"d9f930508c704401f",800,,"high",2416,,"H2","","HH_Window_receiver",1,"HH2_window_2",,1728051250884,"open"
94380,HH2_window_2,2024-10-04T16:24:15,,,,,,"open",,"d9f930508c704401f",800,,"high",2416,,"H2","","HH_Window_receiver",1,"HH2_window_2",,1728051855436,"open"
94383,HH2_window_1_V2,2024-10-04T16:25:06,,,,,,"open",,"dc16a396614bc460d",175,,"high",2304,,"H2","","HH_Window_receiver",,"HH2_window_1_V2",,1728051313646,
94384,HH2_window_1_V2,2024-10-04T16:25:07,,,,,,"open",,"dc16a396614bc460d",175,,"high",2304,,"H2","","HH_Window_receiver",,"HH2_window_1_V2",,1728051906809,
94385,HH2_door_1,2024-10-04T16:27:44,,,,,,,,"d5093cc318c544799",,,,,,"H2","","HH_door_receiver",1,"HH2_door_1",,1728051467662,"open"
94386,HH2_door_1,2024-10-04T16:27:44,,,,,,,,"d5093cc318c544799",,,,,,"H2","","HH_door_receiver",1,"HH2_door_1",,1728052064058,"open"
94389,HH2_windowdoor_1,2024-10-04T16:32:53,,,,,,,,"d44f0fdd406c843e5",,,,,,"H2","","HH_Window_receiver",0,"HH2_windowdoor_1",,1728051781002,"closed"
94390,HH2_windowdoor_1,2024-10-04T16:32:53,,,,,,,,"d44f0fdd406c843e5",,,,,,"H2","","HH_Window_receiver",0,"HH2_windowdoor_1",,1728052373777,"closed"
94393,HH2_window_2,2024-10-04T16:34:06,,,,,,"open",,"d9f930508c704401f",237,,"medium_low",1830,,"H2","","HH_Window_receiver",1,"HH2_window_2",,1728051855436,"open"
94394,HH2_window_2,2024-10-04T16:34:06,,,,,,"open",,"d9f930508c704401f",237,,"medium_low",1830,,"H2","","HH_Window_receiver",1,"HH2_window_2",,1728052446832,"open"
94397,HH2_window_1_V2,2024-10-04T16:35:02,,,,,,"open",,"dc16a396614bc460d",801,,"medium_low",1728,,"H2","","HH_Window_receiver",,"HH2_window_1_V2",,1728051906809,
94398,HH2_window_1_V2,2024-10-04T16:35:02,,,,,,"open",,"dc16a396614bc460d",801,,"medium_low",1728,,"H2","","HH_Window_receiver",,"HH2_window_1_V2",,1728052502055,
94399,HH2_door_1,2024-10-04T16:37:40,,,,,,,,"d5093cc318c544799",,,,,,"H2","","HH_door_receiver",1,"HH2_door_1",,1728052064058,"open"
94400,HH2_door_1,2024-10-04T16:37:40,,,,,,,,"d5093cc318c544799",,,,,,"H2","","HH_door_receiver",1,"HH2_door_1",,1728052660626,"open"
94403,HH2_windowdoor_1,2024-10-04T16:42:48,,,,,,,,"d44f0fdd406c843e5",,,,,,"H2","","HH_Window_receiver",0,"HH2_windowdoor_1",,1728052373777,"closed"
94404,HH2_windowdoor_1,2024-10-04T16:42:48,,,,,,,,"d44f0fdd406c843e5",,,,,,"H2","","HH_Window_receiver",0,"HH2_windowdoor_1",,1728052968192,"closed"
94407,HH2_window_2,2024-10-04T16:44:02,,,,,,"open",,"d9f930508c704401f",253,,"high",2019,,"H2","","HH_Window_receiver",1,"HH2_window_2",,1728052446832,"open"
94408,HH2_window_2,2024-10-04T16:44:02,,,,,,"open",,"d9f930508c704401f",253,,"high",2019,,"H2","","HH_Window_receiver",1,"HH2_window_2",,1728053042098,"open"
94411,HH2_outdoor,2024-10-04T16:44:52,,,,,,,,"df2729158ae714476",,,,,,"H2","","HH_outdoor_temp",,"HH2_outdoor",16.5,1728049548966,
94412,HH2_outdoor,2024-10-04T16:44:52,,,,,,,,"df2729158ae714476",,,,,,"H2","","HH_outdoor_temp",,"HH2_outdoor",16.5,1728053092776,
94413,HH2_window_1_V2,2024-10-04T16:44:56,,,,,,"open",,"dc16a396614bc460d",801,,"medium_low",1955,,"H2","","HH_Window_receiver",,"HH2_window_1_V2",,1728052502055,
94414,HH2_window_1_V2,2024-10-04T16:44:57,,,,,,"open",,"dc16a396614bc460d",801,,"medium_low",1955,,"H2","","HH_Window_receiver",,"HH2_window_1_V2",,1728053096898,
94415,HH2_door_1,2024-10-04T16:47:35,,,,,,,,"d5093cc318c544799",,,,,,"H2","","HH_door_receiver",1,"HH2_door_1",,1728052660626,"open"
94416,HH2_door_1,2024-10-04T16:47:35,,,,,,,,"d5093cc318c544799",,,,,,"H2","","HH_door_receiver",1,"HH2_door_1",,1728053255376,"open"
94419,HH2_windowdoor_1,2024-10-04T16:52:42,,,,,,,,"d44f0fdd406c843e5",,,,,,"H2","","HH_Window_receiver",0,"HH2_windowdoor_1",,1728052968192,"closed"
94420,HH2_windowdoor_1,2024-10-04T16:52:42,,,,,,,,"d44f0fdd406c843e5",,,,,,"H2","","HH_Window_receiver",0,"HH2_windowdoor_1",,1728053562632,"closed"
94425,HH2_door_1,2024-10-04T16:57:30,,,,,,,,"d5093cc318c544799",,,,,,"H2","","HH_door_receiver",1,"HH2_door_1",,1728053255376,"open"
94426,HH2_door_1,2024-10-04T16:57:30,,,,,,,,"d5093cc318c544799",,,,,,"H2","","HH_door_receiver",1,"HH2_door_1",,1728053849908,"open"
94431,HH2_window_2,2024-10-04T17:03:56,,,,,,"open",,"d9f930508c704401f",490,,"high",2253,,"H2","","HH_Window_receiver",1,"HH2_window_2",,1728053042098,"open"
94432,HH2_window_2,2024-10-04T17:03:56,,,,,,"open",,"d9f930508c704401f",490,,"high",2253,,"H2","","HH_Window_receiver",1,"HH2_window_2",,1728054236243,"open"
94435,HH2_window_1_V2,2024-10-04T17:04:46,,,,,,"open",,"dc16a396614bc460d",259,,"high",2288,,"H2","","HH_Window_receiver",,"HH2_window_1_V2",,1728053096898,
94436,HH2_window_1_V2,2024-10-04T17:04:46,,,,,,"open",,"dc16a396614bc460d",259,,"high",2288,,"H2","","HH_Window_receiver",,"HH2_window_1_V2",,1728054286364,
94437,HH2_door_1,2024-10-04T17:07:29,,,,,,,,"d5093cc318c544799",,,,,,"H2","","HH_door_receiver",1,"HH2_door_1",,1728053849908,"open"
94438,HH2_door_1,2024-10-04T17:07:29,,,,,,,,"d5093cc318c544799",,,,,,"H2","","HH_door_receiver",1,"HH2_door_1",,1728054449296,"open"
94441,HH2_windowdoor_1,2024-10-04T17:12:45,,,,,,,,"d44f0fdd406c843e5",,,,,,"H2","","HH_Window_receiver",0,"HH2_windowdoor_1",,1728053562632,"closed"
94442,HH2_windowdoor_1,2024-10-04T17:12:45,,,,,,,,"d44f0fdd406c843e5",,,,,,"H2","","HH_Window_receiver",0,"HH2_windowdoor_1",,1728054765469,"closed"
94447,HH2_window_1_V2,2024-10-04T17:14:42,,,,,,"open",,"dc16a396614bc460d",801,,"high",2398,,"H2","","HH_Window_receiver",,"HH2_window_1_V2",,1728054286364,
94448,HH2_window_1_V2,2024-10-04T17:14:42,,,,,,"open",,"dc16a396614bc460d",801,,"high",2398,,"H2","","HH_Window_receiver",,"HH2_window_1_V2",,1728054882072,
94449,HH2_door_1,2024-10-04T17:17:23,,,,,,,,"d5093cc318c544799",,,,,,"H2","","HH_door_receiver",0,"HH2_door_1",,1728054449296,"closed"
94450,HH2_door_1,2024-10-04T17:17:23,,,,,,,,"d5093cc318c544799",,,,,,"H2","","HH_door_receiver",0,"HH2_door_1",,1728055043595,"closed"
94453,HH2_windowdoor_1,2024-10-04T17:22:35,,,,,,,,"d44f0fdd406c843e5",,,,,,"H2","","HH_Window_receiver",0,"HH2_windowdoor_1",,1728054765469,"closed"
94454,HH2_windowdoor_1,2024-10-04T17:22:35,,,,,,,,"d44f0fdd406c843e5",,,,,,"H2","","HH_Window_receiver",0,"HH2_windowdoor_1",,1728055355509,"closed"
94457,HH2_window_2,2024-10-04T17:23:47,,,,,,"open",,"d9f930508c704401f",333,,"high",2411,,"H2","","HH_Window_receiver",1,"HH2_window_2",,1728054236243,"open"
94458,HH2_window_2,2024-10-04T17:23:47,,,,,,"open",,"d9f930508c704401f",333,,"high",2411,,"H2","","HH_Window_receiver",1,"HH2_window_2",,1728055427577,"open"
94461,HH2_window_1_V2,2024-10-04T17:24:37,,,,,,"open",,"dc16a396614bc460d",138,,"high",2508,,"H2","","HH_Window_receiver",,"HH2_window_1_V2",,1728054882072,
94462,HH2_window_1_V2,2024-10-04T17:24:37,,,,,,"open",,"dc16a396614bc460d",138,,"high",2508,,"H2","","HH_Window_receiver",,"HH2_window_1_V2",,1728055477200,
94463,HH2_door_1,2024-10-04T17:27:19,,,,,,,,"d5093cc318c544799",,,,,,"H2","","HH_door_receiver",1,"HH2_door_1",,1728055043595,"open"
94464,HH2_door_1,2024-10-04T17:27:19,,,,,,,,"d5093cc318c544799",,,,,,"H2","","HH_door_receiver",1,"HH2_door_1",,1728055638977,"open"
94467,HH2_windowdoor_1,2024-10-04T17:32:30,,,,,,,,"d44f0fdd406c843e5",,,,,,"H2","","HH_Window_receiver",0,"HH2_windowdoor_1",,1728055355509,"closed"
94468,HH2_windowdoor_1,2024-10-04T17:32:30,,,,,,,,"d44f0fdd406c843e5",,,,,,"H2","","HH_Window_receiver",0,"HH2_windowdoor_1",,1728055950197,"closed"
94471,HH2_window_2,2024-10-04T17:33:43,,,,,,"open",,"d9f930508c704401f",142,,"high",2097,,"H2","","HH_Window_receiver",1,"HH2_window_2",,1728055427577,"open"
94472,HH2_window_2,2024-10-04T17:33:43,,,,,,"open",,"d9f930508c704401f",142,,"high",2097,,"H2","","HH_Window_receiver",1,"HH2_window_2",,1728056023088,"open"
94475,HH2_window_1_V2,2024-10-04T17:34:32,,,,,,"open",,"dc16a396614bc460d",802,,"high",2069,,"H2","","HH_Window_receiver",,"HH2_window_1_V2",,1728055477200,
94476,HH2_window_1_V2,2024-10-04T17:34:32,,,,,,"open",,"dc16a396614bc460d",802,,"high",2069,,"H2","","HH_Window_receiver",,"HH2_window_1_V2",,1728056072308,
94477,HH2_door_1,2024-10-04T17:37:15,,,,,,,,"d5093cc318c544799",,,,,,"H2","","HH_door_receiver",1,"HH2_door_1",,1728055638977,"open"
94478,HH2_door_1,2024-10-04T17:37:15,,,,,,,,"d5093cc318c544799",,,,,,"H2","","HH_door_receiver",1,"HH2_door_1",,1728056235387,"open"
94481,HH2_windowdoor_1,2024-10-04T17:42:32,,,,,,,,"d44f0fdd406c843e5",,,,,,"H2","","HH_Window_receiver",0,"HH2_windowdoor_1",,1728055950197,"closed"
94482,HH2_windowdoor_1,2024-10-04T17:42:32,,,,,,,,"d44f0fdd406c843e5",,,,,,"H2","","HH_Window_receiver",0,"HH2_windowdoor_1",,1728056552222,"closed"
94487,HH2_outdoor,2024-10-04T17:43:57,,,,,,,,"df2729158ae714476",,,,,,"H2","","HH_outdoor_temp",,"HH2_outdoor",15.5625,1728053092776,
94488,HH2_outdoor,2024-10-04T17:43:57,,,,,,,,"df2729158ae714476",,,,,,"H2","","HH_outdoor_temp",,"HH2_outdoor",15.5625,1728056637397,
94489,HH2_window_1_V2,2024-10-04T17:44:27,,,,,,"open",,"dc16a396614bc460d",802,,"medium_low",1923,,"H2","","HH_Window_receiver",,"HH2_window_1_V2",,1728056072308,
94490,HH2_window_1_V2,2024-10-04T17:44:27,,,,,,"open",,"dc16a396614bc460d",802,,"medium_low",1923,,"H2","","HH_Window_receiver",,"HH2_window_1_V2",,1728056667172,
94491,HH2_door_1,2024-10-04T17:47:11,,,,,,,,"d5093cc318c544799",,,,,,"H2","","HH_door_receiver",0,"HH2_door_1",,1728056235387,"closed"
94492,HH2_door_1,2024-10-04T17:47:11,,,,,,,,"d5093cc318c544799",,,,,,"H2","","HH_door_receiver",0,"HH2_door_1",,1728056831476,"closed"
94497,HH2_window_2,2024-10-04T17:53:42,,,,,,"open",,"d9f930508c704401f",130,,"medium_low",1776,,"H2","","HH_Window_receiver",1,"HH2_window_2",,1728056023088,"open"
94498,HH2_window_2,2024-10-04T17:53:42,,,,,,"open",,"d9f930508c704401f",130,,"medium_low",1776,,"H2","","HH_Window_receiver",1,"HH2_window_2",,1728057222481,"open"
94501,HH2_window_1_V2,2024-10-04T17:54:23,,,,,,"open",,"dc16a396614bc460d",802,,"medium_low",1734,,"H2","","HH_Window_receiver",,"HH2_window_1_V2",,1728056667172,
94502,HH2_window_1_V2,2024-10-04T17:54:23,,,,,,"open",,"dc16a396614bc460d",802,,"medium_low",1734,,"H2","","HH_Window_receiver",,"HH2_window_1_V2",,1728057262956,
94505,HH2_windowdoor_1,2024-10-04T18:02:28,,,,,,,,"d44f0fdd406c843e5",,,,,,"H2","","HH_Window_receiver",0,"HH2_windowdoor_1",,1728056552222,"closed"
94506,HH2_windowdoor_1,2024-10-04T18:02:28,,,,,,,,"d44f0fdd406c843e5",,,,,,"H2","","HH_Window_receiver",0,"HH2_windowdoor_1",,1728057748604,"closed"
94507,HH2_window_2,2024-10-04T18:03:35,,,,,,"open",,"d9f930508c704401f",49,,"medium_low",1664,,"H2","","HH_Window_receiver",1,"HH2_window_2",,1728057222481,"open"
94508,HH2_window_2,2024-10-04T18:03:35,,,,,,"open",,"d9f930508c704401f",49,,"medium_low",1664,,"H2","","HH_Window_receiver",1,"HH2_window_2",,1728057815764,"open"
94511,HH2_door_1,2024-10-04T18:07:04,,,,,,,,"d5093cc318c544799",,,,,,"H2","","HH_door_receiver",1,"HH2_door_1",,1728056831476,"open"
94512,HH2_door_1,2024-10-04T18:07:05,,,,,,,,"d5093cc318c544799",,,,,,"H2","","HH_door_receiver",1,"HH2_door_1",,1728058024857,"open"
94515,HH2_windowdoor_1,2024-10-04T18:12:21,,,,,,,,"d44f0fdd406c843e5",,,,,,"H2","","HH_Window_receiver",0,"HH2_windowdoor_1",,1728057748604,"closed"
94516,HH2_windowdoor_1,2024-10-04T18:12:21,,,,,,,,"d44f0fdd406c843e5",,,,,,"H2","","HH_Window_receiver",0,"HH2_windowdoor_1",,1728058341115,"closed"
94519,HH2_window_2,2024-10-04T18:13:34,,,,,,"open",,"d9f930508c704401f",801,,"medium_low",1632,,"H2","","HH_Window_receiver",1,"HH2_window_2",,1728057815764,"open"
94520,HH2_window_2,2024-10-04T18:13:34,,,,,,"open",,"d9f930508c704401f",801,,"medium_low",1632,,"H2","","HH_Window_receiver",1,"HH2_window_2",,1728058414395,"open"
94523,HH2_window_1_V2,2024-10-04T18:14:12,,,,,,"open",,"dc16a396614bc460d",802,,"medium_low",1535,,"H2","","HH_Window_receiver",,"HH2_window_1_V2",,1728057262956,
94524,HH2_window_1_V2,2024-10-04T18:14:12,,,,,,"open",,"dc16a396614bc460d",802,,"medium_low",1535,,"H2","","HH_Window_receiver",,"HH2_window_1_V2",,1728058452748,
94525,HH2_door_1,2024-10-04T18:17:02,,,,,,,,"d5093cc318c544799",,,,,,"H2","","HH_door_receiver",0,"HH2_door_1",,1728058024857,"closed"
94526,HH2_door_1,2024-10-04T18:17:02,,,,,,,,"d5093cc318c544799",,,,,,"H2","","HH_door_receiver",0,"HH2_door_1",,1728058622232,"closed"
94529,HH2_windowdoor_1,2024-10-04T18:22:15,,,,,,,,"d44f0fdd406c843e5",,,,,,"H2","","HH_Window_receiver",0,"HH2_windowdoor_1",,1728058341115,"closed"
94530,HH2_windowdoor_1,2024-10-04T18:22:15,,,,,,,,"d44f0fdd406c843e5",,,,,,"H2","","HH_Window_receiver",0,"HH2_windowdoor_1",,1728058935535,"closed"
94533,HH2_window_2,2024-10-04T18:23:27,,,,,,"open",,"d9f930508c704401f",300,,"medium_low",1535,,"H2","","HH_Window_receiver",1,"HH2_window_2",,1728058414395,"open"
94534,HH2_window_2,2024-10-04T18:23:27,,,,,,"open",,"d9f930508c704401f",300,,"medium_low",1535,,"H2","","HH_Window_receiver",1,"HH2_window_2",,1728059006971,"open"
94537,HH2_window_1_V2,2024-10-04T18:24:07,,,,,,"open",,"dc16a396614bc460d",802,,"medium_low",1491,,"H2","","HH_Window_receiver",,"HH2_window_1_V2",,1728058452748,
94538,HH2_window_1_V2,2024-10-04T18:24:08,,,,,,"open",,"dc16a396614bc460d",802,,"medium_low",1491,,"H2","","HH_Window_receiver",,"HH2_window_1_V2",,1728059047878,
94539,HH2_door_1,2024-10-04T18:27:00,,,,,,,,"d5093cc318c544799",,,,,,"H2","","HH_door_receiver",0,"HH2_door_1",,1728058622232,"closed"
94540,HH2_door_1,2024-10-04T18:27:00,,,,,,,,"d5093cc318c544799",,,,,,"H2","","HH_door_receiver",0,"HH2_door_1",,1728059220094,"closed"
94543,HH2_windowdoor_1,2024-10-04T18:32:10,,,,,,,,"d44f0fdd406c843e5",,,,,,"H2","","HH_Window_receiver",0,"HH2_windowdoor_1",,1728058935535,"closed"
94544,HH2_windowdoor_1,2024-10-04T18:32:10,,,,,,,,"d44f0fdd406c843e5",,,,,,"H2","","HH_Window_receiver",0,"HH2_windowdoor_1",,1728059530178,"closed"
94547,HH2_window_2,2024-10-04T18:33:22,,,,,,"open",,"d9f930508c704401f",186,,"medium_low",1387,,"H2","","HH_Window_receiver",1,"HH2_window_2",,1728059006971,"open"
94548,HH2_window_2,2024-10-04T18:33:22,,,,,,"open",,"d9f930508c704401f",186,,"medium_low",1387,,"H2","","HH_Window_receiver",1,"HH2_window_2",,1728059602303,"open"
94551,HH2_window_1_V2,2024-10-04T18:34:03,,,,,,"open",,"dc16a396614bc460d",802,,"medium_low",1350,,"H2","","HH_Window_receiver",,"HH2_window_1_V2",,1728059047878,
94552,HH2_window_1_V2,2024-10-04T18:34:03,,,,,,"open",,"dc16a396614bc460d",802,,"medium_low",1350,,"H2","","HH_Window_receiver",,"HH2_window_1_V2",,1728059642973,
94553,HH2_door_1,2024-10-04T18:36:58,,,,,,,,"d5093cc318c544799",,,,,,"H2","","HH_door_receiver",0,"HH2_door_1",,1728059220094,"closed"
94554,HH2_door_1,2024-10-04T18:36:58,,,,,,,,"d5093cc318c544799",,,,,,"H2","","HH_door_receiver",0,"HH2_door_1",,1728059818398,"closed"
94557,HH2_windowdoor_1,2024-10-04T18:42:04,,,,,,,,"d44f0fdd406c843e5",,,,,,"H2","","HH_Window_receiver",0,"HH2_windowdoor_1",,1728059530178,"closed"
94558,HH2_windowdoor_1,2024-10-04T18:42:04,,,,,,,,"d44f0fdd406c843e5",,,,,,"H2","","HH_Window_receiver",0,"HH2_windowdoor_1",,1728060124587,"closed"
94561,HH2_outdoor,2024-10-04T18:42:55,,,,,,,,"df2729158ae714476",,,,,,"H2","","HH_outdoor_temp",,"HH2_outdoor",14.8125,1728056637397,
94562,HH2_outdoor,2024-10-04T18:42:55,,,,,,,,"df2729158ae714476",,,,,,"H2","","HH_outdoor_temp",,"HH2_outdoor",14.8125,1728060174974,
94563,HH2_window_2,2024-10-04T18:43:18,,,,,,"open",,"d9f930508c704401f",204,,"medium_low",1126,,"H2","","HH_Window_receiver",1,"HH2_window_2",,1728059602303,"open"
94564,HH2_window_2,2024-10-04T18:43:18,,,,,,"open",,"d9f930508c704401f",204,,"medium_low",1126,,"H2","","HH_Window_receiver",1,"HH2_window_2",,1728060198199,"open"
94567,HH2_window_1_V2,2024-10-04T18:43:57,,,,,,"open",,"dc16a396614bc460d",802,,"medium_low",1063,,"H2","","HH_Window_receiver",,"HH2_window_1_V2",,1728059642973,
94568,HH2_window_1_V2,2024-10-04T18:43:57,,,,,,"open",,"dc16a396614bc460d",802,,"medium_low",1063,,"H2","","HH_Window_receiver",,"HH2_window_1_V2",,1728060237456,
94569,HH2_door_1,2024-10-04T18:46:54,,,,,,,,"d5093cc318c544799",,,,,,"H2","","HH_door_receiver",0,"HH2_door_1",,1728059818398,"closed"
94570,HH2_door_1,2024-10-04T18:46:54,,,,,,,,"d5093cc318c544799",,,,,,"H2","","HH_door_receiver",0,"HH2_door_1",,1728060414167,"closed"
94573,HH2_windowdoor_1,2024-10-04T18:51:59,,,,,,,,"d44f0fdd406c843e5",,,,,,"H2","","HH_Window_receiver",0,"HH2_windowdoor_1",,1728060124587,"closed"
94574,HH2_windowdoor_1,2024-10-04T18:51:59,,,,,,,,"d44f0fdd406c843e5",,,,,,"H2","","HH_Window_receiver",0,"HH2_windowdoor_1",,1728060719235,"closed"
94577,HH2_window_2,2024-10-04T18:53:12,,,,,,"open",,"d9f930508c704401f",268,,"low",774,,"H2","","HH_Window_receiver",1,"HH2_window_2",,1728060198199,"open"
94578,HH2_window_2,2024-10-04T18:53:12,,,,,,"open",,"d9f930508c704401f",268,,"low",774,,"H2","","HH_Window_receiver",1,"HH2_window_2",,1728060792457,"open"
94581,HH2_window_1_V2,2024-10-04T18:53:52,,,,,,"open",,"dc16a396614bc460d",802,,"low",695,,"H2","","HH_Window_receiver",,"HH2_window_1_V2",,1728060237456,
94582,HH2_window_1_V2,2024-10-04T18:53:53,,,,,,"open",,"dc16a396614bc460d",802,,"low",695,,"H2","","HH_Window_receiver",,"HH2_window_1_V2",,1728060832805,
94583,HH2_door_1,2024-10-04T18:56:49,,,,,,,,"d5093cc318c544799",,,,,,"H2","","HH_door_receiver",0,"HH2_door_1",,1728060414167,"closed"
94584,HH2_door_1,2024-10-04T18:56:49,,,,,,,,"d5093cc318c544799",,,,,,"H2","","HH_door_receiver",0,"HH2_door_1",,1728061009348,"closed"
94587,HH2_windowdoor_1,2024-10-04T19:01:56,,,,,,,,"d44f0fdd406c843e5",,,,,,"H2","","HH_Window_receiver",0,"HH2_windowdoor_1",,1728060719235,"closed"
94588,HH2_windowdoor_1,2024-10-04T19:01:56,,,,,,,,"d44f0fdd406c843e5",,,,,,"H2","","HH_Window_receiver",0,"HH2_windowdoor_1",,1728061316404,"closed"
94591,HH2_window_1_V2,2024-10-04T19:03:47,,,,,,"open",,"dc16a396614bc460d",802,,"low",346,,"H2","","HH_Window_receiver",,"HH2_window_1_V2",,1728060832805,
94592,HH2_window_1_V2,2024-10-04T19:03:47,,,,,,"open",,"dc16a396614bc460d",802,,"low",346,,"H2","","HH_Window_receiver",,"HH2_window_1_V2",,1728061427776,
94593,HH2_door_1,2024-10-04T19:06:48,,,,,,,,"d5093cc318c544799",,,,,,"H2","","HH_door_receiver",1,"HH2_door_1",,1728061009348,"open"
94594,HH2_door_1,2024-10-04T19:06:48,,,,,,,,"d5093cc318c544799",,,,,,"H2","","HH_door_receiver",1,"HH2_door_1",,1728061608162,"open"
94597,HH2_windowdoor_1,2024-10-04T19:11:50,,,,,,,,"d44f0fdd406c843e5",,,,,,"H2","","HH_Window_receiver",0,"HH2_windowdoor_1",,1728061316404,"closed"
94598,HH2_windowdoor_1,2024-10-04T19:11:50,,,,,,,,"d44f0fdd406c843e5",,,,,,"H2","","HH_Window_receiver",0,"HH2_windowdoor_1",,1728061910031,"closed"
94601,HH2_window_2,2024-10-04T19:13:03,,,,,,"open",,"d9f930508c704401f",455,,"low",75,,"H2","","HH_Window_receiver",1,"HH2_window_2",,1728060792457,"open"
94602,HH2_window_2,2024-10-04T19:13:03,,,,,,"open",,"d9f930508c704401f",455,,"low",75,,"H2","","HH_Window_receiver",1,"HH2_window_2",,1728061983056,"open"
94605,HH2_window_1_V2,2024-10-04T19:13:45,,,,,,"open",,"dc16a396614bc460d",802,,"low",36,,"H2","","HH_Window_receiver",,"HH2_window_1_V2",,1728061427776,
94606,HH2_window_1_V2,2024-10-04T19:13:46,,,,,,"open",,"dc16a396614bc460d",802,,"low",36,,"H2","","HH_Window_receiver",,"HH2_window_1_V2",,1728062025857,
94607,HH2_door_1,2024-10-04T19:16:44,,,,,,,,"d5093cc318c544799",,,,,,"H2","","HH_door_receiver",0,"HH2_door_1",,1728061608162,"closed"
94608,HH2_door_1,2024-10-04T19:16:44,,,,,,,,"d5093cc318c544799",,,,,,"H2","","HH_door_receiver",0,"HH2_door_1",,1728062204233,"closed"
94613,HH2_windowdoor_1,2024-10-04T19:21:47,,,,,,,,"d44f0fdd406c843e5",,,,,,"H2","","HH_Window_receiver",0,"HH2_windowdoor_1",,1728061910031,"closed"
94614,HH2_windowdoor_1,2024-10-04T19:21:47,,,,,,,,"d44f0fdd406c843e5",,,,,,"H2","","HH_Window_receiver",0,"HH2_windowdoor_1",,1728062507830,"closed"
94615,HH2_window_2,2024-10-04T19:23:02,,,,,,"open",,"d9f930508c704401f",801,,"low",0,,"H2","","HH_Window_receiver",1,"HH2_window_2",,1728061983056,"open"
94616,HH2_window_2,2024-10-04T19:23:02,,,,,,"open",,"d9f930508c704401f",801,,"low",0,,"H2","","HH_Window_receiver",1,"HH2_window_2",,1728062582145,"open"
94617,HH2_window_1_V2,2024-10-04T19:23:39,,,,,,"open",,"dc16a396614bc460d",802,,"low",0,,"H2","","HH_Window_receiver",,"HH2_window_1_V2",,1728062025857,
94618,HH2_window_1_V2,2024-10-04T19:23:39,,,,,,"open",,"dc16a396614bc460d",802,,"low",0,,"H2","","HH_Window_receiver",,"HH2_window_1_V2",,1728062619442,
94619,HH2_door_1,2024-10-04T19:26:38,,,,,,,,"d5093cc318c544799",,,,,,"H2","","HH_door_receiver",0,"HH2_door_1",,1728062204233,"closed"
94620,HH2_door_1,2024-10-04T19:26:38,,,,,,,,"d5093cc318c544799",,,,,,"H2","","HH_door_receiver",0,"HH2_door_1",,1728062798548,"closed"
94623,HH2_windowdoor_1,2024-10-04T19:31:40,,,,,,,,"d44f0fdd406c843e5",,,,,,"H2","","HH_Window_receiver",0,"HH2_windowdoor_1",,1728062507830,"closed"
94624,HH2_windowdoor_1,2024-10-04T19:31:40,,,,,,,,"d44f0fdd406c843e5",,,,,,"H2","","HH_Window_receiver",0,"HH2_windowdoor_1",,1728063100528,"closed"
94625,HH2_window_2,2024-10-04T19:32:56,,,,,,"open",,"d9f930508c704401f",319,,"low",0,,"H2","","HH_Window_receiver",1,"HH2_window_2",,1728062582145,"open"
94626,HH2_window_2,2024-10-04T19:32:56,,,,,,"open",,"d9f930508c704401f",319,,"low",0,,"H2","","HH_Window_receiver",1,"HH2_window_2",,1728063175995,"open"
94629,HH2_window_1_V2,2024-10-04T19:33:34,,,,,,"open",,"dc16a396614bc460d",803,,"low",0,,"H2","","HH_Window_receiver",,"HH2_window_1_V2",,1728062619442,
94630,HH2_window_1_V2,2024-10-04T19:33:34,,,,,,"open",,"dc16a396614bc460d",803,,"low",0,,"H2","","HH_Window_receiver",,"HH2_window_1_V2",,1728063214701,
94631,HH2_door_1,2024-10-04T19:36:35,,,,,,,,"d5093cc318c544799",,,,,,"H2","","HH_door_receiver",0,"HH2_door_1",,1728062798548,"closed"
94632,HH2_door_1,2024-10-04T19:36:35,,,,,,,,"d5093cc318c544799",,,,,,"H2","","HH_door_receiver",0,"HH2_door_1",,1728063395343,"closed"
94635,HH2_windowdoor_1,2024-10-04T19:41:35,,,,,,,,"d44f0fdd406c843e5",,,,,,"H2","","HH_Window_receiver",0,"HH2_windowdoor_1",,1728063100528,"closed"
94636,HH2_windowdoor_1,2024-10-04T19:41:35,,,,,,,,"d44f0fdd406c843e5",,,,,,"H2","","HH_Window_receiver",0,"HH2_windowdoor_1",,1728063695206,"closed"
94637,HH2_outdoor,2024-10-04T19:41:46,,,,,,,,"df2729158ae714476",,,,,,"H2","","HH_outdoor_temp",,"HH2_outdoor",12.125,1728060174974,
94638,HH2_outdoor,2024-10-04T19:41:46,,,,,,,,"df2729158ae714476",,,,,,"H2","","HH_outdoor_temp",,"HH2_outdoor",12.125,1728063706696,
94639,HH2_window_2,2024-10-04T19:42:50,,,,,,"open",,"d9f930508c704401f",393,,"low",0,,"H2","","HH_Window_receiver",1,"HH2_window_2",,1728063175995,"open"
94640,HH2_window_2,2024-10-04T19:42:50,,,,,,"open",,"d9f930508c704401f",393,,"low",0,,"H2","","HH_Window_receiver",1,"HH2_window_2",,1728063770572,"open"
94643,HH2_window_1_V2,2024-10-04T19:43:29,,,,,,"open",,"dc16a396614bc460d",802,,"low",0,,"H2","","HH_Window_receiver",,"HH2_window_1_V2",,1728063214701,
94644,HH2_window_1_V2,2024-10-04T19:43:29,,,,,,"open",,"dc16a396614bc460d",802,,"low",0,,"H2","","HH_Window_receiver",,"HH2_window_1_V2",,1728063809102,
94645,HH2_door_1,2024-10-04T19:46:30,,,,,,,,"d5093cc318c544799",,,,,,"H2","","HH_door_receiver",0,"HH2_door_1",,1728063395343,"closed"
94646,HH2_door_1,2024-10-04T19:46:30,,,,,,,,"d5093cc318c544799",,,,,,"H2","","HH_door_receiver",0,"HH2_door_1",,1728063990154,"closed"
94649,HH2_windowdoor_1,2024-10-04T19:51:29,,,,,,,,"d44f0fdd406c843e5",,,,,,"H2","","HH_Window_receiver",0,"HH2_windowdoor_1",,1728063695206,"closed"
94650,HH2_windowdoor_1,2024-10-04T19:51:29,,,,,,,,"d44f0fdd406c843e5",,,,,,"H2","","HH_Window_receiver",0,"HH2_windowdoor_1",,1728064289293,"closed"
94651,HH2_window_2,2024-10-04T19:52:45,,,,,,"open",,"d9f930508c704401f",801,,"low",0,,"H2","","HH_Window_receiver",1,"HH2_window_2",,1728063770572,"open"
94652,HH2_window_2,2024-10-04T19:52:45,,,,,,"open",,"d9f930508c704401f",801,,"low",0,,"H2","","HH_Window_receiver",1,"HH2_window_2",,1728064365287,"open"
94655,HH2_window_1_V2,2024-10-04T19:53:24,,,,,,"open",,"dc16a396614bc460d",802,,"low",0,,"H2","","HH_Window_receiver",,"HH2_window_1_V2",,1728063809102,
94656,HH2_window_1_V2,2024-10-04T19:53:24,,,,,,"open",,"dc16a396614bc460d",802,,"low",0,,"H2","","HH_Window_receiver",,"HH2_window_1_V2",,1728064403909,
94657,HH2_door_1,2024-10-04T19:56:25,,,,,,,,"d5093cc318c544799",,,,,,"H2","","HH_door_receiver",0,"HH2_door_1",,1728063990154,"closed"
94658,HH2_door_1,2024-10-04T19:56:26,,,,,,,,"d5093cc318c544799",,,,,,"H2","","HH_door_receiver",0,"HH2_door_1",,1728064585815,"closed"
94663,HH2_window_2,2024-10-04T20:02:40,,,,,,"open",,"d9f930508c704401f",801,,"low",0,,"H2","","HH_Window_receiver",1,"HH2_window_2",,1728064365287,"open"
94664,HH2_window_2,2024-10-04T20:02:40,,,,,,"open",,"d9f930508c704401f",801,,"low",0,,"H2","","HH_Window_receiver",1,"HH2_window_2",,1728064960654,"open"
94667,HH2_window_1_V2,2024-10-04T20:03:18,,,,,,"open",,"dc16a396614bc460d",802,,"low",0,,"H2","","HH_Window_receiver",,"HH2_window_1_V2",,1728064403909,
94668,HH2_window_1_V2,2024-10-04T20:03:18,,,,,,"open",,"dc16a396614bc460d",802,,"low",0,,"H2","","HH_Window_receiver",,"HH2_window_1_V2",,1728064998836,
94669,HH2_door_1,2024-10-04T20:06:21,,,,,,,,"d5093cc318c544799",,,,,,"H2","","HH_door_receiver",0,"HH2_door_1",,1728064585815,"closed"
94670,HH2_door_1,2024-10-04T20:06:21,,,,,,,,"d5093cc318c544799",,,,,,"H2","","HH_door_receiver",0,"HH2_door_1",,1728065181226,"closed"
94673,HH2_windowdoor_1,2024-10-04T20:11:18,,,,,,,,"d44f0fdd406c843e5",,,,,,"H2","","HH_Window_receiver",0,"HH2_windowdoor_1",,1728064289293,"closed"
94674,HH2_windowdoor_1,2024-10-04T20:11:18,,,,,,,,"d44f0fdd406c843e5",,,,,,"H2","","HH_Window_receiver",0,"HH2_windowdoor_1",,1728065477990,"closed"
94677,HH2_window_2,2024-10-04T20:12:35,,,,,,"open",,"d9f930508c704401f",219,,"low",0,,"H2","","HH_Window_receiver",1,"HH2_window_2",,1728064960654,"open"
94678,HH2_window_2,2024-10-04T20:12:35,,,,,,"open",,"d9f930508c704401f",219,,"low",0,,"H2","","HH_Window_receiver",1,"HH2_window_2",,1728065555205,"open"
94681,HH2_window_1_V2,2024-10-04T20:13:14,,,,,,"open",,"dc16a396614bc460d",802,,"low",0,,"H2","","HH_Window_receiver",,"HH2_window_1_V2",,1728064998836,
94682,HH2_window_1_V2,2024-10-04T20:13:14,,,,,,"open",,"dc16a396614bc460d",802,,"low",0,,"H2","","HH_Window_receiver",,"HH2_window_1_V2",,1728065593993,
94683,HH2_door_1,2024-10-04T20:16:18,,,,,,,,"d5093cc318c544799",,,,,,"H2","","HH_door_receiver",0,"HH2_door_1",,1728065181226,"closed"
94684,HH2_door_1,2024-10-04T20:16:18,,,,,,,,"d5093cc318c544799",,,,,,"H2","","HH_door_receiver",0,"HH2_door_1",,1728065778574,"closed"
94687,HH2_windowdoor_1,2024-10-04T20:21:12,,,,,,,,"d44f0fdd406c843e5",,,,,,"H2","","HH_Window_receiver",0,"HH2_windowdoor_1",,1728065477990,"closed"
94688,HH2_windowdoor_1,2024-10-04T20:21:12,,,,,,,,"d44f0fdd406c843e5",,,,,,"H2","","HH_Window_receiver",0,"HH2_windowdoor_1",,1728066072248,"closed"
94689,HH2_window_2,2024-10-04T20:22:30,,,,,,"open",,"d9f930508c704401f",288,,"low",0,,"H2","","HH_Window_receiver",1,"HH2_window_2",,1728065555205,"open"
94690,HH2_window_2,2024-10-04T20:22:30,,,,,,"open",,"d9f930508c704401f",288,,"low",0,,"H2","","HH_Window_receiver",1,"HH2_window_2",,1728066150696,"open"
94693,HH2_window_1_V2,2024-10-04T20:23:09,,,,,,"open",,"dc16a396614bc460d",802,,"low",0,,"H2","","HH_Window_receiver",,"HH2_window_1_V2",,1728065593993,
94694,HH2_window_1_V2,2024-10-04T20:23:09,,,,,,"open",,"dc16a396614bc460d",802,,"low",0,,"H2","","HH_Window_receiver",,"HH2_window_1_V2",,1728066188945,
94695,HH2_door_1,2024-10-04T20:26:19,,,,,,,,"d5093cc318c544799",,,,,,"H2","","HH_door_receiver",0,"HH2_door_1",,1728065778574,"closed"
94696,HH2_door_1,2024-10-04T20:26:19,,,,,,,,"d5093cc318c544799",,,,,,"H2","","HH_door_receiver",0,"HH2_door_1",,1728066379557,"closed"
94699,HH2_windowdoor_1,2024-10-04T20:31:06,,,,,,,,"d44f0fdd406c843e5",,,,,,"H2","","HH_Window_receiver",0,"HH2_windowdoor_1",,1728066072248,"closed"
94700,HH2_windowdoor_1,2024-10-04T20:31:06,,,,,,,,"d44f0fdd406c843e5",,,,,,"H2","","HH_Window_receiver",0,"HH2_windowdoor_1",,1728066666511,"closed"
94701,HH2_window_2,2024-10-04T20:32:26,,,,,,"open",,"d9f930508c704401f",169,,"low",0,,"H2","","HH_Window_receiver",1,"HH2_window_2",,1728066150696,"open"
94702,HH2_window_2,2024-10-04T20:32:26,,,,,,"open",,"d9f930508c704401f",169,,"low",0,,"H2","","HH_Window_receiver",1,"HH2_window_2",,1728066746255,"open"
94705,HH2_window_1_V2,2024-10-04T20:33:04,,,,,,"open",,"dc16a396614bc460d",802,,"low",0,,"H2","","HH_Window_receiver",,"HH2_window_1_V2",,1728066188945,
94706,HH2_window_1_V2,2024-10-04T20:33:04,,,,,,"open",,"dc16a396614bc460d",802,,"low",0,,"H2","","HH_Window_receiver",,"HH2_window_1_V2",,1728066784090,
94707,HH2_door_1,2024-10-04T20:36:14,,,,,,,,"d5093cc318c544799",,,,,,"H2","","HH_door_receiver",0,"HH2_door_1",,1728066379557,"closed"
94708,HH2_door_1,2024-10-04T20:36:15,,,,,,,,"d5093cc318c544799",,,,,,"H2","","HH_door_receiver",0,"HH2_door_1",,1728066974841,"closed"
94711,HH2_outdoor,2024-10-04T20:40:42,,,,,,,,"df2729158ae714476",,,,,,"H2","","HH_outdoor_temp",,"HH2_outdoor",10.6875,1728063706696,
94712,HH2_outdoor,2024-10-04T20:40:42,,,,,,,,"df2729158ae714476",,,,,,"H2","","HH_outdoor_temp",,"HH2_outdoor",10.6875,1728067242000,
94713,HH2_windowdoor_1,2024-10-04T20:41:01,,,,,,,,"d44f0fdd406c843e5",,,,,,"H2","","HH_Window_receiver",0,"HH2_windowdoor_1",,1728066666511,"closed"
94714,HH2_windowdoor_1,2024-10-04T20:41:01,,,,,,,,"d44f0fdd406c843e5",,,,,,"H2","","HH_Window_receiver",0,"HH2_windowdoor_1",,1728067260984,"closed"
94717,HH2_window_2,2024-10-04T20:42:21,,,,,,"open",,"d9f930508c704401f",41,,"low",0,,"H2","","HH_Window_receiver",1,"HH2_window_2",,1728066746255,"open"
94718,HH2_window_2,2024-10-04T20:42:21,,,,,,"open",,"d9f930508c704401f",41,,"low",0,,"H2","","HH_Window_receiver",1,"HH2_window_2",,1728067341371,"open"
94721,HH2_window_1_V2,2024-10-04T20:42:58,,,,,,"open",,"dc16a396614bc460d",802,,"low",0,,"H2","","HH_Window_receiver",,"HH2_window_1_V2",,1728066784090,
94722,HH2_window_1_V2,2024-10-04T20:42:58,,,,,,"open",,"dc16a396614bc460d",802,,"low",0,,"H2","","HH_Window_receiver",,"HH2_window_1_V2",,1728067378433,
94723,HH2_door_1,2024-10-04T20:46:12,,,,,,,,"d5093cc318c544799",,,,,,"H2","","HH_door_receiver",1,"HH2_door_1",,1728066974841,"open"
94724,HH2_door_1,2024-10-04T20:46:12,,,,,,,,"d5093cc318c544799",,,,,,"H2","","HH_door_receiver",1,"HH2_door_1",,1728067571954,"open"
94727,HH2_windowdoor_1,2024-10-04T20:50:54,,,,,,,,"d44f0fdd406c843e5",,,,,,"H2","","HH_Window_receiver",0,"HH2_windowdoor_1",,1728067260984,"closed"
94728,HH2_windowdoor_1,2024-10-04T20:50:55,,,,,,,,"d44f0fdd406c843e5",,,,,,"H2","","HH_Window_receiver",0,"HH2_windowdoor_1",,1728067854827,"closed"
94731,HH2_window_2,2024-10-04T20:52:16,,,,,,"closed",,"d9f930508c704401f",18,,"low",0,,"H2","","HH_Window_receiver",1,"HH2_window_2",,1728067341371,"open"
94732,HH2_window_2,2024-10-04T20:52:16,,,,,,"closed",,"d9f930508c704401f",18,,"low",0,,"H2","","HH_Window_receiver",1,"HH2_window_2",,1728067936133,"open"
94735,HH2_window_1_V2,2024-10-04T20:52:53,,,,,,"open",,"dc16a396614bc460d",802,,"low",0,,"H2","","HH_Window_receiver",,"HH2_window_1_V2",,1728067378433,
94736,HH2_window_1_V2,2024-10-04T20:52:53,,,,,,"open",,"dc16a396614bc460d",802,,"low",0,,"H2","","HH_Window_receiver",,"HH2_window_1_V2",,1728067973089,
94737,HH2_door_1,2024-10-04T20:56:08,,,,,,,,"d5093cc318c544799",,,,,,"H2","","HH_door_receiver",1,"HH2_door_1",,1728067571954,"open"
94738,HH2_door_1,2024-10-04T20:56:08,,,,,,,,"d5093cc318c544799",,,,,,"H2","","HH_door_receiver",1,"HH2_door_1",,1728068168334,"open"
94741,HH2_windowdoor_1,2024-10-04T21:00:49,,,,,,,,"d44f0fdd406c843e5",,,,,,"H2","","HH_Window_receiver",0,"HH2_windowdoor_1",,1728067854827,"closed"
94742,HH2_windowdoor_1,2024-10-04T21:00:49,,,,,,,,"d44f0fdd406c843e5",,,,,,"H2","","HH_Window_receiver",0,"HH2_windowdoor_1",,1728068449325,"closed"
94745,HH2_window_2,2024-10-04T21:02:13,,,,,,"closed",,"d9f930508c704401f",18,,"low",0,,"H2","","HH_Window_receiver",1,"HH2_window_2",,1728067936133,"open"
94746,HH2_window_2,2024-10-04T21:02:13,,,,,,"closed",,"d9f930508c704401f",18,,"low",0,,"H2","","HH_Window_receiver",1,"HH2_window_2",,1728068533260,"open"
94749,HH2_window_1_V2,2024-10-04T21:02:48,,,,,,"open",,"dc16a396614bc460d",802,,"low",0,,"H2","","HH_Window_receiver",,"HH2_window_1_V2",,1728067973089,
94750,HH2_window_1_V2,2024-10-04T21:02:48,,,,,,"open",,"dc16a396614bc460d",802,,"low",0,,"H2","","HH_Window_receiver",,"HH2_window_1_V2",,1728068568595,
94751,HH2_door_1,2024-10-04T21:06:05,,,,,,,,"d5093cc318c544799",,,,,,"H2","","HH_door_receiver",1,"HH2_door_1",,1728068168334,"open"
94752,HH2_door_1,2024-10-04T21:06:05,,,,,,,,"d5093cc318c544799",,,,,,"H2","","HH_door_receiver",1,"HH2_door_1",,1728068765070,"open"
94755,HH2_windowdoor_1,2024-10-04T21:10:45,,,,,,,,"d44f0fdd406c843e5",,,,,,"H2","","HH_Window_receiver",0,"HH2_windowdoor_1",,1728068449325,"closed"
94756,HH2_windowdoor_1,2024-10-04T21:10:45,,,,,,,,"d44f0fdd406c843e5",,,,,,"H2","","HH_Window_receiver",0,"HH2_windowdoor_1",,1728069045432,"closed"
94759,HH2_window_2,2024-10-04T21:12:08,,,,,,"closed",,"d9f930508c704401f",18,,"low",0,,"H2","","HH_Window_receiver",1,"HH2_window_2",,1728068533260,"open"
94760,HH2_window_2,2024-10-04T21:12:08,,,,,,"closed",,"d9f930508c704401f",18,,"low",0,,"H2","","HH_Window_receiver",1,"HH2_window_2",,1728069128612,"open"
94763,HH2_window_1_V2,2024-10-04T21:12:43,,,,,,"open",,"dc16a396614bc460d",802,,"low",0,,"H2","","HH_Window_receiver",,"HH2_window_1_V2",,1728068568595,
94764,HH2_window_1_V2,2024-10-04T21:12:43,,,,,,"open",,"dc16a396614bc460d",802,,"low",0,,"H2","","HH_Window_receiver",,"HH2_window_1_V2",,1728069163617,
94765,HH2_door_1,2024-10-04T21:16:01,,,,,,,,"d5093cc318c544799",,,,,,"H2","","HH_door_receiver",1,"HH2_door_1",,1728068765070,"open"
94766,HH2_door_1,2024-10-04T21:16:01,,,,,,,,"d5093cc318c544799",,,,,,"H2","","HH_door_receiver",1,"HH2_door_1",,1728069361558,"open"
94769,HH2_windowdoor_1,2024-10-04T21:20:39,,,,,,,,"d44f0fdd406c843e5",,,,,,"H2","","HH_Window_receiver",1,"HH2_windowdoor_1",,1728069045432,"open"
94770,HH2_windowdoor_1,2024-10-04T21:20:39,,,,,,,,"d44f0fdd406c843e5",,,,,,"H2","","HH_Window_receiver",1,"HH2_windowdoor_1",,1728069639480,"open"
96843,HHa_window_2,2024-10-07T00:35:24,,,,,,"open",,"d1bde5c2def114408",287,,"low",0,,"H4","","HH_Window_receiver",1,"HHa_window_2",,1728253528536,"open"
96844,HHa_window_2,2024-10-07T00:35:24,,,,,,"open",,"d1bde5c2def114408",287,,"low",0,,"H4","","HH_Window_receiver",1,"HHa_window_2",,1728254124731,"open"
96853,HHa_window_2,2024-10-07T00:45:21,,,,,,"open",,"d1bde5c2def114408",289,,"low",0,,"H4","","HH_Window_receiver",1,"HHa_window_2",,1728254124731,"open"
96854,HHa_window_2,2024-10-07T00:45:21,,,,,,"open",,"d1bde5c2def114408",289,,"low",0,,"H4","","HH_Window_receiver",1,"HHa_window_2",,1728254720910,"open"
96865,HHa_window_2,2024-10-07T00:55:17,,,,,,"open",,"d1bde5c2def114408",305,,"low",0,,"H4","","HH_Window_receiver",1,"HHa_window_2",,1728254720910,"open"
96866,HHa_window_2,2024-10-07T00:55:17,,,,,,"open",,"d1bde5c2def114408",305,,"low",0,,"H4","","HH_Window_receiver",1,"HHa_window_2",,1728255317040,"open"
96875,HHa_window_2,2024-10-07T01:05:12,,,,,,"open",,"d1bde5c2def114408",306,,"low",0,,"H4","","HH_Window_receiver",1,"HHa_window_2",,1728255317040,"open"
96876,HHa_window_2,2024-10-07T01:05:12,,,,,,"open",,"d1bde5c2def114408",306,,"low",0,,"H4","","HH_Window_receiver",1,"HHa_window_2",,1728255912379,"open"
96885,HHa_window_2,2024-10-07T01:15:09,,,,,,"open",,"d1bde5c2def114408",289,,"low",0,,"H4","","HH_Window_receiver",1,"HHa_window_2",,1728255912379,"open"
96886,HHa_window_2,2024-10-07T01:15:09,,,,,,"open",,"d1bde5c2def114408",289,,"low",0,,"H4","","HH_Window_receiver",1,"HHa_window_2",,1728256509487,"open"
96893,HHa_window_2,2024-10-07T01:25:04,,,,,,"open",,"d1bde5c2def114408",288,,"low",0,,"H4","","HH_Window_receiver",1,"HHa_window_2",,1728256509487,"open"
96894,HHa_window_2,2024-10-07T01:25:04,,,,,,"open",,"d1bde5c2def114408",288,,"low",0,,"H4","","HH_Window_receiver",1,"HHa_window_2",,1728257104633,"open"
96903,HHa_window_2,2024-10-07T01:35:00,,,,,,"open",,"d1bde5c2def114408",290,,"low",0,,"H4","","HH_Window_receiver",1,"HHa_window_2",,1728257104633,"open"
96904,HHa_window_2,2024-10-07T01:35:00,,,,,,"open",,"d1bde5c2def114408",290,,"low",0,,"H4","","HH_Window_receiver",1,"HHa_window_2",,1728257700297,"open"
96913,HHa_window_2,2024-10-07T01:44:57,,,,,,"open",,"d1bde5c2def114408",305,,"low",0,,"H4","","HH_Window_receiver",1,"HHa_window_2",,1728257700297,"open"
96914,HHa_window_2,2024-10-07T01:44:57,,,,,,"open",,"d1bde5c2def114408",305,,"low",0,,"H4","","HH_Window_receiver",1,"HHa_window_2",,1728258297437,"open"
96923,HHa_window_2,2024-10-07T01:54:54,,,,,,"open",,"d1bde5c2def114408",288,,"low",0,,"H4","","HH_Window_receiver",1,"HHa_window_2",,1728258297437,"open"
96924,HHa_window_2,2024-10-07T01:54:54,,,,,,"open",,"d1bde5c2def114408",288,,"low",0,,"H4","","HH_Window_receiver",1,"HHa_window_2",,1728258894516,"open"
96933,HHa_window_2,2024-10-07T02:04:51,,,,,,"open",,"d1bde5c2def114408",328,,"low",0,,"H4","","HH_Window_receiver",1,"HHa_window_2",,1728258894516,"open"
96934,HHa_window_2,2024-10-07T02:04:51,,,,,,"open",,"d1bde5c2def114408",328,,"low",0,,"H4","","HH_Window_receiver",1,"HHa_window_2",,1728259491042,"open"
96943,HHa_window_2,2024-10-07T02:14:47,,,,,,"open",,"d1bde5c2def114408",270,,"low",0,,"H4","","HH_Window_receiver",1,"HHa_window_2",,1728259491042,"open"
96944,HHa_window_2,2024-10-07T02:14:47,,,,,,"open",,"d1bde5c2def114408",270,,"low",0,,"H4","","HH_Window_receiver",1,"HHa_window_2",,1728260087533,"open"
96953,HHa_window_2,2024-10-07T02:24:44,,,,,,"open",,"d1bde5c2def114408",310,,"low",0,,"H4","","HH_Window_receiver",1,"HHa_window_2",,1728260087533,"open"
96954,HHa_window_2,2024-10-07T02:24:44,,,,,,"open",,"d1bde5c2def114408",310,,"low",0,,"H4","","HH_Window_receiver",1,"HHa_window_2",,1728260683968,"open"
96963,HHa_window_2,2024-10-07T02:34:40,,,,,,"open",,"d1bde5c2def114408",319,,"low",0,,"H4","","HH_Window_receiver",1,"HHa_window_2",,1728260683968,"open"
96964,HHa_window_2,2024-10-07T02:34:40,,,,,,"open",,"d1bde5c2def114408",319,,"low",0,,"H4","","HH_Window_receiver",1,"HHa_window_2",,1728261280472,"open"
96973,HHa_window_2,2024-10-07T02:44:37,,,,,,"open",,"d1bde5c2def114408",306,,"low",0,,"H4","","HH_Window_receiver",1,"HHa_window_2",,1728261280472,"open"
96974,HHa_window_2,2024-10-07T02:44:37,,,,,,"open",,"d1bde5c2def114408",306,,"low",0,,"H4","","HH_Window_receiver",1,"HHa_window_2",,1728261877577,"open"
96983,HHa_window_2,2024-10-07T02:54:33,,,,,,"open",,"d1bde5c2def114408",312,,"low",0,,"H4","","HH_Window_receiver",1,"HHa_window_2",,1728261877577,"open"
96984,HHa_window_2,2024-10-07T02:54:33,,,,,,"open",,"d1bde5c2def114408",312,,"low",0,,"H4","","HH_Window_receiver",1,"HHa_window_2",,1728262473753,"open"
96993,HHa_window_2,2024-10-07T03:04:30,,,,,,"open",,"d1bde5c2def114408",322,,"low",0,,"H4","","HH_Window_receiver",1,"HHa_window_2",,1728262473753,"open"
96994,HHa_window_2,2024-10-07T03:04:30,,,,,,"open",,"d1bde5c2def114408",322,,"low",0,,"H4","","HH_Window_receiver",1,"HHa_window_2",,1728263069920,"open"
97003,HHa_window_2,2024-10-07T03:14:27,,,,,,"open",,"d1bde5c2def114408",318,,"low",0,,"H4","","HH_Window_receiver",1,"HHa_window_2",,1728263069920,"open"
97004,HHa_window_2,2024-10-07T03:14:27,,,,,,"open",,"d1bde5c2def114408",318,,"low",0,,"H4","","HH_Window_receiver",1,"HHa_window_2",,1728263667390,"open"
97013,HHa_window_2,2024-10-07T03:24:23,,,,,,"open",,"d1bde5c2def114408",304,,"low",0,,"H4","","HH_Window_receiver",1,"HHa_window_2",,1728263667390,"open"
97014,HHa_window_2,2024-10-07T03:24:23,,,,,,"open",,"d1bde5c2def114408",304,,"low",0,,"H4","","HH_Window_receiver",1,"HHa_window_2",,1728264263673,"open"
97023,HHa_window_2,2024-10-07T03:34:18,,,,,,"open",,"d1bde5c2def114408",305,,"low",0,,"H4","","HH_Window_receiver",1,"HHa_window_2",,1728264263673,"open"
97024,HHa_window_2,2024-10-07T03:34:18,,,,,,"open",,"d1bde5c2def114408",305,,"low",0,,"H4","","HH_Window_receiver",1,"HHa_window_2",,1728264858731,"open"
97033,HHa_window_2,2024-10-07T03:44:15,,,,,,"open",,"d1bde5c2def114408",322,,"low",0,,"H4","","HH_Window_receiver",1,"HHa_window_2",,1728264858731,"open"
97034,HHa_window_2,2024-10-07T03:44:15,,,,,,"open",,"d1bde5c2def114408",322,,"low",0,,"H4","","HH_Window_receiver",1,"HHa_window_2",,1728265454903,"open"
97043,HHa_window_2,2024-10-07T03:54:11,,,,,,"open",,"d1bde5c2def114408",323,,"low",0,,"H4","","HH_Window_receiver",1,"HHa_window_2",,1728265454903,"open"
97044,HHa_window_2,2024-10-07T03:54:11,,,,,,"open",,"d1bde5c2def114408",323,,"low",0,,"H4","","HH_Window_receiver",1,"HHa_window_2",,1728266051050,"open"
97053,HHa_window_2,2024-10-07T04:04:07,,,,,,"open",,"d1bde5c2def114408",381,,"low",0,,"H4","","HH_Window_receiver",1,"HHa_window_2",,1728266051050,"open"
97054,HHa_window_2,2024-10-07T04:04:07,,,,,,"open",,"d1bde5c2def114408",381,,"low",0,,"H4","","HH_Window_receiver",1,"HHa_window_2",,1728266647340,"open"
97063,HHa_window_2,2024-10-07T04:14:04,,,,,,"open",,"d1bde5c2def114408",323,,"low",0,,"H4","","HH_Window_receiver",1,"HHa_window_2",,1728266647340,"open"
97064,HHa_window_2,2024-10-07T04:14:04,,,,,,"open",,"d1bde5c2def114408",323,,"low",0,,"H4","","HH_Window_receiver",1,"HHa_window_2",,1728267244587,"open"
97073,HHa_window_2,2024-10-07T04:24:00,,,,,,"open",,"d1bde5c2def114408",629,,"low",0,,"H4","","HH_Window_receiver",1,"HHa_window_2",,1728267244587,"open"
97074,HHa_window_2,2024-10-07T04:24:00,,,,,,"open",,"d1bde5c2def114408",629,,"low",0,,"H4","","HH_Window_receiver",1,"HHa_window_2",,1728267840706,"open"
97083,HHa_window_2,2024-10-07T04:33:57,,,,,,"open",,"d1bde5c2def114408",305,,"low",0,,"H4","","HH_Window_receiver",1,"HHa_window_2",,1728267840706,"open"
97084,HHa_window_2,2024-10-07T04:33:57,,,,,,"open",,"d1bde5c2def114408",305,,"low",0,,"H4","","HH_Window_receiver",1,"HHa_window_2",,1728268437454,"open"
97093,HHa_window_2,2024-10-07T04:43:53,,,,,,"open",,"d1bde5c2def114408",288,,"low",0,,"H4","","HH_Window_receiver",1,"HHa_window_2",,1728268437454,"open"
97094,HHa_window_2,2024-10-07T04:43:53,,,,,,"open",,"d1bde5c2def114408",288,,"low",0,,"H4","","HH_Window_receiver",1,"HHa_window_2",,1728269033079,"open"
97103,HHa_window_2,2024-10-07T04:53:50,,,,,,"open",,"d1bde5c2def114408",731,,"low",0,,"H4","","HH_Window_receiver",1,"HHa_window_2",,1728269033079,"open"
97104,HHa_window_2,2024-10-07T04:53:50,,,,,,"open",,"d1bde5c2def114408",731,,"low",0,,"H4","","HH_Window_receiver",1,"HHa_window_2",,1728269630160,"open"
97113,HHa_window_2,2024-10-07T05:03:46,,,,,,"open",,"d1bde5c2def114408",271,,"low",0,,"H4","","HH_Window_receiver",1,"HHa_window_2",,1728269630160,"open"
97114,HHa_window_2,2024-10-07T05:03:46,,,,,,"open",,"d1bde5c2def114408",271,,"low",0,,"H4","","HH_Window_receiver",1,"HHa_window_2",,1728270226029,"open"
97123,HHa_window_2,2024-10-07T05:13:41,,,,,,"open",,"d1bde5c2def114408",306,,"low",0,,"H4","","HH_Window_receiver",1,"HHa_window_2",,1728270226029,"open"
97124,HHa_window_2,2024-10-07T05:13:41,,,,,,"open",,"d1bde5c2def114408",306,,"low",0,,"H4","","HH_Window_receiver",1,"HHa_window_2",,1728270821736,"open"
97133,HHa_window_2,2024-10-07T05:23:37,,,,,,"open",,"d1bde5c2def114408",304,,"low",0,,"H4","","HH_Window_receiver",1,"HHa_window_2",,1728270821736,"open"
97134,HHa_window_2,2024-10-07T05:23:37,,,,,,"open",,"d1bde5c2def114408",304,,"low",0,,"H4","","HH_Window_receiver",1,"HHa_window_2",,1728271417175,"open"
97143,HHa_window_2,2024-10-07T05:33:33,,,,,,"open",,"d1bde5c2def114408",305,,"low",0,,"H4","","HH_Window_receiver",1,"HHa_window_2",,1728271417175,"open"
97144,HHa_window_2,2024-10-07T05:33:33,,,,,,"open",,"d1bde5c2def114408",305,,"low",0,,"H4","","HH_Window_receiver",1,"HHa_window_2",,1728272013075,"open"
97153,HHa_window_2,2024-10-07T05:43:30,,,,,,"open",,"d1bde5c2def114408",334,,"low",0,,"H4","","HH_Window_receiver",1,"HHa_window_2",,1728272013075,"open"
97154,HHa_window_2,2024-10-07T05:43:30,,,,,,"open",,"d1bde5c2def114408",334,,"low",0,,"H4","","HH_Window_receiver",1,"HHa_window_2",,1728272610027,"open"
97163,HHa_window_2,2024-10-07T05:53:26,,,,,,"open",,"d1bde5c2def114408",306,,"low",0,,"H4","","HH_Window_receiver",1,"HHa_window_2",,1728272610027,"open"
97164,HHa_window_2,2024-10-07T05:53:26,,,,,,"open",,"d1bde5c2def114408",306,,"low",0,,"H4","","HH_Window_receiver",1,"HHa_window_2",,1728273206006,"open"
97173,HHa_window_2,2024-10-07T06:03:22,,,,,,"open",,"d1bde5c2def114408",255,,"low",0,,"H4","","HH_Window_receiver",1,"HHa_window_2",,1728273206006,"open"
97174,HHa_window_2,2024-10-07T06:03:22,,,,,,"open",,"d1bde5c2def114408",255,,"low",0,,"H4","","HH_Window_receiver",1,"HHa_window_2",,1728273802455,"open"
97183,HHa_window_2,2024-10-07T06:13:18,,,,,,"open",,"d1bde5c2def114408",305,,"low",0,,"H4","","HH_Window_receiver",1,"HHa_window_2",,1728273802455,"open"
97184,HHa_window_2,2024-10-07T06:13:18,,,,,,"open",,"d1bde5c2def114408",305,,"low",0,,"H4","","HH_Window_receiver",1,"HHa_window_2",,1728274397968,"open"
97193,HHa_window_2,2024-10-07T06:23:14,,,,,,"open",,"d1bde5c2def114408",322,,"low",0,,"H4","","HH_Window_receiver",1,"HHa_window_2",,1728274397968,"open"
97194,HHa_window_2,2024-10-07T06:23:14,,,,,,"open",,"d1bde5c2def114408",322,,"low",0,,"H4","","HH_Window_receiver",1,"HHa_window_2",,1728274993904,"open"
97203,HHa_window_2,2024-10-07T06:33:10,,,,,,"open",,"d1bde5c2def114408",337,,"low",0,,"H4","","HH_Window_receiver",1,"HHa_window_2",,1728274993904,"open"
97204,HHa_window_2,2024-10-07T06:33:10,,,,,,"open",,"d1bde5c2def114408",337,,"low",0,,"H4","","HH_Window_receiver",1,"HHa_window_2",,1728275589882,"open"
97213,HHa_window_2,2024-10-07T06:43:05,,,,,,"open",,"d1bde5c2def114408",323,,"low",0,,"H4","","HH_Window_receiver",1,"HHa_window_2",,1728275589882,"open"
97214,HHa_window_2,2024-10-07T06:43:05,,,,,,"open",,"d1bde5c2def114408",323,,"low",0,,"H4","","HH_Window_receiver",1,"HHa_window_2",,1728276185843,"open"
97223,HHa_window_2,2024-10-07T06:53:02,,,,,,"open",,"d1bde5c2def114408",320,,"low",0,,"H4","","HH_Window_receiver",1,"HHa_window_2",,1728276185843,"open"
97224,HHa_window_2,2024-10-07T06:53:02,,,,,,"open",,"d1bde5c2def114408",320,,"low",0,,"H4","","HH_Window_receiver",1,"HHa_window_2",,1728276782556,"open"
97233,HHa_window_2,2024-10-07T07:02:59,,,,,,"open",,"d1bde5c2def114408",321,,"low",0,,"H4","","HH_Window_receiver",1,"HHa_window_2",,1728276782556,"open"
97234,HHa_window_2,2024-10-07T07:02:59,,,,,,"open",,"d1bde5c2def114408",321,,"low",0,,"H4","","HH_Window_receiver",1,"HHa_window_2",,1728277379511,"open"
97243,HHa_window_2,2024-10-07T07:12:56,,,,,,"closed",,"d1bde5c2def114408",0,,"low",0,,"H4","","HH_Window_receiver",1,"HHa_window_2",,1728277379511,"open"
97244,HHa_window_2,2024-10-07T07:12:56,,,,,,"closed",,"d1bde5c2def114408",0,,"low",0,,"H4","","HH_Window_receiver",1,"HHa_window_2",,1728277976625,"open"
97253,HHa_window_2,2024-10-07T07:22:52,,,,,,"closed",,"d1bde5c2def114408",0,,"low",0,,"H4","","HH_Window_receiver",1,"HHa_window_2",,1728277976625,"open"
97254,HHa_window_2,2024-10-07T07:22:53,,,,,,"closed",,"d1bde5c2def114408",0,,"low",0,,"H4","","HH_Window_receiver",1,"HHa_window_2",,1728278572901,"open"
97263,HHa_window_2,2024-10-07T07:32:49,,,,,,"closed",,"d1bde5c2def114408",0,,"low",0,,"H4","","HH_Window_receiver",1,"HHa_window_2",,1728278572901,"open"
97264,HHa_window_2,2024-10-07T07:32:49,,,,,,"closed",,"d1bde5c2def114408",0,,"low",0,,"H4","","HH_Window_receiver",1,"HHa_window_2",,1728279169662,"open"
97273,HHa_window_2,2024-10-07T07:42:46,,,,,,"closed",,"d1bde5c2def114408",0,,"low",0,,"H4","","HH_Window_receiver",1,"HHa_window_2",,1728279169662,"open"
97274,HHa_window_2,2024-10-07T07:42:46,,,,,,"closed",,"d1bde5c2def114408",0,,"low",0,,"H4","","HH_Window_receiver",1,"HHa_window_2",,1728279766365,"open"
97283,HHa_window_2,2024-10-07T07:52:43,,,,,,"closed",,"d1bde5c2def114408",0,,"low",0,,"H4","","HH_Window_receiver",1,"HHa_window_2",,1728279766365,"open"
97284,HHa_window_2,2024-10-07T07:52:43,,,,,,"closed",,"d1bde5c2def114408",0,,"low",0,,"H4","","HH_Window_receiver",1,"HHa_window_2",,1728280362995,"open"
97293,HHa_window_2,2024-10-07T08:02:39,,,,,,"closed",,"d1bde5c2def114408",0,,"low",29,,"H4","","HH_Window_receiver",1,"HHa_window_2",,1728280362995,"open"
97294,HHa_window_2,2024-10-07T08:02:39,,,,,,"closed",,"d1bde5c2def114408",0,,"low",29,,"H4","","HH_Window_receiver",1,"HHa_window_2",,1728280959788,"open"
97303,HHa_window_2,2024-10-07T08:12:37,,,,,,"closed",,"d1bde5c2def114408",0,,"low",117,,"H4","","HH_Window_receiver",1,"HHa_window_2",,1728280959788,"open"
97304,HHa_window_2,2024-10-07T08:12:37,,,,,,"closed",,"d1bde5c2def114408",0,,"low",117,,"H4","","HH_Window_receiver",1,"HHa_window_2",,1728281557550,"open"
97313,HHa_window_2,2024-10-07T08:22:34,,,,,,"closed",,"d1bde5c2def114408",0,,"low",187,,"H4","","HH_Window_receiver",1,"HHa_window_2",,1728281557550,"open"
97314,HHa_window_2,2024-10-07T08:22:34,,,,,,"closed",,"d1bde5c2def114408",0,,"low",187,,"H4","","HH_Window_receiver",1,"HHa_window_2",,1728282154370,"open"
97323,HHa_window_2,2024-10-07T08:32:31,,,,,,"closed",,"d1bde5c2def114408",0,,"low",290,,"H4","","HH_Window_receiver",1,"HHa_window_2",,1728282154370,"open"
97324,HHa_window_2,2024-10-07T08:32:32,,,,,,"closed",,"d1bde5c2def114408",0,,"low",290,,"H4","","HH_Window_receiver",1,"HHa_window_2",,1728282751844,"open"
104865,HHa_window_1,2024-10-13T21:47:56,,,,,,"open",,"db4881e805a254484",36,,"low",0,,"H4","","HH_Window_receiver",,"HHa_window_1",,1728848282012,
104866,HHa_window_1,2024-10-13T21:47:56,,,,,,"open",,"db4881e805a254484",36,,"low",0,,"H4","","HH_Window_receiver",,"HHa_window_1",,1728848876673,
104873,HHa_window_1,2024-10-13T21:57:51,,,,,,"open",,"db4881e805a254484",36,,"low",0,,"H4","","HH_Window_receiver",,"HHa_window_1",,1728848876673,
104874,HHa_window_1,2024-10-13T21:57:51,,,,,,"open",,"db4881e805a254484",36,,"low",0,,"H4","","HH_Window_receiver",,"HHa_window_1",,1728849470968,
104881,HHa_window_1,2024-10-13T22:07:45,,,,,,"open",,"db4881e805a254484",49,,"low",0,,"H4","","HH_Window_receiver",,"HHa_window_1",,1728849470968,
104882,HHa_window_1,2024-10-13T22:07:45,,,,,,"open",,"db4881e805a254484",49,,"low",0,,"H4","","HH_Window_receiver",,"HHa_window_1",,1728850065126,
104889,HHa_window_1,2024-10-13T22:17:40,,,,,,"open",,"db4881e805a254484",49,,"low",0,,"H4","","HH_Window_receiver",,"HHa_window_1",,1728850065126,
104890,HHa_window_1,2024-10-13T22:17:40,,,,,,"open",,"db4881e805a254484",49,,"low",0,,"H4","","HH_Window_receiver",,"HHa_window_1",,1728850659885,
104897,HHa_window_1,2024-10-13T22:27:34,,,,,,"open",,"db4881e805a254484",49,,"low",0,,"H4","","HH_Window_receiver",,"HHa_window_1",,1728850659885,
104898,HHa_window_1,2024-10-13T22:27:34,,,,,,"open",,"db4881e805a254484",49,,"low",0,,"H4","","HH_Window_receiver",,"HHa_window_1",,1728851254181,
104905,HHa_window_1,2024-10-13T22:37:29,,,,,,"open",,"db4881e805a254484",49,,"low",0,,"H4","","HH_Window_receiver",,"HHa_window_1",,1728851254181,
104906,HHa_window_1,2024-10-13T22:37:30,,,,,,"open",,"db4881e805a254484",49,,"low",0,,"H4","","HH_Window_receiver",,"HHa_window_1",,1728851849805,
104913,HHa_window_1,2024-10-13T22:47:24,,,,,,"open",,"db4881e805a254484",323,,"low",0,,"H4","","HH_Window_receiver",,"HHa_window_1",,1728851849805,
104914,HHa_window_1,2024-10-13T22:47:24,,,,,,"open",,"db4881e805a254484",323,,"low",0,,"H4","","HH_Window_receiver",,"HHa_window_1",,1728852443897,
104921,HHa_window_1,2024-10-13T22:57:18,,,,,,"open",,"db4881e805a254484",307,,"low",0,,"H4","","HH_Window_receiver",,"HHa_window_1",,1728852443897,
104922,HHa_window_1,2024-10-13T22:57:18,,,,,,"open",,"db4881e805a254484",307,,"low",0,,"H4","","HH_Window_receiver",,"HHa_window_1",,1728853038386,
104923,HHa_window_1,2024-10-13T22:57:26,,,,,,"closed",,"db4881e805a254484",16,,"low",0,,"H4","","HH_Window_receiver",,"HHa_window_1",,1728853038386,
104924,HHa_window_1,2024-10-13T22:57:26,,,,,,"closed",,"db4881e805a254484",16,,"low",0,,"H4","","HH_Window_receiver",,"HHa_window_1",,1728853045873,
104931,HHa_window_1,2024-10-13T23:07:19,,,,,,"open",,"db4881e805a254484",334,,"low",0,,"H4","","HH_Window_receiver",,"HHa_window_1",,1728853045873,
104932,HHa_window_1,2024-10-13T23:07:19,,,,,,"open",,"db4881e805a254484",334,,"low",0,,"H4","","HH_Window_receiver",,"HHa_window_1",,1728853639432,
104939,HHa_window_1,2024-10-13T23:17:13,,,,,,"open",,"db4881e805a254484",307,,"low",0,,"H4","","HH_Window_receiver",,"HHa_window_1",,1728853639432,
104940,HHa_window_1,2024-10-13T23:17:13,,,,,,"open",,"db4881e805a254484",307,,"low",0,,"H4","","HH_Window_receiver",,"HHa_window_1",,1728854233126,
104947,HHa_window_1,2024-10-13T23:27:08,,,,,,"open",,"db4881e805a254484",400,,"low",0,,"H4","","HH_Window_receiver",,"HHa_window_1",,1728854233126,
104948,HHa_window_1,2024-10-13T23:27:08,,,,,,"open",,"db4881e805a254484",400,,"low",0,,"H4","","HH_Window_receiver",,"HHa_window_1",,1728854828043,
104955,HHa_window_1,2024-10-13T23:37:02,,,,,,"open",,"db4881e805a254484",70,,"low",0,,"H4","","HH_Window_receiver",,"HHa_window_1",,1728854828043,
104956,HHa_window_1,2024-10-13T23:37:02,,,,,,"open",,"db4881e805a254484",70,,"low",0,,"H4","","HH_Window_receiver",,"HHa_window_1",,1728855422371,
104963,HHa_window_1,2024-10-13T23:46:57,,,,,,"open",,"db4881e805a254484",121,,"low",0,,"H4","","HH_Window_receiver",,"HHa_window_1",,1728855422371,
104964,HHa_window_1,2024-10-13T23:46:57,,,,,,"open",,"db4881e805a254484",121,,"low",0,,"H4","","HH_Window_receiver",,"HHa_window_1",,1728856017155,
104971,HHa_window_1,2024-10-13T23:56:52,,,,,,"closed",,"db4881e805a254484",0,,"low",0,,"H4","","HH_Window_receiver",,"HHa_window_1",,1728856017155,
104972,HHa_window_1,2024-10-13T23:56:52,,,,,,"closed",,"db4881e805a254484",0,,"low",0,,"H4","","HH_Window_receiver",,"HHa_window_1",,1728856612686,
104979,HHa_window_1,2024-10-14T00:06:48,,,,,,"closed",,"db4881e805a254484",0,,"low",0,,"H4","","HH_Window_receiver",,"HHa_window_1",,1728856612686,
104980,HHa_window_1,2024-10-14T00:06:48,,,,,,"closed",,"db4881e805a254484",0,,"low",0,,"H4","","HH_Window_receiver",,"HHa_window_1",,1728857208553,
104987,HHa_window_1,2024-10-14T00:16:44,,,,,,"closed",,"db4881e805a254484",0,,"low",0,,"H4","","HH_Window_receiver",,"HHa_window_1",,1728857208553,
104988,HHa_window_1,2024-10-14T00:16:44,,,,,,"closed",,"db4881e805a254484",0,,"low",0,,"H4","","HH_Window_receiver",,"HHa_window_1",,1728857804532,
104995,HHa_window_1,2024-10-14T00:26:39,,,,,,"closed",,"db4881e805a254484",0,,"low",0,,"H4","","HH_Window_receiver",,"HHa_window_1",,1728857804532,
104996,HHa_window_1,2024-10-14T00:26:39,,,,,,"closed",,"db4881e805a254484",0,,"low",0,,"H4","","HH_Window_receiver",,"HHa_window_1",,1728858399064,
105003,HHa_window_1,2024-10-14T00:36:33,,,,,,"closed",,"db4881e805a254484",0,,"low",0,,"H4","","HH_Window_receiver",,"HHa_window_1",,1728858399064,
105004,HHa_window_1,2024-10-14T00:36:33,,,,,,"closed",,"db4881e805a254484",0,,"low",0,,"H4","","HH_Window_receiver",,"HHa_window_1",,1728858993273,
105011,HHa_window_1,2024-10-14T00:46:27,,,,,,"closed",,"db4881e805a254484",0,,"low",0,,"H4","","HH_Window_receiver",,"HHa_window_1",,1728858993273,
105012,HHa_window_1,2024-10-14T00:46:28,,,,,,"closed",,"db4881e805a254484",0,,"low",0,,"H4","","HH_Window_receiver",,"HHa_window_1",,1728859587849,
105019,HHa_window_1,2024-10-14T00:56:22,,,,,,"closed",,"db4881e805a254484",0,,"low",0,,"H4","","HH_Window_receiver",,"HHa_window_1",,1728859587849,
105020,HHa_window_1,2024-10-14T00:56:22,,,,,,"closed",,"db4881e805a254484",0,,"low",0,,"H4","","HH_Window_receiver",,"HHa_window_1",,1728860182756,
105027,HHa_window_1,2024-10-14T01:06:18,,,,,,"closed",,"db4881e805a254484",0,,"low",0,,"H4","","HH_Window_receiver",,"HHa_window_1",,1728860182756,
105028,HHa_window_1,2024-10-14T01:06:18,,,,,,"closed",,"db4881e805a254484",0,,"low",0,,"H4","","HH_Window_receiver",,"HHa_window_1",,1728860778478,
105035,HHa_window_1,2024-10-14T01:16:12,,,,,,"closed",,"db4881e805a254484",0,,"low",0,,"H4","","HH_Window_receiver",,"HHa_window_1",,1728860778478,
105036,HHa_window_1,2024-10-14T01:16:13,,,,,,"closed",,"db4881e805a254484",0,,"low",0,,"H4","","HH_Window_receiver",,"HHa_window_1",,1728861372845,
105043,HHa_window_1,2024-10-14T01:26:08,,,,,,"closed",,"db4881e805a254484",0,,"low",0,,"H4","","HH_Window_receiver",,"HHa_window_1",,1728861372845,
105044,HHa_window_1,2024-10-14T01:26:08,,,,,,"closed",,"db4881e805a254484",0,,"low",0,,"H4","","HH_Window_receiver",,"HHa_window_1",,1728861968439,
105051,HHa_window_1,2024-10-14T01:36:03,,,,,,"closed",,"db4881e805a254484",0,,"low",0,,"H4","","HH_Window_receiver",,"HHa_window_1",,1728861968439,
105052,HHa_window_1,2024-10-14T01:36:03,,,,,,"closed",,"db4881e805a254484",0,,"low",0,,"H4","","HH_Window_receiver",,"HHa_window_1",,1728862563070,
105059,HHa_window_1,2024-10-14T01:45:58,,,,,,"closed",,"db4881e805a254484",0,,"low",0,,"H4","","HH_Window_receiver",,"HHa_window_1",,1728862563070,
105060,HHa_window_1,2024-10-14T01:45:58,,,,,,"closed",,"db4881e805a254484",0,,"low",0,,"H4","","HH_Window_receiver",,"HHa_window_1",,1728863158201,
105067,HHa_window_1,2024-10-14T01:55:53,,,,,,"closed",,"db4881e805a254484",0,,"low",0,,"H4","","HH_Window_receiver",,"HHa_window_1",,1728863158201,
105068,HHa_window_1,2024-10-14T01:55:53,,,,,,"closed",,"db4881e805a254484",0,,"low",0,,"H4","","HH_Window_receiver",,"HHa_window_1",,1728863753088,
105075,HHa_window_1,2024-10-14T02:05:48,,,,,,"closed",,"db4881e805a254484",0,,"low",0,,"H4","","HH_Window_receiver",,"HHa_window_1",,1728863753088,
105076,HHa_window_1,2024-10-14T02:05:48,,,,,,"closed",,"db4881e805a254484",0,,"low",0,,"H4","","HH_Window_receiver",,"HHa_window_1",,1728864348010,
105083,HHa_window_1,2024-10-14T02:15:43,,,,,,"closed",,"db4881e805a254484",0,,"low",0,,"H4","","HH_Window_receiver",,"HHa_window_1",,1728864348010,
105084,HHa_window_1,2024-10-14T02:15:43,,,,,,"closed",,"db4881e805a254484",0,,"low",0,,"H4","","HH_Window_receiver",,"HHa_window_1",,1728864943148,
105091,HHa_window_1,2024-10-14T02:25:38,,,,,,"closed",,"db4881e805a254484",0,,"low",0,,"H4","","HH_Window_receiver",,"HHa_window_1",,1728864943148,
105092,HHa_window_1,2024-10-14T02:25:38,,,,,,"closed",,"db4881e805a254484",0,,"low",0,,"H4","","HH_Window_receiver",,"HHa_window_1",,1728865538801,
105099,HHa_window_1,2024-10-14T02:35:33,,,,,,"closed",,"db4881e805a254484",0,,"low",0,,"H4","","HH_Window_receiver",,"HHa_window_1",,1728865538801,
105100,HHa_window_1,2024-10-14T02:35:34,,,,,,"closed",,"db4881e805a254484",0,,"low",0,,"H4","","HH_Window_receiver",,"HHa_window_1",,1728866133880,
105107,HHa_window_1,2024-10-14T02:45:29,,,,,,"closed",,"db4881e805a254484",0,,"low",0,,"H4","","HH_Window_receiver",,"HHa_window_1",,1728866133880,
105108,HHa_window_1,2024-10-14T02:45:29,,,,,,"closed",,"db4881e805a254484",0,,"low",0,,"H4","","HH_Window_receiver",,"HHa_window_1",,1728866729417,
105115,HHa_window_1,2024-10-14T02:55:25,,,,,,"closed",,"db4881e805a254484",0,,"low",0,,"H4","","HH_Window_receiver",,"HHa_window_1",,1728866729417,
105116,HHa_window_1,2024-10-14T02:55:25,,,,,,"closed",,"db4881e805a254484",0,,"low",0,,"H4","","HH_Window_receiver",,"HHa_window_1",,1728867325439,
105123,HHa_window_1,2024-10-14T03:05:22,,,,,,"closed",,"db4881e805a254484",0,,"low",0,,"H4","","HH_Window_receiver",,"HHa_window_1",,1728867325439,
105124,HHa_window_1,2024-10-14T03:05:22,,,,,,"closed",,"db4881e805a254484",0,,"low",0,,"H4","","HH_Window_receiver",,"HHa_window_1",,1728867922020,
105131,HHa_window_1,2024-10-14T03:15:16,,,,,,"closed",,"db4881e805a254484",0,,"low",0,,"H4","","HH_Window_receiver",,"HHa_window_1",,1728867922020,
105132,HHa_window_1,2024-10-14T03:15:16,,,,,,"closed",,"db4881e805a254484",0,,"low",0,,"H4","","HH_Window_receiver",,"HHa_window_1",,1728868516636,
105139,HHa_window_1,2024-10-14T03:25:12,,,,,,"closed",,"db4881e805a254484",0,,"low",0,,"H4","","HH_Window_receiver",,"HHa_window_1",,1728868516636,
105140,HHa_window_1,2024-10-14T03:25:12,,,,,,"closed",,"db4881e805a254484",0,,"low",0,,"H4","","HH_Window_receiver",,"HHa_window_1",,1728869111917,
105147,HHa_window_1,2024-10-14T03:35:07,,,,,,"closed",,"db4881e805a254484",0,,"low",0,,"H4","","HH_Window_receiver",,"HHa_window_1",,1728869111917,
105148,HHa_window_1,2024-10-14T03:35:07,,,,,,"closed",,"db4881e805a254484",0,,"low",0,,"H4","","HH_Window_receiver",,"HHa_window_1",,1728869706969,
105155,HHa_window_1,2024-10-14T03:45:03,,,,,,"closed",,"db4881e805a254484",0,,"low",0,,"H4","","HH_Window_receiver",,"HHa_window_1",,1728869706969,
105156,HHa_window_1,2024-10-14T03:45:03,,,,,,"closed",,"db4881e805a254484",0,,"low",0,,"H4","","HH_Window_receiver",,"HHa_window_1",,1728870303538,
106765,HHa_windowdoor_1,2024-10-16T00:08:30,,,,,,,,"d9ab4a7e2daf74e4c",,,,,,"H4","","HH_Window_receiver",0,"HHa_windowdoor_1",,1729029515970,"closed"
106766,HHa_windowdoor_1,2024-10-16T00:08:31,,,,,,,,"d9ab4a7e2daf74e4c",,,,,,"H4","","HH_Window_receiver",0,"HHa_windowdoor_1",,1729030110868,"closed"
106771,HHa_windowdoor_1,2024-10-16T00:18:26,,,,,,,,"d9ab4a7e2daf74e4c",,,,,,"H4","","HH_Window_receiver",0,"HHa_windowdoor_1",,1729030110868,"closed"
106772,HHa_windowdoor_1,2024-10-16T00:18:26,,,,,,,,"d9ab4a7e2daf74e4c",,,,,,"H4","","HH_Window_receiver",0,"HHa_windowdoor_1",,1729030706229,"closed"
106777,HHa_windowdoor_1,2024-10-16T00:28:21,,,,,,,,"d9ab4a7e2daf74e4c",,,,,,"H4","","HH_Window_receiver",0,"HHa_windowdoor_1",,1729030706229,"closed"
106778,HHa_windowdoor_1,2024-10-16T00:28:21,,,,,,,,"d9ab4a7e2daf74e4c",,,,,,"H4","","HH_Window_receiver",0,"HHa_windowdoor_1",,1729031301302,"closed"
106783,HHa_windowdoor_1,2024-10-16T00:38:17,,,,,,,,"d9ab4a7e2daf74e4c",,,,,,"H4","","HH_Window_receiver",0,"HHa_windowdoor_1",,1729031301302,"closed"
106784,HHa_windowdoor_1,2024-10-16T00:38:17,,,,,,,,"d9ab4a7e2daf74e4c",,,,,,"H4","","HH_Window_receiver",0,"HHa_windowdoor_1",,1729031897556,"closed"
106789,HHa_windowdoor_1,2024-10-16T00:48:13,,,,,,,,"d9ab4a7e2daf74e4c",,,,,,"H4","","HH_Window_receiver",0,"HHa_windowdoor_1",,1729031897556,"closed"
106790,HHa_windowdoor_1,2024-10-16T00:48:13,,,,,,,,"d9ab4a7e2daf74e4c",,,,,,"H4","","HH_Window_receiver",0,"HHa_windowdoor_1",,1729032493606,"closed"
106795,HHa_windowdoor_1,2024-10-16T00:58:09,,,,,,,,"d9ab4a7e2daf74e4c",,,,,,"H4","","HH_Window_receiver",0,"HHa_windowdoor_1",,1729032493606,"closed"
106796,HHa_windowdoor_1,2024-10-16T00:58:09,,,,,,,,"d9ab4a7e2daf74e4c",,,,,,"H4","","HH_Window_receiver",0,"HHa_windowdoor_1",,1729033088920,"closed"
106801,HHa_windowdoor_1,2024-10-16T01:08:04,,,,,,,,"d9ab4a7e2daf74e4c",,,,,,"H4","","HH_Window_receiver",0,"HHa_windowdoor_1",,1729033088920,"closed"
106802,HHa_windowdoor_1,2024-10-16T01:08:04,,,,,,,,"d9ab4a7e2daf74e4c",,,,,,"H4","","HH_Window_receiver",0,"HHa_windowdoor_1",,1729033684188,"closed"
106807,HHa_windowdoor_1,2024-10-16T01:18:00,,,,,,,,"d9ab4a7e2daf74e4c",,,,,,"H4","","HH_Window_receiver",0,"HHa_windowdoor_1",,1729033684188,"closed"
106808,HHa_windowdoor_1,2024-10-16T01:18:00,,,,,,,,"d9ab4a7e2daf74e4c",,,,,,"H4","","HH_Window_receiver",0,"HHa_windowdoor_1",,1729034280363,"closed"
106813,HHa_windowdoor_1,2024-10-16T01:27:55,,,,,,,,"d9ab4a7e2daf74e4c",,,,,,"H4","","HH_Window_receiver",0,"HHa_windowdoor_1",,1729034280363,"closed"
106814,HHa_windowdoor_1,2024-10-16T01:27:55,,,,,,,,"d9ab4a7e2daf74e4c",,,,,,"H4","","HH_Window_receiver",0,"HHa_windowdoor_1",,1729034875045,"closed"
106819,HHa_windowdoor_1,2024-10-16T01:37:51,,,,,,,,"d9ab4a7e2daf74e4c",,,,,,"H4","","HH_Window_receiver",0,"HHa_windowdoor_1",,1729034875045,"closed"
106820,HHa_windowdoor_1,2024-10-16T01:37:51,,,,,,,,"d9ab4a7e2daf74e4c",,,,,,"H4","","HH_Window_receiver",0,"HHa_windowdoor_1",,1729035471511,"closed"
106825,HHa_windowdoor_1,2024-10-16T01:47:47,,,,,,,,"d9ab4a7e2daf74e4c",,,,,,"H4","","HH_Window_receiver",0,"HHa_windowdoor_1",,1729035471511,"closed"
106826,HHa_windowdoor_1,2024-10-16T01:47:47,,,,,,,,"d9ab4a7e2daf74e4c",,,,,,"H4","","HH_Window_receiver",0,"HHa_windowdoor_1",,1729036067486,"closed"
106831,HHa_windowdoor_1,2024-10-16T01:57:43,,,,,,,,"d9ab4a7e2daf74e4c",,,,,,"H4","","HH_Window_receiver",0,"HHa_windowdoor_1",,1729036067486,"closed"
106832,HHa_windowdoor_1,2024-10-16T01:57:43,,,,,,,,"d9ab4a7e2daf74e4c",,,,,,"H4","","HH_Window_receiver",0,"HHa_windowdoor_1",,1729036663508,"closed"
106837,HHa_windowdoor_1,2024-10-16T02:07:39,,,,,,,,"d9ab4a7e2daf74e4c",,,,,,"H4","","HH_Window_receiver",0,"HHa_windowdoor_1",,1729036663508,"closed"
106838,HHa_windowdoor_1,2024-10-16T02:07:39,,,,,,,,"d9ab4a7e2daf74e4c",,,,,,"H4","","HH_Window_receiver",0,"HHa_windowdoor_1",,1729037259582,"closed"
106843,HHa_windowdoor_1,2024-10-16T02:17:34,,,,,,,,"d9ab4a7e2daf74e4c",,,,,,"H4","","HH_Window_receiver",0,"HHa_windowdoor_1",,1729037259582,"closed"
106844,HHa_windowdoor_1,2024-10-16T02:17:34,,,,,,,,"d9ab4a7e2daf74e4c",,,,,,"H4","","HH_Window_receiver",0,"HHa_windowdoor_1",,1729037854341,"closed"
106849,HHa_windowdoor_1,2024-10-16T02:27:30,,,,,,,,"d9ab4a7e2daf74e4c",,,,,,"H4","","HH_Window_receiver",0,"HHa_windowdoor_1",,1729037854341,"closed"
106850,HHa_windowdoor_1,2024-10-16T02:27:30,,,,,,,,"d9ab4a7e2daf74e4c",,,,,,"H4","","HH_Window_receiver",0,"HHa_windowdoor_1",,1729038450227,"closed"
106855,HHa_windowdoor_1,2024-10-16T02:37:26,,,,,,,,"d9ab4a7e2daf74e4c",,,,,,"H4","","HH_Window_receiver",0,"HHa_windowdoor_1",,1729038450227,"closed"
106856,HHa_windowdoor_1,2024-10-16T02:37:26,,,,,,,,"d9ab4a7e2daf74e4c",,,,,,"H4","","HH_Window_receiver",0,"HHa_windowdoor_1",,1729039046419,"closed"
106861,HHa_windowdoor_1,2024-10-16T02:47:21,,,,,,,,"d9ab4a7e2daf74e4c",,,,,,"H4","","HH_Window_receiver",0,"HHa_windowdoor_1",,1729039046419,"closed"
106862,HHa_windowdoor_1,2024-10-16T02:47:21,,,,,,,,"d9ab4a7e2daf74e4c",,,,,,"H4","","HH_Window_receiver",0,"HHa_windowdoor_1",,1729039641071,"closed"
106867,HHa_windowdoor_1,2024-10-16T02:57:16,,,,,,,,"d9ab4a7e2daf74e4c",,,,,,"H4","","HH_Window_receiver",0,"HHa_windowdoor_1",,1729039641071,"closed"
106868,HHa_windowdoor_1,2024-10-16T02:57:16,,,,,,,,"d9ab4a7e2daf74e4c",,,,,,"H4","","HH_Window_receiver",0,"HHa_windowdoor_1",,1729040236131,"closed"
106873,HHa_windowdoor_1,2024-10-16T03:07:12,,,,,,,,"d9ab4a7e2daf74e4c",,,,,,"H4","","HH_Window_receiver",0,"HHa_windowdoor_1",,1729040236131,"closed"
106874,HHa_windowdoor_1,2024-10-16T03:07:12,,,,,,,,"d9ab4a7e2daf74e4c",,,,,,"H4","","HH_Window_receiver",0,"HHa_windowdoor_1",,1729040832474,"closed"
106879,HHa_windowdoor_1,2024-10-16T03:17:07,,,,,,,,"d9ab4a7e2daf74e4c",,,,,,"H4","","HH_Window_receiver",0,"HHa_windowdoor_1",,1729040832474,"closed"
106880,HHa_windowdoor_1,2024-10-16T03:17:07,,,,,,,,"d9ab4a7e2daf74e4c",,,,,,"H4","","HH_Window_receiver",0,"HHa_windowdoor_1",,1729041427657,"closed"
106885,HHa_windowdoor_1,2024-10-16T03:27:04,,,,,,,,"d9ab4a7e2daf74e4c",,,,,,"H4","","HH_Window_receiver",0,"HHa_windowdoor_1",,1729041427657,"closed"
106886,HHa_windowdoor_1,2024-10-16T03:27:04,,,,,,,,"d9ab4a7e2daf74e4c",,,,,,"H4","","HH_Window_receiver",0,"HHa_windowdoor_1",,1729042024521,"closed"
106891,HHa_windowdoor_1,2024-10-16T03:36:59,,,,,,,,"d9ab4a7e2daf74e4c",,,,,,"H4","","HH_Window_receiver",0,"HHa_windowdoor_1",,1729042024521,"closed"
106892,HHa_windowdoor_1,2024-10-16T03:37:00,,,,,,,,"d9ab4a7e2daf74e4c",,,,,,"H4","","HH_Window_receiver",0,"HHa_windowdoor_1",,1729042619877,"closed"
106897,HHa_windowdoor_1,2024-10-16T03:46:56,,,,,,,,"d9ab4a7e2daf74e4c",,,,,,"H4","","HH_Window_receiver",0,"HHa_windowdoor_1",,1729042619877,"closed"
106898,HHa_windowdoor_1,2024-10-16T03:46:56,,,,,,,,"d9ab4a7e2daf74e4c",,,,,,"H4","","HH_Window_receiver",0,"HHa_windowdoor_1",,1729043216058,"closed"
106903,HHa_windowdoor_1,2024-10-16T03:56:52,,,,,,,,"d9ab4a7e2daf74e4c",,,,,,"H4","","HH_Window_receiver",0,"HHa_windowdoor_1",,1729043216058,"closed"
106904,HHa_windowdoor_1,2024-10-16T03:56:52,,,,,,,,"d9ab4a7e2daf74e4c",,,,,,"H4","","HH_Window_receiver",0,"HHa_windowdoor_1",,1729043812425,"closed"
106909,HHa_windowdoor_1,2024-10-16T04:06:47,,,,,,,,"d9ab4a7e2daf74e4c",,,,,,"H4","","HH_Window_receiver",0,"HHa_windowdoor_1",,1729043812425,"closed"
106910,HHa_windowdoor_1,2024-10-16T04:06:47,,,,,,,,"d9ab4a7e2daf74e4c",,,,,,"H4","","HH_Window_receiver",0,"HHa_windowdoor_1",,1729044407610,"closed"
106915,HHa_windowdoor_1,2024-10-16T04:16:43,,,,,,,,"d9ab4a7e2daf74e4c",,,,,,"H4","","HH_Window_receiver",0,"HHa_windowdoor_1",,1729044407610,"closed"
106916,HHa_windowdoor_1,2024-10-16T04:16:43,,,,,,,,"d9ab4a7e2daf74e4c",,,,,,"H4","","HH_Window_receiver",0,"HHa_windowdoor_1",,1729045003055,"closed"
106921,HHa_windowdoor_1,2024-10-16T04:26:39,,,,,,,,"d9ab4a7e2daf74e4c",,,,,,"H4","","HH_Window_receiver",0,"HHa_windowdoor_1",,1729045003055,"closed"
106922,HHa_windowdoor_1,2024-10-16T04:26:39,,,,,,,,"d9ab4a7e2daf74e4c",,,,,,"H4","","HH_Window_receiver",0,"HHa_windowdoor_1",,1729045599598,"closed"
106927,HHa_windowdoor_1,2024-10-16T04:36:35,,,,,,,,"d9ab4a7e2daf74e4c",,,,,,"H4","","HH_Window_receiver",0,"HHa_windowdoor_1",,1729045599598,"closed"
106928,HHa_windowdoor_1,2024-10-16T04:36:35,,,,,,,,"d9ab4a7e2daf74e4c",,,,,,"H4","","HH_Window_receiver",0,"HHa_windowdoor_1",,1729046195469,"closed"
106933,HHa_windowdoor_1,2024-10-16T04:46:29,,,,,,,,"d9ab4a7e2daf74e4c",,,,,,"H4","","HH_Window_receiver",0,"HHa_windowdoor_1",,1729046195469,"closed"
106934,HHa_windowdoor_1,2024-10-16T04:46:30,,,,,,,,"d9ab4a7e2daf74e4c",,,,,,"H4","","HH_Window_receiver",0,"HHa_windowdoor_1",,1729046789842,"closed"
106939,HHa_windowdoor_1,2024-10-16T04:56:26,,,,,,,,"d9ab4a7e2daf74e4c",,,,,,"H4","","HH_Window_receiver",0,"HHa_windowdoor_1",,1729046789842,"closed"
106940,HHa_windowdoor_1,2024-10-16T04:56:26,,,,,,,,"d9ab4a7e2daf74e4c",,,,,,"H4","","HH_Window_receiver",0,"HHa_windowdoor_1",,1729047386382,"closed"
106945,HHa_windowdoor_1,2024-10-16T05:06:21,,,,,,,,"d9ab4a7e2daf74e4c",,,,,,"H4","","HH_Window_receiver",0,"HHa_windowdoor_1",,1729047386382,"closed"
106946,HHa_windowdoor_1,2024-10-16T05:06:21,,,,,,,,"d9ab4a7e2daf74e4c",,,,,,"H4","","HH_Window_receiver",0,"HHa_windowdoor_1",,1729047981716,"closed"
106951,HHa_windowdoor_1,2024-10-16T05:16:18,,,,,,,,"d9ab4a7e2daf74e4c",,,,,,"H4","","HH_Window_receiver",0,"HHa_windowdoor_1",,1729047981716,"closed"
106952,HHa_windowdoor_1,2024-10-16T05:16:18,,,,,,,,"d9ab4a7e2daf74e4c",,,,,,"H4","","HH_Window_receiver",0,"HHa_windowdoor_1",,1729048578511,"closed"
106957,HHa_windowdoor_1,2024-10-16T05:26:15,,,,,,,,"d9ab4a7e2daf74e4c",,,,,,"H4","","HH_Window_receiver",0,"HHa_windowdoor_1",,1729048578511,"closed"
106958,HHa_windowdoor_1,2024-10-16T05:26:15,,,,,,,,"d9ab4a7e2daf74e4c",,,,,,"H4","","HH_Window_receiver",0,"HHa_windowdoor_1",,1729049175092,"closed"
106963,HHa_windowdoor_1,2024-10-16T05:36:10,,,,,,,,"d9ab4a7e2daf74e4c",,,,,,"H4","","HH_Window_receiver",0,"HHa_windowdoor_1",,1729049175092,"closed"
106964,HHa_windowdoor_1,2024-10-16T05:36:10,,,,,,,,"d9ab4a7e2daf74e4c",,,,,,"H4","","HH_Window_receiver",0,"HHa_windowdoor_1",,1729049769986,"closed"
106969,HHa_windowdoor_1,2024-10-16T05:46:05,,,,,,,,"d9ab4a7e2daf74e4c",,,,,,"H4","","HH_Window_receiver",0,"HHa_windowdoor_1",,1729049769986,"closed"
106970,HHa_windowdoor_1,2024-10-16T05:46:05,,,,,,,,"d9ab4a7e2daf74e4c",,,,,,"H4","","HH_Window_receiver",0,"HHa_windowdoor_1",,1729050364993,"closed"
106975,HHa_windowdoor_1,2024-10-16T05:56:00,,,,,,,,"d9ab4a7e2daf74e4c",,,,,,"H4","","HH_Window_receiver",0,"HHa_windowdoor_1",,1729050364993,"closed"
106976,HHa_windowdoor_1,2024-10-16T05:56:00,,,,,,,,"d9ab4a7e2daf74e4c",,,,,,"H4","","HH_Window_receiver",0,"HHa_windowdoor_1",,1729050960162,"closed"
106981,HHa_windowdoor_1,2024-10-16T06:05:57,,,,,,,,"d9ab4a7e2daf74e4c",,,,,,"H4","","HH_Window_receiver",0,"HHa_windowdoor_1",,1729050960162,"closed"
106982,HHa_windowdoor_1,2024-10-16T06:05:57,,,,,,,,"d9ab4a7e2daf74e4c",,,,,,"H4","","HH_Window_receiver",0,"HHa_windowdoor_1",,1729051557025,"closed"
106987,HHa_windowdoor_1,2024-10-16T06:15:52,,,,,,,,"d9ab4a7e2daf74e4c",,,,,,"H4","","HH_Window_receiver",0,"HHa_windowdoor_1",,1729051557025,"closed"
106988,HHa_windowdoor_1,2024-10-16T06:15:52,,,,,,,,"d9ab4a7e2daf74e4c",,,,,,"H4","","HH_Window_receiver",0,"HHa_windowdoor_1",,1729052151931,"closed"
106993,HHa_windowdoor_1,2024-10-16T06:25:47,,,,,,,,"d9ab4a7e2daf74e4c",,,,,,"H4","","HH_Window_receiver",0,"HHa_windowdoor_1",,1729052151931,"closed"
106994,HHa_windowdoor_1,2024-10-16T06:25:48,,,,,,,,"d9ab4a7e2daf74e4c",,,,,,"H4","","HH_Window_receiver",0,"HHa_windowdoor_1",,1729052747888,"closed"
106999,HHa_windowdoor_1,2024-10-16T06:35:44,,,,,,,,"d9ab4a7e2daf74e4c",,,,,,"H4","","HH_Window_receiver",0,"HHa_windowdoor_1",,1729052747888,"closed"
107000,HHa_windowdoor_1,2024-10-16T06:35:44,,,,,,,,"d9ab4a7e2daf74e4c",,,,,,"H4","","HH_Window_receiver",0,"HHa_windowdoor_1",,1729053344483,"closed"
107005,HHa_windowdoor_1,2024-10-16T06:45:40,,,,,,,,"d9ab4a7e2daf74e4c",,,,,,"H4","","HH_Window_receiver",0,"HHa_windowdoor_1",,1729053344483,"closed"
107006,HHa_windowdoor_1,2024-10-16T06:45:40,,,,,,,,"d9ab4a7e2daf74e4c",,,,,,"H4","","HH_Window_receiver",0,"HHa_windowdoor_1",,1729053940111,"closed"
107011,HHa_windowdoor_1,2024-10-16T06:55:36,,,,,,,,"d9ab4a7e2daf74e4c",,,,,,"H4","","HH_Window_receiver",0,"HHa_windowdoor_1",,1729053940111,"closed"
107012,HHa_windowdoor_1,2024-10-16T06:55:36,,,,,,,,"d9ab4a7e2daf74e4c",,,,,,"H4","","HH_Window_receiver",0,"HHa_windowdoor_1",,1729054536517,"closed"
107017,HHa_windowdoor_1,2024-10-16T07:05:32,,,,,,,,"d9ab4a7e2daf74e4c",,,,,,"H4","","HH_Window_receiver",0,"HHa_windowdoor_1",,1729054536517,"closed"
107018,HHa_windowdoor_1,2024-10-16T07:05:32,,,,,,,,"d9ab4a7e2daf74e4c",,,,,,"H4","","HH_Window_receiver",0,"HHa_windowdoor_1",,1729055132481,"closed"
107023,HHa_windowdoor_1,2024-10-16T07:15:30,,,,,,,,"d9ab4a7e2daf74e4c",,,,,,"H4","","HH_Window_receiver",0,"HHa_windowdoor_1",,1729055132481,"closed"
107024,HHa_windowdoor_1,2024-10-16T07:15:30,,,,,,,,"d9ab4a7e2daf74e4c",,,,,,"H4","","HH_Window_receiver",0,"HHa_windowdoor_1",,1729055729885,"closed"
107029,HHa_windowdoor_1,2024-10-16T07:25:26,,,,,,,,"d9ab4a7e2daf74e4c",,,,,,"H4","","HH_Window_receiver",0,"HHa_windowdoor_1",,1729055729885,"closed"
107030,HHa_windowdoor_1,2024-10-16T07:25:26,,,,,,,,"d9ab4a7e2daf74e4c",,,,,,"H4","","HH_Window_receiver",0,"HHa_windowdoor_1",,1729056326387,"closed"
110519,HHa_windowdoor_1,2024-10-22T07:37:58,,,,,,,,"d9ab4a7e2daf74e4c",,,,,,"H4","","HH_Window_receiver",1,"HHa_windowdoor_1",,1729056326387,"open"
110520,HHa_windowdoor_1,2024-10-22T07:37:58,,,,,,,,"d9ab4a7e2daf74e4c",,,,,,"H4","","HH_Window_receiver",1,"HHa_windowdoor_1",,1729575477927,"open"
110525,HHa_windowdoor_1,2024-10-22T07:47:53,,,,,,,,"d9ab4a7e2daf74e4c",,,,,,"H4","","HH_Window_receiver",1,"HHa_windowdoor_1",,1729575477927,"open"
110526,HHa_windowdoor_1,2024-10-22T07:47:53,,,,,,,,"d9ab4a7e2daf74e4c",,,,,,"H4","","HH_Window_receiver",1,"HHa_windowdoor_1",,1729576072936,"open"
110531,HHa_windowdoor_1,2024-10-22T07:57:48,,,,,,,,"d9ab4a7e2daf74e4c",,,,,,"H4","","HH_Window_receiver",1,"HHa_windowdoor_1",,1729576072936,"open"
110532,HHa_windowdoor_1,2024-10-22T07:57:48,,,,,,,,"d9ab4a7e2daf74e4c",,,,,,"H4","","HH_Window_receiver",1,"HHa_windowdoor_1",,1729576668419,"open"
110537,HHa_windowdoor_1,2024-10-22T08:07:43,,,,,,,,"d9ab4a7e2daf74e4c",,,,,,"H4","","HH_Window_receiver",1,"HHa_windowdoor_1",,1729576668419,"open"
110538,HHa_windowdoor_1,2024-10-22T08:07:43,,,,,,,,"d9ab4a7e2daf74e4c",,,,,,"H4","","HH_Window_receiver",1,"HHa_windowdoor_1",,1729577263832,"open"
110543,HHa_windowdoor_1,2024-10-22T08:17:39,,,,,,,,"d9ab4a7e2daf74e4c",,,,,,"H4","","HH_Window_receiver",1,"HHa_windowdoor_1",,1729577263832,"open"
110544,HHa_windowdoor_1,2024-10-22T08:17:39,,,,,,,,"d9ab4a7e2daf74e4c",,,,,,"H4","","HH_Window_receiver",1,"HHa_windowdoor_1",,1729577858944,"open"
112275,HHa_window_1,2024-10-25T08:22:18,,,,,,"closed",,"db4881e805a254484",0,,"low",369,,"H4","","HH_Window_receiver",,"HHa_window_1",,1728870303538,
112276,HHa_window_1,2024-10-25T08:22:18,,,,,,"closed",,"db4881e805a254484",0,,"low",369,,"H4","","HH_Window_receiver",,"HHa_window_1",,1729837337997,
112281,HHa_window_1,2024-10-25T08:32:12,,,,,,"closed",,"db4881e805a254484",0,,"low",714,,"H4","","HH_Window_receiver",,"HHa_window_1",,1729837337997,
112282,HHa_window_1,2024-10-25T08:32:13,,,,,,"closed",,"db4881e805a254484",0,,"low",714,,"H4","","HH_Window_receiver",,"HHa_window_1",,1729837932784,
112287,HHa_window_1,2024-10-25T08:42:08,,,,,,"closed",,"db4881e805a254484",0,,"medium_low",1075,,"H4","","HH_Window_receiver",,"HHa_window_1",,1729837932784,
112288,HHa_window_1,2024-10-25T08:42:08,,,,,,"closed",,"db4881e805a254484",0,,"medium_low",1075,,"H4","","HH_Window_receiver",,"HHa_window_1",,1729838527879,
112293,HHa_window_1,2024-10-25T08:52:03,,,,,,"closed",,"db4881e805a254484",0,,"medium_low",1437,,"H4","","HH_Window_receiver",,"HHa_window_1",,1729838527879,
112294,HHa_window_1,2024-10-25T08:52:03,,,,,,"closed",,"db4881e805a254484",0,,"medium_low",1437,,"H4","","HH_Window_receiver",,"HHa_window_1",,1729839123151,
112299,HHa_window_1,2024-10-25T09:01:59,,,,,,"closed",,"db4881e805a254484",0,,"medium_low",1568,,"H4","","HH_Window_receiver",,"HHa_window_1",,1729839123151,
112300,HHa_window_1,2024-10-25T09:01:59,,,,,,"closed",,"db4881e805a254484",0,,"medium_low",1568,,"H4","","HH_Window_receiver",,"HHa_window_1",,1729839719437,
112305,HHa_window_1,2024-10-25T09:11:56,,,,,,"closed",,"db4881e805a254484",0,,"medium_low",1799,,"H4","","HH_Window_receiver",,"HHa_window_1",,1729839719437,
112306,HHa_window_1,2024-10-25T09:11:56,,,,,,"closed",,"db4881e805a254484",0,,"medium_low",1799,,"H4","","HH_Window_receiver",,"HHa_window_1",,1729840316212,
112311,HHa_window_1,2024-10-25T09:21:51,,,,,,"closed",,"db4881e805a254484",0,,"high",2107,,"H4","","HH_Window_receiver",,"HHa_window_1",,1729840316212,
112312,HHa_window_1,2024-10-25T09:21:51,,,,,,"closed",,"db4881e805a254484",0,,"high",2107,,"H4","","HH_Window_receiver",,"HHa_window_1",,1729840911039,
112317,HHa_window_1,2024-10-25T09:31:46,,,,,,"closed",,"db4881e805a254484",0,,"high",2094,,"H4","","HH_Window_receiver",,"HHa_window_1",,1729840911039,
112318,HHa_window_1,2024-10-25T09:31:46,,,,,,"closed",,"db4881e805a254484",0,,"high",2094,,"H4","","HH_Window_receiver",,"HHa_window_1",,1729841506670,
112323,HHa_window_1,2024-10-25T09:41:42,,,,,,"closed",,"db4881e805a254484",0,,"high",2210,,"H4","","HH_Window_receiver",,"HHa_window_1",,1729841506670,
112324,HHa_window_1,2024-10-25T09:41:42,,,,,,"closed",,"db4881e805a254484",0,,"high",2210,,"H4","","HH_Window_receiver",,"HHa_window_1",,1729842102650,
112329,HHa_window_1,2024-10-25T09:51:38,,,,,,"closed",,"db4881e805a254484",0,,"high",2082,,"H4","","HH_Window_receiver",,"HHa_window_1",,1729842102650,
112330,HHa_window_1,2024-10-25T09:51:38,,,,,,"closed",,"db4881e805a254484",0,,"high",2082,,"H4","","HH_Window_receiver",,"HHa_window_1",,1729842698100,
112335,HHa_window_1,2024-10-25T10:01:33,,,,,,"closed",,"db4881e805a254484",0,,"high",2015,,"H4","","HH_Window_receiver",,"HHa_window_1",,1729842698100,
112336,HHa_window_1,2024-10-25T10:01:34,,,,,,"closed",,"db4881e805a254484",0,,"high",2015,,"H4","","HH_Window_receiver",,"HHa_window_1",,1729843293810,
112341,HHa_window_1,2024-10-25T10:11:30,,,,,,"closed",,"db4881e805a254484",0,,"high",2058,,"H4","","HH_Window_receiver",,"HHa_window_1",,1729843293810,
112342,HHa_window_1,2024-10-25T10:11:30,,,,,,"closed",,"db4881e805a254484",0,,"high",2058,,"H4","","HH_Window_receiver",,"HHa_window_1",,1729843890407,
114369,HHa_window_3,2024-10-28T20:48:54,,,,,,"closed",,"d09c890fb71d34208",0,,"low",0,,"H4","","HH_Window_receiver",1,"HHa_window_3",,1730144338379,"open"
114370,HHa_window_3,2024-10-28T20:48:54,,,,,,"closed",,"d09c890fb71d34208",0,,"low",0,,"H4","","HH_Window_receiver",1,"HHa_window_3",,1730144934760,"open"
114373,HHa_window_3,2024-10-28T20:58:52,,,,,,"closed",,"d09c890fb71d34208",0,,"low",0,,"H4","","HH_Window_receiver",1,"HHa_window_3",,1730144934760,"open"
114374,HHa_window_3,2024-10-28T20:58:52,,,,,,"closed",,"d09c890fb71d34208",0,,"low",0,,"H4","","HH_Window_receiver",1,"HHa_window_3",,1730145532141,"open"
114377,HHa_window_3,2024-10-28T21:08:48,,,,,,"closed",,"d09c890fb71d34208",0,,"low",0,,"H4","","HH_Window_receiver",1,"HHa_window_3",,1730145532141,"open"
114378,HHa_window_3,2024-10-28T21:08:48,,,,,,"closed",,"d09c890fb71d34208",0,,"low",0,,"H4","","HH_Window_receiver",1,"HHa_window_3",,1730146128258,"open"
114381,HHa_window_3,2024-10-28T21:18:44,,,,,,"closed",,"d09c890fb71d34208",0,,"low",0,,"H4","","HH_Window_receiver",1,"HHa_window_3",,1730146128258,"open"
114382,HHa_window_3,2024-10-28T21:18:44,,,,,,"closed",,"d09c890fb71d34208",0,,"low",0,,"H4","","HH_Window_receiver",1,"HHa_window_3",,1730146724337,"open"
114385,HHa_window_3,2024-10-28T21:28:41,,,,,,"closed",,"d09c890fb71d34208",0,,"low",0,,"H4","","HH_Window_receiver",1,"HHa_window_3",,1730146724337,"open"
114386,HHa_window_3,2024-10-28T21:28:41,,,,,,"closed",,"d09c890fb71d34208",0,,"low",0,,"H4","","HH_Window_receiver",1,"HHa_window_3",,1730147321551,"open"
114389,HHa_window_3,2024-10-28T21:38:37,,,,,,"closed",,"d09c890fb71d34208",0,,"low",0,,"H4","","HH_Window_receiver",1,"HHa_window_3",,1730147321551,"open"
114390,HHa_window_3,2024-10-28T21:38:37,,,,,,"closed",,"d09c890fb71d34208",0,,"low",0,,"H4","","HH_Window_receiver",1,"HHa_window_3",,1730147917775,"open"
114393,HHa_window_3,2024-10-28T21:48:35,,,,,,"closed",,"d09c890fb71d34208",0,,"low",0,,"H4","","HH_Window_receiver",1,"HHa_window_3",,1730147917775,"open"
114394,HHa_window_3,2024-10-28T21:48:35,,,,,,"closed",,"d09c890fb71d34208",0,,"low",0,,"H4","","HH_Window_receiver",1,"HHa_window_3",,1730148515016,"open"
114397,HHa_window_3,2024-10-28T21:58:31,,,,,,"closed",,"d09c890fb71d34208",0,,"low",0,,"H4","","HH_Window_receiver",1,"HHa_window_3",,1730148515016,"open"
114398,HHa_window_3,2024-10-28T21:58:31,,,,,,"closed",,"d09c890fb71d34208",0,,"low",0,,"H4","","HH_Window_receiver",1,"HHa_window_3",,1730149111082,"open"
114401,HHa_window_3,2024-10-28T22:08:27,,,,,,"closed",,"d09c890fb71d34208",0,,"low",0,,"H4","","HH_Window_receiver",1,"HHa_window_3",,1730149111082,"open"
114402,HHa_window_3,2024-10-28T22:08:27,,,,,,"closed",,"d09c890fb71d34208",0,,"low",0,,"H4","","HH_Window_receiver",1,"HHa_window_3",,1730149707056,"open"
114405,HHa_window_3,2024-10-28T22:18:24,,,,,,"closed",,"d09c890fb71d34208",0,,"low",0,,"H4","","HH_Window_receiver",1,"HHa_window_3",,1730149707056,"open"
114406,HHa_window_3,2024-10-28T22:18:24,,,,,,"closed",,"d09c890fb71d34208",0,,"low",0,,"H4","","HH_Window_receiver",1,"HHa_window_3",,1730150304457,"open"
114409,HHa_window_3,2024-10-28T22:28:21,,,,,,"closed",,"d09c890fb71d34208",0,,"low",0,,"H4","","HH_Window_receiver",1,"HHa_window_3",,1730150304457,"open"
114410,HHa_window_3,2024-10-28T22:28:21,,,,,,"closed",,"d09c890fb71d34208",0,,"low",0,,"H4","","HH_Window_receiver",1,"HHa_window_3",,1730150901445,"open"
114413,HHa_window_3,2024-10-28T22:38:17,,,,,,"closed",,"d09c890fb71d34208",0,,"low",0,,"H4","","HH_Window_receiver",1,"HHa_window_3",,1730150901445,"open"
114414,HHa_window_3,2024-10-28T22:38:17,,,,,,"closed",,"d09c890fb71d34208",0,,"low",0,,"H4","","HH_Window_receiver",1,"HHa_window_3",,1730151497267,"open"
114417,HHa_window_3,2024-10-28T22:48:14,,,,,,"closed",,"d09c890fb71d34208",0,,"low",0,,"H4","","HH_Window_receiver",1,"HHa_window_3",,1730151497267,"open"
114418,HHa_window_3,2024-10-28T22:48:14,,,,,,"closed",,"d09c890fb71d34208",0,,"low",0,,"H4","","HH_Window_receiver",1,"HHa_window_3",,1730152094532,"open"
114421,HHa_window_3,2024-10-28T22:58:10,,,,,,"closed",,"d09c890fb71d34208",0,,"low",0,,"H4","","HH_Window_receiver",1,"HHa_window_3",,1730152094532,"open"
114422,HHa_window_3,2024-10-28T22:58:10,,,,,,"closed",,"d09c890fb71d34208",0,,"low",0,,"H4","","HH_Window_receiver",1,"HHa_window_3",,1730152690388,"open"
114425,HHa_window_3,2024-10-28T23:08:07,,,,,,"closed",,"d09c890fb71d34208",0,,"low",0,,"H4","","HH_Window_receiver",1,"HHa_window_3",,1730152690388,"open"
114426,HHa_window_3,2024-10-28T23:08:07,,,,,,"closed",,"d09c890fb71d34208",0,,"low",0,,"H4","","HH_Window_receiver",1,"HHa_window_3",,1730153287434,"open"
114429,HHa_window_3,2024-10-28T23:18:03,,,,,,"closed",,"d09c890fb71d34208",0,,"low",0,,"H4","","HH_Window_receiver",1,"HHa_window_3",,1730153287434,"open"
114430,HHa_window_3,2024-10-28T23:18:03,,,,,,"closed",,"d09c890fb71d34208",0,,"low",0,,"H4","","HH_Window_receiver",1,"HHa_window_3",,1730153883634,"open"
114433,HHa_window_3,2024-10-28T23:27:59,,,,,,"closed",,"d09c890fb71d34208",0,,"low",0,,"H4","","HH_Window_receiver",1,"HHa_window_3",,1730153883634,"open"
114434,HHa_window_3,2024-10-28T23:27:59,,,,,,"closed",,"d09c890fb71d34208",0,,"low",0,,"H4","","HH_Window_receiver",1,"HHa_window_3",,1730154479752,"open"
114437,HHa_window_3,2024-10-28T23:37:56,,,,,,"closed",,"d09c890fb71d34208",0,,"low",0,,"H4","","HH_Window_receiver",1,"HHa_window_3",,1730154479752,"open"
114438,HHa_window_3,2024-10-28T23:37:56,,,,,,"closed",,"d09c890fb71d34208",0,,"low",0,,"H4","","HH_Window_receiver",1,"HHa_window_3",,1730155076222,"open"
114441,HHa_window_3,2024-10-28T23:47:52,,,,,,"closed",,"d09c890fb71d34208",0,,"low",0,,"H4","","HH_Window_receiver",1,"HHa_window_3",,1730155076222,"open"
114442,HHa_window_3,2024-10-28T23:47:52,,,,,,"closed",,"d09c890fb71d34208",0,,"low",0,,"H4","","HH_Window_receiver",1,"HHa_window_3",,1730155672708,"open"
114445,HHa_window_3,2024-10-28T23:57:48,,,,,,"closed",,"d09c890fb71d34208",0,,"low",0,,"H4","","HH_Window_receiver",1,"HHa_window_3",,1730155672708,"open"
114446,HHa_window_3,2024-10-28T23:57:48,,,,,,"closed",,"d09c890fb71d34208",0,,"low",0,,"H4","","HH_Window_receiver",1,"HHa_window_3",,1730156268809,"open"
114449,HHa_window_3,2024-10-29T00:07:46,,,,,,"closed",,"d09c890fb71d34208",0,,"low",0,,"H4","","HH_Window_receiver",1,"HHa_window_3",,1730156268809,"open"
114450,HHa_window_3,2024-10-29T00:07:46,,,,,,"closed",,"d09c890fb71d34208",0,,"low",0,,"H4","","HH_Window_receiver",1,"HHa_window_3",,1730156866029,"open"
116419,HHa_window_3,2024-11-04T18:20:59,,,,,,"closed",,"d09c890fb71d34208",0,,"low",0,,"H4","","HH_Window_receiver",1,"HHa_window_3",,1730156866029,"open"
116420,HHa_window_3,2024-11-04T18:21:00,,,,,,"closed",,"d09c890fb71d34208",0,,"low",0,,"H4","","HH_Window_receiver",1,"HHa_window_3",,1730740859793,"open"
116423,HHa_window_3,2024-11-04T18:30:56,,,,,,"closed",,"d09c890fb71d34208",0,,"low",0,,"H4","","HH_Window_receiver",1,"HHa_window_3",,1730740859793,"open"
116424,HHa_window_3,2024-11-04T18:30:56,,,,,,"closed",,"d09c890fb71d34208",0,,"low",0,,"H4","","HH_Window_receiver",1,"HHa_window_3",,1730741456442,"open"
116427,HHa_window_3,2024-11-04T18:40:53,,,,,,"closed",,"d09c890fb71d34208",0,,"low",0,,"H4","","HH_Window_receiver",1,"HHa_window_3",,1730741456442,"open"
116428,HHa_window_3,2024-11-04T18:40:53,,,,,,"closed",,"d09c890fb71d34208",0,,"low",0,,"H4","","HH_Window_receiver",1,"HHa_window_3",,1730742053445,"open"
116431,HHa_window_3,2024-11-04T18:50:48,,,,,,"closed",,"d09c890fb71d34208",0,,"low",0,,"H4","","HH_Window_receiver",1,"HHa_window_3",,1730742053445,"open"
116432,HHa_window_3,2024-11-04T18:50:49,,,,,,"closed",,"d09c890fb71d34208",0,,"low",0,,"H4","","HH_Window_receiver",1,"HHa_window_3",,1730742648839,"open"
116435,HHa_window_3,2024-11-04T19:00:45,,,,,,"closed",,"d09c890fb71d34208",0,,"low",0,,"H4","","HH_Window_receiver",1,"HHa_window_3",,1730742648839,"open"
116436,HHa_window_3,2024-11-04T19:00:45,,,,,,"closed",,"d09c890fb71d34208",0,,"low",0,,"H4","","HH_Window_receiver",1,"HHa_window_3",,1730743245354,"open"
116439,HHa_window_3,2024-11-04T19:10:42,,,,,,"closed",,"d09c890fb71d34208",0,,"low",0,,"H4","","HH_Window_receiver",1,"HHa_window_3",,1730743245354,"open"
116440,HHa_window_3,2024-11-04T19:10:42,,,,,,"closed",,"d09c890fb71d34208",0,,"low",0,,"H4","","HH_Window_receiver",1,"HHa_window_3",,1730743842513,"open"
116443,HHa_window_3,2024-11-04T19:20:39,,,,,,"closed",,"d09c890fb71d34208",0,,"low",0,,"H4","","HH_Window_receiver",1,"HHa_window_3",,1730743842513,"open"
116444,HHa_window_3,2024-11-04T19:20:39,,,,,,"closed",,"d09c890fb71d34208",0,,"low",0,,"H4","","HH_Window_receiver",1,"HHa_window_3",,1730744439426,"open"
116447,HHa_window_3,2024-11-04T19:30:35,,,,,,"closed",,"d09c890fb71d34208",0,,"low",0,,"H4","","HH_Window_receiver",1,"HHa_window_3",,1730744439426,"open"
116448,HHa_window_3,2024-11-04T19:30:35,,,,,,"closed",,"d09c890fb71d34208",0,,"low",0,,"H4","","HH_Window_receiver",1,"HHa_window_3",,1730745035088,"open"
116451,HHa_window_3,2024-11-04T19:40:32,,,,,,"closed",,"d09c890fb71d34208",0,,"low",0,,"H4","","HH_Window_receiver",1,"HHa_window_3",,1730745035088,"open"
116452,HHa_window_3,2024-11-04T19:40:32,,,,,,"closed",,"d09c890fb71d34208",0,,"low",0,,"H4","","HH_Window_receiver",1,"HHa_window_3",,1730745632435,"open"
116455,HHa_window_3,2024-11-04T19:50:28,,,,,,"closed",,"d09c890fb71d34208",0,,"low",0,,"H4","","HH_Window_receiver",1,"HHa_window_3",,1730745632435,"open"
116456,HHa_window_3,2024-11-04T19:50:28,,,,,,"closed",,"d09c890fb71d34208",0,,"low",0,,"H4","","HH_Window_receiver",1,"HHa_window_3",,1730746228244,"open"
116459,HHa_window_3,2024-11-04T20:00:24,,,,,,"closed",,"d09c890fb71d34208",0,,"low",0,,"H4","","HH_Window_receiver",1,"HHa_window_3",,1730746228244,"open"
116460,HHa_window_3,2024-11-04T20:00:24,,,,,,"closed",,"d09c890fb71d34208",0,,"low",0,,"H4","","HH_Window_receiver",1,"HHa_window_3",,1730746824134,"open"
116463,HHa_window_3,2024-11-04T20:10:20,,,,,,"closed",,"d09c890fb71d34208",0,,"low",0,,"H4","","HH_Window_receiver",1,"HHa_window_3",,1730746824134,"open"
116464,HHa_window_3,2024-11-04T20:10:20,,,,,,"closed",,"d09c890fb71d34208",0,,"low",0,,"H4","","HH_Window_receiver",1,"HHa_window_3",,1730747420328,"open"
116467,HHa_window_3,2024-11-04T20:20:16,,,,,,"closed",,"d09c890fb71d34208",0,,"low",0,,"H4","","HH_Window_receiver",1,"HHa_window_3",,1730747420328,"open"
116468,HHa_window_3,2024-11-04T20:20:16,,,,,,"closed",,"d09c890fb71d34208",0,,"low",0,,"H4","","HH_Window_receiver",1,"HHa_window_3",,1730748016706,"open"
116471,HHa_window_3,2024-11-04T20:30:13,,,,,,"closed",,"d09c890fb71d34208",0,,"low",0,,"H4","","HH_Window_receiver",1,"HHa_window_3",,1730748016706,"open"
116472,HHa_window_3,2024-11-04T20:30:13,,,,,,"closed",,"d09c890fb71d34208",0,,"low",0,,"H4","","HH_Window_receiver",1,"HHa_window_3",,1730748613127,"open"
116475,HHa_window_3,2024-11-04T20:40:10,,,,,,"closed",,"d09c890fb71d34208",0,,"low",0,,"H4","","HH_Window_receiver",1,"HHa_window_3",,1730748613127,"open"
116476,HHa_window_3,2024-11-04T20:40:10,,,,,,"closed",,"d09c890fb71d34208",0,,"low",0,,"H4","","HH_Window_receiver",1,"HHa_window_3",,1730749209942,"open"
117413,HHa_window_2,2024-11-08T01:53:42,,,,,,"closed",,"d1bde5c2def114408",0,,"low",0,,"H4","","HH_Window_receiver",1,"HHa_window_2",,1728282751844,"open"
117414,HHa_window_2,2024-11-08T01:53:42,,,,,,"closed",,"d1bde5c2def114408",0,,"low",0,,"H4","","HH_Window_receiver",1,"HHa_window_2",,1731027221934,"open"
122499,HHa_window_3,2024-11-25T13:08:22,,,,,,"closed",,"d09c890fb71d34208",0,,"low",45,,"H4","","HH_Window_receiver",1,"HHa_window_3",,1730749209942,"open"
122500,HHa_window_3,2024-11-25T13:08:22,,,,,,"closed",,"d09c890fb71d34208",0,,"low",45,,"H4","","HH_Window_receiver",1,"HHa_window_3",,1732536502357,"open"
122503,HHa_window_3,2024-11-25T13:18:18,,,,,,"closed",,"d09c890fb71d34208",0,,"low",50,,"H4","","HH_Window_receiver",1,"HHa_window_3",,1732536502357,"open"
122504,HHa_window_3,2024-11-25T13:18:18,,,,,,"closed",,"d09c890fb71d34208",0,,"low",50,,"H4","","HH_Window_receiver",1,"HHa_window_3",,1732537098371,"open"
122507,HHa_window_3,2024-11-25T13:28:15,,,,,,"closed",,"d09c890fb71d34208",0,,"low",125,,"H4","","HH_Window_receiver",1,"HHa_window_3",,1732537098371,"open"
122508,HHa_window_3,2024-11-25T13:28:15,,,,,,"closed",,"d09c890fb71d34208",0,,"low",125,,"H4","","HH_Window_receiver",1,"HHa_window_3",,1732537695172,"open"
122511,HHa_window_3,2024-11-25T13:38:11,,,,,,"closed",,"d09c890fb71d34208",0,,"low",36,,"H4","","HH_Window_receiver",1,"HHa_window_3",,1732537695172,"open"
122512,HHa_window_3,2024-11-25T13:38:11,,,,,,"closed",,"d09c890fb71d34208",0,,"low",36,,"H4","","HH_Window_receiver",1,"HHa_window_3",,1732538291221,"open"
122515,HHa_window_3,2024-11-25T13:48:08,,,,,,"closed",,"d09c890fb71d34208",0,,"low",62,,"H4","","HH_Window_receiver",1,"HHa_window_3",,1732538291221,"open"
122516,HHa_window_3,2024-11-25T13:48:08,,,,,,"closed",,"d09c890fb71d34208",0,,"low",62,,"H4","","HH_Window_receiver",1,"HHa_window_3",,1732538888514,"open"
122519,HHa_window_3,2024-11-25T13:58:05,,,,,,"closed",,"d09c890fb71d34208",0,,"low",29,,"H4","","HH_Window_receiver",1,"HHa_window_3",,1732538888514,"open"
122520,HHa_window_3,2024-11-25T13:58:05,,,,,,"closed",,"d09c890fb71d34208",0,,"low",29,,"H4","","HH_Window_receiver",1,"HHa_window_3",,1732539485258,"open"
122523,HHa_window_3,2024-11-25T14:08:02,,,,,,"closed",,"d09c890fb71d34208",0,,"low",83,,"H4","","HH_Window_receiver",1,"HHa_window_3",,1732539485258,"open"
122524,HHa_window_3,2024-11-25T14:08:02,,,,,,"closed",,"d09c890fb71d34208",0,,"low",83,,"H4","","HH_Window_receiver",1,"HHa_window_3",,1732540082285,"open"
122527,HHa_window_3,2024-11-25T14:17:59,,,,,,"closed",,"d09c890fb71d34208",0,,"low",55,,"H4","","HH_Window_receiver",1,"HHa_window_3",,1732540082285,"open"
122528,HHa_window_3,2024-11-25T14:17:59,,,,,,"closed",,"d09c890fb71d34208",0,,"low",55,,"H4","","HH_Window_receiver",1,"HHa_window_3",,1732540679253,"open"
122531,HHa_window_3,2024-11-25T14:27:56,,,,,,"closed",,"d09c890fb71d34208",0,,"low",91,,"H4","","HH_Window_receiver",1,"HHa_window_3",,1732540679253,"open"
122532,HHa_window_3,2024-11-25T14:27:56,,,,,,"closed",,"d09c890fb71d34208",0,,"low",91,,"H4","","HH_Window_receiver",1,"HHa_window_3",,1732541276386,"open"
122535,HHa_window_3,2024-11-25T14:37:53,,,,,,"closed",,"d09c890fb71d34208",0,,"low",48,,"H4","","HH_Window_receiver",1,"HHa_window_3",,1732541276386,"open"
122536,HHa_window_3,2024-11-25T14:37:53,,,,,,"closed",,"d09c890fb71d34208",0,,"low",48,,"H4","","HH_Window_receiver",1,"HHa_window_3",,1732541873354,"open"
122539,HHa_window_3,2024-11-25T14:47:49,,,,,,"closed",,"d09c890fb71d34208",0,,"low",0,,"H4","","HH_Window_receiver",1,"HHa_window_3",,1732541873354,"open"
122540,HHa_window_3,2024-11-25T14:47:49,,,,,,"closed",,"d09c890fb71d34208",0,,"low",0,,"H4","","HH_Window_receiver",1,"HHa_window_3",,1732542469643,"open"
122543,HHa_window_3,2024-11-25T14:57:46,,,,,,"closed",,"d09c890fb71d34208",0,,"low",2,,"H4","","HH_Window_receiver",1,"HHa_window_3",,1732542469643,"open"
122544,HHa_window_3,2024-11-25T14:57:46,,,,,,"closed",,"d09c890fb71d34208",0,,"low",2,,"H4","","HH_Window_receiver",1,"HHa_window_3",,1732543066145,"open"
122547,HHa_window_3,2024-11-25T15:07:43,,,,,,"closed",,"d09c890fb71d34208",0,,"low",125,,"H4","","HH_Window_receiver",1,"HHa_window_3",,1732543066145,"open"
122548,HHa_window_3,2024-11-25T15:07:43,,,,,,"closed",,"d09c890fb71d34208",0,,"low",125,,"H4","","HH_Window_receiver",1,"HHa_window_3",,1732543663420,"open"
122551,HHa_window_3,2024-11-25T15:17:39,,,,,,"closed",,"d09c890fb71d34208",0,,"low",132,,"H4","","HH_Window_receiver",1,"HHa_window_3",,1732543663420,"open"
122552,HHa_window_3,2024-11-25T15:17:39,,,,,,"closed",,"d09c890fb71d34208",0,,"low",132,,"H4","","HH_Window_receiver",1,"HHa_window_3",,1732544259348,"open"
122557,HHa_windowdoor_2,2024-11-25T15:46:32,,,,,,,,"d0cf2291d9965474d",,,,,,"H4","","HH_Window_receiver",1,"HHa_windowdoor_2",,1732545396826,"open"
122558,HHa_windowdoor_2,2024-11-25T15:46:32,,,,,,,,"d0cf2291d9965474d",,,,,,"H4","","HH_Window_receiver",1,"HHa_windowdoor_2",,1732545992109,"open"
122559,HHa_windowdoor_2,2024-11-25T15:56:28,,,,,,,,"d0cf2291d9965474d",,,,,,"H4","","HH_Window_receiver",1,"HHa_windowdoor_2",,1732545992109,"open"
122560,HHa_windowdoor_2,2024-11-25T15:56:28,,,,,,,,"d0cf2291d9965474d",,,,,,"H4","","HH_Window_receiver",1,"HHa_windowdoor_2",,1732546588270,"open"
122561,HHa_windowdoor_2,2024-11-25T16:06:24,,,,,,,,"d0cf2291d9965474d",,,,,,"H4","","HH_Window_receiver",1,"HHa_windowdoor_2",,1732546588270,"open"
122562,HHa_windowdoor_2,2024-11-25T16:06:24,,,,,,,,"d0cf2291d9965474d",,,,,,"H4","","HH_Window_receiver",1,"HHa_windowdoor_2",,1732547184361,"open"
122563,HHa_windowdoor_2,2024-11-25T16:16:19,,,,,,,,"d0cf2291d9965474d",,,,,,"H4","","HH_Window_receiver",1,"HHa_windowdoor_2",,1732547184361,"open"
122564,HHa_windowdoor_2,2024-11-25T16:16:19,,,,,,,,"d0cf2291d9965474d",,,,,,"H4","","HH_Window_receiver",1,"HHa_windowdoor_2",,1732547779312,"open"
122565,HHa_windowdoor_2,2024-11-25T16:26:14,,,,,,,,"d0cf2291d9965474d",,,,,,"H4","","HH_Window_receiver",1,"HHa_windowdoor_2",,1732547779312,"open"
122566,HHa_windowdoor_2,2024-11-25T16:26:15,,,,,,,,"d0cf2291d9965474d",,,,,,"H4","","HH_Window_receiver",1,"HHa_windowdoor_2",,1732548374866,"open"
122567,HHa_windowdoor_2,2024-11-25T16:36:09,,,,,,,,"d0cf2291d9965474d",,,,,,"H4","","HH_Window_receiver",1,"HHa_windowdoor_2",,1732548374866,"open"
122568,HHa_windowdoor_2,2024-11-25T16:36:09,,,,,,,,"d0cf2291d9965474d",,,,,,"H4","","HH_Window_receiver",1,"HHa_windowdoor_2",,1732548968906,"open"
122569,HHa_windowdoor_2,2024-11-25T16:46:03,,,,,,,,"d0cf2291d9965474d",,,,,,"H4","","HH_Window_receiver",1,"HHa_windowdoor_2",,1732548968906,"open"
122570,HHa_windowdoor_2,2024-11-25T16:46:03,,,,,,,,"d0cf2291d9965474d",,,,,,"H4","","HH_Window_receiver",1,"HHa_windowdoor_2",,1732549563384,"open"
122571,HHa_windowdoor_2,2024-11-25T16:55:59,,,,,,,,"d0cf2291d9965474d",,,,,,"H4","","HH_Window_receiver",1,"HHa_windowdoor_2",,1732549563384,"open"
122572,HHa_windowdoor_2,2024-11-25T16:55:59,,,,,,,,"d0cf2291d9965474d",,,,,,"H4","","HH_Window_receiver",1,"HHa_windowdoor_2",,1732550159610,"open"
122573,HHa_windowdoor_2,2024-11-25T17:05:54,,,,,,,,"d0cf2291d9965474d",,,,,,"H4","","HH_Window_receiver",1,"HHa_windowdoor_2",,1732550159610,"open"
122574,HHa_windowdoor_2,2024-11-25T17:05:54,,,,,,,,"d0cf2291d9965474d",,,,,,"H4","","HH_Window_receiver",1,"HHa_windowdoor_2",,1732550754363,"open"
122575,HHa_windowdoor_2,2024-11-25T17:15:48,,,,,,,,"d0cf2291d9965474d",,,,,,"H4","","HH_Window_receiver",1,"HHa_windowdoor_2",,1732550754363,"open"
122576,HHa_windowdoor_2,2024-11-25T17:15:48,,,,,,,,"d0cf2291d9965474d",,,,,,"H4","","HH_Window_receiver",1,"HHa_windowdoor_2",,1732551348615,"open"
122577,HHa_windowdoor_2,2024-11-25T17:25:44,,,,,,,,"d0cf2291d9965474d",,,,,,"H4","","HH_Window_receiver",1,"HHa_windowdoor_2",,1732551348615,"open"
122578,HHa_windowdoor_2,2024-11-25T17:25:44,,,,,,,,"d0cf2291d9965474d",,,,,,"H4","","HH_Window_receiver",1,"HHa_windowdoor_2",,1732551944518,"open"
122579,HHa_windowdoor_2,2024-11-25T17:35:40,,,,,,,,"d0cf2291d9965474d",,,,,,"H4","","HH_Window_receiver",1,"HHa_windowdoor_2",,1732551944518,"open"
122580,HHa_windowdoor_2,2024-11-25T17:35:40,,,,,,,,"d0cf2291d9965474d",,,,,,"H4","","HH_Window_receiver",1,"HHa_windowdoor_2",,1732552540422,"open"
122581,HHa_windowdoor_2,2024-11-25T17:45:35,,,,,,,,"d0cf2291d9965474d",,,,,,"H4","","HH_Window_receiver",1,"HHa_windowdoor_2",,1732552540422,"open"
122582,HHa_windowdoor_2,2024-11-25T17:45:35,,,,,,,,"d0cf2291d9965474d",,,,,,"H4","","HH_Window_receiver",1,"HHa_windowdoor_2",,1732553134857,"open"
122583,HHa_windowdoor_2,2024-11-25T17:55:30,,,,,,,,"d0cf2291d9965474d",,,,,,"H4","","HH_Window_receiver",1,"HHa_windowdoor_2",,1732553134857,"open"
122584,HHa_windowdoor_2,2024-11-25T17:55:30,,,,,,,,"d0cf2291d9965474d",,,,,,"H4","","HH_Window_receiver",1,"HHa_windowdoor_2",,1732553730500,"open"
122585,HHa_windowdoor_2,2024-11-25T18:05:25,,,,,,,,"d0cf2291d9965474d",,,,,,"H4","","HH_Window_receiver",1,"HHa_windowdoor_2",,1732553730500,"open"
122586,HHa_windowdoor_2,2024-11-25T18:05:25,,,,,,,,"d0cf2291d9965474d",,,,,,"H4","","HH_Window_receiver",1,"HHa_windowdoor_2",,1732554325434,"open"
122587,HHa_windowdoor_2,2024-11-25T18:15:20,,,,,,,,"d0cf2291d9965474d",,,,,,"H4","","HH_Window_receiver",1,"HHa_windowdoor_2",,1732554325434,"open"
122588,HHa_windowdoor_2,2024-11-25T18:15:20,,,,,,,,"d0cf2291d9965474d",,,,,,"H4","","HH_Window_receiver",1,"HHa_windowdoor_2",,1732554920140,"open"
122589,HHa_windowdoor_2,2024-11-25T18:25:16,,,,,,,,"d0cf2291d9965474d",,,,,,"H4","","HH_Window_receiver",1,"HHa_windowdoor_2",,1732554920140,"open"
122590,HHa_windowdoor_2,2024-11-25T18:25:16,,,,,,,,"d0cf2291d9965474d",,,,,,"H4","","HH_Window_receiver",1,"HHa_windowdoor_2",,1732555516404,"open"
122591,HHa_windowdoor_2,2024-11-25T18:35:11,,,,,,,,"d0cf2291d9965474d",,,,,,"H4","","HH_Window_receiver",1,"HHa_windowdoor_2",,1732555516404,"open"
122592,HHa_windowdoor_2,2024-11-25T18:35:11,,,,,,,,"d0cf2291d9965474d",,,,,,"H4","","HH_Window_receiver",1,"HHa_windowdoor_2",,1732556111282,"open"
122593,HHa_windowdoor_2,2024-11-25T18:45:06,,,,,,,,"d0cf2291d9965474d",,,,,,"H4","","HH_Window_receiver",1,"HHa_windowdoor_2",,1732556111282,"open"
122594,HHa_windowdoor_2,2024-11-25T18:45:07,,,,,,,,"d0cf2291d9965474d",,,,,,"H4","","HH_Window_receiver",1,"HHa_windowdoor_2",,1732556706890,"open"
122595,HHa_windowdoor_2,2024-11-25T18:55:03,,,,,,,,"d0cf2291d9965474d",,,,,,"H4","","HH_Window_receiver",1,"HHa_windowdoor_2",,1732556706890,"open"
122596,HHa_windowdoor_2,2024-11-25T18:55:03,,,,,,,,"d0cf2291d9965474d",,,,,,"H4","","HH_Window_receiver",1,"HHa_windowdoor_2",,1732557303072,"open"
122597,HHa_windowdoor_2,2024-11-25T19:04:58,,,,,,,,"d0cf2291d9965474d",,,,,,"H4","","HH_Window_receiver",1,"HHa_windowdoor_2",,1732557303072,"open"
122598,HHa_windowdoor_2,2024-11-25T19:04:58,,,,,,,,"d0cf2291d9965474d",,,,,,"H4","","HH_Window_receiver",1,"HHa_windowdoor_2",,1732557898471,"open"
122599,HHa_windowdoor_2,2024-11-25T19:14:53,,,,,,,,"d0cf2291d9965474d",,,,,,"H4","","HH_Window_receiver",1,"HHa_windowdoor_2",,1732557898471,"open"
122600,HHa_windowdoor_2,2024-11-25T19:14:53,,,,,,,,"d0cf2291d9965474d",,,,,,"H4","","HH_Window_receiver",1,"HHa_windowdoor_2",,1732558493172,"open"
122601,HHa_windowdoor_2,2024-11-25T19:24:48,,,,,,,,"d0cf2291d9965474d",,,,,,"H4","","HH_Window_receiver",1,"HHa_windowdoor_2",,1732558493172,"open"
122602,HHa_windowdoor_2,2024-11-25T19:24:48,,,,,,,,"d0cf2291d9965474d",,,,,,"H4","","HH_Window_receiver",1,"HHa_windowdoor_2",,1732559088828,"open"
122603,HHa_windowdoor_2,2024-11-25T19:34:44,,,,,,,,"d0cf2291d9965474d",,,,,,"H4","","HH_Window_receiver",1,"HHa_windowdoor_2",,1732559088828,"open"
122604,HHa_windowdoor_2,2024-11-25T19:34:44,,,,,,,,"d0cf2291d9965474d",,,,,,"H4","","HH_Window_receiver",1,"HHa_windowdoor_2",,1732559684715,"open"
122605,HHa_windowdoor_2,2024-11-25T19:44:39,,,,,,,,"d0cf2291d9965474d",,,,,,"H4","","HH_Window_receiver",1,"HHa_windowdoor_2",,1732559684715,"open"
122606,HHa_windowdoor_2,2024-11-25T19:44:39,,,,,,,,"d0cf2291d9965474d",,,,,,"H4","","HH_Window_receiver",1,"HHa_windowdoor_2",,1732560278961,"open"
122607,HHa_windowdoor_2,2024-11-25T19:54:35,,,,,,,,"d0cf2291d9965474d",,,,,,"H4","","HH_Window_receiver",1,"HHa_windowdoor_2",,1732560278961,"open"
122608,HHa_windowdoor_2,2024-11-25T19:54:35,,,,,,,,"d0cf2291d9965474d",,,,,,"H4","","HH_Window_receiver",1,"HHa_windowdoor_2",,1732560875491,"open"
122609,HHa_windowdoor_2,2024-11-25T20:04:31,,,,,,,,"d0cf2291d9965474d",,,,,,"H4","","HH_Window_receiver",1,"HHa_windowdoor_2",,1732560875491,"open"
122610,HHa_windowdoor_2,2024-11-25T20:04:31,,,,,,,,"d0cf2291d9965474d",,,,,,"H4","","HH_Window_receiver",1,"HHa_windowdoor_2",,1732561471355,"open"
122611,HHa_windowdoor_2,2024-11-25T20:14:25,,,,,,,,"d0cf2291d9965474d",,,,,,"H4","","HH_Window_receiver",1,"HHa_windowdoor_2",,1732561471355,"open"
122612,HHa_windowdoor_2,2024-11-25T20:14:25,,,,,,,,"d0cf2291d9965474d",,,,,,"H4","","HH_Window_receiver",1,"HHa_windowdoor_2",,1732562065292,"open"
122613,HHa_windowdoor_2,2024-11-25T20:24:20,,,,,,,,"d0cf2291d9965474d",,,,,,"H4","","HH_Window_receiver",1,"HHa_windowdoor_2",,1732562065292,"open"
122614,HHa_windowdoor_2,2024-11-25T20:24:20,,,,,,,,"d0cf2291d9965474d",,,,,,"H4","","HH_Window_receiver",1,"HHa_windowdoor_2",,1732562660787,"open"
122615,HHa_windowdoor_2,2024-11-25T20:34:16,,,,,,,,"d0cf2291d9965474d",,,,,,"H4","","HH_Window_receiver",1,"HHa_windowdoor_2",,1732562660787,"open"
122616,HHa_windowdoor_2,2024-11-25T20:34:16,,,,,,,,"d0cf2291d9965474d",,,,,,"H4","","HH_Window_receiver",1,"HHa_windowdoor_2",,1732563256065,"open"
122617,HHa_windowdoor_2,2024-11-25T20:44:10,,,,,,,,"d0cf2291d9965474d",,,,,,"H4","","HH_Window_receiver",1,"HHa_windowdoor_2",,1732563256065,"open"
122618,HHa_windowdoor_2,2024-11-25T20:44:10,,,,,,,,"d0cf2291d9965474d",,,,,,"H4","","HH_Window_receiver",1,"HHa_windowdoor_2",,1732563850757,"open"
122619,HHa_windowdoor_2,2024-11-25T20:54:05,,,,,,,,"d0cf2291d9965474d",,,,,,"H4","","HH_Window_receiver",1,"HHa_windowdoor_2",,1732563850757,"open"
122620,HHa_windowdoor_2,2024-11-25T20:54:05,,,,,,,,"d0cf2291d9965474d",,,,,,"H4","","HH_Window_receiver",1,"HHa_windowdoor_2",,1732564445830,"open"
122621,HHa_windowdoor_2,2024-11-25T21:04:01,,,,,,,,"d0cf2291d9965474d",,,,,,"H4","","HH_Window_receiver",1,"HHa_windowdoor_2",,1732564445830,"open"
122622,HHa_windowdoor_2,2024-11-25T21:04:01,,,,,,,,"d0cf2291d9965474d",,,,,,"H4","","HH_Window_receiver",1,"HHa_windowdoor_2",,1732565041602,"open"
122623,HHa_windowdoor_2,2024-11-25T21:13:56,,,,,,,,"d0cf2291d9965474d",,,,,,"H4","","HH_Window_receiver",1,"HHa_windowdoor_2",,1732565041602,"open"
122624,HHa_windowdoor_2,2024-11-25T21:13:56,,,,,,,,"d0cf2291d9965474d",,,,,,"H4","","HH_Window_receiver",1,"HHa_windowdoor_2",,1732565636353,"open"
122625,HHa_windowdoor_2,2024-11-25T21:23:51,,,,,,,,"d0cf2291d9965474d",,,,,,"H4","","HH_Window_receiver",1,"HHa_windowdoor_2",,1732565636353,"open"
122626,HHa_windowdoor_2,2024-11-25T21:23:51,,,,,,,,"d0cf2291d9965474d",,,,,,"H4","","HH_Window_receiver",1,"HHa_windowdoor_2",,1732566231191,"open"
122627,HHa_windowdoor_2,2024-11-25T21:33:45,,,,,,,,"d0cf2291d9965474d",,,,,,"H4","","HH_Window_receiver",1,"HHa_windowdoor_2",,1732566231191,"open"
122628,HHa_windowdoor_2,2024-11-25T21:33:46,,,,,,,,"d0cf2291d9965474d",,,,,,"H4","","HH_Window_receiver",1,"HHa_windowdoor_2",,1732566825862,"open"
122629,HHa_windowdoor_2,2024-11-25T21:43:42,,,,,,,,"d0cf2291d9965474d",,,,,,"H4","","HH_Window_receiver",1,"HHa_windowdoor_2",,1732566825862,"open"
122630,HHa_windowdoor_2,2024-11-25T21:43:42,,,,,,,,"d0cf2291d9965474d",,,,,,"H4","","HH_Window_receiver",1,"HHa_windowdoor_2",,1732567421966,"open"
122631,HHa_windowdoor_2,2024-11-25T21:53:38,,,,,,,,"d0cf2291d9965474d",,,,,,"H4","","HH_Window_receiver",1,"HHa_windowdoor_2",,1732567421966,"open"
122632,HHa_windowdoor_2,2024-11-25T21:53:38,,,,,,,,"d0cf2291d9965474d",,,,,,"H4","","HH_Window_receiver",1,"HHa_windowdoor_2",,1732568017912,"open"
122633,HHa_windowdoor_2,2024-11-25T22:03:32,,,,,,,,"d0cf2291d9965474d",,,,,,"H4","","HH_Window_receiver",1,"HHa_windowdoor_2",,1732568017912,"open"
122634,HHa_windowdoor_2,2024-11-25T22:03:32,,,,,,,,"d0cf2291d9965474d",,,,,,"H4","","HH_Window_receiver",1,"HHa_windowdoor_2",,1732568612651,"open"
122635,HHa_windowdoor_2,2024-11-25T22:13:28,,,,,,,,"d0cf2291d9965474d",,,,,,"H4","","HH_Window_receiver",1,"HHa_windowdoor_2",,1732568612651,"open"
122636,HHa_windowdoor_2,2024-11-25T22:13:28,,,,,,,,"d0cf2291d9965474d",,,,,,"H4","","HH_Window_receiver",1,"HHa_windowdoor_2",,1732569207999,"open"
122637,HHa_windowdoor_2,2024-11-25T22:23:22,,,,,,,,"d0cf2291d9965474d",,,,,,"H4","","HH_Window_receiver",1,"HHa_windowdoor_2",,1732569207999,"open"
122638,HHa_windowdoor_2,2024-11-25T22:23:22,,,,,,,,"d0cf2291d9965474d",,,,,,"H4","","HH_Window_receiver",1,"HHa_windowdoor_2",,1732569802741,"open"
122639,HHa_windowdoor_2,2024-11-25T22:33:17,,,,,,,,"d0cf2291d9965474d",,,,,,"H4","","HH_Window_receiver",1,"HHa_windowdoor_2",,1732569802741,"open"
122640,HHa_windowdoor_2,2024-11-25T22:33:17,,,,,,,,"d0cf2291d9965474d",,,,,,"H4","","HH_Window_receiver",1,"HHa_windowdoor_2",,1732570397154,"open"
122641,HHa_windowdoor_2,2024-11-25T22:43:12,,,,,,,,"d0cf2291d9965474d",,,,,,"H4","","HH_Window_receiver",1,"HHa_windowdoor_2",,1732570397154,"open"
122642,HHa_windowdoor_2,2024-11-25T22:43:12,,,,,,,,"d0cf2291d9965474d",,,,,,"H4","","HH_Window_receiver",1,"HHa_windowdoor_2",,1732570992183,"open"
122643,HHa_windowdoor_2,2024-11-25T22:53:06,,,,,,,,"d0cf2291d9965474d",,,,,,"H4","","HH_Window_receiver",1,"HHa_windowdoor_2",,1732570992183,"open"
122644,HHa_windowdoor_2,2024-11-25T22:53:06,,,,,,,,"d0cf2291d9965474d",,,,,,"H4","","HH_Window_receiver",1,"HHa_windowdoor_2",,1732571586297,"open"
122645,HHa_windowdoor_2,2024-11-25T23:03:01,,,,,,,,"d0cf2291d9965474d",,,,,,"H4","","HH_Window_receiver",1,"HHa_windowdoor_2",,1732571586297,"open"
122646,HHa_windowdoor_2,2024-11-25T23:03:01,,,,,,,,"d0cf2291d9965474d",,,,,,"H4","","HH_Window_receiver",1,"HHa_windowdoor_2",,1732572181000,"open"
122647,HHa_windowdoor_2,2024-11-25T23:12:56,,,,,,,,"d0cf2291d9965474d",,,,,,"H4","","HH_Window_receiver",1,"HHa_windowdoor_2",,1732572181000,"open"
122648,HHa_windowdoor_2,2024-11-25T23:12:56,,,,,,,,"d0cf2291d9965474d",,,,,,"H4","","HH_Window_receiver",1,"HHa_windowdoor_2",,1732572776221,"open"
122649,HHa_windowdoor_2,2024-11-25T23:22:50,,,,,,,,"d0cf2291d9965474d",,,,,,"H4","","HH_Window_receiver",1,"HHa_windowdoor_2",,1732572776221,"open"
122650,HHa_windowdoor_2,2024-11-25T23:22:50,,,,,,,,"d0cf2291d9965474d",,,,,,"H4","","HH_Window_receiver",1,"HHa_windowdoor_2",,1732573370690,"open"
122651,HHa_windowdoor_2,2024-11-25T23:32:45,,,,,,,,"d0cf2291d9965474d",,,,,,"H4","","HH_Window_receiver",1,"HHa_windowdoor_2",,1732573370690,"open"
122652,HHa_windowdoor_2,2024-11-25T23:32:45,,,,,,,,"d0cf2291d9965474d",,,,,,"H4","","HH_Window_receiver",1,"HHa_windowdoor_2",,1732573965173,"open"
122653,HHa_windowdoor_2,2024-11-25T23:42:40,,,,,,,,"d0cf2291d9965474d",,,,,,"H4","","HH_Window_receiver",1,"HHa_windowdoor_2",,1732573965173,"open"
122654,HHa_windowdoor_2,2024-11-25T23:42:40,,,,,,,,"d0cf2291d9965474d",,,,,,"H4","","HH_Window_receiver",1,"HHa_windowdoor_2",,1732574560739,"open"
122655,HHa_windowdoor_2,2024-11-25T23:52:35,,,,,,,,"d0cf2291d9965474d",,,,,,"H4","","HH_Window_receiver",1,"HHa_windowdoor_2",,1732574560739,"open"
122656,HHa_windowdoor_2,2024-11-25T23:52:36,,,,,,,,"d0cf2291d9965474d",,,,,,"H4","","HH_Window_receiver",1,"HHa_windowdoor_2",,1732575155788,"open"
